Entidade responsável: CETESB | Dados validados até 22/08/2026 09:00
Data hora;Oxigênio Dissolvido (mg/L)
01/06/2026 00:00;6,23
01/06/2026 00:05;6,23
01/06/2026 00:10;6,24
01/06/2026 00:15;6,24
01/06/2026 00:20;6,24
01/06/2026 00:25;6,23
01/06/2026 00:30;6,25
01/06/2026 00:35;6,23
01/06/2026 00:40;6,23
01/06/2026 00:45;6,23
01/06/2026 00:50;6,25
01/06/2026 00:55;6,23
01/06/2026 01:00;6,22
01/06/2026 01:05;6,22
01/06/2026 01:10;6,23
01/06/2026 01:15;6,24
01/06/2026 01:20;6,23
01/06/2026 01:25;6,24
01/06/2026 01:30;6,26
01/06/2026 01:35;6,24
01/06/2026 01:40;6,24
01/06/2026 01:45;6,24
01/06/2026 01:50;6,26
01/06/2026 01:55;6,26
01/06/2026 02:00;6,25
01/06/2026 02:05;6,25
01/06/2026 02:10;6,26
01/06/2026 02:15;6,26
01/06/2026 02:20;6,25
01/06/2026 02:25;6,25
01/06/2026 02:30;6,26
01/06/2026 02:35;6,26
01/06/2026 02:40;6,26
01/06/2026 02:45;6,26
01/06/2026 02:50;6,27
01/06/2026 02:55;6,26
01/06/2026 03:00;6,26
01/06/2026 03:05;6,27
01/06/2026 03:10;6,27
01/06/2026 03:15;6,27
01/06/2026 03:20;6,26
01/06/2026 03:25;6,27
01/06/2026 03:30;6,27
01/06/2026 03:35;6,27
01/06/2026 03:40;6,27
01/06/2026 03:45;6,27
01/06/2026 03:50;6,26
01/06/2026 03:55;6,27
01/06/2026 04:00;6,27
01/06/2026 04:05;6,27
01/06/2026 04:10;6,28
01/06/2026 04:15;6,27
01/06/2026 04:20;6,26
01/06/2026 04:25;6,27
01/06/2026 04:30;6,27
01/06/2026 04:35;6,27
01/06/2026 04:40;6,26
01/06/2026 04:45;6,27
01/06/2026 04:50;6,27
01/06/2026 04:55;6,26
01/06/2026 05:00;6,26
01/06/2026 05:05;6,27
01/06/2026 05:10;6,27
01/06/2026 05:15;6,27
01/06/2026 05:20;6,27
01/06/2026 05:25;6,26
01/06/2026 05:30;6,27
01/06/2026 05:35;6,27
01/06/2026 05:40;6,26
01/06/2026 05:45;6,27
01/06/2026 05:50;6,27
01/06/2026 05:55;6,26
01/06/2026 06:00;6,26
01/06/2026 06:05;6,26
01/06/2026 06:10;6,26
01/06/2026 06:15;6,27
01/06/2026 06:20;6,26
01/06/2026 06:25;6,27
01/06/2026 06:30;6,27
01/06/2026 06:35;6,26
01/06/2026 06:40;6,26
01/06/2026 06:45;6,26
01/06/2026 06:50;6,26
01/06/2026 06:55;6,26
01/06/2026 07:00;6,26
01/06/2026 07:05;6,27
01/06/2026 07:10;6,27
01/06/2026 07:15;6,26
01/06/2026 07:20;6,26
01/06/2026 07:25;6,27
01/06/2026 07:30;6,27
01/06/2026 07:35;6,27
01/06/2026 07:40;6,27
01/06/2026 07:45;6,27
01/06/2026 07:50;6,28
01/06/2026 07:55;6,28
01/06/2026 08:00;6,27
01/06/2026 08:05;6,28
01/06/2026 08:10;6,27
01/06/2026 08:15;6,28
01/06/2026 08:20;6,28
01/06/2026 08:25;6,28
01/06/2026 08:30;6,28
01/06/2026 08:35;6,28
01/06/2026 08:40;6,27
01/06/2026 08:45;6,28
01/06/2026 08:50;6,28
01/06/2026 08:55;6,28
01/06/2026 09:00;6,28
01/06/2026 09:05;6,28
01/06/2026 09:10;6,29
01/06/2026 09:15;6,3
01/06/2026 09:20;6,3
01/06/2026 09:25;6,3
01/06/2026 09:30;6,3
01/06/2026 09:35;6,3
01/06/2026 09:40;6,3
01/06/2026 09:45;6,31
01/06/2026 09:50;6,29
01/06/2026 09:55;6,29
01/06/2026 10:00;6,32
01/06/2026 10:05;6,3
01/06/2026 10:10;6,3
01/06/2026 10:15;6,31
01/06/2026 10:20;6,3
01/06/2026 10:25;6,31
01/06/2026 10:30;6,3
01/06/2026 10:35;6,3
01/06/2026 10:40;6,29
01/06/2026 10:45;6,29
01/06/2026 10:50;6,3
01/06/2026 10:55;6,3
01/06/2026 11:00;6,3
01/06/2026 11:05;6,3
01/06/2026 11:10;6,3
01/06/2026 11:15;6,3
01/06/2026 11:20;6,3
01/06/2026 11:25;6,3
01/06/2026 11:30;6,3
01/06/2026 11:35;6,3
01/06/2026 11:40;6,3
01/06/2026 11:45;6,31
01/06/2026 11:50;6,3
01/06/2026 11:55;6,31
01/06/2026 12:00;6,31
01/06/2026 12:05;6,31
01/06/2026 12:10;6,32
01/06/2026 12:15;6,31
01/06/2026 12:20;6,31
01/06/2026 12:25;6,32
01/06/2026 12:30;6,32
01/06/2026 12:35;6,32
01/06/2026 12:40;6,32
01/06/2026 12:45;6,32
01/06/2026 12:50;6,33
01/06/2026 12:55;6,32
01/06/2026 13:00;6,32
01/06/2026 13:05;6,33
01/06/2026 13:10;6,33
01/06/2026 13:15;6,33
01/06/2026 13:20;6,33
01/06/2026 13:25;6,33
01/06/2026 13:30;6,33
01/06/2026 13:35;6,33
01/06/2026 13:40;6,33
01/06/2026 13:45;6,33
01/06/2026 13:50;6,33
01/06/2026 13:55;6,33
01/06/2026 14:00;6,33
01/06/2026 14:05;6,33
01/06/2026 14:10;6,32
01/06/2026 14:15;6,33
01/06/2026 14:20;6,33
01/06/2026 14:25;6,33
01/06/2026 14:30;6,33
01/06/2026 14:35;6,33
01/06/2026 14:40;6,33
01/06/2026 14:45;6,33
01/06/2026 14:50;6,33
01/06/2026 14:55;6,33
01/06/2026 15:00;6,33
01/06/2026 15:05;6,32
01/06/2026 15:10;6,32
01/06/2026 15:15;6,32
01/06/2026 15:20;6,31
01/06/2026 15:25;6,32
01/06/2026 15:30;6,32
01/06/2026 15:35;6,31
01/06/2026 15:40;6,32
01/06/2026 15:45;6,31
01/06/2026 15:50;6,31
01/06/2026 15:55;6,31
01/06/2026 16:00;6,31
01/06/2026 16:05;6,31
01/06/2026 16:10;6,31
01/06/2026 16:15;6,31
01/06/2026 16:20;6,31
01/06/2026 16:25;6,3
01/06/2026 16:30;6,3
01/06/2026 16:35;6,29
01/06/2026 16:40;6,29
01/06/2026 16:45;6,29
01/06/2026 16:50;6,3
01/06/2026 16:55;6,3
01/06/2026 17:00;6,3
01/06/2026 17:05;6,29
01/06/2026 17:10;6,29
01/06/2026 17:15;6,29
01/06/2026 17:20;6,29
01/06/2026 17:25;6,29
01/06/2026 17:30;6,29
01/06/2026 17:35;6,28
01/06/2026 17:40;6,28
01/06/2026 17:45;6,28
01/06/2026 17:50;6,27
01/06/2026 17:55;6,27
01/06/2026 18:00;6,27
01/06/2026 18:05;6,27
01/06/2026 18:10;6,27
01/06/2026 18:15;6,27
01/06/2026 18:20;6,27
01/06/2026 18:25;6,27
01/06/2026 18:30;6,27
01/06/2026 18:35;6,26
01/06/2026 18:40;6,26
01/06/2026 18:45;6,25
01/06/2026 18:50;6,25
01/06/2026 18:55;6,25
01/06/2026 19:00;6,26
01/06/2026 19:05;6,26
01/06/2026 19:10;6,26
01/06/2026 19:15;6,26
01/06/2026 19:20;6,26
01/06/2026 19:25;6,26
01/06/2026 19:30;6,27
01/06/2026 19:35;6,27
01/06/2026 19:40;6,27
01/06/2026 19:45;6,27
01/06/2026 19:50;6,28
01/06/2026 19:55;6,28
01/06/2026 20:00;6,28
01/06/2026 20:05;6,29
01/06/2026 20:10;6,29
01/06/2026 20:15;6,29
01/06/2026 20:20;6,29
01/06/2026 20:25;6,3
01/06/2026 20:30;6,31
01/06/2026 20:35;6,31
01/06/2026 20:40;6,32
01/06/2026 20:45;6,33
01/06/2026 20:50;6,32
01/06/2026 20:55;6,33
01/06/2026 21:00;6,34
01/06/2026 21:05;6,34
01/06/2026 21:10;6,35
01/06/2026 21:15;6,35
01/06/2026 21:20;6,35
01/06/2026 21:25;6,36
01/06/2026 21:30;6,36
01/06/2026 21:35;6,37
01/06/2026 21:40;6,37
01/06/2026 21:45;6,38
01/06/2026 21:50;6,38
01/06/2026 21:55;6,39
01/06/2026 22:00;6,4
01/06/2026 22:05;6,41
01/06/2026 22:10;6,41
01/06/2026 22:15;6,42
01/06/2026 22:20;6,42
01/06/2026 22:25;6,43
01/06/2026 22:30;6,43
01/06/2026 22:35;6,44
01/06/2026 22:40;6,45
01/06/2026 22:45;6,45
01/06/2026 22:50;6,46
01/06/2026 22:55;6,46
01/06/2026 23:00;6,47
01/06/2026 23:05;6,48
01/06/2026 23:10;6,48
01/06/2026 23:15;6,49
01/06/2026 23:20;6,49
01/06/2026 23:25;6,49
01/06/2026 23:30;6,5
01/06/2026 23:35;6,5
01/06/2026 23:40;6,5
01/06/2026 23:45;6,51
01/06/2026 23:50;6,51
01/06/2026 23:55;6,51
02/06/2026 00:00;6,52
02/06/2026 00:05;6,52
02/06/2026 00:10;6,52
02/06/2026 00:15;6,52
02/06/2026 00:20;6,52
02/06/2026 00:25;6,53
02/06/2026 00:30;6,52
02/06/2026 00:35;6,53
02/06/2026 00:40;6,53
02/06/2026 00:45;6,53
02/06/2026 00:50;6,53
02/06/2026 00:55;6,53
02/06/2026 01:00;6,53
02/06/2026 01:05;6,54
02/06/2026 01:10;6,54
02/06/2026 01:15;6,54
02/06/2026 01:20;6,54
02/06/2026 01:25;6,54
02/06/2026 01:30;6,54
02/06/2026 01:35;6,54
02/06/2026 01:40;6,53
02/06/2026 01:45;6,54
02/06/2026 01:50;6,53
02/06/2026 01:55;6,53
02/06/2026 02:00;6,53
02/06/2026 02:05;6,53
02/06/2026 02:10;6,52
02/06/2026 02:15;6,52
02/06/2026 02:20;6,51
02/06/2026 02:25;6,52
02/06/2026 02:30;6,51
02/06/2026 02:35;6,51
02/06/2026 02:40;6,5
02/06/2026 02:45;6,5
02/06/2026 02:50;6,49
02/06/2026 02:55;6,49
02/06/2026 03:00;6,48
02/06/2026 03:05;6,48
02/06/2026 03:10;6,48
02/06/2026 03:15;6,47
02/06/2026 03:20;6,47
02/06/2026 03:25;6,47
02/06/2026 03:30;6,46
02/06/2026 03:35;6,46
02/06/2026 03:40;6,45
02/06/2026 03:45;6,45
02/06/2026 03:50;6,45
02/06/2026 03:55;6,45
02/06/2026 04:00;6,45
02/06/2026 04:05;6,44
02/06/2026 04:10;6,44
02/06/2026 04:15;6,44
02/06/2026 04:20;6,43
02/06/2026 04:25;6,43
02/06/2026 04:30;6,43
02/06/2026 04:35;6,42
02/06/2026 04:40;6,43
02/06/2026 04:45;6,43
02/06/2026 04:50;6,42
02/06/2026 04:55;6,42
02/06/2026 05:00;6,42
02/06/2026 05:05;6,42
02/06/2026 05:10;6,41
02/06/2026 05:15;6,41
02/06/2026 05:20;6,41
02/06/2026 05:25;6,41
02/06/2026 05:30;6,4
02/06/2026 05:35;6,4
02/06/2026 05:40;6,4
02/06/2026 05:45;6,4
02/06/2026 05:50;6,4
02/06/2026 05:55;6,4
02/06/2026 06:00;6,39
02/06/2026 06:05;6,39
02/06/2026 06:10;6,39
02/06/2026 06:15;6,39
02/06/2026 06:20;6,39
02/06/2026 06:25;6,39
02/06/2026 06:30;6,39
02/06/2026 06:35;6,39
02/06/2026 06:40;6,38
02/06/2026 06:45;6,38
02/06/2026 06:50;6,38
02/06/2026 06:55;6,38
02/06/2026 07:00;6,38
02/06/2026 07:05;6,38
02/06/2026 07:10;6,39
02/06/2026 07:15;6,38
02/06/2026 07:20;6,38
02/06/2026 07:25;6,38
02/06/2026 07:30;6,38
02/06/2026 07:35;6,38
02/06/2026 07:40;6,38
02/06/2026 07:45;6,38
02/06/2026 07:50;6,39
02/06/2026 07:55;6,39
02/06/2026 08:00;6,39
02/06/2026 08:05;6,39
02/06/2026 08:10;6,4
02/06/2026 08:15;6,4
02/06/2026 08:20;6,4
02/06/2026 08:25;6,41
02/06/2026 08:30;6,41
02/06/2026 08:35;6,42
02/06/2026 08:40;6,42
02/06/2026 08:45;6,42
02/06/2026 08:50;6,42
02/06/2026 08:55;6,42
02/06/2026 09:00;6,43
02/06/2026 09:05;6,43
02/06/2026 09:10;6,43
02/06/2026 09:15;6,44
02/06/2026 09:20;6,44
02/06/2026 09:25;6,44
02/06/2026 09:30;6,45
02/06/2026 09:35;6,45
02/06/2026 09:40;6,45
02/06/2026 09:45;6,46
02/06/2026 09:50;6,46
02/06/2026 09:55;6,46
02/06/2026 10:00;6,46
02/06/2026 10:05;6,46
02/06/2026 10:10;6,46
02/06/2026 10:15;6,47
02/06/2026 10:20;6,47
02/06/2026 10:25;6,47
02/06/2026 10:30;6,47
02/06/2026 10:35;6,47
02/06/2026 10:40;6,47
02/06/2026 10:45;6,48
02/06/2026 10:50;6,48
02/06/2026 10:55;6,48
02/06/2026 11:00;6,48
02/06/2026 11:05;6,49
02/06/2026 11:10;6,48
02/06/2026 11:15;6,48
02/06/2026 11:20;6,48
02/06/2026 11:25;6,48
02/06/2026 11:30;6,48
02/06/2026 11:35;6,48
02/06/2026 11:40;6,48
02/06/2026 11:45;6,48
02/06/2026 11:50;6,47
02/06/2026 11:55;6,47
02/06/2026 12:00;6,47
02/06/2026 12:05;6,47
02/06/2026 12:10;6,47
02/06/2026 12:15;6,47
02/06/2026 12:20;6,47
02/06/2026 12:25;6,46
02/06/2026 12:30;6,46
02/06/2026 12:35;6,46
02/06/2026 12:40;6,45
02/06/2026 12:45;6,46
02/06/2026 12:50;6,46
02/06/2026 12:55;6,46
02/06/2026 13:00;6,45
02/06/2026 13:05;6,45
02/06/2026 13:10;6,45
02/06/2026 13:15;6,45
02/06/2026 13:20;6,45
02/06/2026 13:25;6,45
02/06/2026 13:30;6,45
02/06/2026 13:35;6,44
02/06/2026 13:40;6,44
02/06/2026 13:45;6,44
02/06/2026 13:50;6,44
02/06/2026 13:55;6,44
02/06/2026 14:00;6,44
02/06/2026 14:05;6,44
02/06/2026 14:10;6,43
02/06/2026 14:15;6,43
02/06/2026 14:20;6,43
02/06/2026 14:25;6,43
02/06/2026 14:30;6,43
02/06/2026 14:35;6,43
02/06/2026 14:40;6,42
02/06/2026 14:45;6,42
02/06/2026 14:50;6,42
02/06/2026 14:55;6,42
02/06/2026 15:00;6,42
02/06/2026 15:05;6,41
02/06/2026 15:10;6,41
02/06/2026 15:15;6,41
02/06/2026 15:20;6,41
02/06/2026 15:25;6,41
02/06/2026 15:30;6,4
02/06/2026 15:35;6,4
02/06/2026 15:40;6,4
02/06/2026 15:45;6,39
02/06/2026 15:50;6,39
02/06/2026 15:55;6,39
02/06/2026 16:00;6,39
02/06/2026 16:05;6,39
02/06/2026 16:10;6,39
02/06/2026 16:15;6,39
02/06/2026 16:20;6,39
02/06/2026 16:25;6,39
02/06/2026 16:30;6,39
02/06/2026 16:35;6,39
02/06/2026 16:40;6,39
02/06/2026 16:45;6,39
02/06/2026 16:50;6,4
02/06/2026 16:55;6,4
02/06/2026 17:00;6,4
02/06/2026 17:05;6,4
02/06/2026 17:10;6,4
02/06/2026 17:15;6,4
02/06/2026 17:20;6,4
02/06/2026 17:25;6,4
02/06/2026 17:30;6,4
02/06/2026 17:35;6,41
02/06/2026 17:40;6,41
02/06/2026 17:45;6,42
02/06/2026 17:50;6,42
02/06/2026 17:55;6,43
02/06/2026 18:00;6,43
02/06/2026 18:05;6,44
02/06/2026 18:10;6,45
02/06/2026 18:15;6,45
02/06/2026 18:20;6,46
02/06/2026 18:25;6,46
02/06/2026 18:30;6,47
02/06/2026 18:35;6,48
02/06/2026 18:40;6,49
02/06/2026 18:45;6,5
02/06/2026 18:50;6,51
02/06/2026 18:55;6,51
02/06/2026 19:00;6,52
02/06/2026 19:05;6,53
02/06/2026 19:10;6,53
02/06/2026 19:15;6,54
02/06/2026 19:20;6,55
02/06/2026 19:25;6,56
02/06/2026 19:30;6,56
02/06/2026 19:35;6,56
02/06/2026 19:40;6,57
02/06/2026 19:45;6,58
02/06/2026 19:50;6,58
02/06/2026 19:55;6,59
02/06/2026 20:00;6,59
02/06/2026 20:05;6,59
02/06/2026 20:10;6,59
02/06/2026 20:15;6,6
02/06/2026 20:20;6,6
02/06/2026 20:25;6,6
02/06/2026 20:30;6,6
02/06/2026 20:35;6,6
02/06/2026 20:40;6,6
02/06/2026 20:45;6,6
02/06/2026 20:50;6,59
02/06/2026 20:55;6,59
02/06/2026 21:00;6,59
02/06/2026 21:05;6,58
02/06/2026 21:10;6,58
02/06/2026 21:15;6,58
02/06/2026 21:20;6,58
02/06/2026 21:25;6,58
02/06/2026 21:30;6,58
02/06/2026 21:35;6,58
02/06/2026 21:40;6,58
02/06/2026 21:45;6,58
02/06/2026 21:50;6,58
02/06/2026 21:55;6,57
02/06/2026 22:00;6,58
02/06/2026 22:05;6,58
02/06/2026 22:10;6,58
02/06/2026 22:15;6,58
02/06/2026 22:20;6,58
02/06/2026 22:25;6,59
02/06/2026 22:30;6,59
02/06/2026 22:35;6,59
02/06/2026 22:40;6,59
02/06/2026 22:45;6,59
02/06/2026 22:50;6,59
02/06/2026 22:55;6,59
02/06/2026 23:00;6,59
02/06/2026 23:05;6,59
02/06/2026 23:10;6,6
02/06/2026 23:15;6,6
02/06/2026 23:20;6,6
02/06/2026 23:25;6,6
02/06/2026 23:30;6,6
02/06/2026 23:35;6,6
02/06/2026 23:40;6,6
02/06/2026 23:45;6,6
02/06/2026 23:50;6,6
02/06/2026 23:55;6,6
03/06/2026 00:00;6,6
03/06/2026 00:05;6,6
03/06/2026 00:10;6,6
03/06/2026 00:15;6,6
03/06/2026 00:20;6,61
03/06/2026 00:25;6,6
03/06/2026 00:30;6,6
03/06/2026 00:35;6,61
03/06/2026 00:40;6,6
03/06/2026 00:45;6,61
03/06/2026 00:50;6,61
03/06/2026 00:55;6,6
03/06/2026 01:00;6,6
03/06/2026 01:05;6,6
03/06/2026 01:10;6,6
03/06/2026 01:15;6,6
03/06/2026 01:20;6,6
03/06/2026 01:25;6,6
03/06/2026 01:30;6,6
03/06/2026 01:35;6,59
03/06/2026 01:40;6,6
03/06/2026 01:45;6,6
03/06/2026 01:50;6,6
03/06/2026 01:55;6,59
03/06/2026 02:00;6,59
03/06/2026 02:05;6,59
03/06/2026 02:10;6,59
03/06/2026 02:15;6,59
03/06/2026 02:20;6,58
03/06/2026 02:25;6,58
03/06/2026 02:30;6,58
03/06/2026 02:35;6,57
03/06/2026 02:40;6,57
03/06/2026 02:45;6,57
03/06/2026 02:50;6,57
03/06/2026 02:55;6,56
03/06/2026 03:00;6,56
03/06/2026 03:05;6,56
03/06/2026 03:10;6,56
03/06/2026 03:15;6,55
03/06/2026 03:20;6,55
03/06/2026 03:25;6,55
03/06/2026 03:30;6,54
03/06/2026 03:35;6,54
03/06/2026 03:40;6,54
03/06/2026 03:45;6,53
03/06/2026 03:50;6,53
03/06/2026 03:55;6,53
03/06/2026 04:00;6,52
03/06/2026 04:05;6,52
03/06/2026 04:10;6,52
03/06/2026 04:15;6,52
03/06/2026 04:20;6,51
03/06/2026 04:25;6,51
03/06/2026 04:30;6,5
03/06/2026 04:35;6,5
03/06/2026 04:40;6,49
03/06/2026 04:45;6,49
03/06/2026 04:50;6,49
03/06/2026 04:55;6,49
03/06/2026 05:00;6,49
03/06/2026 05:05;6,49
03/06/2026 05:10;6,48
03/06/2026 05:15;6,48
03/06/2026 05:20;6,47
03/06/2026 05:25;6,47
03/06/2026 05:30;6,47
03/06/2026 05:35;6,46
03/06/2026 05:40;6,46
03/06/2026 05:45;6,46
03/06/2026 05:50;6,46
03/06/2026 05:55;6,46
03/06/2026 06:00;6,45
03/06/2026 06:05;6,45
03/06/2026 06:10;6,44
03/06/2026 06:15;6,44
03/06/2026 06:20;6,44
03/06/2026 06:25;6,44
03/06/2026 06:30;6,44
03/06/2026 06:35;6,44
03/06/2026 06:40;6,44
03/06/2026 06:45;6,44
03/06/2026 06:50;6,43
03/06/2026 06:55;6,44
03/06/2026 07:00;6,44
03/06/2026 07:05;6,44
03/06/2026 07:10;6,44
03/06/2026 07:15;6,43
03/06/2026 07:20;6,44
03/06/2026 07:25;6,44
03/06/2026 07:30;6,44
03/06/2026 07:35;6,43
03/06/2026 07:40;6,43
03/06/2026 07:45;6,43
03/06/2026 07:50;6,43
03/06/2026 07:55;6,43
03/06/2026 08:00;6,43
03/06/2026 08:05;6,43
03/06/2026 08:10;6,43
03/06/2026 08:15;6,43
03/06/2026 08:20;6,43
03/06/2026 08:25;6,43
03/06/2026 08:30;6,44
03/06/2026 08:35;6,44
03/06/2026 08:40;6,44
03/06/2026 08:45;6,44
03/06/2026 08:50;6,44
03/06/2026 08:55;6,45
03/06/2026 09:00;6,45
03/06/2026 09:05;6,45
03/06/2026 09:10;6,45
03/06/2026 09:15;6,45
03/06/2026 09:20;6,45
03/06/2026 09:25;6,45
03/06/2026 09:30;6,45
03/06/2026 09:35;6,45
03/06/2026 09:40;6,46
03/06/2026 09:45;6,46
03/06/2026 09:50;6,46
03/06/2026 09:55;6,46
03/06/2026 10:00;6,47
03/06/2026 10:05;6,47
03/06/2026 10:10;6,47
03/06/2026 10:15;6,47
03/06/2026 10:20;6,48
03/06/2026 10:25;6,48
03/06/2026 10:30;6,48
03/06/2026 10:35;6,48
03/06/2026 10:40;6,49
03/06/2026 10:45;6,49
03/06/2026 10:50;6,49
03/06/2026 10:55;6,49
03/06/2026 11:00;6,49
03/06/2026 11:05;6,49
03/06/2026 11:10;6,49
03/06/2026 11:15;6,5
03/06/2026 11:20;6,49
03/06/2026 11:25;6,49
03/06/2026 11:30;6,49
03/06/2026 11:35;6,49
03/06/2026 11:40;6,49
03/06/2026 11:45;6,49
03/06/2026 11:50;6,49
03/06/2026 11:55;6,49
03/06/2026 12:00;6,49
03/06/2026 12:05;6,49
03/06/2026 12:10;6,48
03/06/2026 12:15;6,48
03/06/2026 12:20;6,48
03/06/2026 12:25;6,47
03/06/2026 12:30;6,47
03/06/2026 12:35;6,47
03/06/2026 12:40;6,47
03/06/2026 12:45;6,48
03/06/2026 12:50;6,47
03/06/2026 12:55;6,48
03/06/2026 13:00;6,47
03/06/2026 13:05;6,47
03/06/2026 13:10;6,47
03/06/2026 13:15;6,47
03/06/2026 13:20;6,47
03/06/2026 13:25;6,47
03/06/2026 13:30;6,47
03/06/2026 13:35;6,46
03/06/2026 13:40;6,47
03/06/2026 13:45;6,47
03/06/2026 13:50;6,46
03/06/2026 13:55;6,46
03/06/2026 14:00;6,47
03/06/2026 14:05;6,47
03/06/2026 14:10;6,46
03/06/2026 14:15;6,46
03/06/2026 14:20;6,45
03/06/2026 14:25;6,46
03/06/2026 14:30;6,45
03/06/2026 14:35;6,45
03/06/2026 14:40;6,45
03/06/2026 14:45;6,44
03/06/2026 14:50;6,44
03/06/2026 14:55;6,43
03/06/2026 15:00;6,43
03/06/2026 15:05;6,42
03/06/2026 15:10;6,42
03/06/2026 15:15;6,42
03/06/2026 15:20;6,42
03/06/2026 15:25;6,42
03/06/2026 15:30;6,4
03/06/2026 15:35;6,4
03/06/2026 15:40;6,4
03/06/2026 15:45;6,4
03/06/2026 15:50;6,39
03/06/2026 15:55;6,39
03/06/2026 16:00;6,39
03/06/2026 16:05;6,38
03/06/2026 16:10;6,38
03/06/2026 16:15;6,37
03/06/2026 16:20;6,37
03/06/2026 16:25;6,36
03/06/2026 16:30;6,36
03/06/2026 16:35;6,35
03/06/2026 16:40;6,35
03/06/2026 16:45;6,35
03/06/2026 16:50;6,34
03/06/2026 16:55;6,34
03/06/2026 17:00;6,34
03/06/2026 17:05;6,34
03/06/2026 17:10;6,33
03/06/2026 17:15;6,33
03/06/2026 17:20;6,33
03/06/2026 17:25;6,33
03/06/2026 17:30;6,33
03/06/2026 17:35;6,32
03/06/2026 17:40;6,32
03/06/2026 17:45;6,31
03/06/2026 17:50;6,31
03/06/2026 17:55;6,3
03/06/2026 18:00;6,29
03/06/2026 18:05;6,29
03/06/2026 18:10;6,29
03/06/2026 18:15;6,29
03/06/2026 18:20;6,3
03/06/2026 18:25;6,3
03/06/2026 18:30;6,31
03/06/2026 18:35;6,31
03/06/2026 18:40;6,31
03/06/2026 18:45;6,31
03/06/2026 18:50;6,32
03/06/2026 18:55;6,32
03/06/2026 19:00;6,33
03/06/2026 19:05;6,33
03/06/2026 19:10;6,34
03/06/2026 19:15;6,34
03/06/2026 19:20;6,35
03/06/2026 19:25;6,35
03/06/2026 19:30;6,36
03/06/2026 19:35;6,36
03/06/2026 19:40;6,37
03/06/2026 19:45;6,37
03/06/2026 19:50;6,37
03/06/2026 19:55;6,38
03/06/2026 20:00;6,38
03/06/2026 20:05;6,39
03/06/2026 20:10;6,39
03/06/2026 20:15;6,4
03/06/2026 20:20;6,39
03/06/2026 20:25;6,4
03/06/2026 20:30;6,41
03/06/2026 20:35;6,4
03/06/2026 20:40;6,4
03/06/2026 20:45;6,41
03/06/2026 20:50;6,41
03/06/2026 20:55;6,42
03/06/2026 21:00;6,42
03/06/2026 21:05;6,42
03/06/2026 21:10;6,43
03/06/2026 21:15;6,43
03/06/2026 21:20;6,43
03/06/2026 21:25;6,44
03/06/2026 21:30;6,44
03/06/2026 21:35;6,44
03/06/2026 21:40;6,44
03/06/2026 21:45;6,44
03/06/2026 21:50;6,44
03/06/2026 21:55;6,45
03/06/2026 22:00;6,45
03/06/2026 22:05;6,45
03/06/2026 22:10;6,45
03/06/2026 22:15;6,45
03/06/2026 22:20;6,45
03/06/2026 22:25;6,45
03/06/2026 22:30;6,45
03/06/2026 22:35;6,45
03/06/2026 22:40;6,45
03/06/2026 22:45;6,45
03/06/2026 22:50;6,45
03/06/2026 22:55;6,45
03/06/2026 23:00;6,44
03/06/2026 23:05;6,45
03/06/2026 23:10;6,45
03/06/2026 23:15;6,45
03/06/2026 23:20;6,45
03/06/2026 23:25;6,46
03/06/2026 23:30;6,46
03/06/2026 23:35;6,46
03/06/2026 23:40;6,46
03/06/2026 23:45;6,46
03/06/2026 23:50;6,46
03/06/2026 23:55;6,46
04/06/2026 00:00;6,46
04/06/2026 00:05;6,46
04/06/2026 00:10;6,46
04/06/2026 00:15;6,46
04/06/2026 00:20;6,47
04/06/2026 00:25;6,46
04/06/2026 00:30;6,46
04/06/2026 00:35;6,46
04/06/2026 00:40;6,46
04/06/2026 00:45;6,46
04/06/2026 00:50;6,46
04/06/2026 00:55;6,46
04/06/2026 01:00;6,46
04/06/2026 01:05;6,45
04/06/2026 01:10;6,46
04/06/2026 01:15;6,45
04/06/2026 01:20;6,45
04/06/2026 01:25;6,45
04/06/2026 01:30;6,45
04/06/2026 01:35;6,45
04/06/2026 01:40;6,45
04/06/2026 01:45;6,45
04/06/2026 01:50;6,45
04/06/2026 01:55;6,45
04/06/2026 02:00;6,45
04/06/2026 02:05;6,45
04/06/2026 02:10;6,46
04/06/2026 02:15;6,46
04/06/2026 02:20;6,45
04/06/2026 02:25;6,45
04/06/2026 02:30;6,45
04/06/2026 02:35;6,45
04/06/2026 02:40;6,45
04/06/2026 02:45;6,44
04/06/2026 02:50;6,44
04/06/2026 02:55;6,44
04/06/2026 03:00;6,44
04/06/2026 03:05;6,43
04/06/2026 03:10;6,43
04/06/2026 03:15;6,42
04/06/2026 03:20;6,41
04/06/2026 03:25;6,41
04/06/2026 03:30;6,4
04/06/2026 03:35;6,4
04/06/2026 03:40;6,39
04/06/2026 03:45;6,39
04/06/2026 03:50;6,38
04/06/2026 03:55;6,38
04/06/2026 04:00;6,38
04/06/2026 04:05;6,37
04/06/2026 04:10;6,37
04/06/2026 04:15;6,36
04/06/2026 04:20;6,36
04/06/2026 04:25;6,37
04/06/2026 04:30;6,37
04/06/2026 04:35;6,37
04/06/2026 04:40;6,37
04/06/2026 04:45;6,37
04/06/2026 04:50;6,37
04/06/2026 04:55;6,37
04/06/2026 05:00;6,37
04/06/2026 05:05;6,37
04/06/2026 05:10;6,37
04/06/2026 05:15;6,37
04/06/2026 05:20;6,37
04/06/2026 05:25;6,37
04/06/2026 05:30;6,37
04/06/2026 05:35;6,37
04/06/2026 05:40;6,36
04/06/2026 05:45;6,36
04/06/2026 05:50;6,36
04/06/2026 05:55;6,36
04/06/2026 06:00;6,36
04/06/2026 06:05;6,36
04/06/2026 06:10;6,35
04/06/2026 06:15;6,35
04/06/2026 06:20;6,35
04/06/2026 06:25;6,35
04/06/2026 06:30;6,35
04/06/2026 06:35;6,35
04/06/2026 06:40;6,35
04/06/2026 06:45;6,35
04/06/2026 06:50;6,35
04/06/2026 06:55;6,36
04/06/2026 07:00;6,35
04/06/2026 07:05;6,35
04/06/2026 07:10;6,36
04/06/2026 07:15;6,35
04/06/2026 07:20;6,36
04/06/2026 07:25;6,36
04/06/2026 07:30;6,36
04/06/2026 07:35;6,36
04/06/2026 07:40;6,36
04/06/2026 07:45;6,37
04/06/2026 07:50;6,37
04/06/2026 07:55;6,37
04/06/2026 08:00;6,37
04/06/2026 08:05;6,37
04/06/2026 08:10;6,37
04/06/2026 08:15;6,37
04/06/2026 08:20;6,38
04/06/2026 08:25;6,38
04/06/2026 08:30;6,38
04/06/2026 08:35;6,38
04/06/2026 08:40;6,38
04/06/2026 08:45;6,39
04/06/2026 08:50;6,39
04/06/2026 08:55;6,39
04/06/2026 09:00;6,39
04/06/2026 09:05;6,4
04/06/2026 09:10;6,4
04/06/2026 09:15;6,4
04/06/2026 09:20;6,4
04/06/2026 09:25;6,4
04/06/2026 09:30;6,41
04/06/2026 09:35;6,41
04/06/2026 09:40;6,41
04/06/2026 09:45;6,41
04/06/2026 09:50;6,41
04/06/2026 09:55;6,41
04/06/2026 10:00;6,41
04/06/2026 10:05;6,41
04/06/2026 10:10;6,42
04/06/2026 10:15;6,42
04/06/2026 10:20;6,42
04/06/2026 10:25;6,42
04/06/2026 10:30;6,42
04/06/2026 10:35;6,43
04/06/2026 10:40;6,42
04/06/2026 10:45;6,43
04/06/2026 10:50;6,43
04/06/2026 10:55;6,43
04/06/2026 11:00;6,44
04/06/2026 11:05;6,44
04/06/2026 11:10;6,44
04/06/2026 11:15;6,44
04/06/2026 11:20;6,44
04/06/2026 11:25;6,44
04/06/2026 11:30;6,44
04/06/2026 11:35;6,45
04/06/2026 11:40;6,45
04/06/2026 11:45;6,46
04/06/2026 11:50;6,46
04/06/2026 11:55;6,46
04/06/2026 12:00;6,46
04/06/2026 12:05;6,47
04/06/2026 12:10;6,47
04/06/2026 12:15;6,47
04/06/2026 12:20;6,47
04/06/2026 12:25;6,47
04/06/2026 12:30;6,48
04/06/2026 12:35;6,48
04/06/2026 12:40;6,48
04/06/2026 12:45;6,48
04/06/2026 12:50;6,49
04/06/2026 12:55;6,49
04/06/2026 13:00;6,49
04/06/2026 13:05;6,49
04/06/2026 13:10;6,49
04/06/2026 13:15;6,5
04/06/2026 13:20;6,5
04/06/2026 13:25;6,5
04/06/2026 13:30;6,5
04/06/2026 13:35;6,5
04/06/2026 13:40;6,51
04/06/2026 13:45;6,51
04/06/2026 13:50;6,51
04/06/2026 13:55;6,51
04/06/2026 14:00;6,52
04/06/2026 14:05;6,52
04/06/2026 14:10;6,52
04/06/2026 14:15;6,52
04/06/2026 14:20;6,53
04/06/2026 14:25;6,52
04/06/2026 14:30;6,53
04/06/2026 14:35;6,53
04/06/2026 14:40;6,53
04/06/2026 14:45;6,53
04/06/2026 14:50;6,53
04/06/2026 14:55;6,53
04/06/2026 15:00;6,53
04/06/2026 15:05;6,53
04/06/2026 15:10;6,54
04/06/2026 15:15;6,54
04/06/2026 15:20;6,54
04/06/2026 15:25;6,54
04/06/2026 15:30;6,54
04/06/2026 15:35;6,54
04/06/2026 15:40;6,54
04/06/2026 15:45;6,54
04/06/2026 15:50;6,55
04/06/2026 15:55;6,54
04/06/2026 16:00;6,54
04/06/2026 16:05;6,54
04/06/2026 16:10;6,54
04/06/2026 16:15;6,53
04/06/2026 16:20;6,54
04/06/2026 16:25;6,53
04/06/2026 16:30;6,53
04/06/2026 16:35;6,53
04/06/2026 16:40;6,53
04/06/2026 16:45;6,53
04/06/2026 16:50;6,53
04/06/2026 16:55;6,53
04/06/2026 17:00;6,53
04/06/2026 17:05;6,53
04/06/2026 17:10;6,53
04/06/2026 17:15;6,53
04/06/2026 17:20;6,53
04/06/2026 17:25;6,53
04/06/2026 17:30;6,53
04/06/2026 17:35;6,53
04/06/2026 17:40;6,53
04/06/2026 17:45;6,53
04/06/2026 17:50;6,53
04/06/2026 17:55;6,53
04/06/2026 18:00;6,53
04/06/2026 18:05;6,54
04/06/2026 18:10;6,54
04/06/2026 18:15;6,55
04/06/2026 18:20;6,55
04/06/2026 18:25;6,55
04/06/2026 18:30;6,56
04/06/2026 18:35;6,56
04/06/2026 18:40;6,57
04/06/2026 18:45;6,57
04/06/2026 18:50;6,58
04/06/2026 18:55;6,58
04/06/2026 19:00;6,59
04/06/2026 19:05;6,59
04/06/2026 19:10;6,59
04/06/2026 19:15;6,59
04/06/2026 19:20;6,6
04/06/2026 19:25;6,61
04/06/2026 19:30;6,61
04/06/2026 19:35;6,61
04/06/2026 19:40;6,62
04/06/2026 19:45;6,62
04/06/2026 19:50;6,63
04/06/2026 19:55;6,63
04/06/2026 20:00;6,64
04/06/2026 20:05;6,64
04/06/2026 20:10;6,64
04/06/2026 20:15;6,65
04/06/2026 20:20;6,65
04/06/2026 20:25;6,66
04/06/2026 20:30;6,67
04/06/2026 20:35;6,67
04/06/2026 20:40;6,67
04/06/2026 20:45;6,68
04/06/2026 20:50;6,68
04/06/2026 20:55;6,68
04/06/2026 21:00;6,68
04/06/2026 21:05;6,68
04/06/2026 21:10;6,68
04/06/2026 21:15;6,69
04/06/2026 21:20;6,69
04/06/2026 21:25;6,7
04/06/2026 21:30;6,7
04/06/2026 21:35;6,7
04/06/2026 21:40;6,71
04/06/2026 21:45;6,71
04/06/2026 21:50;6,71
04/06/2026 21:55;6,71
04/06/2026 22:00;6,72
04/06/2026 22:05;6,72
04/06/2026 22:10;6,72
04/06/2026 22:15;6,72
04/06/2026 22:20;6,72
04/06/2026 22:25;6,72
04/06/2026 22:30;6,72
04/06/2026 22:35;6,73
04/06/2026 22:40;6,73
04/06/2026 22:45;6,73
04/06/2026 22:50;6,73
04/06/2026 22:55;6,73
04/06/2026 23:00;6,74
04/06/2026 23:05;6,74
04/06/2026 23:10;6,75
04/06/2026 23:15;6,74
04/06/2026 23:20;6,75
04/06/2026 23:25;6,75
04/06/2026 23:30;6,75
04/06/2026 23:35;6,75
04/06/2026 23:40;6,75
04/06/2026 23:45;6,76
04/06/2026 23:50;6,76
04/06/2026 23:55;6,76
05/06/2026 00:00;6,76
05/06/2026 00:05;6,76
05/06/2026 00:10;6,77
05/06/2026 00:15;6,77
05/06/2026 00:20;6,77
05/06/2026 00:25;6,77
05/06/2026 00:30;6,77
05/06/2026 00:35;6,77
05/06/2026 00:40;6,77
05/06/2026 00:45;6,77
05/06/2026 00:50;6,76
05/06/2026 00:55;6,77
05/06/2026 01:00;6,77
05/06/2026 01:05;6,77
05/06/2026 01:10;6,77
05/06/2026 01:15;6,77
05/06/2026 01:20;6,77
05/06/2026 01:25;6,77
05/06/2026 01:30;6,77
05/06/2026 01:35;6,77
05/06/2026 01:40;6,76
05/06/2026 01:45;6,76
05/06/2026 01:50;6,76
05/06/2026 01:55;6,76
05/06/2026 02:00;6,76
05/06/2026 02:05;6,76
05/06/2026 02:10;6,75
05/06/2026 02:15;6,75
05/06/2026 02:20;6,75
05/06/2026 02:25;6,75
05/06/2026 02:30;6,74
05/06/2026 02:35;6,74
05/06/2026 02:40;6,73
05/06/2026 02:45;6,73
05/06/2026 02:50;6,73
05/06/2026 02:55;6,73
05/06/2026 03:00;6,72
05/06/2026 03:05;6,72
05/06/2026 03:10;6,71
05/06/2026 03:15;6,71
05/06/2026 03:20;6,71
05/06/2026 03:25;6,7
05/06/2026 03:30;6,7
05/06/2026 03:35;6,69
05/06/2026 03:40;6,69
05/06/2026 03:45;6,69
05/06/2026 03:50;6,68
05/06/2026 03:55;6,68
05/06/2026 04:00;6,68
05/06/2026 04:05;6,68
05/06/2026 04:10;6,67
05/06/2026 04:15;6,66
05/06/2026 04:20;6,66
05/06/2026 04:25;6,66
05/06/2026 04:30;6,65
05/06/2026 04:35;6,65
05/06/2026 04:40;6,64
05/06/2026 04:45;6,65
05/06/2026 04:50;6,64
05/06/2026 04:55;6,64
05/06/2026 05:00;6,64
05/06/2026 05:05;6,63
05/06/2026 05:10;6,63
05/06/2026 05:15;6,63
05/06/2026 05:20;6,62
05/06/2026 05:25;6,62
05/06/2026 05:30;6,61
05/06/2026 05:35;6,61
05/06/2026 05:40;6,6
05/06/2026 05:45;6,6
05/06/2026 05:50;6,6
05/06/2026 05:55;6,6
05/06/2026 06:00;6,6
05/06/2026 06:05;6,6
05/06/2026 06:10;6,59
05/06/2026 06:15;6,59
05/06/2026 06:20;6,59
05/06/2026 06:25;6,59
05/06/2026 06:30;6,59
05/06/2026 06:35;6,58
05/06/2026 06:40;6,58
05/06/2026 06:45;6,58
05/06/2026 06:50;6,58
05/06/2026 06:55;6,58
05/06/2026 07:00;6,58
05/06/2026 07:05;6,58
05/06/2026 07:10;6,58
05/06/2026 07:15;6,58
05/06/2026 07:20;6,58
05/06/2026 07:25;6,58
05/06/2026 07:30;6,58
05/06/2026 07:35;6,58
05/06/2026 07:40;6,58
05/06/2026 07:45;6,58
05/06/2026 07:50;6,58
05/06/2026 07:55;6,58
05/06/2026 08:00;6,59
05/06/2026 08:05;6,58
05/06/2026 08:10;6,58
05/06/2026 08:15;6,59
05/06/2026 08:20;6,59
05/06/2026 08:25;6,59
05/06/2026 08:30;6,59
05/06/2026 08:35;6,6
05/06/2026 08:40;6,6
05/06/2026 08:45;6,6
05/06/2026 08:50;6,6
05/06/2026 08:55;6,6
05/06/2026 09:00;6,6
05/06/2026 09:05;6,61
05/06/2026 09:10;6,6
05/06/2026 09:15;6,61
05/06/2026 09:20;6,61
05/06/2026 09:25;6,61
05/06/2026 09:30;6,61
05/06/2026 09:35;6,61
05/06/2026 09:40;6,61
05/06/2026 09:45;6,62
05/06/2026 09:50;6,62
05/06/2026 09:55;6,62
05/06/2026 10:00;6,62
05/06/2026 10:05;6,62
05/06/2026 10:10;6,62
05/06/2026 10:15;6,63
05/06/2026 10:20;6,63
05/06/2026 10:25;6,63
05/06/2026 10:30;6,63
05/06/2026 10:35;6,64
05/06/2026 10:40;6,64
05/06/2026 10:45;6,64
05/06/2026 10:50;6,64
05/06/2026 10:55;6,65
05/06/2026 11:00;6,65
05/06/2026 11:05;6,65
05/06/2026 11:10;6,65
05/06/2026 11:15;6,65
05/06/2026 11:20;6,66
05/06/2026 11:25;6,65
05/06/2026 11:30;6,66
05/06/2026 11:35;6,66
05/06/2026 11:40;6,66
05/06/2026 11:45;6,67
05/06/2026 11:50;6,67
05/06/2026 11:55;6,67
05/06/2026 12:00;6,67
05/06/2026 12:05;6,68
05/06/2026 12:10;6,68
05/06/2026 12:15;6,68
05/06/2026 12:20;6,68
05/06/2026 12:25;6,68
05/06/2026 12:30;6,69
05/06/2026 12:35;6,69
05/06/2026 12:40;6,69
05/06/2026 12:45;6,7
05/06/2026 12:50;6,69
05/06/2026 12:55;6,69
05/06/2026 13:00;6,7
05/06/2026 13:05;6,69
05/06/2026 13:10;6,7
05/06/2026 13:15;6,7
05/06/2026 13:20;6,7
05/06/2026 13:25;6,69
05/06/2026 13:30;6,69
05/06/2026 13:35;6,69
05/06/2026 13:40;6,7
05/06/2026 13:45;6,7
05/06/2026 13:50;6,7
05/06/2026 13:55;6,69
05/06/2026 14:00;6,69
05/06/2026 14:05;6,69
05/06/2026 14:10;6,69
05/06/2026 14:15;6,69
05/06/2026 14:20;6,69
05/06/2026 14:25;6,69
05/06/2026 14:30;6,69
05/06/2026 14:35;6,69
05/06/2026 14:40;6,69
05/06/2026 14:45;6,69
05/06/2026 14:50;6,69
05/06/2026 14:55;6,69
05/06/2026 15:00;6,69
05/06/2026 15:05;6,68
05/06/2026 15:10;6,68
05/06/2026 15:15;6,68
05/06/2026 15:20;6,68
05/06/2026 15:25;6,67
05/06/2026 15:30;6,67
05/06/2026 15:35;6,66
05/06/2026 15:40;6,67
05/06/2026 15:45;6,66
05/06/2026 15:50;6,66
05/06/2026 15:55;6,65
05/06/2026 16:00;6,65
05/06/2026 16:05;6,65
05/06/2026 16:10;6,64
05/06/2026 16:15;6,64
05/06/2026 16:20;6,64
05/06/2026 16:25;6,64
05/06/2026 16:30;6,64
05/06/2026 16:35;6,64
05/06/2026 16:40;6,63
05/06/2026 16:45;6,63
05/06/2026 16:50;6,63
05/06/2026 16:55;6,63
05/06/2026 17:00;6,63
05/06/2026 17:05;6,63
05/06/2026 17:10;6,63
05/06/2026 17:15;6,63
05/06/2026 17:20;6,63
05/06/2026 17:25;6,62
05/06/2026 17:30;6,62
05/06/2026 17:35;6,62
05/06/2026 17:40;6,62
05/06/2026 17:45;6,62
05/06/2026 17:50;6,62
05/06/2026 17:55;6,62
05/06/2026 18:00;6,63
05/06/2026 18:05;6,63
05/06/2026 18:10;6,63
05/06/2026 18:15;6,63
05/06/2026 18:20;6,63
05/06/2026 18:25;6,64
05/06/2026 18:30;6,64
05/06/2026 18:35;6,64
05/06/2026 18:40;6,65
05/06/2026 18:45;6,65
05/06/2026 18:50;6,66
05/06/2026 18:55;6,66
05/06/2026 19:00;6,67
05/06/2026 19:05;6,67
05/06/2026 19:10;6,68
05/06/2026 19:15;6,68
05/06/2026 19:20;6,69
05/06/2026 19:25;6,69
05/06/2026 19:30;6,7
05/06/2026 19:35;6,71
05/06/2026 19:40;6,71
05/06/2026 19:45;6,72
05/06/2026 19:50;6,73
05/06/2026 19:55;6,73
05/06/2026 20:00;6,74
05/06/2026 20:05;6,75
05/06/2026 20:10;6,76
05/06/2026 20:15;6,76
05/06/2026 20:20;6,77
05/06/2026 20:25;6,77
05/06/2026 20:30;6,79
05/06/2026 20:35;6,79
05/06/2026 20:40;6,79
05/06/2026 20:45;6,8
05/06/2026 20:50;6,8
05/06/2026 20:55;6,81
05/06/2026 21:00;6,81
05/06/2026 21:05;6,82
05/06/2026 21:10;6,82
05/06/2026 21:15;6,82
05/06/2026 21:20;6,83
05/06/2026 21:25;6,82
05/06/2026 21:30;6,83
05/06/2026 21:35;6,83
05/06/2026 21:40;6,83
05/06/2026 21:45;6,83
05/06/2026 21:50;6,82
05/06/2026 21:55;6,82
05/06/2026 22:00;6,81
05/06/2026 22:05;6,79
05/06/2026 22:10;6,78
05/06/2026 22:15;6,76
05/06/2026 22:20;6,73
05/06/2026 22:25;6,7
05/06/2026 22:30;6,67
05/06/2026 22:35;6,63
05/06/2026 22:40;6,6
05/06/2026 22:45;6,56
05/06/2026 22:50;6,52
05/06/2026 22:55;6,49
05/06/2026 23:00;6,45
05/06/2026 23:05;6,42
05/06/2026 23:10;6,38
05/06/2026 23:15;6,35
05/06/2026 23:20;6,32
05/06/2026 23:25;6,29
05/06/2026 23:30;6,27
05/06/2026 23:35;6,25
05/06/2026 23:40;6,24
05/06/2026 23:45;6,22
05/06/2026 23:50;6,2
05/06/2026 23:55;6,19
06/06/2026 00:00;6,18
06/06/2026 00:05;6,18
06/06/2026 00:10;6,17
06/06/2026 00:15;6,16
06/06/2026 00:20;6,16
06/06/2026 00:25;6,16
06/06/2026 00:30;6,15
06/06/2026 00:35;6,16
06/06/2026 00:40;6,16
06/06/2026 00:45;6,16
06/06/2026 00:50;6,16
06/06/2026 00:55;6,17
06/06/2026 01:00;6,17
06/06/2026 01:05;6,17
06/06/2026 01:10;6,18
06/06/2026 01:15;6,18
06/06/2026 01:20;6,19
06/06/2026 01:25;6,19
06/06/2026 01:30;6,2
06/06/2026 01:35;6,2
06/06/2026 01:40;6,21
06/06/2026 01:45;6,22
06/06/2026 01:50;6,22
06/06/2026 01:55;6,23
06/06/2026 02:00;6,23
06/06/2026 02:05;6,24
06/06/2026 02:10;6,25
06/06/2026 02:15;6,25
06/06/2026 02:20;6,26
06/06/2026 02:25;6,27
06/06/2026 02:30;6,27
06/06/2026 02:35;6,27
06/06/2026 02:40;6,29
06/06/2026 02:45;6,29
06/06/2026 02:50;6,3
06/06/2026 02:55;6,31
06/06/2026 03:00;6,31
06/06/2026 03:05;6,32
06/06/2026 03:10;6,32
06/06/2026 03:15;6,33
06/06/2026 03:20;6,33
06/06/2026 03:25;6,34
06/06/2026 03:30;6,34
06/06/2026 03:35;6,35
06/06/2026 03:40;6,35
06/06/2026 03:45;6,35
06/06/2026 03:50;6,36
06/06/2026 03:55;6,37
06/06/2026 04:00;6,37
06/06/2026 04:05;6,37
06/06/2026 04:10;6,37
06/06/2026 04:15;6,38
06/06/2026 04:20;6,38
06/06/2026 04:25;6,39
06/06/2026 04:30;6,39
06/06/2026 04:35;6,39
06/06/2026 04:40;6,4
06/06/2026 04:45;6,41
06/06/2026 04:50;6,41
06/06/2026 04:55;6,41
06/06/2026 05:00;6,41
06/06/2026 05:05;6,41
06/06/2026 05:10;6,41
06/06/2026 05:15;6,42
06/06/2026 05:20;6,42
06/06/2026 05:25;6,42
06/06/2026 05:30;6,42
06/06/2026 05:35;6,43
06/06/2026 05:40;6,43
06/06/2026 05:45;6,43
06/06/2026 05:50;6,43
06/06/2026 05:55;6,43
06/06/2026 06:00;6,44
06/06/2026 06:05;6,44
06/06/2026 06:10;6,44
06/06/2026 06:15;6,44
06/06/2026 06:20;6,44
06/06/2026 06:25;6,45
06/06/2026 06:30;6,45
06/06/2026 06:35;6,45
06/06/2026 06:40;6,46
06/06/2026 06:45;6,45
06/06/2026 06:50;6,45
06/06/2026 06:55;6,46
06/06/2026 07:00;6,46
06/06/2026 07:05;6,46
06/06/2026 07:10;6,46
06/06/2026 07:15;6,46
06/06/2026 07:20;6,47
06/06/2026 07:25;6,46
06/06/2026 07:30;6,46
06/06/2026 07:35;6,47
06/06/2026 07:40;6,47
06/06/2026 07:45;6,47
06/06/2026 07:50;6,47
06/06/2026 07:55;6,47
06/06/2026 08:00;6,47
06/06/2026 08:05;6,47
06/06/2026 08:10;6,47
06/06/2026 08:15;6,47
06/06/2026 08:20;6,47
06/06/2026 08:25;6,48
06/06/2026 08:30;6,48
06/06/2026 08:35;6,48
06/06/2026 08:40;6,49
06/06/2026 08:45;6,49
06/06/2026 08:50;6,49
06/06/2026 08:55;6,49
06/06/2026 09:00;6,49
06/06/2026 09:05;6,49
06/06/2026 09:10;6,49
06/06/2026 09:15;6,49
06/06/2026 09:20;6,49
06/06/2026 09:25;6,49
06/06/2026 09:30;6,49
06/06/2026 09:35;6,5
06/06/2026 09:40;6,5
06/06/2026 09:45;6,5
06/06/2026 09:50;6,5
06/06/2026 09:55;6,5
06/06/2026 10:00;6,51
06/06/2026 10:05;6,51
06/06/2026 10:10;6,51
06/06/2026 10:15;6,51
06/06/2026 10:20;6,51
06/06/2026 10:25;6,51
06/06/2026 10:30;6,51
06/06/2026 10:35;6,51
06/06/2026 10:40;6,51
06/06/2026 10:45;6,51
06/06/2026 10:50;6,51
06/06/2026 10:55;6,51
06/06/2026 11:00;6,51
06/06/2026 11:05;6,51
06/06/2026 11:10;6,51
06/06/2026 11:15;6,51
06/06/2026 11:20;6,51
06/06/2026 11:25;6,51
06/06/2026 11:30;6,51
06/06/2026 11:35;6,51
06/06/2026 11:40;6,51
06/06/2026 11:45;6,52
06/06/2026 11:50;6,52
06/06/2026 11:55;6,52
06/06/2026 12:00;6,52
06/06/2026 12:05;6,52
06/06/2026 12:10;6,52
06/06/2026 12:15;6,52
06/06/2026 12:20;6,52
06/06/2026 12:25;6,52
06/06/2026 12:30;6,52
06/06/2026 12:35;6,52
06/06/2026 12:40;6,52
06/06/2026 12:45;6,51
06/06/2026 12:50;6,52
06/06/2026 12:55;6,52
06/06/2026 13:00;6,51
06/06/2026 13:05;6,51
06/06/2026 13:10;6,52
06/06/2026 13:15;6,51
06/06/2026 13:20;6,51
06/06/2026 13:25;6,51
06/06/2026 13:30;6,51
06/06/2026 13:35;6,51
06/06/2026 13:40;6,51
06/06/2026 13:45;6,51
06/06/2026 13:50;6,51
06/06/2026 13:55;6,51
06/06/2026 14:00;6,51
06/06/2026 14:05;6,5
06/06/2026 14:10;6,51
06/06/2026 14:15;6,5
06/06/2026 14:20;6,5
06/06/2026 14:25;6,5
06/06/2026 14:30;6,5
06/06/2026 14:35;6,5
06/06/2026 14:40;6,5
06/06/2026 14:45;6,49
06/06/2026 14:50;6,49
06/06/2026 14:55;6,49
06/06/2026 15:00;6,49
06/06/2026 15:05;6,49
06/06/2026 15:10;6,49
06/06/2026 15:15;6,49
06/06/2026 15:20;6,49
06/06/2026 15:25;6,49
06/06/2026 15:30;6,49
06/06/2026 15:35;6,49
06/06/2026 15:40;6,49
06/06/2026 15:45;6,49
06/06/2026 15:50;6,49
06/06/2026 15:55;6,49
06/06/2026 16:00;6,49
06/06/2026 16:05;6,49
06/06/2026 16:10;6,49
06/06/2026 16:15;6,49
06/06/2026 16:20;6,49
06/06/2026 16:25;6,49
06/06/2026 16:30;6,5
06/06/2026 16:35;6,49
06/06/2026 16:40;6,49
06/06/2026 16:45;6,5
06/06/2026 16:50;6,5
06/06/2026 16:55;6,5
06/06/2026 17:00;6,5
06/06/2026 17:05;6,51
06/06/2026 17:10;6,51
06/06/2026 17:15;6,51
06/06/2026 17:20;6,51
06/06/2026 17:25;6,52
06/06/2026 17:30;6,52
06/06/2026 17:35;6,53
06/06/2026 17:40;6,53
06/06/2026 17:45;6,54
06/06/2026 17:50;6,55
06/06/2026 17:55;6,54
06/06/2026 18:00;6,56
06/06/2026 18:05;6,56
06/06/2026 18:10;6,56
06/06/2026 18:15;6,57
06/06/2026 18:20;6,57
06/06/2026 18:25;6,58
06/06/2026 18:30;6,59
06/06/2026 18:35;6,59
06/06/2026 18:40;6,6
06/06/2026 18:45;6,61
06/06/2026 18:50;6,62
06/06/2026 18:55;6,62
06/06/2026 19:00;6,63
06/06/2026 19:05;6,64
06/06/2026 19:10;6,65
06/06/2026 19:15;6,65
06/06/2026 19:20;6,65
06/06/2026 19:25;6,66
06/06/2026 19:30;6,67
06/06/2026 19:35;6,68
06/06/2026 19:40;6,69
06/06/2026 19:45;6,69
06/06/2026 19:50;6,7
06/06/2026 19:55;6,71
06/06/2026 20:00;6,71
06/06/2026 20:05;6,72
06/06/2026 20:10;6,73
06/06/2026 20:15;6,74
06/06/2026 20:20;6,75
06/06/2026 20:25;6,74
06/06/2026 20:30;6,76
06/06/2026 20:35;6,76
06/06/2026 20:40;6,77
06/06/2026 20:45;6,77
06/06/2026 20:50;6,78
06/06/2026 20:55;6,78
06/06/2026 21:00;6,79
06/06/2026 21:05;6,79
06/06/2026 21:10;6,79
06/06/2026 21:15;6,8
06/06/2026 21:20;6,8
06/06/2026 21:25;6,8
06/06/2026 21:30;6,81
06/06/2026 21:35;6,81
06/06/2026 21:40;6,81
06/06/2026 21:45;6,82
06/06/2026 21:50;6,82
06/06/2026 21:55;6,82
06/06/2026 22:00;6,82
06/06/2026 22:05;6,83
06/06/2026 22:10;6,83
06/06/2026 22:15;6,84
06/06/2026 22:20;6,84
06/06/2026 22:25;6,84
06/06/2026 22:30;6,84
06/06/2026 22:35;6,84
06/06/2026 22:40;6,84
06/06/2026 22:45;6,84
06/06/2026 22:50;6,85
06/06/2026 22:55;6,85
06/06/2026 23:00;6,85
06/06/2026 23:05;6,85
06/06/2026 23:10;6,85
06/06/2026 23:15;6,85
06/06/2026 23:20;6,85
06/06/2026 23:25;6,85
06/06/2026 23:30;6,85
06/06/2026 23:35;6,85
06/06/2026 23:40;6,85
06/06/2026 23:45;6,85
06/06/2026 23:50;6,85
06/06/2026 23:55;6,85
07/06/2026 00:00;6,85
07/06/2026 00:05;6,85
07/06/2026 00:10;6,84
07/06/2026 00:15;6,85
07/06/2026 00:20;6,85
07/06/2026 00:25;6,84
07/06/2026 00:30;6,84
07/06/2026 00:35;6,84
07/06/2026 00:40;6,84
07/06/2026 00:45;6,84
07/06/2026 00:50;6,83
07/06/2026 00:55;6,83
07/06/2026 01:00;6,83
07/06/2026 01:05;6,82
07/06/2026 01:10;6,82
07/06/2026 01:15;6,82
07/06/2026 01:20;6,81
07/06/2026 01:25;6,81
07/06/2026 01:30;6,81
07/06/2026 01:35;6,8
07/06/2026 01:40;6,8
07/06/2026 01:45;6,8
07/06/2026 01:50;6,79
07/06/2026 01:55;6,79
07/06/2026 02:00;6,78
07/06/2026 02:05;6,78
07/06/2026 02:10;6,77
07/06/2026 02:15;6,77
07/06/2026 02:20;6,76
07/06/2026 02:25;6,76
07/06/2026 02:30;6,75
07/06/2026 02:35;6,74
07/06/2026 02:40;6,74
07/06/2026 02:45;6,74
07/06/2026 02:50;6,73
07/06/2026 02:55;6,72
07/06/2026 03:00;6,72
07/06/2026 03:05;6,71
07/06/2026 03:10;6,71
07/06/2026 03:15;6,7
07/06/2026 03:20;6,69
07/06/2026 03:25;6,7
07/06/2026 03:30;6,69
07/06/2026 03:35;6,68
07/06/2026 03:40;6,68
07/06/2026 03:45;6,68
07/06/2026 03:50;6,67
07/06/2026 03:55;6,67
07/06/2026 04:00;6,66
07/06/2026 04:05;6,66
07/06/2026 04:10;6,66
07/06/2026 04:15;6,65
07/06/2026 04:20;6,65
07/06/2026 04:25;6,64
07/06/2026 04:30;6,64
07/06/2026 04:35;6,64
07/06/2026 04:40;6,64
07/06/2026 04:45;6,64
07/06/2026 04:50;6,63
07/06/2026 04:55;6,63
07/06/2026 05:00;6,63
07/06/2026 05:05;6,63
07/06/2026 05:10;6,62
07/06/2026 05:15;6,62
07/06/2026 05:20;6,61
07/06/2026 05:25;6,61
07/06/2026 05:30;6,61
07/06/2026 05:35;6,61
07/06/2026 05:40;6,6
07/06/2026 05:45;6,6
07/06/2026 05:50;6,6
07/06/2026 05:55;6,6
07/06/2026 06:00;6,59
07/06/2026 06:05;6,59
07/06/2026 06:10;6,59
07/06/2026 06:15;6,59
07/06/2026 06:20;6,59
07/06/2026 06:25;6,59
07/06/2026 06:30;6,58
07/06/2026 06:35;6,59
07/06/2026 06:40;6,59
07/06/2026 06:45;6,59
07/06/2026 06:50;6,59
07/06/2026 06:55;6,59
07/06/2026 07:00;6,58
07/06/2026 07:05;6,59
07/06/2026 07:10;6,58
07/06/2026 07:15;6,59
07/06/2026 07:20;6,59
07/06/2026 07:25;6,59
07/06/2026 07:30;6,59
07/06/2026 07:35;6,6
07/06/2026 07:40;6,59
07/06/2026 07:45;6,6
07/06/2026 07:50;6,6
07/06/2026 07:55;6,6
07/06/2026 08:00;6,61
07/06/2026 08:05;6,61
07/06/2026 08:10;6,61
07/06/2026 08:15;6,62
07/06/2026 08:20;6,62
07/06/2026 08:25;6,62
07/06/2026 08:30;6,63
07/06/2026 08:35;6,63
07/06/2026 08:40;6,63
07/06/2026 08:45;6,63
07/06/2026 08:50;6,63
07/06/2026 08:55;6,64
07/06/2026 09:00;6,64
07/06/2026 09:05;6,64
07/06/2026 09:10;6,65
07/06/2026 09:15;6,65
07/06/2026 09:20;6,65
07/06/2026 09:25;6,66
07/06/2026 09:30;6,65
07/06/2026 09:35;6,65
07/06/2026 09:40;6,66
07/06/2026 09:45;6,66
07/06/2026 09:50;6,66
07/06/2026 09:55;6,67
07/06/2026 10:00;6,66
07/06/2026 10:05;6,67
07/06/2026 10:10;6,67
07/06/2026 10:15;6,67
07/06/2026 10:20;6,67
07/06/2026 10:25;6,67
07/06/2026 10:30;6,66
07/06/2026 10:35;6,67
07/06/2026 10:40;6,66
07/06/2026 10:45;6,67
07/06/2026 10:50;6,67
07/06/2026 10:55;6,67
07/06/2026 11:00;6,67
07/06/2026 11:05;6,67
07/06/2026 11:10;6,67
07/06/2026 11:15;6,67
07/06/2026 11:20;6,67
07/06/2026 11:25;6,67
07/06/2026 11:30;6,67
07/06/2026 11:35;6,67
07/06/2026 11:40;6,67
07/06/2026 11:45;6,67
07/06/2026 11:50;6,67
07/06/2026 11:55;6,67
07/06/2026 12:00;6,67
07/06/2026 12:05;6,67
07/06/2026 12:10;6,67
07/06/2026 12:15;6,67
07/06/2026 12:20;6,67
07/06/2026 12:25;6,67
07/06/2026 12:30;6,67
07/06/2026 12:35;6,67
07/06/2026 12:40;6,67
07/06/2026 12:45;6,68
07/06/2026 12:50;6,67
07/06/2026 12:55;6,67
07/06/2026 13:00;6,67
07/06/2026 13:05;6,67
07/06/2026 13:10;6,67
07/06/2026 13:15;6,66
07/06/2026 13:20;6,66
07/06/2026 13:25;6,66
07/06/2026 13:30;6,66
07/06/2026 13:35;6,66
07/06/2026 13:40;6,66
07/06/2026 13:45;6,66
07/06/2026 13:50;6,65
07/06/2026 13:55;6,65
07/06/2026 14:00;6,65
07/06/2026 14:05;6,65
07/06/2026 14:10;6,65
07/06/2026 14:15;6,65
07/06/2026 14:20;6,65
07/06/2026 14:25;6,65
07/06/2026 14:30;6,65
07/06/2026 14:35;6,65
07/06/2026 14:40;6,65
07/06/2026 14:45;6,65
07/06/2026 14:50;6,65
07/06/2026 14:55;6,64
07/06/2026 15:00;6,65
07/06/2026 15:05;6,65
07/06/2026 15:10;6,65
07/06/2026 15:15;6,64
07/06/2026 15:20;6,65
07/06/2026 15:25;6,65
07/06/2026 15:30;6,64
07/06/2026 15:35;6,64
07/06/2026 15:40;6,64
07/06/2026 15:45;6,64
07/06/2026 15:50;6,64
07/06/2026 15:55;6,64
07/06/2026 16:00;6,64
07/06/2026 16:05;6,64
07/06/2026 16:10;6,64
07/06/2026 16:15;6,64
07/06/2026 16:20;6,64
07/06/2026 16:25;6,63
07/06/2026 16:30;6,64
07/06/2026 16:35;6,63
07/06/2026 16:40;6,63
07/06/2026 16:45;6,62
07/06/2026 16:50;6,61
07/06/2026 16:55;6,63
07/06/2026 17:00;6,68
07/06/2026 17:05;6,67
07/06/2026 17:10;6,66
07/06/2026 17:15;6,69
07/06/2026 17:20;6,68
07/06/2026 17:25;6,62
07/06/2026 17:30;6,62
07/06/2026 17:35;6,62
07/06/2026 17:40;6,62
07/06/2026 17:45;6,63
07/06/2026 17:50;6,63
07/06/2026 17:55;6,62
07/06/2026 18:00;6,63
07/06/2026 18:05;6,62
07/06/2026 18:10;6,62
07/06/2026 18:15;6,63
07/06/2026 18:20;6,63
07/06/2026 18:25;6,64
07/06/2026 18:30;6,64
07/06/2026 18:35;6,64
07/06/2026 18:40;6,65
07/06/2026 18:45;6,65
07/06/2026 18:50;6,65
07/06/2026 18:55;6,66
07/06/2026 19:00;6,67
07/06/2026 19:05;6,66
07/06/2026 19:10;6,67
07/06/2026 19:15;6,68
07/06/2026 19:20;6,68
07/06/2026 19:25;6,69
07/06/2026 19:30;6,69
07/06/2026 19:35;6,7
07/06/2026 19:40;6,7
07/06/2026 19:45;6,71
07/06/2026 19:50;6,71
07/06/2026 19:55;6,72
07/06/2026 20:00;6,73
07/06/2026 20:05;6,73
07/06/2026 20:10;6,74
07/06/2026 20:15;6,74
07/06/2026 20:20;6,75
07/06/2026 20:25;6,75
07/06/2026 20:30;6,76
07/06/2026 20:35;6,76
07/06/2026 20:40;6,76
07/06/2026 20:45;6,77
07/06/2026 20:50;6,77
07/06/2026 20:55;6,78
07/06/2026 21:00;6,78
07/06/2026 21:05;6,78
07/06/2026 21:10;6,79
07/06/2026 21:15;6,79
07/06/2026 21:20;6,79
07/06/2026 21:25;6,8
07/06/2026 21:30;6,8
07/06/2026 21:35;6,8
07/06/2026 21:40;6,81
07/06/2026 21:45;6,81
07/06/2026 21:50;6,81
07/06/2026 21:55;6,81
07/06/2026 22:00;6,81
07/06/2026 22:05;6,82
07/06/2026 22:10;6,82
07/06/2026 22:15;6,82
07/06/2026 22:20;6,83
07/06/2026 22:25;6,83
07/06/2026 22:30;6,83
07/06/2026 22:35;6,84
07/06/2026 22:40;6,84
07/06/2026 22:45;6,84
07/06/2026 22:50;6,84
07/06/2026 22:55;6,85
07/06/2026 23:00;6,85
07/06/2026 23:05;6,85
07/06/2026 23:10;6,85
07/06/2026 23:15;6,86
07/06/2026 23:20;6,86
07/06/2026 23:25;6,86
07/06/2026 23:30;6,87
07/06/2026 23:35;6,87
07/06/2026 23:40;6,87
07/06/2026 23:45;6,87
07/06/2026 23:50;6,87
07/06/2026 23:55;6,87
08/06/2026 00:00;6,87
08/06/2026 00:05;6,88
08/06/2026 00:10;6,87
08/06/2026 00:15;6,87
08/06/2026 00:20;6,87
08/06/2026 00:25;6,87
08/06/2026 00:30;6,88
08/06/2026 00:35;6,88
08/06/2026 00:40;6,88
08/06/2026 00:45;6,88
08/06/2026 00:50;6,88
08/06/2026 00:55;6,89
08/06/2026 01:00;6,88
08/06/2026 01:05;6,88
08/06/2026 01:10;6,88
08/06/2026 01:15;6,89
08/06/2026 01:20;6,89
08/06/2026 01:25;6,89
08/06/2026 01:30;6,89
08/06/2026 01:35;6,89
08/06/2026 01:40;6,89
08/06/2026 01:45;6,89
08/06/2026 01:50;6,88
08/06/2026 01:55;6,88
08/06/2026 02:00;6,87
08/06/2026 02:05;6,87
08/06/2026 02:10;6,87
08/06/2026 02:15;6,86
08/06/2026 02:20;6,86
08/06/2026 02:25;6,86
08/06/2026 02:30;6,86
08/06/2026 02:35;6,86
08/06/2026 02:40;6,85
08/06/2026 02:45;6,86
08/06/2026 02:50;6,85
08/06/2026 02:55;6,85
08/06/2026 03:00;6,84
08/06/2026 03:05;6,84
08/06/2026 03:10;6,84
08/06/2026 03:15;6,83
08/06/2026 03:20;6,83
08/06/2026 03:25;6,83
08/06/2026 03:30;6,83
08/06/2026 03:35;6,83
08/06/2026 03:40;6,82
08/06/2026 03:45;6,82
08/06/2026 03:50;6,82
08/06/2026 03:55;6,82
08/06/2026 04:00;6,81
08/06/2026 04:05;6,81
08/06/2026 04:10;6,81
08/06/2026 04:15;6,81
08/06/2026 04:20;6,8
08/06/2026 04:25;6,81
08/06/2026 04:30;6,8
08/06/2026 04:35;6,8
08/06/2026 04:40;6,8
08/06/2026 04:45;6,8
08/06/2026 04:50;6,8
08/06/2026 04:55;6,8
08/06/2026 05:00;6,8
08/06/2026 05:05;6,8
08/06/2026 05:10;6,8
08/06/2026 05:15;6,81
08/06/2026 05:20;6,81
08/06/2026 05:25;6,81
08/06/2026 05:30;6,81
08/06/2026 05:35;6,81
08/06/2026 05:40;6,81
08/06/2026 05:45;6,81
08/06/2026 05:50;6,82
08/06/2026 05:55;6,82
08/06/2026 06:00;6,82
08/06/2026 06:05;6,82
08/06/2026 06:10;6,82
08/06/2026 06:15;6,83
08/06/2026 06:20;6,83
08/06/2026 06:25;6,83
08/06/2026 06:30;6,83
08/06/2026 06:35;6,84
08/06/2026 06:40;6,84
08/06/2026 06:45;6,83
08/06/2026 06:50;6,84
08/06/2026 06:55;6,84
08/06/2026 07:00;6,84
08/06/2026 07:05;6,85
08/06/2026 07:10;6,84
08/06/2026 07:15;6,85
08/06/2026 07:20;6,84
08/06/2026 07:25;6,85
08/06/2026 07:30;6,85
08/06/2026 07:35;6,85
08/06/2026 07:40;6,85
08/06/2026 07:45;6,85
08/06/2026 07:50;6,85
08/06/2026 07:55;6,85
08/06/2026 08:00;6,84
08/06/2026 08:05;6,85
08/06/2026 08:10;6,85
08/06/2026 08:15;6,85
08/06/2026 08:20;6,85
08/06/2026 08:25;6,85
08/06/2026 08:30;6,86
08/06/2026 08:35;6,86
08/06/2026 08:40;6,86
08/06/2026 08:45;6,86
08/06/2026 08:50;6,86
08/06/2026 08:55;6,86
08/06/2026 09:00;6,87
08/06/2026 09:05;6,86
08/06/2026 09:10;6,86
08/06/2026 09:15;6,86
08/06/2026 09:20;6,86
08/06/2026 09:25;6,86
08/06/2026 09:30;6,87
08/06/2026 09:35;6,86
08/06/2026 09:40;6,86
08/06/2026 09:45;6,87
08/06/2026 09:50;6,87
08/06/2026 09:55;6,87
08/06/2026 10:00;6,86
08/06/2026 10:05;6,87
08/06/2026 10:10;6,86
08/06/2026 10:15;6,86
08/06/2026 10:20;6,87
08/06/2026 10:25;6,86
08/06/2026 10:30;6,87
08/06/2026 10:35;6,87
08/06/2026 10:40;6,87
08/06/2026 10:45;6,87
08/06/2026 10:50;6,87
08/06/2026 10:55;6,87
08/06/2026 11:00;6,87
08/06/2026 11:05;6,87
08/06/2026 11:10;6,87
08/06/2026 11:15;6,87
08/06/2026 11:20;6,86
08/06/2026 11:25;6,87
08/06/2026 11:30;6,86
08/06/2026 11:35;6,86
08/06/2026 11:40;6,87
08/06/2026 11:45;6,87
08/06/2026 11:50;6,87
08/06/2026 11:55;6,86
08/06/2026 12:00;6,87
08/06/2026 12:05;6,87
08/06/2026 12:10;6,87
08/06/2026 12:15;6,87
08/06/2026 12:20;6,87
08/06/2026 12:25;6,87
08/06/2026 12:30;6,87
08/06/2026 12:35;6,87
08/06/2026 12:40;6,87
08/06/2026 12:45;6,87
08/06/2026 12:50;6,87
08/06/2026 12:55;6,86
08/06/2026 13:00;6,86
08/06/2026 13:05;6,86
08/06/2026 13:10;6,86
08/06/2026 13:15;6,86
08/06/2026 13:20;6,86
08/06/2026 13:25;6,86
08/06/2026 13:30;6,86
08/06/2026 13:35;6,86
08/06/2026 13:40;6,86
08/06/2026 13:45;6,86
08/06/2026 13:50;6,85
08/06/2026 13:55;6,85
08/06/2026 14:00;6,86
08/06/2026 14:05;6,86
08/06/2026 14:10;6,85
08/06/2026 14:15;6,85
08/06/2026 14:20;6,86
08/06/2026 14:25;6,86
08/06/2026 14:30;6,86
08/06/2026 14:35;6,85
08/06/2026 14:40;6,85
08/06/2026 14:45;6,85
08/06/2026 14:50;6,85
08/06/2026 14:55;6,85
08/06/2026 15:00;6,85
08/06/2026 15:05;6,85
08/06/2026 15:10;6,85
08/06/2026 15:15;6,85
08/06/2026 15:20;6,85
08/06/2026 15:25;6,85
08/06/2026 15:30;6,85
08/06/2026 15:35;6,85
08/06/2026 15:40;6,85
08/06/2026 15:45;6,85
08/06/2026 15:50;6,86
08/06/2026 15:55;6,85
08/06/2026 16:00;6,86
08/06/2026 16:05;6,86
08/06/2026 16:10;6,86
08/06/2026 16:15;6,86
08/06/2026 16:20;6,86
08/06/2026 16:25;6,87
08/06/2026 16:30;6,87
08/06/2026 16:35;6,88
08/06/2026 16:40;6,88
08/06/2026 16:45;6,89
08/06/2026 16:50;6,89
08/06/2026 16:55;6,9
08/06/2026 17:00;6,92
08/06/2026 17:05;6,93
08/06/2026 17:10;6,93
08/06/2026 17:15;6,95
08/06/2026 17:20;6,96
08/06/2026 17:25;6,98
08/06/2026 17:30;6,99
08/06/2026 17:35;7,0
08/06/2026 17:40;7,02
08/06/2026 17:45;7,03
08/06/2026 17:50;7,04
08/06/2026 17:55;7,05
08/06/2026 18:00;7,06
08/06/2026 18:05;7,07
08/06/2026 18:10;7,08
08/06/2026 18:15;7,08
08/06/2026 18:20;7,08
08/06/2026 18:25;7,07
08/06/2026 18:30;7,07
08/06/2026 18:35;7,05
08/06/2026 18:40;7,03
08/06/2026 18:45;7,01
08/06/2026 18:50;6,99
08/06/2026 18:55;6,96
08/06/2026 19:00;6,93
08/06/2026 19:05;6,89
08/06/2026 19:10;6,87
08/06/2026 19:15;6,83
08/06/2026 19:20;6,8
08/06/2026 19:25;6,76
08/06/2026 19:30;6,73
08/06/2026 19:35;6,69
08/06/2026 19:40;6,66
08/06/2026 19:45;6,63
08/06/2026 19:50;6,61
08/06/2026 19:55;6,59
08/06/2026 20:00;6,57
08/06/2026 20:05;6,55
08/06/2026 20:10;6,54
08/06/2026 20:15;6,52
08/06/2026 20:20;6,51
08/06/2026 20:25;6,5
08/06/2026 20:30;6,49
08/06/2026 20:35;6,49
08/06/2026 20:40;6,48
08/06/2026 20:45;6,48
08/06/2026 20:50;6,48
08/06/2026 20:55;6,48
08/06/2026 21:00;6,47
08/06/2026 21:05;6,47
08/06/2026 21:10;6,47
08/06/2026 21:15;6,48
08/06/2026 21:20;6,47
08/06/2026 21:25;6,47
08/06/2026 21:30;6,48
08/06/2026 21:35;6,48
08/06/2026 21:40;6,48
08/06/2026 21:45;6,48
08/06/2026 21:50;6,49
08/06/2026 21:55;6,49
08/06/2026 22:00;6,5
08/06/2026 22:05;6,5
08/06/2026 22:10;6,5
08/06/2026 22:15;6,5
08/06/2026 22:20;6,51
08/06/2026 22:25;6,51
08/06/2026 22:30;6,51
08/06/2026 22:35;6,52
08/06/2026 22:40;6,52
08/06/2026 22:45;6,52
08/06/2026 22:50;6,53
08/06/2026 22:55;6,53
08/06/2026 23:00;6,53
08/06/2026 23:05;6,53
08/06/2026 23:10;6,53
08/06/2026 23:15;6,53
08/06/2026 23:20;6,53
08/06/2026 23:25;6,53
08/06/2026 23:30;6,54
08/06/2026 23:35;6,54
08/06/2026 23:40;6,54
08/06/2026 23:45;6,54
08/06/2026 23:50;6,54
08/06/2026 23:55;6,55
09/06/2026 00:00;6,55
09/06/2026 00:05;6,55
09/06/2026 00:10;6,55
09/06/2026 00:15;6,56
09/06/2026 00:20;6,56
09/06/2026 00:25;6,56
09/06/2026 00:30;6,56
09/06/2026 00:35;6,56
09/06/2026 00:40;6,56
09/06/2026 00:45;6,56
09/06/2026 00:50;6,56
09/06/2026 00:55;6,56
09/06/2026 01:00;6,56
09/06/2026 01:05;6,56
09/06/2026 01:10;6,57
09/06/2026 01:15;6,57
09/06/2026 01:20;6,57
09/06/2026 01:25;6,57
09/06/2026 01:30;6,57
09/06/2026 01:35;6,57
09/06/2026 01:40;6,57
09/06/2026 01:45;6,57
09/06/2026 01:50;6,58
09/06/2026 01:55;6,58
09/06/2026 02:00;6,58
09/06/2026 02:05;6,58
09/06/2026 02:10;6,58
09/06/2026 02:15;6,58
09/06/2026 02:20;6,58
09/06/2026 02:25;6,59
09/06/2026 02:30;6,59
09/06/2026 02:35;6,59
09/06/2026 02:40;6,59
09/06/2026 02:45;6,59
09/06/2026 02:50;6,59
09/06/2026 02:55;6,59
09/06/2026 03:00;6,6
09/06/2026 03:05;6,6
09/06/2026 03:10;6,6
09/06/2026 03:15;6,6
09/06/2026 03:20;6,6
09/06/2026 03:25;6,61
09/06/2026 03:30;6,61
09/06/2026 03:35;6,61
09/06/2026 03:40;6,61
09/06/2026 03:45;6,61
09/06/2026 03:50;6,61
09/06/2026 03:55;6,61
09/06/2026 04:00;6,61
09/06/2026 04:05;6,62
09/06/2026 04:10;6,62
09/06/2026 04:15;6,62
09/06/2026 04:20;6,62
09/06/2026 04:25;6,62
09/06/2026 04:30;6,63
09/06/2026 04:35;6,63
09/06/2026 04:40;6,63
09/06/2026 04:45;6,63
09/06/2026 04:50;6,63
09/06/2026 04:55;6,63
09/06/2026 05:00;6,63
09/06/2026 05:05;6,63
09/06/2026 05:10;6,64
09/06/2026 05:15;6,64
09/06/2026 05:20;6,63
09/06/2026 05:25;6,64
09/06/2026 05:30;6,64
09/06/2026 05:35;6,64
09/06/2026 05:40;6,64
09/06/2026 05:45;6,64
09/06/2026 05:50;6,64
09/06/2026 05:55;6,65
09/06/2026 06:00;6,65
09/06/2026 06:05;6,65
09/06/2026 06:10;6,64
09/06/2026 06:15;6,65
09/06/2026 06:20;6,65
09/06/2026 06:25;6,65
09/06/2026 06:30;6,65
09/06/2026 06:35;6,65
09/06/2026 06:40;6,65
09/06/2026 06:45;6,65
09/06/2026 06:50;6,65
09/06/2026 06:55;6,65
09/06/2026 07:00;6,65
09/06/2026 07:05;6,65
09/06/2026 07:10;6,66
09/06/2026 07:15;6,66
09/06/2026 07:20;6,66
09/06/2026 07:25;6,66
09/06/2026 07:30;6,66
09/06/2026 07:35;6,66
09/06/2026 07:40;6,66
09/06/2026 07:45;6,67
09/06/2026 07:50;6,67
09/06/2026 07:55;6,67
09/06/2026 08:00;6,67
09/06/2026 08:05;6,68
09/06/2026 08:10;6,67
09/06/2026 08:15;6,68
09/06/2026 08:20;6,68
09/06/2026 08:25;6,68
09/06/2026 08:30;6,68
09/06/2026 08:35;6,68
09/06/2026 08:40;6,69
09/06/2026 08:45;6,69
09/06/2026 08:50;6,69
09/06/2026 08:55;6,69
09/06/2026 09:00;6,69
09/06/2026 09:05;6,7
09/06/2026 09:10;6,7
09/06/2026 09:15;6,69
09/06/2026 09:20;6,7
09/06/2026 09:25;6,7
09/06/2026 09:30;6,7
09/06/2026 09:35;6,7
09/06/2026 09:40;6,7
09/06/2026 09:45;6,7
09/06/2026 09:50;6,7
09/06/2026 09:55;6,7
09/06/2026 10:00;6,71
09/06/2026 10:05;6,71
09/06/2026 10:10;6,71
09/06/2026 10:15;6,71
09/06/2026 10:20;6,71
09/06/2026 10:25;6,71
09/06/2026 10:30;6,71
09/06/2026 10:35;6,71
09/06/2026 10:40;6,71
09/06/2026 10:45;6,71
09/06/2026 10:50;6,71
09/06/2026 10:55;6,71
09/06/2026 11:00;6,71
09/06/2026 11:05;6,7
09/06/2026 11:10;6,71
09/06/2026 11:15;6,71
09/06/2026 11:20;6,71
09/06/2026 11:25;6,71
09/06/2026 11:30;6,71
09/06/2026 11:35;6,71
09/06/2026 11:40;6,7
09/06/2026 11:45;6,7
09/06/2026 11:50;6,71
09/06/2026 11:55;6,7
09/06/2026 12:00;6,71
09/06/2026 12:05;6,71
09/06/2026 12:10;6,7
09/06/2026 12:15;6,7
09/06/2026 12:20;6,7
09/06/2026 12:25;6,7
09/06/2026 12:30;6,7
09/06/2026 12:35;6,7
09/06/2026 12:40;6,7
09/06/2026 12:45;6,7
09/06/2026 12:50;6,7
09/06/2026 12:55;6,7
09/06/2026 13:00;6,7
09/06/2026 13:05;6,7
09/06/2026 13:10;6,71
09/06/2026 13:15;6,7
09/06/2026 13:20;6,7
09/06/2026 13:25;6,7
09/06/2026 13:30;6,71
09/06/2026 13:35;6,71
09/06/2026 13:40;6,71
09/06/2026 13:45;6,71
09/06/2026 13:50;6,71
09/06/2026 13:55;6,71
09/06/2026 14:00;6,71
09/06/2026 14:05;6,71
09/06/2026 14:10;6,71
09/06/2026 14:15;6,71
09/06/2026 14:20;6,71
09/06/2026 14:25;6,71
09/06/2026 14:30;6,71
09/06/2026 14:35;6,71
09/06/2026 14:40;6,72
09/06/2026 14:45;6,73
09/06/2026 14:50;6,72
09/06/2026 14:55;6,73
09/06/2026 15:00;6,73
09/06/2026 15:05;6,73
09/06/2026 15:10;6,73
09/06/2026 15:15;6,73
09/06/2026 15:20;6,73
09/06/2026 15:25;6,74
09/06/2026 15:30;6,74
09/06/2026 15:35;6,73
09/06/2026 15:40;6,73
09/06/2026 15:45;6,73
09/06/2026 15:50;6,73
09/06/2026 15:55;6,73
09/06/2026 16:00;6,73
09/06/2026 16:05;6,74
09/06/2026 16:10;6,74
09/06/2026 16:15;6,74
09/06/2026 16:20;6,74
09/06/2026 16:25;6,74
09/06/2026 16:30;6,75
09/06/2026 16:35;6,75
09/06/2026 16:40;6,76
09/06/2026 16:45;6,76
09/06/2026 16:50;6,76
09/06/2026 16:55;6,76
09/06/2026 17:00;6,76
09/06/2026 17:05;6,76
09/06/2026 17:10;6,77
09/06/2026 17:15;6,77
09/06/2026 17:20;6,77
09/06/2026 17:25;6,77
09/06/2026 17:30;6,78
09/06/2026 17:35;6,78
09/06/2026 17:40;6,78
09/06/2026 17:45;6,79
09/06/2026 17:50;6,79
09/06/2026 17:55;6,8
09/06/2026 18:00;6,8
09/06/2026 18:05;6,81
09/06/2026 18:10;6,81
09/06/2026 18:15;6,82
09/06/2026 18:20;6,83
09/06/2026 18:25;6,83
09/06/2026 18:30;6,84
09/06/2026 18:35;6,85
09/06/2026 18:40;6,85
09/06/2026 18:45;6,86
09/06/2026 18:50;6,86
09/06/2026 18:55;6,87
09/06/2026 19:00;6,87
09/06/2026 19:05;6,88
09/06/2026 19:10;6,89
09/06/2026 19:15;6,89
09/06/2026 19:20;6,9
09/06/2026 19:25;6,9
09/06/2026 19:30;6,91
09/06/2026 19:35;6,91
09/06/2026 19:40;6,92
09/06/2026 19:45;6,91
09/06/2026 19:50;6,92
09/06/2026 19:55;6,92
09/06/2026 20:00;6,93
09/06/2026 20:05;6,93
09/06/2026 20:10;6,94
09/06/2026 20:15;6,94
09/06/2026 20:20;6,94
09/06/2026 20:25;6,94
09/06/2026 20:30;6,95
09/06/2026 20:35;6,95
09/06/2026 20:40;6,95
09/06/2026 20:45;6,95
09/06/2026 20:50;6,95
09/06/2026 20:55;6,95
09/06/2026 21:00;6,96
09/06/2026 21:05;6,96
09/06/2026 21:10;6,96
09/06/2026 21:15;6,96
09/06/2026 21:20;6,96
09/06/2026 21:25;6,96
09/06/2026 21:30;6,97
09/06/2026 21:35;6,96
09/06/2026 21:40;6,96
09/06/2026 21:45;6,96
09/06/2026 21:50;6,96
09/06/2026 21:55;6,96
09/06/2026 22:00;6,96
09/06/2026 22:05;6,96
09/06/2026 22:10;6,96
09/06/2026 22:15;6,96
09/06/2026 22:20;6,96
09/06/2026 22:25;6,96
09/06/2026 22:30;6,95
09/06/2026 22:35;6,95
09/06/2026 22:40;6,95
09/06/2026 22:45;6,94
09/06/2026 22:50;6,95
09/06/2026 22:55;6,94
09/06/2026 23:00;6,94
09/06/2026 23:05;6,94
09/06/2026 23:10;6,93
09/06/2026 23:15;6,94
09/06/2026 23:20;6,93
09/06/2026 23:25;6,93
09/06/2026 23:30;6,93
09/06/2026 23:35;6,93
09/06/2026 23:40;6,92
09/06/2026 23:45;6,92
09/06/2026 23:50;6,92
09/06/2026 23:55;6,92
10/06/2026 00:00;6,92
10/06/2026 00:05;6,92
10/06/2026 00:10;6,91
10/06/2026 00:15;6,91
10/06/2026 00:20;6,91
10/06/2026 00:25;6,9
10/06/2026 00:30;6,9
10/06/2026 00:35;6,9
10/06/2026 00:40;6,89
10/06/2026 00:45;6,89
10/06/2026 00:50;6,89
10/06/2026 00:55;6,89
10/06/2026 01:00;6,88
10/06/2026 01:05;6,88
10/06/2026 01:10;6,88
10/06/2026 01:15;6,88
10/06/2026 01:20;6,87
10/06/2026 01:25;6,87
10/06/2026 01:30;6,87
10/06/2026 01:35;6,87
10/06/2026 01:40;6,86
10/06/2026 01:45;6,86
10/06/2026 01:50;6,86
10/06/2026 01:55;6,85
10/06/2026 02:00;6,85
10/06/2026 02:05;6,85
10/06/2026 02:10;6,85
10/06/2026 02:15;6,84
10/06/2026 02:20;6,84
10/06/2026 02:25;6,84
10/06/2026 02:30;6,84
10/06/2026 02:35;6,83
10/06/2026 02:40;6,82
10/06/2026 02:45;6,82
10/06/2026 02:50;6,82
10/06/2026 02:55;6,82
10/06/2026 03:00;6,82
10/06/2026 03:05;6,81
10/06/2026 03:10;6,81
10/06/2026 03:15;6,8
10/06/2026 03:20;6,8
10/06/2026 03:25;6,8
10/06/2026 03:30;6,79
10/06/2026 03:35;6,79
10/06/2026 03:40;6,79
10/06/2026 03:45;6,79
10/06/2026 03:50;6,78
10/06/2026 03:55;6,78
10/06/2026 04:00;6,77
10/06/2026 04:05;6,77
10/06/2026 04:10;6,77
10/06/2026 04:15;6,77
10/06/2026 04:20;6,76
10/06/2026 04:25;6,76
10/06/2026 04:30;6,76
10/06/2026 04:35;6,75
10/06/2026 04:40;6,74
10/06/2026 04:45;6,74
10/06/2026 04:50;6,74
10/06/2026 04:55;6,74
10/06/2026 05:00;6,73
10/06/2026 05:05;6,73
10/06/2026 05:10;6,73
10/06/2026 05:15;6,72
10/06/2026 05:20;6,72
10/06/2026 05:25;6,71
10/06/2026 05:30;6,71
10/06/2026 05:35;6,71
10/06/2026 05:40;6,7
10/06/2026 05:45;6,7
10/06/2026 05:50;6,7
10/06/2026 05:55;6,69
10/06/2026 06:00;6,69
10/06/2026 06:05;6,68
10/06/2026 06:10;6,69
10/06/2026 06:15;6,68
10/06/2026 06:20;6,68
10/06/2026 06:25;6,68
10/06/2026 06:30;6,68
10/06/2026 06:35;6,68
10/06/2026 06:40;6,67
10/06/2026 06:45;6,67
10/06/2026 06:50;6,67
10/06/2026 06:55;6,67
10/06/2026 07:00;6,67
10/06/2026 07:05;6,67
10/06/2026 07:10;6,67
10/06/2026 07:15;6,68
10/06/2026 07:20;6,67
10/06/2026 07:25;6,67
10/06/2026 07:30;6,68
10/06/2026 07:35;6,68
10/06/2026 07:40;6,68
10/06/2026 07:45;6,68
10/06/2026 07:50;6,68
10/06/2026 07:55;6,68
10/06/2026 08:00;6,68
10/06/2026 08:05;6,69
10/06/2026 08:10;6,7
10/06/2026 08:15;6,7
10/06/2026 08:20;6,71
10/06/2026 08:25;6,71
10/06/2026 08:30;6,72
10/06/2026 08:35;6,72
10/06/2026 08:40;6,73
10/06/2026 08:45;6,73
10/06/2026 08:50;6,74
10/06/2026 08:55;6,74
10/06/2026 09:00;6,75
10/06/2026 09:05;6,75
10/06/2026 09:10;6,75
10/06/2026 09:15;6,75
10/06/2026 09:20;6,76
10/06/2026 09:25;6,76
10/06/2026 09:30;6,76
10/06/2026 09:35;6,77
10/06/2026 09:40;6,77
10/06/2026 09:45;6,78
10/06/2026 09:50;6,78
10/06/2026 09:55;6,78
10/06/2026 10:00;6,79
10/06/2026 10:05;6,79
10/06/2026 10:10;6,79
10/06/2026 10:15;6,8
10/06/2026 10:20;6,8
10/06/2026 10:25;6,8
10/06/2026 10:30;6,81
10/06/2026 10:35;6,82
10/06/2026 10:40;6,82
10/06/2026 10:45;6,81
10/06/2026 10:50;6,82
10/06/2026 10:55;6,82
10/06/2026 11:00;6,82
10/06/2026 11:05;6,83
10/06/2026 11:10;6,83
10/06/2026 11:15;6,83
10/06/2026 11:20;6,83
10/06/2026 11:25;6,83
10/06/2026 11:30;6,84
10/06/2026 11:35;6,84
10/06/2026 11:40;6,84
10/06/2026 11:45;6,84
10/06/2026 11:50;6,85
10/06/2026 11:55;6,84
10/06/2026 12:00;6,85
10/06/2026 12:05;6,85
10/06/2026 12:10;6,85
10/06/2026 12:15;6,85
10/06/2026 12:20;6,85
10/06/2026 12:25;6,85
10/06/2026 12:30;6,86
10/06/2026 12:35;6,86
10/06/2026 12:40;6,86
10/06/2026 12:45;6,86
10/06/2026 12:50;6,86
10/06/2026 12:55;6,87
10/06/2026 13:00;6,86
10/06/2026 13:05;6,87
10/06/2026 13:10;6,87
10/06/2026 13:15;6,87
10/06/2026 13:20;6,88
10/06/2026 13:25;6,88
10/06/2026 13:30;6,88
10/06/2026 13:35;6,88
10/06/2026 13:40;6,88
10/06/2026 13:45;6,88
10/06/2026 13:50;6,89
10/06/2026 13:55;6,89
10/06/2026 14:00;6,89
10/06/2026 14:05;6,89
10/06/2026 14:10;6,89
10/06/2026 14:15;6,89
10/06/2026 14:20;6,89
10/06/2026 14:25;6,89
10/06/2026 14:30;6,89
10/06/2026 14:35;6,89
10/06/2026 14:40;6,89
10/06/2026 14:45;6,89
10/06/2026 14:50;6,89
10/06/2026 14:55;6,88
10/06/2026 15:00;6,89
10/06/2026 15:05;6,88
10/06/2026 15:10;6,88
10/06/2026 15:15;6,88
10/06/2026 15:20;6,89
10/06/2026 15:25;6,88
10/06/2026 15:30;6,88
10/06/2026 15:35;6,88
10/06/2026 15:40;6,89
10/06/2026 15:45;6,88
10/06/2026 15:50;6,88
10/06/2026 15:55;6,88
10/06/2026 16:00;6,88
10/06/2026 16:05;6,87
10/06/2026 16:10;6,87
10/06/2026 16:15;6,87
10/06/2026 16:20;6,87
10/06/2026 16:25;6,87
10/06/2026 16:30;6,87
10/06/2026 16:35;6,87
10/06/2026 16:40;6,86
10/06/2026 16:45;6,86
10/06/2026 16:50;6,85
10/06/2026 16:55;6,85
10/06/2026 17:00;6,85
10/06/2026 17:05;6,85
10/06/2026 17:10;6,85
10/06/2026 17:15;6,84
10/06/2026 17:20;6,84
10/06/2026 17:25;6,84
10/06/2026 17:30;6,85
10/06/2026 17:35;6,84
10/06/2026 17:40;6,85
10/06/2026 17:45;6,85
10/06/2026 17:50;6,85
10/06/2026 17:55;6,85
10/06/2026 18:00;6,85
10/06/2026 18:05;6,85
10/06/2026 18:10;6,85
10/06/2026 18:15;6,86
10/06/2026 18:20;6,86
10/06/2026 18:25;6,86
10/06/2026 18:30;6,86
10/06/2026 18:35;6,87
10/06/2026 18:40;6,87
10/06/2026 18:45;6,87
10/06/2026 18:50;6,88
10/06/2026 18:55;6,88
10/06/2026 19:00;6,88
10/06/2026 19:05;6,88
10/06/2026 19:10;6,89
10/06/2026 19:15;6,89
10/06/2026 19:20;6,89
10/06/2026 19:25;6,9
10/06/2026 19:30;6,89
10/06/2026 19:35;6,9
10/06/2026 19:40;6,9
10/06/2026 19:45;6,91
10/06/2026 19:50;6,92
10/06/2026 19:55;6,92
10/06/2026 20:00;6,92
10/06/2026 20:05;6,93
10/06/2026 20:10;6,93
10/06/2026 20:15;6,93
10/06/2026 20:20;6,93
10/06/2026 20:25;6,94
10/06/2026 20:30;6,94
10/06/2026 20:35;6,95
10/06/2026 20:40;6,95
10/06/2026 20:45;6,95
10/06/2026 20:50;6,95
10/06/2026 20:55;6,95
10/06/2026 21:00;6,95
10/06/2026 21:05;6,95
10/06/2026 21:10;6,96
10/06/2026 21:15;6,95
10/06/2026 21:20;6,96
10/06/2026 21:25;6,96
10/06/2026 21:30;6,97
10/06/2026 21:35;6,96
10/06/2026 21:40;6,96
10/06/2026 21:45;6,97
10/06/2026 21:50;6,97
10/06/2026 21:55;6,98
10/06/2026 22:00;6,98
10/06/2026 22:05;6,98
10/06/2026 22:10;6,98
10/06/2026 22:15;6,99
10/06/2026 22:20;6,99
10/06/2026 22:25;6,99
10/06/2026 22:30;6,99
10/06/2026 22:35;6,98
10/06/2026 22:40;6,98
10/06/2026 22:45;6,99
10/06/2026 22:50;6,99
10/06/2026 22:55;6,98
10/06/2026 23:00;6,98
10/06/2026 23:05;6,98
10/06/2026 23:10;6,98
10/06/2026 23:15;6,98
10/06/2026 23:20;6,97
10/06/2026 23:25;6,98
10/06/2026 23:30;6,97
10/06/2026 23:35;6,97
10/06/2026 23:40;6,96
10/06/2026 23:45;6,96
10/06/2026 23:50;6,96
10/06/2026 23:55;6,95
11/06/2026 00:00;6,95
11/06/2026 00:05;6,94
11/06/2026 00:10;6,94
11/06/2026 00:15;6,94
11/06/2026 00:20;6,94
11/06/2026 00:25;6,93
11/06/2026 00:30;6,93
11/06/2026 00:35;6,92
11/06/2026 00:40;6,92
11/06/2026 00:45;6,92
11/06/2026 00:50;6,91
11/06/2026 00:55;6,92
11/06/2026 01:00;6,92
11/06/2026 01:05;6,91
11/06/2026 01:10;6,9
11/06/2026 01:15;6,9
11/06/2026 01:20;6,9
11/06/2026 01:25;6,9
11/06/2026 01:30;6,9
11/06/2026 01:35;6,9
11/06/2026 01:40;6,9
11/06/2026 01:45;6,89
11/06/2026 01:50;6,89
11/06/2026 01:55;6,88
11/06/2026 02:00;6,88
11/06/2026 02:05;6,87
11/06/2026 02:10;6,87
11/06/2026 02:15;6,87
11/06/2026 02:20;6,86
11/06/2026 02:25;6,86
11/06/2026 02:30;6,86
11/06/2026 02:35;6,86
11/06/2026 02:40;6,85
11/06/2026 02:45;6,85
11/06/2026 02:50;6,85
11/06/2026 02:55;6,84
11/06/2026 03:00;6,84
11/06/2026 03:05;6,83
11/06/2026 03:10;6,83
11/06/2026 03:15;6,83
11/06/2026 03:20;6,82
11/06/2026 03:25;6,82
11/06/2026 03:30;6,81
11/06/2026 03:35;6,8
11/06/2026 03:40;6,8
11/06/2026 03:45;6,8
11/06/2026 03:50;6,79
11/06/2026 03:55;6,79
11/06/2026 04:00;6,78
11/06/2026 04:05;6,79
11/06/2026 04:10;6,78
11/06/2026 04:15;6,77
11/06/2026 04:20;6,77
11/06/2026 04:25;6,76
11/06/2026 04:30;6,76
11/06/2026 04:35;6,76
11/06/2026 04:40;6,76
11/06/2026 04:45;6,75
11/06/2026 04:50;6,75
11/06/2026 04:55;6,75
11/06/2026 05:00;6,75
11/06/2026 05:05;6,75
11/06/2026 05:10;6,75
11/06/2026 05:15;6,76
11/06/2026 05:20;6,75
11/06/2026 05:25;6,75
11/06/2026 05:30;6,75
11/06/2026 05:35;6,74
11/06/2026 05:40;6,73
11/06/2026 05:45;6,73
11/06/2026 05:50;6,72
11/06/2026 05:55;6,71
11/06/2026 06:00;6,7
11/06/2026 06:05;6,69
11/06/2026 06:10;6,67
11/06/2026 06:15;6,66
11/06/2026 06:20;6,64
11/06/2026 06:25;6,62
11/06/2026 06:30;6,6
11/06/2026 06:35;6,59
11/06/2026 06:40;6,57
11/06/2026 06:45;6,55
11/06/2026 06:50;6,53
11/06/2026 06:55;6,51
11/06/2026 07:00;6,5
11/06/2026 07:05;6,48
11/06/2026 07:10;6,47
11/06/2026 07:15;6,46
11/06/2026 07:20;6,44
11/06/2026 07:25;6,43
11/06/2026 07:30;6,42
11/06/2026 07:35;6,41
11/06/2026 07:40;6,48
11/06/2026 07:45;6,45
11/06/2026 07:50;6,41
11/06/2026 07:55;6,38
11/06/2026 08:00;6,37
11/06/2026 08:05;6,36
11/06/2026 08:10;6,36
11/06/2026 08:15;6,35
11/06/2026 08:20;6,35
11/06/2026 08:25;6,35
11/06/2026 08:30;6,35
11/06/2026 08:35;6,34
11/06/2026 08:40;6,34
11/06/2026 08:45;6,34
11/06/2026 08:50;6,34
11/06/2026 08:55;6,34
11/06/2026 09:00;6,34
11/06/2026 09:05;6,34
11/06/2026 09:10;6,34
11/06/2026 09:15;6,34
11/06/2026 09:20;6,34
11/06/2026 09:25;6,35
11/06/2026 09:30;6,35
11/06/2026 09:35;6,35
11/06/2026 09:40;6,36
11/06/2026 09:45;6,36
11/06/2026 09:50;6,36
11/06/2026 09:55;6,37
11/06/2026 10:00;6,37
11/06/2026 10:05;6,38
11/06/2026 10:10;6,38
11/06/2026 10:15;6,38
11/06/2026 10:20;6,39
11/06/2026 10:25;6,39
11/06/2026 10:30;6,4
11/06/2026 10:35;6,4
11/06/2026 10:40;6,4
11/06/2026 10:45;6,41
11/06/2026 10:50;6,41
11/06/2026 10:55;6,41
11/06/2026 11:00;6,42
11/06/2026 11:05;6,43
11/06/2026 11:10;6,43
11/06/2026 11:15;6,44
11/06/2026 11:20;6,44
11/06/2026 11:25;6,45
11/06/2026 11:30;6,46
11/06/2026 11:35;6,46
11/06/2026 11:40;6,46
11/06/2026 11:45;6,47
11/06/2026 11:50;6,47
11/06/2026 11:55;6,47
11/06/2026 12:00;6,48
11/06/2026 12:05;6,48
11/06/2026 12:10;6,48
11/06/2026 12:15;6,48
11/06/2026 12:20;6,48
11/06/2026 12:25;6,49
11/06/2026 12:30;6,49
11/06/2026 12:35;6,49
11/06/2026 12:40;6,5
11/06/2026 12:45;6,5
11/06/2026 12:50;6,5
11/06/2026 12:55;6,5
11/06/2026 13:00;6,5
11/06/2026 13:05;6,5
11/06/2026 13:10;6,5
11/06/2026 13:15;6,5
11/06/2026 13:20;6,5
11/06/2026 13:25;6,51
11/06/2026 13:30;6,52
11/06/2026 13:35;6,52
11/06/2026 13:40;6,52
11/06/2026 13:45;6,52
11/06/2026 13:50;6,52
11/06/2026 13:55;6,52
11/06/2026 14:00;6,52
11/06/2026 14:05;6,52
11/06/2026 14:10;6,52
11/06/2026 14:15;6,52
11/06/2026 14:20;6,52
11/06/2026 14:25;6,53
11/06/2026 14:30;6,52
11/06/2026 14:35;6,52
11/06/2026 14:40;6,53
11/06/2026 14:45;6,53
11/06/2026 14:50;6,52
11/06/2026 14:55;6,52
11/06/2026 15:00;6,53
11/06/2026 15:05;6,52
11/06/2026 15:10;6,52
11/06/2026 15:15;6,52
11/06/2026 15:20;6,53
11/06/2026 15:25;6,52
11/06/2026 15:30;6,52
11/06/2026 15:35;6,52
11/06/2026 15:40;6,52
11/06/2026 15:45;6,51
11/06/2026 15:50;6,51
11/06/2026 15:55;6,51
11/06/2026 16:00;6,51
11/06/2026 16:05;6,5
11/06/2026 16:10;6,5
11/06/2026 16:15;6,5
11/06/2026 16:20;6,5
11/06/2026 16:25;6,51
11/06/2026 16:30;6,51
11/06/2026 16:35;6,51
11/06/2026 16:40;6,5
11/06/2026 16:45;6,51
11/06/2026 16:50;6,51
11/06/2026 16:55;6,51
11/06/2026 17:00;6,51
11/06/2026 17:05;6,5
11/06/2026 17:10;6,5
11/06/2026 17:15;6,5
11/06/2026 17:20;6,5
11/06/2026 17:25;6,5
11/06/2026 17:30;6,5
11/06/2026 17:35;6,5
11/06/2026 17:40;6,5
11/06/2026 17:45;6,5
11/06/2026 17:50;6,49
11/06/2026 17:55;6,49
11/06/2026 18:00;6,49
11/06/2026 18:05;6,5
11/06/2026 18:10;6,49
11/06/2026 18:15;6,5
11/06/2026 18:20;6,5
11/06/2026 18:25;6,5
11/06/2026 18:30;6,5
11/06/2026 18:35;6,5
11/06/2026 18:40;6,49
11/06/2026 18:45;6,5
11/06/2026 18:50;6,5
11/06/2026 18:55;6,5
11/06/2026 19:00;6,5
11/06/2026 19:05;6,5
11/06/2026 19:10;6,5
11/06/2026 19:15;6,5
11/06/2026 19:20;6,5
11/06/2026 19:25;6,51
11/06/2026 19:30;6,51
11/06/2026 19:35;6,51
11/06/2026 19:40;6,52
11/06/2026 19:45;6,52
11/06/2026 19:50;6,52
11/06/2026 19:55;6,52
11/06/2026 20:00;6,52
11/06/2026 20:05;6,52
11/06/2026 20:10;6,53
11/06/2026 20:15;6,53
11/06/2026 20:20;6,53
11/06/2026 20:25;6,54
11/06/2026 20:30;6,54
11/06/2026 20:35;6,55
11/06/2026 20:40;6,55
11/06/2026 20:45;6,55
11/06/2026 20:50;6,55
11/06/2026 20:55;6,56
11/06/2026 21:00;6,56
11/06/2026 21:05;6,57
11/06/2026 21:10;6,57
11/06/2026 21:15;6,57
11/06/2026 21:20;6,57
11/06/2026 21:25;6,58
11/06/2026 21:30;6,58
11/06/2026 21:35;6,59
11/06/2026 21:40;6,59
11/06/2026 21:45;6,59
11/06/2026 21:50;6,6
11/06/2026 21:55;6,6
11/06/2026 22:00;6,6
11/06/2026 22:05;6,61
11/06/2026 22:10;6,61
11/06/2026 22:15;6,62
11/06/2026 22:20;6,62
11/06/2026 22:25;6,63
11/06/2026 22:30;6,63
11/06/2026 22:35;6,64
11/06/2026 22:40;6,64
11/06/2026 22:45;6,65
11/06/2026 22:50;6,65
11/06/2026 22:55;6,66
11/06/2026 23:00;6,66
11/06/2026 23:05;6,66
11/06/2026 23:10;6,67
11/06/2026 23:15;6,67
11/06/2026 23:20;6,67
11/06/2026 23:25;6,68
11/06/2026 23:30;6,68
11/06/2026 23:35;6,68
11/06/2026 23:40;6,69
11/06/2026 23:45;6,7
11/06/2026 23:50;6,69
11/06/2026 23:55;6,7
12/06/2026 00:00;6,7
12/06/2026 00:05;6,71
12/06/2026 00:10;6,71
12/06/2026 00:15;6,71
12/06/2026 00:20;6,71
12/06/2026 00:25;6,72
12/06/2026 00:30;6,71
12/06/2026 00:35;6,72
12/06/2026 00:40;6,72
12/06/2026 00:45;6,71
12/06/2026 00:50;6,71
12/06/2026 00:55;6,71
12/06/2026 01:00;6,71
12/06/2026 01:05;6,71
12/06/2026 01:10;6,71
12/06/2026 01:15;6,71
12/06/2026 01:20;6,7
12/06/2026 01:25;6,7
12/06/2026 01:30;6,7
12/06/2026 01:35;6,69
12/06/2026 01:40;6,69
12/06/2026 01:45;6,68
12/06/2026 01:50;6,67
12/06/2026 01:55;6,67
12/06/2026 02:00;6,65
12/06/2026 02:05;6,65
12/06/2026 02:10;6,63
12/06/2026 02:15;6,62
12/06/2026 02:20;6,61
12/06/2026 02:25;6,61
12/06/2026 02:30;6,59
12/06/2026 02:35;6,58
12/06/2026 02:40;6,57
12/06/2026 02:45;6,56
12/06/2026 02:50;6,55
12/06/2026 02:55;6,54
12/06/2026 03:00;6,53
12/06/2026 03:05;6,52
12/06/2026 03:10;6,5
12/06/2026 03:15;6,49
12/06/2026 03:20;6,48
12/06/2026 03:25;6,48
12/06/2026 03:30;6,47
12/06/2026 03:35;6,46
12/06/2026 03:40;6,45
12/06/2026 03:45;6,44
12/06/2026 03:50;6,44
12/06/2026 03:55;6,43
12/06/2026 04:00;6,42
12/06/2026 04:05;6,41
12/06/2026 04:10;6,41
12/06/2026 04:15;6,41
12/06/2026 04:20;6,4
12/06/2026 04:25;6,39
12/06/2026 04:30;6,39
12/06/2026 04:35;6,39
12/06/2026 04:40;6,38
12/06/2026 04:45;6,37
12/06/2026 04:50;6,36
12/06/2026 04:55;6,37
12/06/2026 05:00;6,36
12/06/2026 05:05;6,35
12/06/2026 05:10;6,35
12/06/2026 05:15;6,35
12/06/2026 05:20;6,34
12/06/2026 05:25;6,34
12/06/2026 05:30;6,34
12/06/2026 05:35;6,33
12/06/2026 05:40;6,33
12/06/2026 05:45;6,33
12/06/2026 05:50;6,33
12/06/2026 05:55;6,32
12/06/2026 06:00;6,32
12/06/2026 06:05;6,32
12/06/2026 06:10;6,31
12/06/2026 06:15;6,31
12/06/2026 06:20;6,31
12/06/2026 06:25;6,31
12/06/2026 06:30;6,31
12/06/2026 06:35;6,3
12/06/2026 06:40;6,3
12/06/2026 06:45;6,3
12/06/2026 06:50;6,29
12/06/2026 06:55;6,3
12/06/2026 07:00;6,29
12/06/2026 07:05;6,29
12/06/2026 07:10;6,28
12/06/2026 07:15;6,29
12/06/2026 07:20;6,28
12/06/2026 07:25;6,28
12/06/2026 07:30;6,28
12/06/2026 07:35;6,29
12/06/2026 07:40;6,29
12/06/2026 07:45;6,28
12/06/2026 07:50;6,28
12/06/2026 07:55;6,28
12/06/2026 08:00;6,28
12/06/2026 08:05;6,27
12/06/2026 08:10;6,27
12/06/2026 08:15;6,27
12/06/2026 08:20;6,27
12/06/2026 08:25;6,27
12/06/2026 08:30;6,27
12/06/2026 08:35;6,27
12/06/2026 08:40;6,27
12/06/2026 08:45;6,27
12/06/2026 08:50;6,26
12/06/2026 08:55;6,26
12/06/2026 09:00;6,26
12/06/2026 09:05;6,26
12/06/2026 09:10;6,25
12/06/2026 09:15;6,25
12/06/2026 09:20;6,24
12/06/2026 09:25;6,24
12/06/2026 09:30;6,24
12/06/2026 09:35;6,23
12/06/2026 09:40;6,23
12/06/2026 09:45;6,23
12/06/2026 09:50;6,24
12/06/2026 09:55;6,25
12/06/2026 10:00;6,25
12/06/2026 10:05;6,26
12/06/2026 10:10;6,26
12/06/2026 10:15;6,27
12/06/2026 10:20;6,27
12/06/2026 10:25;6,27
12/06/2026 10:30;6,27
12/06/2026 10:35;6,27
12/06/2026 10:40;6,26
12/06/2026 10:45;6,26
12/06/2026 10:50;6,26
12/06/2026 10:55;6,26
12/06/2026 11:00;6,27
12/06/2026 11:05;6,26
12/06/2026 11:10;6,27
12/06/2026 11:15;6,26
12/06/2026 11:20;6,26
12/06/2026 11:25;6,26
12/06/2026 11:30;6,26
12/06/2026 11:35;6,26
12/06/2026 11:40;6,26
12/06/2026 11:45;6,27
12/06/2026 11:50;6,26
12/06/2026 11:55;6,27
12/06/2026 12:00;6,27
12/06/2026 12:05;6,27
12/06/2026 12:10;6,27
12/06/2026 12:15;6,27
12/06/2026 12:20;6,27
12/06/2026 12:25;6,26
12/06/2026 12:30;6,26
12/06/2026 12:35;6,25
12/06/2026 12:40;6,25
12/06/2026 12:45;6,25
12/06/2026 12:50;6,25
12/06/2026 12:55;6,25
12/06/2026 13:00;6,25
12/06/2026 13:05;6,25
12/06/2026 13:10;6,25
12/06/2026 13:15;6,25
12/06/2026 13:20;6,25
12/06/2026 13:25;6,26
12/06/2026 13:30;6,25
12/06/2026 13:35;6,26
12/06/2026 13:40;6,26
12/06/2026 13:45;6,26
12/06/2026 13:50;6,26
12/06/2026 13:55;6,26
12/06/2026 14:00;6,27
12/06/2026 14:05;6,27
12/06/2026 14:10;6,28
12/06/2026 14:15;6,28
12/06/2026 14:20;6,28
12/06/2026 14:25;6,28
12/06/2026 14:30;6,28
12/06/2026 14:35;6,28
12/06/2026 14:40;6,29
12/06/2026 14:45;6,29
12/06/2026 14:50;6,3
12/06/2026 14:55;6,3
12/06/2026 15:00;6,3
12/06/2026 15:05;6,3
12/06/2026 15:10;6,3
12/06/2026 15:15;6,31
12/06/2026 15:20;6,31
12/06/2026 15:25;6,31
12/06/2026 15:30;6,32
12/06/2026 15:35;6,31
12/06/2026 15:40;6,32
12/06/2026 15:45;6,32
12/06/2026 15:50;6,32
12/06/2026 15:55;6,33
12/06/2026 16:00;6,33
12/06/2026 16:05;6,33
12/06/2026 16:10;6,34
12/06/2026 16:15;6,34
12/06/2026 16:20;6,34
12/06/2026 16:25;6,34
12/06/2026 16:30;6,35
12/06/2026 16:35;6,35
12/06/2026 16:40;6,35
12/06/2026 16:45;6,36
12/06/2026 16:50;6,36
12/06/2026 16:55;6,36
12/06/2026 17:00;6,37
12/06/2026 17:05;6,37
12/06/2026 17:10;6,37
12/06/2026 17:15;6,38
12/06/2026 17:20;6,38
12/06/2026 17:25;6,39
12/06/2026 17:30;6,4
12/06/2026 17:35;6,4
12/06/2026 17:40;6,41
12/06/2026 17:45;6,41
12/06/2026 17:50;6,41
12/06/2026 17:55;6,42
12/06/2026 18:00;6,42
12/06/2026 18:05;6,43
12/06/2026 18:10;6,44
12/06/2026 18:15;6,45
12/06/2026 18:20;6,45
12/06/2026 18:25;6,46
12/06/2026 18:30;6,47
12/06/2026 18:35;6,48
12/06/2026 18:40;6,49
12/06/2026 18:45;6,5
12/06/2026 18:50;6,51
12/06/2026 18:55;6,52
12/06/2026 19:00;6,53
12/06/2026 19:05;6,54
12/06/2026 19:10;6,55
12/06/2026 19:15;6,55
12/06/2026 19:20;6,56
12/06/2026 19:25;6,57
12/06/2026 19:30;6,58
12/06/2026 19:35;6,59
12/06/2026 19:40;6,59
12/06/2026 19:45;6,61
12/06/2026 19:50;6,61
12/06/2026 19:55;6,62
12/06/2026 20:00;6,63
12/06/2026 20:05;6,64
12/06/2026 20:10;6,65
12/06/2026 20:15;6,66
12/06/2026 20:20;6,67
12/06/2026 20:25;6,68
12/06/2026 20:30;6,68
12/06/2026 20:35;6,69
12/06/2026 20:40;6,7
12/06/2026 20:45;6,71
12/06/2026 20:50;6,72
12/06/2026 20:55;6,72
12/06/2026 21:00;6,73
12/06/2026 21:05;6,73
12/06/2026 21:10;6,74
12/06/2026 21:15;6,74
12/06/2026 21:20;6,75
12/06/2026 21:25;6,74
12/06/2026 21:30;6,75
12/06/2026 21:35;6,75
12/06/2026 21:40;6,75
12/06/2026 21:45;6,76
12/06/2026 21:50;6,76
12/06/2026 21:55;6,76
12/06/2026 22:00;6,75
12/06/2026 22:05;6,75
12/06/2026 22:10;6,75
12/06/2026 22:15;6,75
12/06/2026 22:20;6,75
12/06/2026 22:25;6,75
12/06/2026 22:30;6,75
12/06/2026 22:35;6,74
12/06/2026 22:40;6,74
12/06/2026 22:45;6,73
12/06/2026 22:50;6,74
12/06/2026 22:55;6,73
12/06/2026 23:00;6,73
12/06/2026 23:05;6,72
12/06/2026 23:10;6,72
12/06/2026 23:15;6,72
12/06/2026 23:20;6,72
12/06/2026 23:25;6,71
12/06/2026 23:30;6,71
12/06/2026 23:35;6,7
12/06/2026 23:40;6,71
12/06/2026 23:45;6,71
12/06/2026 23:50;6,7
12/06/2026 23:55;6,7
13/06/2026 00:00;6,7
13/06/2026 00:05;6,7
13/06/2026 00:10;6,7
13/06/2026 00:15;6,69
13/06/2026 00:20;6,69
13/06/2026 00:25;6,69
13/06/2026 00:30;6,69
13/06/2026 00:35;6,69
13/06/2026 00:40;6,69
13/06/2026 00:45;6,68
13/06/2026 00:50;6,68
13/06/2026 00:55;6,68
13/06/2026 01:00;6,68
13/06/2026 01:05;6,68
13/06/2026 01:10;6,68
13/06/2026 01:15;6,68
13/06/2026 01:20;6,67
13/06/2026 01:25;6,68
13/06/2026 01:30;6,67
13/06/2026 01:35;6,67
13/06/2026 01:40;6,67
13/06/2026 01:45;6,66
13/06/2026 01:50;6,66
13/06/2026 01:55;6,66
13/06/2026 02:00;6,66
13/06/2026 02:05;6,66
13/06/2026 02:10;6,65
13/06/2026 02:15;6,65
13/06/2026 02:20;6,65
13/06/2026 02:25;6,65
13/06/2026 02:30;6,65
13/06/2026 02:35;6,64
13/06/2026 02:40;6,64
13/06/2026 02:45;6,64
13/06/2026 02:50;6,63
13/06/2026 02:55;6,63
13/06/2026 03:00;6,63
13/06/2026 03:05;6,62
13/06/2026 03:10;6,62
13/06/2026 03:15;6,62
13/06/2026 03:20;6,62
13/06/2026 03:25;6,61
13/06/2026 03:30;6,61
13/06/2026 03:35;6,6
13/06/2026 03:40;6,6
13/06/2026 03:45;6,6
13/06/2026 03:50;6,6
13/06/2026 03:55;6,59
13/06/2026 04:00;6,58
13/06/2026 04:05;6,58
13/06/2026 04:10;6,58
13/06/2026 04:15;6,58
13/06/2026 04:20;6,57
13/06/2026 04:25;6,57
13/06/2026 04:30;6,56
13/06/2026 04:35;6,56
13/06/2026 04:40;6,56
13/06/2026 04:45;6,55
13/06/2026 04:50;6,55
13/06/2026 04:55;6,54
13/06/2026 05:00;6,55
13/06/2026 05:05;6,54
13/06/2026 05:10;6,54
13/06/2026 05:15;6,54
13/06/2026 05:20;6,53
13/06/2026 05:25;6,53
13/06/2026 05:30;6,53
13/06/2026 05:35;6,52
13/06/2026 05:40;6,52
13/06/2026 05:45;6,52
13/06/2026 05:50;6,51
13/06/2026 05:55;6,51
13/06/2026 06:00;6,51
13/06/2026 06:05;6,5
13/06/2026 06:10;6,51
13/06/2026 06:15;6,5
13/06/2026 06:20;6,52
13/06/2026 06:25;6,52
13/06/2026 06:30;6,52
13/06/2026 06:35;6,51
13/06/2026 06:40;6,51
13/06/2026 06:45;6,5
13/06/2026 06:50;6,5
13/06/2026 06:55;6,5
13/06/2026 07:00;6,5
13/06/2026 07:05;6,49
13/06/2026 07:10;6,5
13/06/2026 07:15;6,49
13/06/2026 07:20;6,49
13/06/2026 07:25;6,49
13/06/2026 07:30;6,48
13/06/2026 07:35;6,49
13/06/2026 07:40;6,49
13/06/2026 07:45;6,49
13/06/2026 07:50;6,49
13/06/2026 07:55;6,48
13/06/2026 08:00;6,48
13/06/2026 08:05;6,48
13/06/2026 08:10;6,48
13/06/2026 08:15;6,48
13/06/2026 08:20;6,48
13/06/2026 08:25;6,47
13/06/2026 08:30;6,47
13/06/2026 08:35;6,47
13/06/2026 08:40;6,47
13/06/2026 08:45;6,47
13/06/2026 08:50;6,47
13/06/2026 08:55;6,46
13/06/2026 09:00;6,46
13/06/2026 09:05;6,46
13/06/2026 09:10;6,46
13/06/2026 09:15;6,46
13/06/2026 09:20;6,46
13/06/2026 09:25;6,46
13/06/2026 09:30;6,46
13/06/2026 09:35;6,45
13/06/2026 09:40;6,46
13/06/2026 09:45;6,46
13/06/2026 09:50;6,46
13/06/2026 09:55;6,46
13/06/2026 10:00;6,47
13/06/2026 10:05;6,48
13/06/2026 10:10;6,48
13/06/2026 10:15;6,48
13/06/2026 10:20;6,49
13/06/2026 10:25;6,49
13/06/2026 10:30;6,5
13/06/2026 10:35;6,5
13/06/2026 10:40;6,51
13/06/2026 10:45;6,52
13/06/2026 10:50;6,52
13/06/2026 10:55;6,52
13/06/2026 11:00;6,53
13/06/2026 11:05;6,53
13/06/2026 11:10;6,54
13/06/2026 11:15;6,54
13/06/2026 11:20;6,55
13/06/2026 11:25;6,54
13/06/2026 11:30;6,55
13/06/2026 11:35;6,55
13/06/2026 11:40;6,56
13/06/2026 11:45;6,56
13/06/2026 11:50;6,56
13/06/2026 11:55;6,57
13/06/2026 12:00;6,58
13/06/2026 12:05;6,58
13/06/2026 12:10;6,58
13/06/2026 12:15;6,59
13/06/2026 12:20;6,59
13/06/2026 12:25;6,59
13/06/2026 12:30;6,58
13/06/2026 12:35;6,58
13/06/2026 12:40;6,59
13/06/2026 12:45;6,59
13/06/2026 12:50;6,59
13/06/2026 12:55;6,58
13/06/2026 13:00;6,58
13/06/2026 13:05;6,56
13/06/2026 13:10;6,56
13/06/2026 13:15;6,55
13/06/2026 13:20;6,54
13/06/2026 13:25;6,53
13/06/2026 13:30;6,52
13/06/2026 13:35;6,5
13/06/2026 13:40;6,49
13/06/2026 13:45;6,47
13/06/2026 13:50;6,45
13/06/2026 13:55;6,43
13/06/2026 14:00;6,42
13/06/2026 14:05;6,4
13/06/2026 14:10;6,37
13/06/2026 14:15;6,36
13/06/2026 14:20;6,35
13/06/2026 14:25;6,33
13/06/2026 14:30;6,32
13/06/2026 14:35;6,3
13/06/2026 14:40;6,29
13/06/2026 14:45;6,28
13/06/2026 14:50;6,26
13/06/2026 14:55;6,25
13/06/2026 15:00;6,24
13/06/2026 15:05;6,23
13/06/2026 15:10;6,22
13/06/2026 15:15;6,21
13/06/2026 15:20;6,2
13/06/2026 15:25;6,2
13/06/2026 15:30;6,19
13/06/2026 15:35;6,19
13/06/2026 15:40;6,18
13/06/2026 15:45;6,18
13/06/2026 15:50;6,18
13/06/2026 15:55;6,17
13/06/2026 16:00;6,17
13/06/2026 16:05;6,17
13/06/2026 16:10;6,17
13/06/2026 16:15;6,16
13/06/2026 16:20;6,16
13/06/2026 16:25;6,16
13/06/2026 16:30;6,15
13/06/2026 16:35;6,15
13/06/2026 16:40;6,16
13/06/2026 16:45;6,15
13/06/2026 16:50;6,15
13/06/2026 16:55;6,15
13/06/2026 17:00;6,15
13/06/2026 17:05;6,15
13/06/2026 17:10;6,15
13/06/2026 17:15;6,15
13/06/2026 17:20;6,15
13/06/2026 17:25;6,16
13/06/2026 17:30;6,16
13/06/2026 17:35;6,16
13/06/2026 17:40;6,17
13/06/2026 17:45;6,16
13/06/2026 17:50;6,16
13/06/2026 17:55;6,17
13/06/2026 18:00;6,17
13/06/2026 18:05;6,17
13/06/2026 18:10;6,18
13/06/2026 18:15;6,18
13/06/2026 18:20;6,19
13/06/2026 18:25;6,19
13/06/2026 18:30;6,19
13/06/2026 18:35;6,2
13/06/2026 18:40;6,2
13/06/2026 18:45;6,2
13/06/2026 18:50;6,2
13/06/2026 18:55;6,2
13/06/2026 19:00;6,21
13/06/2026 19:05;6,21
13/06/2026 19:10;6,22
13/06/2026 19:15;6,23
13/06/2026 19:20;6,23
13/06/2026 19:25;6,24
13/06/2026 19:30;6,24
13/06/2026 19:35;6,25
13/06/2026 19:40;6,25
13/06/2026 19:45;6,26
13/06/2026 19:50;6,26
13/06/2026 19:55;6,27
13/06/2026 20:00;6,28
13/06/2026 20:05;6,29
13/06/2026 20:10;6,3
13/06/2026 20:15;6,31
13/06/2026 20:20;6,32
13/06/2026 20:25;6,33
13/06/2026 20:30;6,33
13/06/2026 20:35;6,35
13/06/2026 20:40;6,35
13/06/2026 20:45;6,36
13/06/2026 20:50;6,37
13/06/2026 20:55;6,38
13/06/2026 21:00;6,39
13/06/2026 21:05;6,4
13/06/2026 21:10;6,41
13/06/2026 21:15;6,4
13/06/2026 21:20;6,41
13/06/2026 21:25;6,42
13/06/2026 21:30;6,43
13/06/2026 21:35;6,43
13/06/2026 21:40;6,44
13/06/2026 21:45;6,45
13/06/2026 21:50;6,46
13/06/2026 21:55;6,46
13/06/2026 22:00;6,47
13/06/2026 22:05;6,48
13/06/2026 22:10;6,49
13/06/2026 22:15;6,49
13/06/2026 22:20;6,51
13/06/2026 22:25;6,52
13/06/2026 22:30;6,52
13/06/2026 22:35;6,53
13/06/2026 22:40;6,54
13/06/2026 22:45;6,54
13/06/2026 22:50;6,56
13/06/2026 22:55;6,56
13/06/2026 23:00;6,57
13/06/2026 23:05;6,57
13/06/2026 23:10;6,58
13/06/2026 23:15;6,58
13/06/2026 23:20;6,59
13/06/2026 23:25;6,6
13/06/2026 23:30;6,6
13/06/2026 23:35;6,61
13/06/2026 23:40;6,61
13/06/2026 23:45;6,62
13/06/2026 23:50;6,62
13/06/2026 23:55;6,63
14/06/2026 00:00;6,63
14/06/2026 00:05;6,64
14/06/2026 00:10;6,64
14/06/2026 00:15;6,64
14/06/2026 00:20;6,65
14/06/2026 00:25;6,65
14/06/2026 00:30;6,66
14/06/2026 00:35;6,66
14/06/2026 00:40;6,67
14/06/2026 00:45;6,67
14/06/2026 00:50;6,67
14/06/2026 00:55;6,68
14/06/2026 01:00;6,67
14/06/2026 01:05;6,67
14/06/2026 01:10;6,67
14/06/2026 01:15;6,67
14/06/2026 01:20;6,68
14/06/2026 01:25;6,68
14/06/2026 01:30;6,68
14/06/2026 01:35;6,68
14/06/2026 01:40;6,68
14/06/2026 01:45;6,68
14/06/2026 01:50;6,67
14/06/2026 01:55;6,67
14/06/2026 02:00;6,67
14/06/2026 02:05;6,67
14/06/2026 02:10;6,67
14/06/2026 02:15;6,66
14/06/2026 02:20;6,66
14/06/2026 02:25;6,66
14/06/2026 02:30;6,65
14/06/2026 02:35;6,65
14/06/2026 02:40;6,65
14/06/2026 02:45;6,64
14/06/2026 02:50;6,63
14/06/2026 02:55;6,63
14/06/2026 03:00;6,62
14/06/2026 03:05;6,62
14/06/2026 03:10;6,61
14/06/2026 03:15;6,61
14/06/2026 03:20;6,6
14/06/2026 03:25;6,6
14/06/2026 03:30;6,59
14/06/2026 03:35;6,58
14/06/2026 03:40;6,57
14/06/2026 03:45;6,57
14/06/2026 03:50;6,56
14/06/2026 03:55;6,56
14/06/2026 04:00;6,55
14/06/2026 04:05;6,54
14/06/2026 04:10;6,53
14/06/2026 04:15;6,53
14/06/2026 04:20;6,52
14/06/2026 04:25;6,51
14/06/2026 04:30;6,51
14/06/2026 04:35;6,5
14/06/2026 04:40;6,49
14/06/2026 04:45;6,49
14/06/2026 04:50;6,48
14/06/2026 04:55;6,48
14/06/2026 05:00;6,47
14/06/2026 05:05;6,46
14/06/2026 05:10;6,46
14/06/2026 05:15;6,45
14/06/2026 05:20;6,45
14/06/2026 05:25;6,45
14/06/2026 05:30;6,43
14/06/2026 05:35;6,43
14/06/2026 05:40;6,43
14/06/2026 05:45;6,42
14/06/2026 05:50;6,42
14/06/2026 05:55;6,4
14/06/2026 06:00;6,4
14/06/2026 06:05;6,39
14/06/2026 06:10;6,39
14/06/2026 06:15;6,39
14/06/2026 06:20;6,39
14/06/2026 06:25;6,39
14/06/2026 06:30;6,39
14/06/2026 06:35;6,39
14/06/2026 06:40;6,38
14/06/2026 06:45;6,37
14/06/2026 06:50;6,37
14/06/2026 06:55;6,36
14/06/2026 07:00;6,36
14/06/2026 07:05;6,36
14/06/2026 07:10;6,37
14/06/2026 07:15;6,37
14/06/2026 07:20;6,36
14/06/2026 07:25;6,36
14/06/2026 07:30;6,36
14/06/2026 07:35;6,36
14/06/2026 07:40;6,37
14/06/2026 07:45;6,37
14/06/2026 07:50;6,36
14/06/2026 07:55;6,37
14/06/2026 08:00;6,37
14/06/2026 08:05;6,37
14/06/2026 08:10;6,37
14/06/2026 08:15;6,37
14/06/2026 08:20;6,37
14/06/2026 08:25;6,37
14/06/2026 08:30;6,37
14/06/2026 08:35;6,37
14/06/2026 08:40;6,37
14/06/2026 08:45;6,37
14/06/2026 08:50;6,36
14/06/2026 08:55;6,37
14/06/2026 09:00;6,37
14/06/2026 09:05;6,37
14/06/2026 09:10;6,37
14/06/2026 09:15;6,36
14/06/2026 09:20;6,37
14/06/2026 09:25;6,37
14/06/2026 09:30;6,37
14/06/2026 09:35;6,37
14/06/2026 09:40;6,37
14/06/2026 09:45;6,37
14/06/2026 09:50;6,36
14/06/2026 09:55;6,37
14/06/2026 10:00;6,37
14/06/2026 10:05;6,36
14/06/2026 10:10;6,37
14/06/2026 10:15;6,38
14/06/2026 10:20;6,37
14/06/2026 10:25;6,36
14/06/2026 10:30;6,37
14/06/2026 10:35;6,36
14/06/2026 10:40;6,35
14/06/2026 10:45;6,35
14/06/2026 10:50;6,35
14/06/2026 10:55;6,35
14/06/2026 11:00;6,35
14/06/2026 11:05;6,35
14/06/2026 11:10;6,35
14/06/2026 11:15;6,34
14/06/2026 11:20;6,34
14/06/2026 11:25;6,34
14/06/2026 11:30;6,34
14/06/2026 11:35;6,33
14/06/2026 11:40;6,34
14/06/2026 11:45;6,34
14/06/2026 11:50;6,33
14/06/2026 11:55;6,33
14/06/2026 12:00;6,33
14/06/2026 12:05;6,33
14/06/2026 12:10;6,32
14/06/2026 12:15;6,32
14/06/2026 12:20;6,32
14/06/2026 12:25;6,32
14/06/2026 12:30;6,32
14/06/2026 12:35;6,31
14/06/2026 12:40;6,32
14/06/2026 12:45;6,31
14/06/2026 12:50;6,31
14/06/2026 12:55;6,31
14/06/2026 13:00;6,31
14/06/2026 13:05;6,31
14/06/2026 13:10;6,3
14/06/2026 13:15;6,3
14/06/2026 13:20;6,29
14/06/2026 13:25;6,29
14/06/2026 13:30;6,29
14/06/2026 13:35;6,29
14/06/2026 13:40;6,29
14/06/2026 13:45;6,28
14/06/2026 13:50;6,28
14/06/2026 13:55;6,28
14/06/2026 14:00;6,28
14/06/2026 14:05;6,27
14/06/2026 14:10;6,26
14/06/2026 14:15;6,26
14/06/2026 14:20;6,25
14/06/2026 14:25;6,24
14/06/2026 14:30;6,24
14/06/2026 14:35;6,23
14/06/2026 14:40;6,23
14/06/2026 14:45;6,22
14/06/2026 14:50;6,22
14/06/2026 14:55;6,22
14/06/2026 15:00;6,22
14/06/2026 15:05;6,22
14/06/2026 15:10;6,22
14/06/2026 15:15;6,22
14/06/2026 15:20;6,22
14/06/2026 15:25;6,22
14/06/2026 15:30;6,22
14/06/2026 15:35;6,23
14/06/2026 15:40;6,23
14/06/2026 15:45;6,23
14/06/2026 15:50;6,23
14/06/2026 15:55;6,23
14/06/2026 16:00;6,23
14/06/2026 16:05;6,23
14/06/2026 16:10;6,24
14/06/2026 16:15;6,24
14/06/2026 16:20;6,23
14/06/2026 16:25;6,23
14/06/2026 16:30;6,23
14/06/2026 16:35;6,24
14/06/2026 16:40;6,24
14/06/2026 16:45;6,24
14/06/2026 16:50;6,24
14/06/2026 16:55;6,25
14/06/2026 17:00;6,25
14/06/2026 17:05;6,26
14/06/2026 17:10;6,26
14/06/2026 17:15;6,26
14/06/2026 17:20;6,27
14/06/2026 17:25;6,27
14/06/2026 17:30;6,28
14/06/2026 17:35;6,29
14/06/2026 17:40;6,29
14/06/2026 17:45;6,29
14/06/2026 17:50;6,3
14/06/2026 17:55;6,31
14/06/2026 18:00;6,31
14/06/2026 18:05;6,33
14/06/2026 18:10;6,33
14/06/2026 18:15;6,34
14/06/2026 18:20;6,35
14/06/2026 18:25;6,35
14/06/2026 18:30;6,36
14/06/2026 18:35;6,37
14/06/2026 18:40;6,38
14/06/2026 18:45;6,38
14/06/2026 18:50;6,39
14/06/2026 18:55;6,4
14/06/2026 19:00;6,41
14/06/2026 19:05;6,42
14/06/2026 19:10;6,43
14/06/2026 19:15;6,43
14/06/2026 19:20;6,44
14/06/2026 19:25;6,45
14/06/2026 19:30;6,46
14/06/2026 19:35;6,46
14/06/2026 19:40;6,47
14/06/2026 19:45;6,47
14/06/2026 19:50;6,47
14/06/2026 19:55;6,47
14/06/2026 20:00;6,47
14/06/2026 20:05;6,49
14/06/2026 20:10;6,5
14/06/2026 20:15;6,5
14/06/2026 20:20;6,52
14/06/2026 20:25;6,52
14/06/2026 20:30;6,53
14/06/2026 20:35;6,54
14/06/2026 20:40;6,54
14/06/2026 20:45;6,54
14/06/2026 20:50;6,55
14/06/2026 20:55;6,56
14/06/2026 21:00;6,56
14/06/2026 21:05;6,56
14/06/2026 21:10;6,57
14/06/2026 21:15;6,57
14/06/2026 21:20;6,57
14/06/2026 21:25;6,58
14/06/2026 21:30;6,58
14/06/2026 21:35;6,58
14/06/2026 21:40;6,59
14/06/2026 21:45;6,59
14/06/2026 21:50;6,59
14/06/2026 21:55;6,59
14/06/2026 22:00;6,59
14/06/2026 22:05;6,6
14/06/2026 22:10;6,6
14/06/2026 22:15;6,6
14/06/2026 22:20;6,6
14/06/2026 22:25;6,6
14/06/2026 22:30;6,6
14/06/2026 22:35;6,6
14/06/2026 22:40;6,6
14/06/2026 22:45;6,6
14/06/2026 22:50;6,6
14/06/2026 22:55;6,6
14/06/2026 23:00;6,6
14/06/2026 23:05;6,6
14/06/2026 23:10;6,59
14/06/2026 23:15;6,59
14/06/2026 23:20;6,58
14/06/2026 23:25;6,58
14/06/2026 23:30;6,57
14/06/2026 23:35;6,57
14/06/2026 23:40;6,56
14/06/2026 23:45;6,57
14/06/2026 23:50;6,56
14/06/2026 23:55;6,55
15/06/2026 00:00;6,55
15/06/2026 00:05;6,55
15/06/2026 00:10;6,54
15/06/2026 00:15;6,54
15/06/2026 00:20;6,53
15/06/2026 00:25;6,52
15/06/2026 00:30;6,52
15/06/2026 00:35;6,51
15/06/2026 00:40;6,51
15/06/2026 00:45;6,51
15/06/2026 00:50;6,49
15/06/2026 00:55;6,49
15/06/2026 01:00;6,48
15/06/2026 01:05;6,48
15/06/2026 01:10;6,47
15/06/2026 01:15;6,47
15/06/2026 01:20;6,45
15/06/2026 01:25;6,45
15/06/2026 01:30;6,44
15/06/2026 01:35;6,43
15/06/2026 01:40;6,42
15/06/2026 01:45;6,42
15/06/2026 01:50;6,41
15/06/2026 01:55;6,4
15/06/2026 02:00;6,39
15/06/2026 02:05;6,39
15/06/2026 02:10;6,38
15/06/2026 02:15;6,37
15/06/2026 02:20;6,37
15/06/2026 02:25;6,36
15/06/2026 02:30;6,35
15/06/2026 02:35;6,34
15/06/2026 02:40;6,33
15/06/2026 02:45;6,33
15/06/2026 02:50;6,32
15/06/2026 02:55;6,31
15/06/2026 03:00;6,3
15/06/2026 03:05;6,29
15/06/2026 03:10;6,28
15/06/2026 03:15;6,28
15/06/2026 03:20;6,27
15/06/2026 03:25;6,27
15/06/2026 03:30;6,26
15/06/2026 03:35;6,25
15/06/2026 03:40;6,24
15/06/2026 03:45;6,24
15/06/2026 03:50;6,23
15/06/2026 03:55;6,23
15/06/2026 04:00;6,23
15/06/2026 04:05;6,22
15/06/2026 04:10;6,22
15/06/2026 04:15;6,21
15/06/2026 04:20;6,2
15/06/2026 04:25;6,2
15/06/2026 04:30;6,19
15/06/2026 04:35;6,19
15/06/2026 04:40;6,19
15/06/2026 04:45;6,19
15/06/2026 04:50;6,21
15/06/2026 04:55;6,22
15/06/2026 05:00;6,23
15/06/2026 05:05;6,23
15/06/2026 05:10;6,24
15/06/2026 05:15;6,25
15/06/2026 05:20;6,26
15/06/2026 05:25;6,26
15/06/2026 05:30;6,25
15/06/2026 05:35;6,25
15/06/2026 05:40;6,24
15/06/2026 05:45;6,23
15/06/2026 05:50;6,23
15/06/2026 05:55;6,22
15/06/2026 06:00;6,22
15/06/2026 06:05;6,22
15/06/2026 06:10;6,22
15/06/2026 06:15;6,21
15/06/2026 06:20;6,21
15/06/2026 06:25;6,2
15/06/2026 06:30;6,19
15/06/2026 06:35;6,18
15/06/2026 06:40;6,18
15/06/2026 06:45;6,17
15/06/2026 06:50;6,17
15/06/2026 06:55;6,16
15/06/2026 07:00;6,16
15/06/2026 07:05;6,16
15/06/2026 07:10;6,16
15/06/2026 07:15;6,16
15/06/2026 07:20;6,15
15/06/2026 07:25;6,15
15/06/2026 07:30;6,15
15/06/2026 07:35;6,14
15/06/2026 07:40;6,14
15/06/2026 07:45;6,14
15/06/2026 07:50;6,14
15/06/2026 07:55;6,14
15/06/2026 08:00;6,14
15/06/2026 08:05;6,14
15/06/2026 08:10;6,14
15/06/2026 08:15;6,14
15/06/2026 08:20;6,15
15/06/2026 08:25;6,15
15/06/2026 08:30;6,15
15/06/2026 08:35;6,16
15/06/2026 08:40;6,17
15/06/2026 08:45;6,17
15/06/2026 08:50;6,18
15/06/2026 08:55;6,19
15/06/2026 09:00;6,19
15/06/2026 09:05;6,2
15/06/2026 09:10;6,22
15/06/2026 09:15;6,23
15/06/2026 09:20;6,23
15/06/2026 09:25;6,24
15/06/2026 09:30;6,25
15/06/2026 09:35;6,26
15/06/2026 09:40;6,27
15/06/2026 09:45;6,28
15/06/2026 09:50;6,29
15/06/2026 09:55;6,3
15/06/2026 10:00;6,31
15/06/2026 10:05;6,32
15/06/2026 10:10;6,32
15/06/2026 10:15;6,33
15/06/2026 10:20;6,34
15/06/2026 10:25;6,35
15/06/2026 10:30;6,36
15/06/2026 10:35;6,37
15/06/2026 10:40;6,38
15/06/2026 10:45;6,38
15/06/2026 10:50;6,39
15/06/2026 10:55;6,39
15/06/2026 11:00;6,4
15/06/2026 11:05;6,41
15/06/2026 11:10;6,42
15/06/2026 11:15;6,42
15/06/2026 11:20;6,43
15/06/2026 11:25;6,44
15/06/2026 11:30;6,45
15/06/2026 11:35;6,45
15/06/2026 11:40;6,46
15/06/2026 11:45;6,47
15/06/2026 11:50;6,47
15/06/2026 11:55;6,47
15/06/2026 12:00;6,49
15/06/2026 12:05;6,48
15/06/2026 12:10;6,49
15/06/2026 12:15;6,49
15/06/2026 12:20;6,5
15/06/2026 12:25;6,5
15/06/2026 12:30;6,5
15/06/2026 12:35;6,51
15/06/2026 12:40;6,51
15/06/2026 12:45;6,51
15/06/2026 12:50;6,51
15/06/2026 12:55;6,51
15/06/2026 13:00;6,51
15/06/2026 13:05;6,5
15/06/2026 13:10;6,5
15/06/2026 13:15;6,49
15/06/2026 13:20;6,49
15/06/2026 13:25;6,49
15/06/2026 13:30;6,48
15/06/2026 13:35;6,48
15/06/2026 13:40;6,48
15/06/2026 13:45;6,47
15/06/2026 13:50;6,47
15/06/2026 13:55;6,46
15/06/2026 14:00;6,45
15/06/2026 14:05;6,45
15/06/2026 14:10;6,45
15/06/2026 14:15;6,44
15/06/2026 14:20;6,44
15/06/2026 14:25;6,43
15/06/2026 14:30;6,43
15/06/2026 14:35;6,43
15/06/2026 14:40;6,42
15/06/2026 14:45;6,43
15/06/2026 14:50;6,43
15/06/2026 14:55;6,42
15/06/2026 15:00;6,42
15/06/2026 15:05;6,42
15/06/2026 15:10;6,42
15/06/2026 15:15;6,41
15/06/2026 15:20;6,41
15/06/2026 15:25;6,41
15/06/2026 15:30;6,41
15/06/2026 15:35;6,4
15/06/2026 15:40;6,4
15/06/2026 15:45;6,4
15/06/2026 15:50;6,39
15/06/2026 15:55;6,39
15/06/2026 16:00;6,38
15/06/2026 16:05;6,38
15/06/2026 16:10;6,37
15/06/2026 16:15;6,36
15/06/2026 16:20;6,35
15/06/2026 16:25;6,34
15/06/2026 16:30;6,34
15/06/2026 16:35;6,33
15/06/2026 16:40;6,32
15/06/2026 16:45;6,32
15/06/2026 16:50;6,32
15/06/2026 16:55;6,32
15/06/2026 17:00;6,31
15/06/2026 17:05;6,31
15/06/2026 17:10;6,31
15/06/2026 17:15;6,3
15/06/2026 17:20;6,3
15/06/2026 17:25;6,3
15/06/2026 17:30;6,3
15/06/2026 17:35;6,31
15/06/2026 17:40;6,31
15/06/2026 17:45;6,31
15/06/2026 17:50;6,31
15/06/2026 17:55;6,32
15/06/2026 18:00;6,32
15/06/2026 18:05;6,33
15/06/2026 18:10;6,33
15/06/2026 18:15;6,34
15/06/2026 18:20;6,35
15/06/2026 18:25;6,35
15/06/2026 18:30;6,36
15/06/2026 18:35;6,34
15/06/2026 18:40;6,36
15/06/2026 18:45;6,36
15/06/2026 18:50;6,37
15/06/2026 18:55;6,38
15/06/2026 19:00;6,38
15/06/2026 19:05;6,39
15/06/2026 19:10;6,39
15/06/2026 19:15;6,4
15/06/2026 19:20;6,4
15/06/2026 19:25;6,41
15/06/2026 19:30;6,41
15/06/2026 19:35;6,42
15/06/2026 19:40;6,43
15/06/2026 19:45;6,43
15/06/2026 19:50;6,44
15/06/2026 19:55;6,44
15/06/2026 20:00;6,45
15/06/2026 20:05;6,46
15/06/2026 20:10;6,47
15/06/2026 20:15;6,47
15/06/2026 20:20;6,48
15/06/2026 20:25;6,49
15/06/2026 20:30;6,5
15/06/2026 20:35;6,51
15/06/2026 20:40;6,51
15/06/2026 20:45;6,52
15/06/2026 20:50;6,52
15/06/2026 20:55;6,53
15/06/2026 21:00;6,53
15/06/2026 21:05;6,53
15/06/2026 21:10;6,54
15/06/2026 21:15;6,54
15/06/2026 21:20;6,54
15/06/2026 21:25;6,55
15/06/2026 21:30;6,55
15/06/2026 21:35;6,55
15/06/2026 21:40;6,56
15/06/2026 21:45;6,56
15/06/2026 21:50;6,56
15/06/2026 21:55;6,57
15/06/2026 22:00;6,58
15/06/2026 22:05;6,59
15/06/2026 22:10;6,59
15/06/2026 22:15;6,59
15/06/2026 22:20;6,6
15/06/2026 22:25;6,6
15/06/2026 22:30;6,61
15/06/2026 22:35;6,61
15/06/2026 22:40;6,61
15/06/2026 22:45;6,62
15/06/2026 22:50;6,62
15/06/2026 22:55;6,63
15/06/2026 23:00;6,63
15/06/2026 23:05;6,63
15/06/2026 23:10;6,63
15/06/2026 23:15;6,63
15/06/2026 23:20;6,64
15/06/2026 23:25;6,64
15/06/2026 23:30;6,64
15/06/2026 23:35;6,64
15/06/2026 23:40;6,64
15/06/2026 23:45;6,64
15/06/2026 23:50;6,65
15/06/2026 23:55;6,64
16/06/2026 00:00;6,64
16/06/2026 00:05;6,64
16/06/2026 00:10;6,64
16/06/2026 00:15;6,64
16/06/2026 00:20;6,63
16/06/2026 00:25;6,63
16/06/2026 00:30;6,62
16/06/2026 00:35;6,62
16/06/2026 00:40;6,61
16/06/2026 00:45;6,6
16/06/2026 00:50;6,59
16/06/2026 00:55;6,58
16/06/2026 01:00;6,57
16/06/2026 01:05;6,56
16/06/2026 01:10;6,54
16/06/2026 01:15;6,53
16/06/2026 01:20;6,52
16/06/2026 01:25;6,5
16/06/2026 01:30;6,49
16/06/2026 01:35;6,47
16/06/2026 01:40;6,46
16/06/2026 01:45;6,45
16/06/2026 01:50;6,43
16/06/2026 01:55;6,41
16/06/2026 02:00;6,4
16/06/2026 02:05;6,39
16/06/2026 02:10;6,37
16/06/2026 02:15;6,37
16/06/2026 02:20;6,36
16/06/2026 02:25;6,35
16/06/2026 02:30;6,34
16/06/2026 02:35;6,33
16/06/2026 02:40;6,32
16/06/2026 02:45;6,32
16/06/2026 02:50;6,31
16/06/2026 02:55;6,31
16/06/2026 03:00;6,31
16/06/2026 03:05;6,3
16/06/2026 03:10;6,3
16/06/2026 03:15;6,29
16/06/2026 03:20;6,29
16/06/2026 03:25;6,29
16/06/2026 03:30;6,29
16/06/2026 03:35;6,29
16/06/2026 03:40;6,29
16/06/2026 03:45;6,3
16/06/2026 03:50;6,29
16/06/2026 03:55;6,3
16/06/2026 04:00;6,3
16/06/2026 04:05;6,3
16/06/2026 04:10;6,3
16/06/2026 04:15;6,3
16/06/2026 04:20;6,3
16/06/2026 04:25;6,3
16/06/2026 04:30;6,31
16/06/2026 04:35;6,31
16/06/2026 04:40;6,31
16/06/2026 04:45;6,31
16/06/2026 04:50;6,31
16/06/2026 04:55;6,31
16/06/2026 05:00;6,31
16/06/2026 05:05;6,31
16/06/2026 05:10;6,31
16/06/2026 05:15;6,32
16/06/2026 05:20;6,31
16/06/2026 05:25;6,31
16/06/2026 05:30;6,31
16/06/2026 05:35;6,31
16/06/2026 05:40;6,32
16/06/2026 05:45;6,32
16/06/2026 05:50;6,32
16/06/2026 05:55;6,31
16/06/2026 06:00;6,31
16/06/2026 06:05;6,32
16/06/2026 06:10;6,31
16/06/2026 06:15;6,32
16/06/2026 06:20;6,32
16/06/2026 06:25;6,32
16/06/2026 06:30;6,32
16/06/2026 06:35;6,31
16/06/2026 06:40;6,31
16/06/2026 06:45;6,31
16/06/2026 06:50;6,31
16/06/2026 06:55;6,31
16/06/2026 07:00;6,31
16/06/2026 07:05;6,31
16/06/2026 07:10;6,31
16/06/2026 07:15;6,31
16/06/2026 07:20;6,3
16/06/2026 07:25;6,3
16/06/2026 07:30;6,3
16/06/2026 07:35;6,3
16/06/2026 07:40;6,29
16/06/2026 07:45;6,29
16/06/2026 07:50;6,29
16/06/2026 07:55;6,29
16/06/2026 08:00;6,29
16/06/2026 08:05;6,29
16/06/2026 08:10;6,28
16/06/2026 08:15;6,29
16/06/2026 08:20;6,29
16/06/2026 08:25;6,29
16/06/2026 08:30;6,29
16/06/2026 08:35;6,29
16/06/2026 08:40;6,29
16/06/2026 08:45;6,28
16/06/2026 08:50;6,29
16/06/2026 08:55;6,29
16/06/2026 09:00;6,28
16/06/2026 09:05;6,28
16/06/2026 09:10;6,28
16/06/2026 09:15;6,28
16/06/2026 09:20;6,28
16/06/2026 09:25;6,28
16/06/2026 09:30;6,27
16/06/2026 09:35;6,28
16/06/2026 09:40;6,27
16/06/2026 09:45;6,28
16/06/2026 09:50;6,27
16/06/2026 09:55;6,27
16/06/2026 10:00;6,27
16/06/2026 10:05;6,27
16/06/2026 10:10;6,27
16/06/2026 10:15;6,26
16/06/2026 10:20;6,26
16/06/2026 10:25;6,26
16/06/2026 10:30;6,26
16/06/2026 10:35;6,26
16/06/2026 10:40;6,26
16/06/2026 10:45;6,26
16/06/2026 10:50;6,25
16/06/2026 10:55;6,25
16/06/2026 11:00;6,25
16/06/2026 11:05;6,25
16/06/2026 11:10;6,23
16/06/2026 11:15;6,24
16/06/2026 11:20;6,24
16/06/2026 11:25;6,24
16/06/2026 11:30;6,24
16/06/2026 11:35;6,24
16/06/2026 11:40;6,23
16/06/2026 11:45;6,23
16/06/2026 11:50;6,23
16/06/2026 11:55;6,23
16/06/2026 12:00;6,22
16/06/2026 12:05;6,22
16/06/2026 12:10;6,22
16/06/2026 12:15;6,22
16/06/2026 12:20;6,22
16/06/2026 12:25;6,22
16/06/2026 12:30;6,22
16/06/2026 12:35;6,22
16/06/2026 12:40;6,22
16/06/2026 12:45;6,22
16/06/2026 12:50;6,22
16/06/2026 12:55;6,22
16/06/2026 13:00;6,23
16/06/2026 13:05;6,23
16/06/2026 13:10;6,23
16/06/2026 13:15;6,23
16/06/2026 13:20;6,23
16/06/2026 13:25;6,23
16/06/2026 13:30;6,23
16/06/2026 13:35;6,23
16/06/2026 13:40;6,23
16/06/2026 13:45;6,22
16/06/2026 13:50;6,23
16/06/2026 13:55;6,22
16/06/2026 14:00;6,23
16/06/2026 14:05;6,22
16/06/2026 14:10;6,22
16/06/2026 14:15;6,22
16/06/2026 14:20;6,22
16/06/2026 14:25;6,22
16/06/2026 14:30;6,22
16/06/2026 14:35;6,21
16/06/2026 14:40;6,21
16/06/2026 14:45;6,2
16/06/2026 14:50;6,2
16/06/2026 14:55;6,2
16/06/2026 15:00;6,19
16/06/2026 15:05;6,2
16/06/2026 15:10;6,2
16/06/2026 15:15;6,19
16/06/2026 15:20;6,19
16/06/2026 15:25;6,19
16/06/2026 15:30;6,19
16/06/2026 15:35;6,2
16/06/2026 15:40;6,2
16/06/2026 15:45;6,2
16/06/2026 15:50;6,2
16/06/2026 15:55;6,2
16/06/2026 16:00;6,2
16/06/2026 16:05;6,21
16/06/2026 16:10;6,2
16/06/2026 16:15;6,21
16/06/2026 16:20;6,22
16/06/2026 16:25;6,22
16/06/2026 16:30;6,23
16/06/2026 16:35;6,23
16/06/2026 16:40;6,24
16/06/2026 16:45;6,24
16/06/2026 16:50;6,25
16/06/2026 16:55;6,25
16/06/2026 17:00;6,26
16/06/2026 17:05;6,26
16/06/2026 17:10;6,27
16/06/2026 17:15;6,27
16/06/2026 17:20;6,29
16/06/2026 17:25;6,29
16/06/2026 17:30;6,3
16/06/2026 17:35;6,31
16/06/2026 17:40;6,32
16/06/2026 17:45;6,32
16/06/2026 17:50;6,34
16/06/2026 17:55;6,35
16/06/2026 18:00;6,35
16/06/2026 18:05;6,36
16/06/2026 18:10;6,38
16/06/2026 18:15;6,39
16/06/2026 18:20;6,4
16/06/2026 18:25;6,41
16/06/2026 18:30;6,43
16/06/2026 18:35;6,44
16/06/2026 18:40;6,45
16/06/2026 18:45;6,47
16/06/2026 18:50;6,48
16/06/2026 18:55;6,5
16/06/2026 19:00;6,51
16/06/2026 19:05;6,52
16/06/2026 19:10;6,54
16/06/2026 19:15;6,56
16/06/2026 19:20;6,57
16/06/2026 19:25;6,58
16/06/2026 19:30;6,59
16/06/2026 19:35;6,61
16/06/2026 19:40;6,62
16/06/2026 19:45;6,64
16/06/2026 19:50;6,65
16/06/2026 19:55;6,66
16/06/2026 20:00;6,68
16/06/2026 20:05;6,69
16/06/2026 20:10;6,7
16/06/2026 20:15;6,71
16/06/2026 20:20;6,72
16/06/2026 20:25;6,73
16/06/2026 20:30;6,75
16/06/2026 20:35;6,75
16/06/2026 20:40;6,76
16/06/2026 20:45;6,77
16/06/2026 20:50;6,78
16/06/2026 20:55;6,79
16/06/2026 21:00;6,79
16/06/2026 21:05;6,8
16/06/2026 21:10;6,81
16/06/2026 21:15;6,81
16/06/2026 21:20;6,82
16/06/2026 21:25;6,82
16/06/2026 21:30;6,82
16/06/2026 21:35;6,82
16/06/2026 21:40;6,83
16/06/2026 21:45;6,83
16/06/2026 21:50;6,84
16/06/2026 21:55;6,84
16/06/2026 22:00;6,84
16/06/2026 22:05;6,84
16/06/2026 22:10;6,85
16/06/2026 22:15;6,84
16/06/2026 22:20;6,85
16/06/2026 22:25;6,85
16/06/2026 22:30;6,85
16/06/2026 22:35;6,85
16/06/2026 22:40;6,85
16/06/2026 22:45;6,85
16/06/2026 22:50;6,85
16/06/2026 22:55;6,85
16/06/2026 23:00;6,85
16/06/2026 23:05;6,85
16/06/2026 23:10;6,84
16/06/2026 23:15;6,85
16/06/2026 23:20;6,84
16/06/2026 23:25;6,84
16/06/2026 23:30;6,84
16/06/2026 23:35;6,84
16/06/2026 23:40;6,84
16/06/2026 23:45;6,84
16/06/2026 23:50;6,83
16/06/2026 23:55;6,83
17/06/2026 00:00;6,82
17/06/2026 00:05;6,82
17/06/2026 00:10;6,82
17/06/2026 00:15;6,82
17/06/2026 00:20;6,81
17/06/2026 00:25;6,81
17/06/2026 00:30;6,81
17/06/2026 00:35;6,81
17/06/2026 00:40;6,81
17/06/2026 00:45;6,8
17/06/2026 00:50;6,8
17/06/2026 00:55;6,79
17/06/2026 01:00;6,79
17/06/2026 01:05;6,79
17/06/2026 01:10;6,78
17/06/2026 01:15;6,78
17/06/2026 01:20;6,77
17/06/2026 01:25;6,77
17/06/2026 01:30;6,76
17/06/2026 01:35;6,76
17/06/2026 01:40;6,76
17/06/2026 01:45;6,76
17/06/2026 01:50;6,75
17/06/2026 01:55;6,74
17/06/2026 02:00;6,74
17/06/2026 02:05;6,73
17/06/2026 02:10;6,73
17/06/2026 02:15;6,73
17/06/2026 02:20;6,73
17/06/2026 02:25;6,72
17/06/2026 02:30;6,71
17/06/2026 02:35;6,71
17/06/2026 02:40;6,7
17/06/2026 02:45;6,7
17/06/2026 02:50;6,7
17/06/2026 02:55;6,69
17/06/2026 03:00;6,69
17/06/2026 03:05;6,68
17/06/2026 03:10;6,68
17/06/2026 03:15;6,67
17/06/2026 03:20;6,67
17/06/2026 03:25;6,66
17/06/2026 03:30;6,65
17/06/2026 03:35;6,65
17/06/2026 03:40;6,64
17/06/2026 03:45;6,64
17/06/2026 03:50;6,63
17/06/2026 03:55;6,63
17/06/2026 04:00;6,62
17/06/2026 04:05;6,62
17/06/2026 04:10;6,61
17/06/2026 04:15;6,61
17/06/2026 04:20;6,6
17/06/2026 04:25;6,61
17/06/2026 04:30;6,61
17/06/2026 04:35;6,6
17/06/2026 04:40;6,6
17/06/2026 04:45;6,6
17/06/2026 04:50;6,6
17/06/2026 04:55;6,6
17/06/2026 05:00;6,59
17/06/2026 05:05;6,59
17/06/2026 05:10;6,59
17/06/2026 05:15;6,6
17/06/2026 05:20;6,6
17/06/2026 05:25;6,6
17/06/2026 05:30;6,59
17/06/2026 05:35;6,6
17/06/2026 05:40;6,59
17/06/2026 05:45;6,6
17/06/2026 05:50;6,59
17/06/2026 05:55;6,6
17/06/2026 06:00;6,59
17/06/2026 06:05;6,6
17/06/2026 06:10;6,6
17/06/2026 06:15;6,6
17/06/2026 06:20;6,59
17/06/2026 06:25;6,6
17/06/2026 06:30;6,59
17/06/2026 06:35;6,6
17/06/2026 06:40;6,6
17/06/2026 06:45;6,6
17/06/2026 06:50;6,6
17/06/2026 06:55;6,6
17/06/2026 07:00;6,6
17/06/2026 07:05;6,6
17/06/2026 07:10;6,6
17/06/2026 07:15;6,6
17/06/2026 07:20;6,6
17/06/2026 07:25;6,6
17/06/2026 07:30;6,6
17/06/2026 07:35;6,6
17/06/2026 07:40;6,6
17/06/2026 07:45;6,6
17/06/2026 07:50;6,61
17/06/2026 07:55;6,61
17/06/2026 08:00;6,61
17/06/2026 08:05;6,61
17/06/2026 08:10;6,61
17/06/2026 08:15;6,61
17/06/2026 08:20;6,61
17/06/2026 08:25;6,62
17/06/2026 08:30;6,62
17/06/2026 08:35;6,62
17/06/2026 08:40;6,62
17/06/2026 08:45;6,62
17/06/2026 08:50;6,62
17/06/2026 08:55;6,63
17/06/2026 09:00;6,63
17/06/2026 09:05;6,63
17/06/2026 09:10;6,63
17/06/2026 09:15;6,64
17/06/2026 09:20;6,63
17/06/2026 09:25;6,64
17/06/2026 09:30;6,64
17/06/2026 09:35;6,64
17/06/2026 09:40;6,64
17/06/2026 09:45;6,64
17/06/2026 09:50;6,63
17/06/2026 09:55;6,64
17/06/2026 10:00;6,65
17/06/2026 10:05;6,64
17/06/2026 10:10;6,64
17/06/2026 10:15;6,65
17/06/2026 10:20;6,65
17/06/2026 10:25;6,64
17/06/2026 10:30;6,64
17/06/2026 10:35;6,65
17/06/2026 10:40;6,65
17/06/2026 10:45;6,64
17/06/2026 10:50;6,65
17/06/2026 10:55;6,65
17/06/2026 11:00;6,65
17/06/2026 11:05;6,65
17/06/2026 11:10;6,65
17/06/2026 11:15;6,65
17/06/2026 11:20;6,65
17/06/2026 11:25;6,65
17/06/2026 11:30;6,65
17/06/2026 11:35;6,65
17/06/2026 11:40;6,65
17/06/2026 11:45;6,65
17/06/2026 11:50;6,65
17/06/2026 11:55;6,65
17/06/2026 12:00;6,66
17/06/2026 12:05;6,65
17/06/2026 12:10;6,66
17/06/2026 12:15;6,66
17/06/2026 12:20;6,66
17/06/2026 12:25;6,65
17/06/2026 12:30;6,66
17/06/2026 12:35;6,66
17/06/2026 12:40;6,66
17/06/2026 12:45;6,65
17/06/2026 12:50;6,66
17/06/2026 12:55;6,66
17/06/2026 13:00;6,66
17/06/2026 13:05;6,66
17/06/2026 13:10;6,65
17/06/2026 13:15;6,65
17/06/2026 13:20;6,65
17/06/2026 13:25;6,65
17/06/2026 13:30;6,65
17/06/2026 13:35;6,65
17/06/2026 13:40;6,65
17/06/2026 13:45;6,65
17/06/2026 13:50;6,65
17/06/2026 13:55;6,65
17/06/2026 14:00;6,65
17/06/2026 14:05;6,65
17/06/2026 14:10;6,65
17/06/2026 14:15;6,64
17/06/2026 14:20;6,65
17/06/2026 14:25;6,64
17/06/2026 14:30;6,65
17/06/2026 14:35;6,65
17/06/2026 14:40;6,65
17/06/2026 14:45;6,64
17/06/2026 14:50;6,64
17/06/2026 14:55;6,65
17/06/2026 15:00;6,65
17/06/2026 15:05;6,65
17/06/2026 15:10;6,65
17/06/2026 15:15;6,66
17/06/2026 15:20;6,66
17/06/2026 15:25;6,66
17/06/2026 15:30;6,67
17/06/2026 15:35;6,67
17/06/2026 15:40;6,67
17/06/2026 15:45;6,66
17/06/2026 15:50;6,67
17/06/2026 15:55;6,67
17/06/2026 16:00;6,68
17/06/2026 16:05;6,67
17/06/2026 16:10;6,68
17/06/2026 16:15;6,68
17/06/2026 16:20;6,69
17/06/2026 16:25;6,69
17/06/2026 16:30;6,68
17/06/2026 16:35;6,69
17/06/2026 16:40;6,69
17/06/2026 16:45;6,69
17/06/2026 16:50;6,7
17/06/2026 16:55;6,7
17/06/2026 17:00;6,71
17/06/2026 17:05;6,71
17/06/2026 17:10;6,71
17/06/2026 17:15;6,71
17/06/2026 17:20;6,71
17/06/2026 17:25;6,72
17/06/2026 17:30;6,72
17/06/2026 17:35;6,72
17/06/2026 17:40;6,73
17/06/2026 17:45;6,73
17/06/2026 17:50;6,73
17/06/2026 17:55;6,74
17/06/2026 18:00;6,74
17/06/2026 18:05;6,74
17/06/2026 18:10;6,75
17/06/2026 18:15;6,75
17/06/2026 18:20;6,75
17/06/2026 18:25;6,75
17/06/2026 18:30;6,76
17/06/2026 18:35;6,76
17/06/2026 18:40;6,76
17/06/2026 18:45;6,76
17/06/2026 18:50;6,76
17/06/2026 18:55;6,77
17/06/2026 19:00;6,77
17/06/2026 19:05;6,77
17/06/2026 19:10;6,78
17/06/2026 19:15;6,78
17/06/2026 19:20;6,78
17/06/2026 19:25;6,78
17/06/2026 19:30;6,79
17/06/2026 19:35;6,79
17/06/2026 19:40;6,8
17/06/2026 19:45;6,8
17/06/2026 19:50;6,81
17/06/2026 19:55;6,81
17/06/2026 20:00;6,82
17/06/2026 20:05;6,82
17/06/2026 20:10;6,82
17/06/2026 20:15;6,83
17/06/2026 20:20;6,84
17/06/2026 20:25;6,84
17/06/2026 20:30;6,85
17/06/2026 20:35;6,85
17/06/2026 20:40;6,86
17/06/2026 20:45;6,86
17/06/2026 20:50;6,86
17/06/2026 20:55;6,87
17/06/2026 21:00;6,87
17/06/2026 21:05;6,88
17/06/2026 21:10;6,89
17/06/2026 21:15;6,88
17/06/2026 21:20;6,89
17/06/2026 21:25;6,9
17/06/2026 21:30;6,9
17/06/2026 21:35;6,91
17/06/2026 21:40;6,91
17/06/2026 21:45;6,92
17/06/2026 21:50;6,92
17/06/2026 21:55;6,93
17/06/2026 22:00;6,93
17/06/2026 22:05;6,93
17/06/2026 22:10;6,94
17/06/2026 22:15;6,94
17/06/2026 22:20;6,95
17/06/2026 22:25;6,95
17/06/2026 22:30;6,95
17/06/2026 22:35;6,96
17/06/2026 22:40;6,96
17/06/2026 22:45;6,95
17/06/2026 22:50;6,96
17/06/2026 22:55;6,97
17/06/2026 23:00;6,97
17/06/2026 23:05;6,98
17/06/2026 23:10;6,98
17/06/2026 23:15;6,98
17/06/2026 23:20;6,99
17/06/2026 23:25;6,99
17/06/2026 23:30;6,99
17/06/2026 23:35;6,99
17/06/2026 23:40;6,99
17/06/2026 23:45;6,99
17/06/2026 23:50;6,99
17/06/2026 23:55;6,99
18/06/2026 00:00;6,98
18/06/2026 00:05;6,98
18/06/2026 00:10;6,98
18/06/2026 00:15;6,98
18/06/2026 00:20;6,98
18/06/2026 00:25;6,98
18/06/2026 00:30;6,97
18/06/2026 00:35;6,98
18/06/2026 00:40;6,97
18/06/2026 00:45;6,97
18/06/2026 00:50;6,97
18/06/2026 00:55;6,97
18/06/2026 01:00;6,98
18/06/2026 01:05;6,97
18/06/2026 01:10;6,97
18/06/2026 01:15;6,97
18/06/2026 01:20;6,97
18/06/2026 01:25;6,97
18/06/2026 01:30;6,97
18/06/2026 01:35;6,97
18/06/2026 01:40;6,96
18/06/2026 01:45;6,96
18/06/2026 01:50;6,96
18/06/2026 01:55;6,96
18/06/2026 02:00;6,95
18/06/2026 02:05;6,95
18/06/2026 02:10;6,95
18/06/2026 02:15;6,95
18/06/2026 02:20;6,94
18/06/2026 02:25;6,93
18/06/2026 02:30;6,93
18/06/2026 02:35;6,93
18/06/2026 02:40;6,93
18/06/2026 02:45;6,92
18/06/2026 02:50;6,92
18/06/2026 02:55;6,91
18/06/2026 03:00;6,91
18/06/2026 03:05;6,91
18/06/2026 03:10;6,91
18/06/2026 03:15;6,91
18/06/2026 03:20;6,9
18/06/2026 03:25;6,9
18/06/2026 03:30;6,9
18/06/2026 03:35;6,89
18/06/2026 03:40;6,89
18/06/2026 03:45;6,89
18/06/2026 03:50;6,89
18/06/2026 03:55;6,89
18/06/2026 04:00;6,89
18/06/2026 04:05;6,88
18/06/2026 04:10;6,88
18/06/2026 04:15;6,88
18/06/2026 04:20;6,88
18/06/2026 04:25;6,88
18/06/2026 04:30;6,88
18/06/2026 04:35;6,88
18/06/2026 04:40;6,88
18/06/2026 04:45;6,87
18/06/2026 04:50;6,88
18/06/2026 04:55;6,87
18/06/2026 05:00;6,88
18/06/2026 05:05;6,88
18/06/2026 05:10;6,87
18/06/2026 05:15;6,88
18/06/2026 05:20;6,88
18/06/2026 05:25;6,88
18/06/2026 05:30;6,88
18/06/2026 05:35;6,88
18/06/2026 05:40;6,88
18/06/2026 05:45;6,88
18/06/2026 05:50;6,88
18/06/2026 05:55;6,87
18/06/2026 06:00;6,87
18/06/2026 06:05;6,87
18/06/2026 06:10;6,87
18/06/2026 06:15;6,87
18/06/2026 06:20;6,88
18/06/2026 06:25;6,88
18/06/2026 06:30;6,87
18/06/2026 06:35;6,87
18/06/2026 06:40;6,88
18/06/2026 06:45;6,88
18/06/2026 06:50;6,87
18/06/2026 06:55;6,88
18/06/2026 07:00;6,87
18/06/2026 07:05;6,87
18/06/2026 07:10;6,88
18/06/2026 07:15;6,88
18/06/2026 07:20;6,88
18/06/2026 07:25;6,88
18/06/2026 07:30;6,88
18/06/2026 07:35;6,88
18/06/2026 07:40;6,87
18/06/2026 07:45;6,88
18/06/2026 07:50;6,87
18/06/2026 07:55;6,87
18/06/2026 08:00;6,88
18/06/2026 08:05;6,88
18/06/2026 08:10;6,88
18/06/2026 08:15;6,89
18/06/2026 08:20;6,88
18/06/2026 08:25;6,88
18/06/2026 08:30;6,89
18/06/2026 08:35;6,88
18/06/2026 08:40;6,88
18/06/2026 08:45;6,88
18/06/2026 08:50;6,88
18/06/2026 08:55;6,88
18/06/2026 09:00;6,88
18/06/2026 09:05;6,88
18/06/2026 09:10;6,87
18/06/2026 09:15;6,88
18/06/2026 09:20;6,88
18/06/2026 09:25;6,88
18/06/2026 09:30;6,87
18/06/2026 09:35;6,87
18/06/2026 09:40;6,88
18/06/2026 09:45;6,87
18/06/2026 09:50;6,88
18/06/2026 09:55;6,88
18/06/2026 10:00;6,87
18/06/2026 10:05;6,88
18/06/2026 10:10;6,87
18/06/2026 10:15;6,87
18/06/2026 10:20;6,88
18/06/2026 10:25;6,88
18/06/2026 10:30;6,88
18/06/2026 10:35;6,88
18/06/2026 10:40;6,88
18/06/2026 10:45;6,89
18/06/2026 10:50;6,89
18/06/2026 10:55;6,89
18/06/2026 11:00;6,89
18/06/2026 11:05;6,89
18/06/2026 11:10;6,87
18/06/2026 11:15;6,88
18/06/2026 11:20;6,89
18/06/2026 11:25;6,89
18/06/2026 11:30;6,89
18/06/2026 11:35;6,89
18/06/2026 11:40;6,89
18/06/2026 11:45;6,89
18/06/2026 11:50;6,9
18/06/2026 11:55;6,89
18/06/2026 12:00;6,9
18/06/2026 12:05;6,9
18/06/2026 12:10;6,9
18/06/2026 12:15;6,9
18/06/2026 12:20;6,9
18/06/2026 12:25;6,9
18/06/2026 12:30;6,9
18/06/2026 12:35;6,9
18/06/2026 12:40;6,9
18/06/2026 12:45;6,9
18/06/2026 12:50;6,9
18/06/2026 12:55;6,9
18/06/2026 13:00;6,91
18/06/2026 13:05;6,91
18/06/2026 13:10;6,91
18/06/2026 13:15;6,91
18/06/2026 13:20;6,91
18/06/2026 13:25;6,91
18/06/2026 13:30;6,91
18/06/2026 13:35;6,91
18/06/2026 13:40;6,92
18/06/2026 13:45;6,92
18/06/2026 13:50;6,92
18/06/2026 13:55;6,92
18/06/2026 14:00;6,92
18/06/2026 14:05;6,92
18/06/2026 14:10;6,93
18/06/2026 14:15;6,93
18/06/2026 14:20;6,93
18/06/2026 14:25;6,93
18/06/2026 14:30;6,93
18/06/2026 14:35;6,93
18/06/2026 14:40;6,93
18/06/2026 14:45;6,93
18/06/2026 14:50;6,93
18/06/2026 14:55;6,93
18/06/2026 15:00;6,93
18/06/2026 15:05;6,93
18/06/2026 15:10;6,93
18/06/2026 15:15;6,94
18/06/2026 15:20;6,93
18/06/2026 15:25;6,93
18/06/2026 15:30;6,93
18/06/2026 15:35;6,94
18/06/2026 15:40;6,94
18/06/2026 15:45;6,94
18/06/2026 15:50;6,94
18/06/2026 15:55;6,94
18/06/2026 16:00;6,94
18/06/2026 16:05;6,94
18/06/2026 16:10;6,94
18/06/2026 16:15;6,94
18/06/2026 16:20;6,95
18/06/2026 16:25;6,95
18/06/2026 16:30;6,96
18/06/2026 16:35;6,96
18/06/2026 16:40;6,97
18/06/2026 16:45;6,97
18/06/2026 16:50;6,97
18/06/2026 16:55;6,98
18/06/2026 17:00;6,99
18/06/2026 17:05;6,99
18/06/2026 17:10;7,0
18/06/2026 17:15;7,0
18/06/2026 17:20;6,99
18/06/2026 17:25;7,0
18/06/2026 17:30;7,01
18/06/2026 17:35;7,02
18/06/2026 17:40;7,01
18/06/2026 17:45;7,02
18/06/2026 17:50;7,02
18/06/2026 17:55;7,03
18/06/2026 18:00;7,03
18/06/2026 18:05;7,04
18/06/2026 18:10;7,04
18/06/2026 18:15;7,05
18/06/2026 18:20;7,06
18/06/2026 18:25;7,07
18/06/2026 18:30;7,07
18/06/2026 18:35;7,08
18/06/2026 18:40;7,1
18/06/2026 18:45;7,11
18/06/2026 18:50;7,11
18/06/2026 18:55;7,13
18/06/2026 19:00;7,13
18/06/2026 19:05;7,14
18/06/2026 19:10;7,15
18/06/2026 19:15;7,16
18/06/2026 19:20;7,17
18/06/2026 19:25;7,18
18/06/2026 19:30;7,18
18/06/2026 19:35;7,2
18/06/2026 19:40;7,2
18/06/2026 19:45;7,2
18/06/2026 19:50;7,21
18/06/2026 19:55;7,21
18/06/2026 20:00;7,22
18/06/2026 20:05;7,22
18/06/2026 20:10;7,23
18/06/2026 20:15;7,23
18/06/2026 20:20;7,23
18/06/2026 20:25;7,24
18/06/2026 20:30;7,24
18/06/2026 20:35;7,25
18/06/2026 20:40;7,25
18/06/2026 20:45;7,25
18/06/2026 20:50;7,25
18/06/2026 20:55;7,25
18/06/2026 21:00;7,25
18/06/2026 21:05;7,25
18/06/2026 21:10;7,25
18/06/2026 21:15;7,26
18/06/2026 21:20;7,25
18/06/2026 21:25;7,25
18/06/2026 21:30;7,25
18/06/2026 21:35;7,26
18/06/2026 21:40;7,25
18/06/2026 21:45;7,26
18/06/2026 21:50;7,26
18/06/2026 21:55;7,26
18/06/2026 22:00;7,26
18/06/2026 22:05;7,26
18/06/2026 22:10;7,26
18/06/2026 22:15;7,26
18/06/2026 22:20;7,26
18/06/2026 22:25;7,26
18/06/2026 22:30;7,26
18/06/2026 22:35;7,26
18/06/2026 22:40;7,26
18/06/2026 22:45;7,25
18/06/2026 22:50;7,25
18/06/2026 22:55;7,25
18/06/2026 23:00;7,25
18/06/2026 23:05;7,25
18/06/2026 23:10;7,25
18/06/2026 23:15;7,25
18/06/2026 23:20;7,25
18/06/2026 23:25;7,25
18/06/2026 23:30;7,25
18/06/2026 23:35;7,25
18/06/2026 23:40;7,25
18/06/2026 23:45;7,25
18/06/2026 23:50;7,25
18/06/2026 23:55;7,25
19/06/2026 00:00;7,25
19/06/2026 00:05;7,25
19/06/2026 00:10;7,25
19/06/2026 00:15;7,25
19/06/2026 00:20;7,24
19/06/2026 00:25;7,24
19/06/2026 00:30;7,24
19/06/2026 00:35;7,24
19/06/2026 00:40;7,24
19/06/2026 00:45;7,24
19/06/2026 00:50;7,24
19/06/2026 00:55;7,23
19/06/2026 01:00;7,23
19/06/2026 01:05;7,24
19/06/2026 01:10;7,23
19/06/2026 01:15;7,23
19/06/2026 01:20;7,22
19/06/2026 01:25;7,22
19/06/2026 01:30;7,22
19/06/2026 01:35;7,21
19/06/2026 01:40;7,21
19/06/2026 01:45;7,21
19/06/2026 01:50;7,2
19/06/2026 01:55;7,21
19/06/2026 02:00;7,2
19/06/2026 02:05;7,2
19/06/2026 02:10;7,19
19/06/2026 02:15;7,19
19/06/2026 02:20;7,18
19/06/2026 02:25;7,19
19/06/2026 02:30;7,18
19/06/2026 02:35;7,17
19/06/2026 02:40;7,17
19/06/2026 02:45;7,17
19/06/2026 02:50;7,16
19/06/2026 02:55;7,16
19/06/2026 03:00;7,15
19/06/2026 03:05;7,15
19/06/2026 03:10;7,15
19/06/2026 03:15;7,14
19/06/2026 03:20;7,14
19/06/2026 03:25;7,13
19/06/2026 03:30;7,12
19/06/2026 03:35;7,12
19/06/2026 03:40;7,11
19/06/2026 03:45;7,11
19/06/2026 03:50;7,11
19/06/2026 03:55;7,1
19/06/2026 04:00;7,1
19/06/2026 04:05;7,09
19/06/2026 04:10;7,08
19/06/2026 04:15;7,09
19/06/2026 04:20;7,09
19/06/2026 04:25;7,08
19/06/2026 04:30;7,08
19/06/2026 04:35;7,08
19/06/2026 04:40;7,07
19/06/2026 04:45;7,07
19/06/2026 04:50;7,07
19/06/2026 04:55;7,07
19/06/2026 05:00;7,06
19/06/2026 05:05;7,06
19/06/2026 05:10;7,06
19/06/2026 05:15;7,06
19/06/2026 05:20;7,06
19/06/2026 05:25;7,06
19/06/2026 05:30;7,06
19/06/2026 05:35;7,06
19/06/2026 05:40;7,05
19/06/2026 05:45;7,06
19/06/2026 05:50;7,05
19/06/2026 05:55;7,06
19/06/2026 06:00;7,05
19/06/2026 06:05;7,05
19/06/2026 06:10;7,06
19/06/2026 06:15;7,05
19/06/2026 06:20;7,05
19/06/2026 06:25;7,06
19/06/2026 06:30;7,06
19/06/2026 06:35;7,06
19/06/2026 06:40;7,05
19/06/2026 06:45;7,05
19/06/2026 06:50;7,06
19/06/2026 06:55;7,06
19/06/2026 07:00;7,06
19/06/2026 07:05;7,06
19/06/2026 07:10;7,06
19/06/2026 07:15;7,07
19/06/2026 07:20;7,06
19/06/2026 07:25;7,06
19/06/2026 07:30;7,06
19/06/2026 07:35;7,07
19/06/2026 07:40;7,07
19/06/2026 07:45;7,07
19/06/2026 07:50;7,06
19/06/2026 07:55;7,06
19/06/2026 08:00;7,06
19/06/2026 08:05;7,06
19/06/2026 08:10;7,06
19/06/2026 08:15;7,07
19/06/2026 08:20;7,07
19/06/2026 08:25;7,07
19/06/2026 08:30;7,07
19/06/2026 08:35;7,07
19/06/2026 08:40;7,07
19/06/2026 08:45;7,07
19/06/2026 08:50;7,08
19/06/2026 08:55;7,08
19/06/2026 09:00;7,08
19/06/2026 09:05;7,08
19/06/2026 09:10;7,07
19/06/2026 09:15;7,07
19/06/2026 09:20;7,07
19/06/2026 09:25;7,07
19/06/2026 09:30;7,07
19/06/2026 09:35;7,07
19/06/2026 09:40;7,07
19/06/2026 09:45;7,06
19/06/2026 09:50;7,05
19/06/2026 09:55;7,05
19/06/2026 10:00;7,05
19/06/2026 10:05;7,05
19/06/2026 10:10;7,04
19/06/2026 10:15;7,04
19/06/2026 10:20;7,04
19/06/2026 10:25;7,03
19/06/2026 10:30;7,03
19/06/2026 10:35;7,03
19/06/2026 10:40;7,02
19/06/2026 10:45;7,02
19/06/2026 10:50;7,02
19/06/2026 10:55;7,02
19/06/2026 11:00;7,02
19/06/2026 11:05;7,01
19/06/2026 11:10;7,01
19/06/2026 11:15;7,01
19/06/2026 11:20;7,01
19/06/2026 11:25;7,01
19/06/2026 11:30;7,01
19/06/2026 11:35;7,01
19/06/2026 11:40;7,0
19/06/2026 11:45;7,01
19/06/2026 11:50;7,0
19/06/2026 11:55;7,01
19/06/2026 12:00;7,0
19/06/2026 12:05;7,0
19/06/2026 12:10;7,01
19/06/2026 12:15;7,01
19/06/2026 12:20;7,01
19/06/2026 12:25;7,02
19/06/2026 12:30;7,01
19/06/2026 12:35;7,02
19/06/2026 12:40;7,01
19/06/2026 12:45;7,01
19/06/2026 12:50;7,02
19/06/2026 12:55;7,01
19/06/2026 13:00;7,02
19/06/2026 13:05;7,02
19/06/2026 13:10;7,02
19/06/2026 13:15;7,02
19/06/2026 13:20;7,02
19/06/2026 13:25;7,03
19/06/2026 13:30;7,02
19/06/2026 13:35;7,02
19/06/2026 13:40;7,03
19/06/2026 13:45;7,03
19/06/2026 13:50;7,03
19/06/2026 13:55;7,03
19/06/2026 14:00;7,03
19/06/2026 14:05;7,03
19/06/2026 14:10;7,03
19/06/2026 14:15;7,03
19/06/2026 14:20;7,03
19/06/2026 14:25;7,03
19/06/2026 14:30;7,03
19/06/2026 14:35;7,02
19/06/2026 14:40;7,03
19/06/2026 14:45;7,02
19/06/2026 14:50;7,03
19/06/2026 14:55;7,02
19/06/2026 15:00;7,02
19/06/2026 15:05;7,01
19/06/2026 15:10;7,01
19/06/2026 15:15;7,01
19/06/2026 15:20;7,01
19/06/2026 15:25;7,01
19/06/2026 15:30;7,01
19/06/2026 15:35;7,05
19/06/2026 15:40;7,16
19/06/2026 15:45;7,11
19/06/2026 15:50;7,05
19/06/2026 15:55;7,03
19/06/2026 16:00;7,02
19/06/2026 16:05;7,01
19/06/2026 16:10;7,01
19/06/2026 16:15;7,01
19/06/2026 16:20;7,01
19/06/2026 16:25;7,01
19/06/2026 16:30;7,01
19/06/2026 16:35;7,01
19/06/2026 16:40;7,02
19/06/2026 16:45;7,01
19/06/2026 16:50;7,01
19/06/2026 16:55;7,0
19/06/2026 17:00;7,01
19/06/2026 17:05;7,01
19/06/2026 17:10;7,01
19/06/2026 17:15;7,02
19/06/2026 17:20;7,02
19/06/2026 17:25;7,02
19/06/2026 17:30;7,02
19/06/2026 17:35;7,02
19/06/2026 17:40;7,02
19/06/2026 17:45;7,03
19/06/2026 17:50;7,03
19/06/2026 17:55;7,04
19/06/2026 18:00;7,04
19/06/2026 18:05;7,05
19/06/2026 18:10;7,05
19/06/2026 18:15;7,05
19/06/2026 18:20;7,06
19/06/2026 18:25;7,06
19/06/2026 18:30;7,07
19/06/2026 18:35;7,07
19/06/2026 18:40;7,08
19/06/2026 18:45;7,09
19/06/2026 18:50;7,09
19/06/2026 18:55;7,1
19/06/2026 19:00;7,1
19/06/2026 19:05;7,11
19/06/2026 19:10;7,12
19/06/2026 19:15;7,12
19/06/2026 19:20;7,13
19/06/2026 19:25;7,14
19/06/2026 19:30;7,15
19/06/2026 19:35;7,16
19/06/2026 19:40;7,16
19/06/2026 19:45;7,16
19/06/2026 19:50;7,17
19/06/2026 19:55;7,18
19/06/2026 20:00;7,18
19/06/2026 20:05;7,19
19/06/2026 20:10;7,2
19/06/2026 20:15;7,21
19/06/2026 20:20;7,22
19/06/2026 20:25;7,22
19/06/2026 20:30;7,23
19/06/2026 20:35;7,24
19/06/2026 20:40;7,25
19/06/2026 20:45;7,25
19/06/2026 20:50;7,25
19/06/2026 20:55;7,26
19/06/2026 21:00;7,26
19/06/2026 21:05;7,26
19/06/2026 21:10;7,27
19/06/2026 21:15;7,27
19/06/2026 21:20;7,28
19/06/2026 21:25;7,27
19/06/2026 21:30;7,28
19/06/2026 21:35;7,28
19/06/2026 21:40;7,28
19/06/2026 21:45;7,28
19/06/2026 21:50;7,29
19/06/2026 21:55;7,29
19/06/2026 22:00;7,29
19/06/2026 22:05;7,29
19/06/2026 22:10;7,29
19/06/2026 22:15;7,29
19/06/2026 22:20;7,29
19/06/2026 22:25;7,29
19/06/2026 22:30;7,29
19/06/2026 22:35;7,29
19/06/2026 22:40;7,29
19/06/2026 22:45;7,29
19/06/2026 22:50;7,29
19/06/2026 22:55;7,29
19/06/2026 23:00;7,28
19/06/2026 23:05;7,29
19/06/2026 23:10;7,28
19/06/2026 23:15;7,28
19/06/2026 23:20;7,28
19/06/2026 23:25;7,28
19/06/2026 23:30;7,28
19/06/2026 23:35;7,28
19/06/2026 23:40;7,27
19/06/2026 23:45;7,27
19/06/2026 23:50;7,27
19/06/2026 23:55;7,27
20/06/2026 00:00;7,26
20/06/2026 00:05;7,26
20/06/2026 00:10;7,26
20/06/2026 00:15;7,25
20/06/2026 00:20;7,25
20/06/2026 00:25;7,24
20/06/2026 00:30;7,24
20/06/2026 00:35;7,24
20/06/2026 00:40;7,23
20/06/2026 00:45;7,23
20/06/2026 00:50;7,23
20/06/2026 00:55;7,23
20/06/2026 01:00;7,22
20/06/2026 01:05;7,21
20/06/2026 01:10;7,21
20/06/2026 01:15;7,2
20/06/2026 01:20;7,2
20/06/2026 01:25;7,2
20/06/2026 01:30;7,19
20/06/2026 01:35;7,19
20/06/2026 01:40;7,18
20/06/2026 01:45;7,17
20/06/2026 01:50;7,17
20/06/2026 01:55;7,17
20/06/2026 02:00;7,16
20/06/2026 02:05;7,15
20/06/2026 02:10;7,15
20/06/2026 02:15;7,14
20/06/2026 02:20;7,13
20/06/2026 02:25;7,13
20/06/2026 02:30;7,12
20/06/2026 02:35;7,11
20/06/2026 02:40;7,11
20/06/2026 02:45;7,09
20/06/2026 02:50;7,09
20/06/2026 02:55;7,09
20/06/2026 03:00;7,08
20/06/2026 03:05;7,08
20/06/2026 03:10;7,07
20/06/2026 03:15;7,06
20/06/2026 03:20;7,06
20/06/2026 03:25;7,05
20/06/2026 03:30;7,05
20/06/2026 03:35;7,04
20/06/2026 03:40;7,04
20/06/2026 03:45;7,02
20/06/2026 03:50;7,02
20/06/2026 03:55;7,02
20/06/2026 04:00;7,01
20/06/2026 04:05;7,01
20/06/2026 04:10;7,01
20/06/2026 04:15;7,0
20/06/2026 04:20;6,99
20/06/2026 04:25;6,99
20/06/2026 04:30;6,99
20/06/2026 04:35;6,99
20/06/2026 04:40;6,98
20/06/2026 04:45;6,98
20/06/2026 04:50;6,97
20/06/2026 04:55;6,97
20/06/2026 05:00;6,97
20/06/2026 05:05;6,96
20/06/2026 05:10;6,96
20/06/2026 05:15;6,95
20/06/2026 05:20;6,95
20/06/2026 05:25;6,95
20/06/2026 05:30;6,94
20/06/2026 05:35;6,95
20/06/2026 05:40;6,94
20/06/2026 05:45;6,94
20/06/2026 05:50;6,93
20/06/2026 05:55;6,93
20/06/2026 06:00;6,94
20/06/2026 06:05;6,93
20/06/2026 06:10;6,93
20/06/2026 06:15;6,93
20/06/2026 06:20;6,93
20/06/2026 06:25;6,92
20/06/2026 06:30;6,93
20/06/2026 06:35;6,92
20/06/2026 06:40;6,92
20/06/2026 06:45;6,92
20/06/2026 06:50;6,92
20/06/2026 06:55;6,92
20/06/2026 07:00;6,92
20/06/2026 07:05;6,91
20/06/2026 07:10;6,91
20/06/2026 07:15;6,91
20/06/2026 07:20;6,91
20/06/2026 07:25;6,91
20/06/2026 07:30;6,91
20/06/2026 07:35;6,91
20/06/2026 07:40;6,91
20/06/2026 07:45;6,9
20/06/2026 07:50;6,9
20/06/2026 07:55;6,9
20/06/2026 08:00;6,9
20/06/2026 08:05;6,9
20/06/2026 08:10;6,91
20/06/2026 08:15;6,9
20/06/2026 08:20;6,91
20/06/2026 08:25;6,9
20/06/2026 08:30;6,91
20/06/2026 08:35;6,9
20/06/2026 08:40;6,9
20/06/2026 08:45;6,91
20/06/2026 08:50;6,91
20/06/2026 08:55;6,91
20/06/2026 09:00;6,91
20/06/2026 09:05;6,91
20/06/2026 09:10;6,9
20/06/2026 09:15;6,91
20/06/2026 09:20;6,9
20/06/2026 09:25;6,91
20/06/2026 09:30;6,91
20/06/2026 09:35;6,91
20/06/2026 09:40;6,91
20/06/2026 09:45;6,9
20/06/2026 09:50;6,91
20/06/2026 09:55;6,91
20/06/2026 10:00;6,91
20/06/2026 10:05;6,91
20/06/2026 10:10;6,9
20/06/2026 10:15;6,9
20/06/2026 10:20;6,9
20/06/2026 10:25;6,9
20/06/2026 10:30;6,9
20/06/2026 10:35;6,9
20/06/2026 10:40;6,9
20/06/2026 10:45;6,89
20/06/2026 10:50;6,9
20/06/2026 10:55;6,89
20/06/2026 11:00;6,9
20/06/2026 11:05;6,9
20/06/2026 11:10;6,89
20/06/2026 11:15;6,9
20/06/2026 11:20;6,89
20/06/2026 11:25;6,9
20/06/2026 11:30;6,9
20/06/2026 11:35;6,9
20/06/2026 11:40;6,89
20/06/2026 11:45;6,9
20/06/2026 11:50;6,9
20/06/2026 11:55;6,9
20/06/2026 12:00;6,9
20/06/2026 12:05;6,9
20/06/2026 12:10;6,89
20/06/2026 12:15;6,89
20/06/2026 12:20;6,89
20/06/2026 12:25;6,89
20/06/2026 12:30;6,9
20/06/2026 12:35;6,89
20/06/2026 12:40;6,9
20/06/2026 12:45;6,9
20/06/2026 12:50;6,89
20/06/2026 12:55;6,89
20/06/2026 13:00;6,9
20/06/2026 13:05;6,89
20/06/2026 13:10;6,88
20/06/2026 13:15;6,88
20/06/2026 13:20;6,88
20/06/2026 13:25;6,88
20/06/2026 13:30;6,88
20/06/2026 13:35;6,89
20/06/2026 13:40;6,89
20/06/2026 13:45;6,89
20/06/2026 13:50;6,88
20/06/2026 13:55;6,89
20/06/2026 14:00;6,88
20/06/2026 14:05;6,88
20/06/2026 14:10;6,89
20/06/2026 14:15;6,89
20/06/2026 14:20;6,89
20/06/2026 14:25;6,89
20/06/2026 14:30;6,89
20/06/2026 14:35;6,89
20/06/2026 14:40;6,89
20/06/2026 14:45;6,89
20/06/2026 14:50;6,89
20/06/2026 14:55;6,89
20/06/2026 15:00;6,89
20/06/2026 15:05;6,89
20/06/2026 15:10;6,89
20/06/2026 15:15;6,89
20/06/2026 15:20;6,89
20/06/2026 15:25;6,89
20/06/2026 15:30;6,89
20/06/2026 15:35;6,89
20/06/2026 15:40;6,89
20/06/2026 15:45;6,88
20/06/2026 15:50;6,88
20/06/2026 15:55;6,89
20/06/2026 16:00;6,88
20/06/2026 16:05;6,88
20/06/2026 16:10;6,88
20/06/2026 16:15;6,88
20/06/2026 16:20;6,88
20/06/2026 16:25;6,88
20/06/2026 16:30;6,88
20/06/2026 16:35;6,88
20/06/2026 16:40;6,88
20/06/2026 16:45;6,88
20/06/2026 16:50;6,89
20/06/2026 16:55;6,89
20/06/2026 17:00;6,89
20/06/2026 17:05;6,89
20/06/2026 17:10;6,89
20/06/2026 17:15;6,89
20/06/2026 17:20;6,9
20/06/2026 17:25;6,91
20/06/2026 17:30;6,91
20/06/2026 17:35;6,91
20/06/2026 17:40;6,92
20/06/2026 17:45;6,92
20/06/2026 17:50;6,92
20/06/2026 17:55;6,93
20/06/2026 18:00;6,93
20/06/2026 18:05;6,94
20/06/2026 18:10;6,94
20/06/2026 18:15;6,95
20/06/2026 18:20;6,96
20/06/2026 18:25;6,96
20/06/2026 18:30;6,97
20/06/2026 18:35;6,97
20/06/2026 18:40;6,99
20/06/2026 18:45;6,99
20/06/2026 18:50;7,0
20/06/2026 18:55;7,0
20/06/2026 19:00;7,01
20/06/2026 19:05;7,01
20/06/2026 19:10;7,02
20/06/2026 19:15;7,03
20/06/2026 19:20;7,04
20/06/2026 19:25;7,04
20/06/2026 19:30;7,06
20/06/2026 19:35;7,06
20/06/2026 19:40;7,07
20/06/2026 19:45;7,08
20/06/2026 19:50;7,08
20/06/2026 19:55;7,08
20/06/2026 20:00;7,1
20/06/2026 20:05;7,1
20/06/2026 20:10;7,11
20/06/2026 20:15;7,12
20/06/2026 20:20;7,12
20/06/2026 20:25;7,13
20/06/2026 20:30;7,13
20/06/2026 20:35;7,14
20/06/2026 20:40;7,15
20/06/2026 20:45;7,15
20/06/2026 20:50;7,15
20/06/2026 20:55;7,17
20/06/2026 21:00;7,17
20/06/2026 21:05;7,17
20/06/2026 21:10;7,18
20/06/2026 21:15;7,18
20/06/2026 21:20;7,18
20/06/2026 21:25;7,19
20/06/2026 21:30;7,2
20/06/2026 21:35;7,21
20/06/2026 21:40;7,21
20/06/2026 21:45;7,23
20/06/2026 21:50;7,23
20/06/2026 21:55;7,23
20/06/2026 22:00;7,23
20/06/2026 22:05;7,23
20/06/2026 22:10;7,23
20/06/2026 22:15;7,23
20/06/2026 22:20;7,23
20/06/2026 22:25;7,22
20/06/2026 22:30;7,22
20/06/2026 22:35;7,21
20/06/2026 22:40;7,22
20/06/2026 22:45;7,21
20/06/2026 22:50;7,21
20/06/2026 22:55;7,21
20/06/2026 23:00;7,21
20/06/2026 23:05;7,2
20/06/2026 23:10;7,2
20/06/2026 23:15;7,2
20/06/2026 23:20;7,19
20/06/2026 23:25;7,19
20/06/2026 23:30;7,19
20/06/2026 23:35;7,19
20/06/2026 23:40;7,19
20/06/2026 23:45;7,18
20/06/2026 23:50;7,17
20/06/2026 23:55;7,17
21/06/2026 00:00;7,16
21/06/2026 00:05;7,17
21/06/2026 00:10;7,16
21/06/2026 00:15;7,15
21/06/2026 00:20;7,15
21/06/2026 00:25;7,14
21/06/2026 00:30;7,14
21/06/2026 00:35;7,14
21/06/2026 00:40;7,13
21/06/2026 00:45;7,13
21/06/2026 00:50;7,12
21/06/2026 00:55;7,12
21/06/2026 01:00;7,11
21/06/2026 01:05;7,11
21/06/2026 01:10;7,1
21/06/2026 01:15;7,09
21/06/2026 01:20;7,08
21/06/2026 01:25;7,07
21/06/2026 01:30;7,07
21/06/2026 01:35;7,06
21/06/2026 01:40;7,06
21/06/2026 01:45;7,05
21/06/2026 01:50;7,04
21/06/2026 01:55;7,03
21/06/2026 02:00;7,03
21/06/2026 02:05;7,02
21/06/2026 02:10;7,01
21/06/2026 02:15;7,01
21/06/2026 02:20;6,99
21/06/2026 02:25;6,99
21/06/2026 02:30;6,99
21/06/2026 02:35;6,97
21/06/2026 02:40;6,97
21/06/2026 02:45;6,96
21/06/2026 02:50;6,95
21/06/2026 02:55;6,94
21/06/2026 03:00;6,93
21/06/2026 03:05;6,92
21/06/2026 03:10;6,92
21/06/2026 03:15;6,91
21/06/2026 03:20;6,9
21/06/2026 03:25;6,9
21/06/2026 03:30;6,89
21/06/2026 03:35;6,88
21/06/2026 03:40;6,87
21/06/2026 03:45;6,86
21/06/2026 03:50;6,85
21/06/2026 03:55;6,85
21/06/2026 04:00;6,84
21/06/2026 04:05;6,83
21/06/2026 04:10;6,83
21/06/2026 04:15;6,82
21/06/2026 04:20;6,81
21/06/2026 04:25;6,81
21/06/2026 04:30;6,8
21/06/2026 04:35;6,79
21/06/2026 04:40;6,79
21/06/2026 04:45;6,78
21/06/2026 04:50;6,78
21/06/2026 04:55;6,77
21/06/2026 05:00;6,76
21/06/2026 05:05;6,76
21/06/2026 05:10;6,75
21/06/2026 05:15;6,74
21/06/2026 05:20;6,74
21/06/2026 05:25;6,74
21/06/2026 05:30;6,74
21/06/2026 05:35;6,73
21/06/2026 05:40;6,73
21/06/2026 05:45;6,73
21/06/2026 05:50;6,72
21/06/2026 05:55;6,72
21/06/2026 06:00;6,72
21/06/2026 06:05;6,72
21/06/2026 06:10;6,71
21/06/2026 06:15;6,71
21/06/2026 06:20;6,71
21/06/2026 06:25;6,7
21/06/2026 06:30;6,7
21/06/2026 06:35;6,7
21/06/2026 06:40;6,7
21/06/2026 06:45;6,7
21/06/2026 06:50;6,69
21/06/2026 06:55;6,69
21/06/2026 07:00;6,69
21/06/2026 07:05;6,69
21/06/2026 07:10;6,68
21/06/2026 07:15;6,68
21/06/2026 07:20;6,68
21/06/2026 07:25;6,68
21/06/2026 07:30;6,68
21/06/2026 07:35;6,67
21/06/2026 07:40;6,67
21/06/2026 07:45;6,66
21/06/2026 07:50;6,67
21/06/2026 07:55;6,67
21/06/2026 08:00;6,67
21/06/2026 08:05;6,67
21/06/2026 08:10;6,67
21/06/2026 08:15;6,67
21/06/2026 08:20;6,67
21/06/2026 08:25;6,67
21/06/2026 08:30;6,67
21/06/2026 08:35;6,67
21/06/2026 08:40;6,67
21/06/2026 08:45;6,7
21/06/2026 08:50;6,71
21/06/2026 08:55;6,69
21/06/2026 09:00;6,69
21/06/2026 09:05;6,68
21/06/2026 09:10;6,68
21/06/2026 09:15;6,68
21/06/2026 09:20;6,68
21/06/2026 09:25;6,68
21/06/2026 09:30;6,68
21/06/2026 09:35;6,68
21/06/2026 09:40;6,68
21/06/2026 09:45;6,68
21/06/2026 09:50;6,68
21/06/2026 09:55;6,68
21/06/2026 10:00;6,68
21/06/2026 10:05;6,69
21/06/2026 10:10;6,69
21/06/2026 10:15;6,69
21/06/2026 10:20;6,69
21/06/2026 10:25;6,69
21/06/2026 10:30;6,69
21/06/2026 10:35;6,69
21/06/2026 10:40;6,69
21/06/2026 10:45;6,69
21/06/2026 10:50;6,69
21/06/2026 10:55;6,69
21/06/2026 11:00;6,69
21/06/2026 11:05;6,69
21/06/2026 11:10;6,69
21/06/2026 11:15;6,69
21/06/2026 11:20;6,69
21/06/2026 11:25;6,69
21/06/2026 11:30;6,68
21/06/2026 11:35;6,68
21/06/2026 11:40;6,68
21/06/2026 11:45;6,67
21/06/2026 11:50;6,68
21/06/2026 11:55;6,68
21/06/2026 12:00;6,68
21/06/2026 12:05;6,68
21/06/2026 12:10;6,68
21/06/2026 12:15;6,68
21/06/2026 12:20;6,69
21/06/2026 12:25;6,69
21/06/2026 12:30;6,69
21/06/2026 12:35;6,69
21/06/2026 12:40;6,7
21/06/2026 12:45;6,7
21/06/2026 12:50;6,7
21/06/2026 12:55;6,7
21/06/2026 13:00;6,7
21/06/2026 13:05;6,71
21/06/2026 13:10;6,71
21/06/2026 13:15;6,72
21/06/2026 13:20;6,72
21/06/2026 13:25;6,73
21/06/2026 13:30;6,73
21/06/2026 13:35;6,73
21/06/2026 13:40;6,73
21/06/2026 13:45;6,74
21/06/2026 13:50;6,74
21/06/2026 13:55;6,74
21/06/2026 14:00;6,75
21/06/2026 14:05;6,75
21/06/2026 14:10;6,75
21/06/2026 14:15;6,75
21/06/2026 14:20;6,75
21/06/2026 14:25;6,75
21/06/2026 14:30;6,75
21/06/2026 14:35;6,75
21/06/2026 14:40;6,75
21/06/2026 14:45;6,74
21/06/2026 14:50;6,74
21/06/2026 14:55;6,74
21/06/2026 15:00;6,74
21/06/2026 15:05;6,74
21/06/2026 15:10;6,75
21/06/2026 15:15;6,74
21/06/2026 15:20;6,75
21/06/2026 15:25;6,75
21/06/2026 15:30;6,75
21/06/2026 15:35;6,75
21/06/2026 15:40;6,76
21/06/2026 15:45;6,75
21/06/2026 15:50;6,75
21/06/2026 15:55;6,75
21/06/2026 16:00;6,76
21/06/2026 16:05;6,76
21/06/2026 16:10;6,77
21/06/2026 16:15;6,77
21/06/2026 16:20;6,78
21/06/2026 16:25;6,78
21/06/2026 16:30;6,79
21/06/2026 16:35;6,8
21/06/2026 16:40;6,8
21/06/2026 16:45;6,8
21/06/2026 16:50;6,81
21/06/2026 16:55;6,81
21/06/2026 17:00;6,82
21/06/2026 17:05;6,82
21/06/2026 17:10;6,83
21/06/2026 17:15;6,84
21/06/2026 17:20;6,85
21/06/2026 17:25;6,85
21/06/2026 17:30;6,86
21/06/2026 17:35;6,86
21/06/2026 17:40;6,87
21/06/2026 17:45;6,87
21/06/2026 17:50;6,88
21/06/2026 17:55;6,88
21/06/2026 18:00;6,89
21/06/2026 18:05;6,9
21/06/2026 18:10;6,91
21/06/2026 18:15;6,91
21/06/2026 18:20;6,92
21/06/2026 18:25;6,92
21/06/2026 18:30;6,94
21/06/2026 18:35;6,93
21/06/2026 18:40;6,95
21/06/2026 18:45;6,95
21/06/2026 18:50;6,96
21/06/2026 18:55;6,96
21/06/2026 19:00;6,98
21/06/2026 19:05;6,98
21/06/2026 19:10;6,99
21/06/2026 19:15;6,99
21/06/2026 19:20;7,0
21/06/2026 19:25;7,01
21/06/2026 19:30;7,01
21/06/2026 19:35;7,02
21/06/2026 19:40;7,04
21/06/2026 19:45;7,04
21/06/2026 19:50;7,04
21/06/2026 19:55;7,05
21/06/2026 20:00;7,06
21/06/2026 20:05;7,07
21/06/2026 20:10;7,08
21/06/2026 20:15;7,08
21/06/2026 20:20;7,09
21/06/2026 20:25;7,1
21/06/2026 20:30;7,1
21/06/2026 20:35;7,11
21/06/2026 20:40;7,12
21/06/2026 20:45;7,12
21/06/2026 20:50;7,13
21/06/2026 20:55;7,13
21/06/2026 21:00;7,14
21/06/2026 21:05;7,15
21/06/2026 21:10;7,15
21/06/2026 21:15;7,16
21/06/2026 21:20;7,16
21/06/2026 21:25;7,16
21/06/2026 21:30;7,17
21/06/2026 21:35;7,17
21/06/2026 21:40;7,17
21/06/2026 21:45;7,18
21/06/2026 21:50;7,18
21/06/2026 21:55;7,18
21/06/2026 22:00;7,18
21/06/2026 22:05;7,19
21/06/2026 22:10;7,18
21/06/2026 22:15;7,18
21/06/2026 22:20;7,18
21/06/2026 22:25;7,18
21/06/2026 22:30;7,18
21/06/2026 22:35;7,18
21/06/2026 22:40;7,18
21/06/2026 22:45;7,17
21/06/2026 22:50;7,17
21/06/2026 22:55;7,17
21/06/2026 23:00;7,16
21/06/2026 23:05;7,16
21/06/2026 23:10;7,15
21/06/2026 23:15;7,15
21/06/2026 23:20;7,14
21/06/2026 23:25;7,14
21/06/2026 23:30;7,14
21/06/2026 23:35;7,13
21/06/2026 23:40;7,13
21/06/2026 23:45;7,12
21/06/2026 23:50;7,11
21/06/2026 23:55;7,11
22/06/2026 00:00;7,11
22/06/2026 00:05;7,09
22/06/2026 00:10;7,09
22/06/2026 00:15;7,08
22/06/2026 00:20;7,08
22/06/2026 00:25;7,07
22/06/2026 00:30;7,07
22/06/2026 00:35;7,07
22/06/2026 00:40;7,06
22/06/2026 00:45;7,05
22/06/2026 00:50;7,05
22/06/2026 00:55;7,04
22/06/2026 01:00;7,04
22/06/2026 01:05;7,03
22/06/2026 01:10;7,02
22/06/2026 01:15;7,02
22/06/2026 01:20;7,02
22/06/2026 01:25;7,01
22/06/2026 01:30;7,0
22/06/2026 01:35;6,99
22/06/2026 01:40;6,98
22/06/2026 01:45;6,98
22/06/2026 01:50;6,97
22/06/2026 01:55;6,97
22/06/2026 02:00;6,96
22/06/2026 02:05;6,95
22/06/2026 02:10;6,95
22/06/2026 02:15;6,94
22/06/2026 02:20;6,94
22/06/2026 02:25;6,93
22/06/2026 02:30;6,93
22/06/2026 02:35;6,92
22/06/2026 02:40;6,91
22/06/2026 02:45;6,91
22/06/2026 02:50;6,91
22/06/2026 02:55;6,9
22/06/2026 03:00;6,9
22/06/2026 03:05;6,89
22/06/2026 03:10;6,89
22/06/2026 03:15;6,88
22/06/2026 03:20;6,87
22/06/2026 03:25;6,87
22/06/2026 03:30;6,87
22/06/2026 03:35;6,86
22/06/2026 03:40;6,86
22/06/2026 03:45;6,86
22/06/2026 03:50;6,85
22/06/2026 03:55;6,85
22/06/2026 04:00;6,84
22/06/2026 04:05;6,84
22/06/2026 04:10;6,84
22/06/2026 04:15;6,84
22/06/2026 04:20;6,83
22/06/2026 04:25;6,83
22/06/2026 04:30;6,83
22/06/2026 04:35;6,82
22/06/2026 04:40;6,82
22/06/2026 04:45;6,82
22/06/2026 04:50;6,82
22/06/2026 04:55;6,82
22/06/2026 05:00;6,81
22/06/2026 05:05;6,82
22/06/2026 05:10;6,82
22/06/2026 05:15;6,81
22/06/2026 05:20;6,81
22/06/2026 05:25;6,81
22/06/2026 05:30;6,81
22/06/2026 05:35;6,81
22/06/2026 05:40;6,81
22/06/2026 05:45;6,81
22/06/2026 05:50;6,81
22/06/2026 05:55;6,8
22/06/2026 06:00;6,81
22/06/2026 06:05;6,8
22/06/2026 06:10;6,81
22/06/2026 06:15;6,8
22/06/2026 06:20;6,8
22/06/2026 06:25;6,8
22/06/2026 06:30;6,8
22/06/2026 06:35;6,8
22/06/2026 06:40;6,8
22/06/2026 06:45;6,8
22/06/2026 06:50;6,8
22/06/2026 06:55;6,8
22/06/2026 07:00;6,8
22/06/2026 07:05;6,8
22/06/2026 07:10;6,81
22/06/2026 07:15;6,81
22/06/2026 07:20;6,81
22/06/2026 07:25;6,81
22/06/2026 07:30;6,81
22/06/2026 07:35;6,81
22/06/2026 07:40;6,81
22/06/2026 07:45;6,81
22/06/2026 07:50;6,81
22/06/2026 07:55;6,82
22/06/2026 08:00;6,81
22/06/2026 08:05;6,81
22/06/2026 08:10;6,81
22/06/2026 08:15;6,82
22/06/2026 08:20;6,82
22/06/2026 08:25;6,82
22/06/2026 08:30;6,82
22/06/2026 08:35;6,82
22/06/2026 08:40;6,82
22/06/2026 08:45;6,82
22/06/2026 08:50;6,82
22/06/2026 08:55;6,82
22/06/2026 09:00;6,82
22/06/2026 09:05;6,81
22/06/2026 09:10;6,81
22/06/2026 09:15;6,8
22/06/2026 09:20;6,8
22/06/2026 09:25;6,8
22/06/2026 09:30;6,79
22/06/2026 09:35;6,79
22/06/2026 09:40;6,79
22/06/2026 09:45;6,79
22/06/2026 09:50;6,78
22/06/2026 09:55;6,78
22/06/2026 10:00;6,79
22/06/2026 10:05;6,78
22/06/2026 10:10;6,78
22/06/2026 10:15;6,78
22/06/2026 10:20;6,78
22/06/2026 10:25;6,78
22/06/2026 10:30;6,78
22/06/2026 10:35;6,77
22/06/2026 10:40;6,78
22/06/2026 10:45;6,78
22/06/2026 10:50;6,78
22/06/2026 10:55;6,78
22/06/2026 11:00;6,78
22/06/2026 11:05;6,79
22/06/2026 11:10;6,79
22/06/2026 11:15;6,78
22/06/2026 11:20;6,79
22/06/2026 11:25;6,79
22/06/2026 11:30;6,79
22/06/2026 11:35;6,79
22/06/2026 11:40;6,79
22/06/2026 11:45;6,79
22/06/2026 11:50;6,79
22/06/2026 11:55;6,79
22/06/2026 12:00;6,79
22/06/2026 12:05;6,79
22/06/2026 12:10;6,79
22/06/2026 12:15;6,79
22/06/2026 12:20;6,79
22/06/2026 12:25;6,79
22/06/2026 12:30;6,8
22/06/2026 12:35;6,79
22/06/2026 12:40;6,8
22/06/2026 12:45;6,8
22/06/2026 12:50;6,8
22/06/2026 12:55;6,8
22/06/2026 13:00;6,8
22/06/2026 13:05;6,81
22/06/2026 13:10;6,81
22/06/2026 13:15;6,81
22/06/2026 13:20;6,82
22/06/2026 13:25;6,82
22/06/2026 13:30;6,81
22/06/2026 13:35;6,82
22/06/2026 13:40;6,82
22/06/2026 13:45;6,82
22/06/2026 13:50;6,82
22/06/2026 13:55;6,82
22/06/2026 14:00;6,82
22/06/2026 14:05;6,82
22/06/2026 14:10;6,82
22/06/2026 14:15;6,82
22/06/2026 14:20;6,82
22/06/2026 14:25;6,82
22/06/2026 14:30;6,82
22/06/2026 14:35;6,82
22/06/2026 14:40;6,82
22/06/2026 14:45;6,82
22/06/2026 14:50;6,82
22/06/2026 14:55;6,83
22/06/2026 15:00;6,83
22/06/2026 15:05;6,83
22/06/2026 15:10;6,83
22/06/2026 15:15;6,84
22/06/2026 15:20;6,84
22/06/2026 15:25;6,85
22/06/2026 15:30;6,85
22/06/2026 15:35;6,85
22/06/2026 15:40;6,86
22/06/2026 15:45;6,87
22/06/2026 15:50;6,88
22/06/2026 15:55;6,88
22/06/2026 16:00;6,9
22/06/2026 16:05;6,92
22/06/2026 16:10;6,93
22/06/2026 16:15;6,94
22/06/2026 16:20;6,95
22/06/2026 16:25;6,98
22/06/2026 16:30;7,0
22/06/2026 16:35;7,02
22/06/2026 16:40;7,04
22/06/2026 16:45;7,06
22/06/2026 16:50;7,07
22/06/2026 16:55;7,08
22/06/2026 17:00;7,1
22/06/2026 17:05;7,11
22/06/2026 17:10;7,11
22/06/2026 17:15;7,11
22/06/2026 17:20;7,1
22/06/2026 17:25;7,09
22/06/2026 17:30;7,07
22/06/2026 17:35;7,04
22/06/2026 17:40;7,01
22/06/2026 17:45;6,95
22/06/2026 17:50;6,91
22/06/2026 17:55;6,85
22/06/2026 18:00;6,8
22/06/2026 18:05;6,73
22/06/2026 18:10;6,67
22/06/2026 18:15;6,61
22/06/2026 18:20;6,54
22/06/2026 18:25;6,51
22/06/2026 18:30;6,45
22/06/2026 18:35;6,42
22/06/2026 18:40;6,39
22/06/2026 18:45;6,35
22/06/2026 18:50;6,33
22/06/2026 18:55;6,3
22/06/2026 19:00;6,29
22/06/2026 19:05;6,28
22/06/2026 19:10;6,27
22/06/2026 19:15;6,26
22/06/2026 19:20;6,26
22/06/2026 19:25;6,25
22/06/2026 19:30;6,25
22/06/2026 19:35;6,25
22/06/2026 19:40;6,26
22/06/2026 19:45;6,26
22/06/2026 19:50;6,27
22/06/2026 19:55;6,27
22/06/2026 20:00;6,28
22/06/2026 20:05;6,28
22/06/2026 20:10;6,29
22/06/2026 20:15;6,29
22/06/2026 20:20;6,29
22/06/2026 20:25;6,3
22/06/2026 20:30;6,31
22/06/2026 20:35;6,31
22/06/2026 20:40;6,32
22/06/2026 20:45;6,32
22/06/2026 20:50;6,32
22/06/2026 20:55;6,33
22/06/2026 21:00;6,33
22/06/2026 21:05;6,34
22/06/2026 21:10;6,34
22/06/2026 21:15;6,35
22/06/2026 21:20;6,36
22/06/2026 21:25;6,36
22/06/2026 21:30;6,37
22/06/2026 21:35;6,37
22/06/2026 21:40;6,37
22/06/2026 21:45;6,39
22/06/2026 21:50;6,39
22/06/2026 21:55;6,39
22/06/2026 22:00;6,39
22/06/2026 22:05;6,4
22/06/2026 22:10;6,41
22/06/2026 22:15;6,41
22/06/2026 22:20;6,42
22/06/2026 22:25;6,42
22/06/2026 22:30;6,43
22/06/2026 22:35;6,43
22/06/2026 22:40;6,43
22/06/2026 22:45;6,43
22/06/2026 22:50;6,44
22/06/2026 22:55;6,44
22/06/2026 23:00;6,44
22/06/2026 23:05;6,45
22/06/2026 23:10;6,45
22/06/2026 23:15;6,45
22/06/2026 23:20;6,45
22/06/2026 23:25;6,45
22/06/2026 23:30;6,46
22/06/2026 23:35;6,46
22/06/2026 23:40;6,46
22/06/2026 23:45;6,47
22/06/2026 23:50;6,46
22/06/2026 23:55;6,46
23/06/2026 00:00;6,47
23/06/2026 00:05;6,47
23/06/2026 00:10;6,47
23/06/2026 00:15;6,48
23/06/2026 00:20;6,47
23/06/2026 00:25;6,47
23/06/2026 00:30;6,48
23/06/2026 00:35;6,48
23/06/2026 00:40;6,48
23/06/2026 00:45;6,48
23/06/2026 00:50;6,49
23/06/2026 00:55;6,49
23/06/2026 01:00;6,48
23/06/2026 01:05;6,49
23/06/2026 01:10;6,49
23/06/2026 01:15;6,49
23/06/2026 01:20;6,49
23/06/2026 01:25;6,5
23/06/2026 01:30;6,5
23/06/2026 01:35;6,5
23/06/2026 01:40;6,5
23/06/2026 01:45;6,51
23/06/2026 01:50;6,51
23/06/2026 01:55;6,51
23/06/2026 02:00;6,51
23/06/2026 02:05;6,52
23/06/2026 02:10;6,52
23/06/2026 02:15;6,52
23/06/2026 02:20;6,52
23/06/2026 02:25;6,53
23/06/2026 02:30;6,53
23/06/2026 02:35;6,53
23/06/2026 02:40;6,53
23/06/2026 02:45;6,54
23/06/2026 02:50;6,54
23/06/2026 02:55;6,53
23/06/2026 03:00;6,54
23/06/2026 03:05;6,54
23/06/2026 03:10;6,54
23/06/2026 03:15;6,54
23/06/2026 03:20;6,54
23/06/2026 03:25;6,54
23/06/2026 03:30;6,55
23/06/2026 03:35;6,55
23/06/2026 03:40;6,55
23/06/2026 03:45;6,56
23/06/2026 03:50;6,55
23/06/2026 03:55;6,55
23/06/2026 04:00;6,55
23/06/2026 04:05;6,56
23/06/2026 04:10;6,56
23/06/2026 04:15;6,55
23/06/2026 04:20;6,56
23/06/2026 04:25;6,56
23/06/2026 04:30;6,55
23/06/2026 04:35;6,56
23/06/2026 04:40;6,55
23/06/2026 04:45;6,56
23/06/2026 04:50;6,55
23/06/2026 04:55;6,55
23/06/2026 05:00;6,56
23/06/2026 05:05;6,55
23/06/2026 05:10;6,55
23/06/2026 05:15;6,55
23/06/2026 05:20;6,55
23/06/2026 05:25;6,56
23/06/2026 05:30;6,56
23/06/2026 05:35;6,56
23/06/2026 05:40;6,56
23/06/2026 05:45;6,56
23/06/2026 05:50;6,55
23/06/2026 05:55;6,55
23/06/2026 06:00;6,55
23/06/2026 06:05;6,56
23/06/2026 06:10;6,55
23/06/2026 06:15;6,55
23/06/2026 06:20;6,55
23/06/2026 06:25;6,55
23/06/2026 06:30;6,55
23/06/2026 06:35;6,55
23/06/2026 06:40;6,55
23/06/2026 06:45;6,55
23/06/2026 06:50;6,55
23/06/2026 06:55;6,55
23/06/2026 07:00;6,54
23/06/2026 07:05;6,54
23/06/2026 07:10;6,54
23/06/2026 07:15;6,54
23/06/2026 07:20;6,54
23/06/2026 07:25;6,54
23/06/2026 07:30;6,54
23/06/2026 07:35;6,54
23/06/2026 07:40;6,53
23/06/2026 07:45;6,53
23/06/2026 07:50;6,53
23/06/2026 07:55;6,53
23/06/2026 08:00;6,53
23/06/2026 08:05;6,53
23/06/2026 08:10;6,53
23/06/2026 08:15;6,53
23/06/2026 08:20;6,53
23/06/2026 08:25;6,53
23/06/2026 08:30;6,53
23/06/2026 08:35;6,53
23/06/2026 08:40;6,53
23/06/2026 08:45;6,53
23/06/2026 08:50;6,52
23/06/2026 08:55;6,52
23/06/2026 09:00;6,53
23/06/2026 09:05;6,53
23/06/2026 09:10;6,52
23/06/2026 09:15;6,53
23/06/2026 09:20;6,53
23/06/2026 09:25;6,52
23/06/2026 09:30;6,53
23/06/2026 09:35;6,53
23/06/2026 09:40;6,53
23/06/2026 09:45;6,52
23/06/2026 09:50;6,53
23/06/2026 09:55;6,52
23/06/2026 10:00;6,52
23/06/2026 10:05;6,52
23/06/2026 10:10;6,52
23/06/2026 10:15;6,51
23/06/2026 10:20;6,52
23/06/2026 10:25;6,51
23/06/2026 10:30;6,52
23/06/2026 10:35;6,51
23/06/2026 10:40;6,51
23/06/2026 10:45;6,51
23/06/2026 10:50;6,51
23/06/2026 10:55;6,51
23/06/2026 11:00;6,51
23/06/2026 11:05;6,51
23/06/2026 11:10;6,51
23/06/2026 11:15;6,51
23/06/2026 11:20;6,51
23/06/2026 11:25;6,51
23/06/2026 11:30;6,52
23/06/2026 11:35;6,51
23/06/2026 11:40;6,5
23/06/2026 11:45;6,5
23/06/2026 11:50;6,5
23/06/2026 11:55;6,5
23/06/2026 12:00;6,5
23/06/2026 12:05;6,5
23/06/2026 12:10;6,51
23/06/2026 12:15;6,5
23/06/2026 12:20;6,5
23/06/2026 12:25;6,5
23/06/2026 12:30;6,5
23/06/2026 12:35;6,51
23/06/2026 12:40;6,51
23/06/2026 12:45;6,51
23/06/2026 12:50;6,5
23/06/2026 12:55;6,51
23/06/2026 13:00;6,51
23/06/2026 13:05;6,5
23/06/2026 13:10;6,5
23/06/2026 13:15;6,5
23/06/2026 13:20;6,5
23/06/2026 13:25;6,5
23/06/2026 13:30;6,5
23/06/2026 13:35;6,5
23/06/2026 13:40;6,49
23/06/2026 13:45;6,49
23/06/2026 13:50;6,5
23/06/2026 13:55;6,5
23/06/2026 14:00;6,5
23/06/2026 14:05;6,5
23/06/2026 14:10;6,5
23/06/2026 14:15;6,49
23/06/2026 14:20;6,5
23/06/2026 14:25;6,5
23/06/2026 14:30;6,5
23/06/2026 14:35;6,5
23/06/2026 14:40;6,5
23/06/2026 14:45;6,5
23/06/2026 14:50;6,5
23/06/2026 14:55;6,5
23/06/2026 15:00;6,5
23/06/2026 15:05;6,5
23/06/2026 15:10;6,5
23/06/2026 15:15;6,5
23/06/2026 15:20;6,51
23/06/2026 15:25;6,51
23/06/2026 15:30;6,51
23/06/2026 15:35;6,51
23/06/2026 15:40;6,51
23/06/2026 15:45;6,5
23/06/2026 15:50;6,5
23/06/2026 15:55;6,5
23/06/2026 16:00;6,5
23/06/2026 16:05;6,5
23/06/2026 16:10;6,51
23/06/2026 16:15;6,5
23/06/2026 16:20;6,5
23/06/2026 16:25;6,5
23/06/2026 16:30;6,5
23/06/2026 16:35;6,5
23/06/2026 16:40;6,5
23/06/2026 16:45;6,5
23/06/2026 16:50;6,5
23/06/2026 16:55;6,5
23/06/2026 17:00;6,51
23/06/2026 17:05;6,5
23/06/2026 17:10;6,51
23/06/2026 17:15;6,51
23/06/2026 17:20;6,51
23/06/2026 17:25;6,51
23/06/2026 17:30;6,52
23/06/2026 17:35;6,52
23/06/2026 17:40;6,53
23/06/2026 17:45;6,53
23/06/2026 17:50;6,55
23/06/2026 17:55;6,57
23/06/2026 18:00;6,58
23/06/2026 18:05;6,61
23/06/2026 18:10;6,63
23/06/2026 18:15;6,64
23/06/2026 18:20;6,66
23/06/2026 18:25;6,67
23/06/2026 18:30;6,69
23/06/2026 18:35;6,7
23/06/2026 18:40;6,7
23/06/2026 18:45;6,71
23/06/2026 18:50;6,71
23/06/2026 18:55;6,72
23/06/2026 19:00;6,73
23/06/2026 19:05;6,74
23/06/2026 19:10;6,75
23/06/2026 19:15;6,75
23/06/2026 19:20;6,76
23/06/2026 19:25;6,76
23/06/2026 19:30;6,78
23/06/2026 19:35;6,79
23/06/2026 19:40;6,79
23/06/2026 19:45;6,79
23/06/2026 19:50;6,8
23/06/2026 19:55;6,81
23/06/2026 20:00;6,82
23/06/2026 20:05;6,82
23/06/2026 20:10;6,82
23/06/2026 20:15;6,83
23/06/2026 20:20;6,83
23/06/2026 20:25;6,83
23/06/2026 20:30;6,83
23/06/2026 20:35;6,84
23/06/2026 20:40;6,84
23/06/2026 20:45;6,85
23/06/2026 20:50;6,86
23/06/2026 20:55;6,86
23/06/2026 21:00;6,87
23/06/2026 21:05;6,87
23/06/2026 21:10;6,88
23/06/2026 21:15;6,89
23/06/2026 21:20;6,9
23/06/2026 21:25;6,92
23/06/2026 21:30;6,94
23/06/2026 21:35;6,97
23/06/2026 21:40;6,98
23/06/2026 21:45;7,0
23/06/2026 21:50;7,01
23/06/2026 21:55;7,02
23/06/2026 22:00;7,02
23/06/2026 22:05;7,05
23/06/2026 22:10;7,07
23/06/2026 22:15;7,08
23/06/2026 22:20;7,07
23/06/2026 22:25;7,07
23/06/2026 22:30;7,07
23/06/2026 22:35;7,08
23/06/2026 22:40;7,07
23/06/2026 22:45;7,08
23/06/2026 22:50;7,08
23/06/2026 22:55;7,07
23/06/2026 23:00;7,07
23/06/2026 23:05;7,07
23/06/2026 23:10;7,06
23/06/2026 23:15;7,07
23/06/2026 23:20;7,06
23/06/2026 23:25;7,06
23/06/2026 23:30;7,06
23/06/2026 23:35;7,06
23/06/2026 23:40;7,05
23/06/2026 23:45;7,05
23/06/2026 23:50;7,05
23/06/2026 23:55;7,05
24/06/2026 00:00;7,05
24/06/2026 00:05;7,04
24/06/2026 00:10;7,04
24/06/2026 00:15;7,03
24/06/2026 00:20;7,03
24/06/2026 00:25;7,03
24/06/2026 00:30;7,03
24/06/2026 00:35;7,02
24/06/2026 00:40;7,02
24/06/2026 00:45;7,02
24/06/2026 00:50;7,02
24/06/2026 00:55;7,02
24/06/2026 01:00;7,02
24/06/2026 01:05;7,02
24/06/2026 01:10;7,01
24/06/2026 01:15;7,01
24/06/2026 01:20;7,01
24/06/2026 01:25;7,01
24/06/2026 01:30;7,0
24/06/2026 01:35;7,01
24/06/2026 01:40;7,01
24/06/2026 01:45;7,01
24/06/2026 01:50;7,0
24/06/2026 01:55;7,01
24/06/2026 02:00;7,0
24/06/2026 02:05;7,0
24/06/2026 02:10;6,99
24/06/2026 02:15;6,99
24/06/2026 02:20;6,99
24/06/2026 02:25;6,99
24/06/2026 02:30;6,99
24/06/2026 02:35;6,98
24/06/2026 02:40;6,98
24/06/2026 02:45;6,97
24/06/2026 02:50;6,97
24/06/2026 02:55;6,96
24/06/2026 03:00;6,97
24/06/2026 03:05;6,96
24/06/2026 03:10;6,96
24/06/2026 03:15;6,97
24/06/2026 03:20;6,97
24/06/2026 03:25;6,96
24/06/2026 03:30;6,96
24/06/2026 03:35;6,96
24/06/2026 03:40;6,95
24/06/2026 03:45;6,95
24/06/2026 03:50;6,95
24/06/2026 03:55;6,95
24/06/2026 04:00;6,94
24/06/2026 04:05;6,94
24/06/2026 04:10;6,94
24/06/2026 04:15;6,94
24/06/2026 04:20;6,94
24/06/2026 04:25;6,93
24/06/2026 04:30;6,92
24/06/2026 04:35;6,91
24/06/2026 04:40;6,9
24/06/2026 04:45;6,9
24/06/2026 04:50;6,89
24/06/2026 04:55;6,88
24/06/2026 05:00;6,87
24/06/2026 05:05;6,87
24/06/2026 05:10;6,86
24/06/2026 05:15;6,85
24/06/2026 05:20;6,84
24/06/2026 05:25;6,84
24/06/2026 05:30;6,83
24/06/2026 05:35;6,82
24/06/2026 05:40;6,83
24/06/2026 05:45;6,81
24/06/2026 05:50;6,82
24/06/2026 05:55;6,81
24/06/2026 06:00;6,81
24/06/2026 06:05;6,8
24/06/2026 06:10;6,8
24/06/2026 06:15;6,79
24/06/2026 06:20;6,79
24/06/2026 06:25;6,78
24/06/2026 06:30;6,78
24/06/2026 06:35;6,78
24/06/2026 06:40;6,77
24/06/2026 06:45;6,77
24/06/2026 06:50;6,77
24/06/2026 06:55;6,76
24/06/2026 07:00;6,76
24/06/2026 07:05;6,76
24/06/2026 07:10;6,75
24/06/2026 07:15;6,74
24/06/2026 07:20;6,75
24/06/2026 07:25;6,74
24/06/2026 07:30;6,73
24/06/2026 07:35;6,72
24/06/2026 07:40;6,73
24/06/2026 07:45;6,71
24/06/2026 07:50;6,72
24/06/2026 07:55;6,71
24/06/2026 08:00;6,7
24/06/2026 08:05;6,7
24/06/2026 08:10;6,69
24/06/2026 08:15;6,68
24/06/2026 08:20;6,67
24/06/2026 08:25;6,67
24/06/2026 08:30;6,66
24/06/2026 08:35;6,65
24/06/2026 08:40;6,65
24/06/2026 08:45;6,64
24/06/2026 08:50;6,63
24/06/2026 08:55;6,63
24/06/2026 09:00;6,65
24/06/2026 09:05;6,67
24/06/2026 09:10;6,66
24/06/2026 09:15;6,66
24/06/2026 09:20;6,66
24/06/2026 09:25;6,66
24/06/2026 09:30;6,66
24/06/2026 09:35;6,65
24/06/2026 09:40;6,66
24/06/2026 09:45;6,65
24/06/2026 09:50;6,64
24/06/2026 09:55;6,65
24/06/2026 10:00;6,65
24/06/2026 10:05;6,65
24/06/2026 10:10;6,65
24/06/2026 10:15;6,64
24/06/2026 10:20;6,64
24/06/2026 10:25;6,63
24/06/2026 10:30;6,63
24/06/2026 10:35;6,63
24/06/2026 10:40;6,63
24/06/2026 10:45;6,61
24/06/2026 10:50;6,6
24/06/2026 10:55;6,6
24/06/2026 11:00;6,59
24/06/2026 11:05;6,59
24/06/2026 11:10;6,58
24/06/2026 11:15;6,57
24/06/2026 11:20;6,56
24/06/2026 11:25;6,55
24/06/2026 11:30;6,54
24/06/2026 11:35;6,53
24/06/2026 11:40;6,52
24/06/2026 11:45;6,51
24/06/2026 11:50;6,49
24/06/2026 11:55;6,47
24/06/2026 12:00;6,46
24/06/2026 12:05;6,45
24/06/2026 12:10;6,43
24/06/2026 12:15;6,42
24/06/2026 12:20;6,42
24/06/2026 12:25;6,4
24/06/2026 12:30;6,39
24/06/2026 12:35;6,37
24/06/2026 12:40;6,36
24/06/2026 12:45;6,35
24/06/2026 12:50;6,34
24/06/2026 12:55;6,33
24/06/2026 13:00;6,33
24/06/2026 13:05;6,32
24/06/2026 13:10;6,32
24/06/2026 13:15;6,32
24/06/2026 13:20;6,31
24/06/2026 13:25;6,31
24/06/2026 13:30;6,31
24/06/2026 13:35;6,3
24/06/2026 13:40;6,3
24/06/2026 13:45;6,29
24/06/2026 13:50;6,29
24/06/2026 13:55;6,29
24/06/2026 14:00;6,29
24/06/2026 14:05;6,29
24/06/2026 14:10;6,29
24/06/2026 14:15;6,28
24/06/2026 14:20;6,29
24/06/2026 14:25;6,29
24/06/2026 14:30;6,28
24/06/2026 14:35;6,27
24/06/2026 14:40;6,28
24/06/2026 14:45;6,28
24/06/2026 14:50;6,28
24/06/2026 14:55;6,27
24/06/2026 15:00;6,27
24/06/2026 15:05;6,27
24/06/2026 15:10;6,27
24/06/2026 15:15;6,26
24/06/2026 15:20;6,25
24/06/2026 15:25;6,26
24/06/2026 15:30;6,26
24/06/2026 15:35;6,25
24/06/2026 15:40;6,25
24/06/2026 15:45;6,25
24/06/2026 15:50;6,25
24/06/2026 15:55;6,24
24/06/2026 16:00;6,24
24/06/2026 16:05;6,24
24/06/2026 16:10;6,24
24/06/2026 16:15;6,24
24/06/2026 16:20;6,24
24/06/2026 16:25;6,24
24/06/2026 16:30;6,24
24/06/2026 16:35;6,23
24/06/2026 16:40;6,24
24/06/2026 16:45;6,24
24/06/2026 16:50;6,24
24/06/2026 16:55;6,23
24/06/2026 17:00;6,24
24/06/2026 17:05;6,24
24/06/2026 17:10;6,23
24/06/2026 17:15;6,23
24/06/2026 17:20;6,23
24/06/2026 17:25;6,22
24/06/2026 17:30;6,22
24/06/2026 17:35;6,22
24/06/2026 17:40;6,21
24/06/2026 17:45;6,21
24/06/2026 17:50;6,21
24/06/2026 17:55;6,2
24/06/2026 18:00;6,2
24/06/2026 18:05;6,2
24/06/2026 18:10;6,19
24/06/2026 18:15;6,19
24/06/2026 18:20;6,18
24/06/2026 18:25;6,18
24/06/2026 18:30;6,17
24/06/2026 18:35;6,17
24/06/2026 18:40;6,17
24/06/2026 18:45;6,17
24/06/2026 18:50;6,16
24/06/2026 18:55;6,16
24/06/2026 19:00;6,15
24/06/2026 19:05;6,15
24/06/2026 19:10;6,15
24/06/2026 19:15;6,14
24/06/2026 19:20;6,13
24/06/2026 19:25;6,13
24/06/2026 19:30;6,13
24/06/2026 19:35;6,11
24/06/2026 19:40;6,12
24/06/2026 19:45;6,11
24/06/2026 19:50;6,11
24/06/2026 19:55;6,1
24/06/2026 20:00;6,1
24/06/2026 20:05;6,1
24/06/2026 20:10;6,09
24/06/2026 20:15;6,08
24/06/2026 20:20;6,08
24/06/2026 20:25;6,08
24/06/2026 20:30;6,07
24/06/2026 20:35;6,06
24/06/2026 20:40;6,06
24/06/2026 20:45;6,06
24/06/2026 20:50;6,06
24/06/2026 20:55;6,05
24/06/2026 21:00;6,05
24/06/2026 21:05;6,04
24/06/2026 21:10;6,03
24/06/2026 21:15;6,03
24/06/2026 21:20;6,03
24/06/2026 21:25;6,03
24/06/2026 21:30;6,02
24/06/2026 21:35;6,01
24/06/2026 21:40;6,01
24/06/2026 21:45;6,0
24/06/2026 21:50;6,01
24/06/2026 21:55;6,0
24/06/2026 22:00;6,0
24/06/2026 22:05;6,0
24/06/2026 22:10;5,99
24/06/2026 22:15;5,99
24/06/2026 22:20;5,99
24/06/2026 22:25;5,98
24/06/2026 22:30;5,98
24/06/2026 22:35;5,98
24/06/2026 22:40;5,98
24/06/2026 22:45;5,98
24/06/2026 22:50;5,97
24/06/2026 22:55;5,97
24/06/2026 23:00;5,97
24/06/2026 23:05;5,97
24/06/2026 23:10;5,97
24/06/2026 23:15;5,97
24/06/2026 23:20;5,96
24/06/2026 23:25;5,97
24/06/2026 23:30;5,97
24/06/2026 23:35;5,96
24/06/2026 23:40;5,96
24/06/2026 23:45;5,96
24/06/2026 23:50;5,96
24/06/2026 23:55;5,97
25/06/2026 00:00;5,96
25/06/2026 00:05;5,96
25/06/2026 00:10;5,96
25/06/2026 00:15;5,96
25/06/2026 00:20;5,96
25/06/2026 00:25;5,96
25/06/2026 00:30;5,96
25/06/2026 00:35;5,96
25/06/2026 00:40;5,96
25/06/2026 00:45;5,96
25/06/2026 00:50;5,95
25/06/2026 00:55;5,95
25/06/2026 01:00;5,95
25/06/2026 01:05;5,95
25/06/2026 01:10;5,95
25/06/2026 01:15;5,96
25/06/2026 01:20;5,96
25/06/2026 01:25;5,95
25/06/2026 01:30;5,96
25/06/2026 01:35;5,96
25/06/2026 01:40;5,96
25/06/2026 01:45;5,96
25/06/2026 01:50;5,96
25/06/2026 01:55;5,96
25/06/2026 02:00;5,96
25/06/2026 02:05;5,96
25/06/2026 02:10;5,96
25/06/2026 02:15;5,96
25/06/2026 02:20;5,96
25/06/2026 02:25;5,96
25/06/2026 02:30;5,95
25/06/2026 02:35;5,96
25/06/2026 02:40;5,95
25/06/2026 02:45;5,96
25/06/2026 02:50;5,95
25/06/2026 02:55;5,95
25/06/2026 03:00;5,95
25/06/2026 03:05;5,95
25/06/2026 03:10;5,95
25/06/2026 03:15;5,95
25/06/2026 03:20;5,95
25/06/2026 03:25;5,95
25/06/2026 03:30;5,95
25/06/2026 03:35;5,94
25/06/2026 03:40;5,94
25/06/2026 03:45;5,95
25/06/2026 03:50;5,95
25/06/2026 03:55;5,95
25/06/2026 04:00;5,95
25/06/2026 04:05;5,94
25/06/2026 04:10;5,94
25/06/2026 04:15;5,94
25/06/2026 04:20;5,94
25/06/2026 04:25;5,93
25/06/2026 04:30;5,93
25/06/2026 04:35;5,94
25/06/2026 04:40;5,94
25/06/2026 04:45;5,94
25/06/2026 04:50;5,94
25/06/2026 04:55;5,94
25/06/2026 05:00;5,94
25/06/2026 05:05;5,94
25/06/2026 05:10;5,93
25/06/2026 05:15;5,93
25/06/2026 05:20;5,94
25/06/2026 05:25;5,94
25/06/2026 05:30;5,94
25/06/2026 05:35;5,94
25/06/2026 05:40;5,93
25/06/2026 05:45;5,94
25/06/2026 05:50;5,94
25/06/2026 05:55;5,94
25/06/2026 06:00;5,94
25/06/2026 06:05;5,94
25/06/2026 06:10;5,94
25/06/2026 06:15;5,94
25/06/2026 06:20;5,93
25/06/2026 06:25;5,94
25/06/2026 06:30;5,93
25/06/2026 06:35;5,93
25/06/2026 06:40;5,93
25/06/2026 06:45;5,94
25/06/2026 06:50;5,93
25/06/2026 06:55;5,93
25/06/2026 07:00;5,93
25/06/2026 07:05;5,94
25/06/2026 07:10;5,93
25/06/2026 07:15;5,94
25/06/2026 07:20;5,94
25/06/2026 07:25;5,94
25/06/2026 07:30;5,94
25/06/2026 07:35;5,94
25/06/2026 07:40;5,93
25/06/2026 07:45;5,93
25/06/2026 07:50;5,94
25/06/2026 07:55;5,94
25/06/2026 08:00;5,93
25/06/2026 08:05;5,94
25/06/2026 08:10;5,94
25/06/2026 08:15;5,94
25/06/2026 08:20;5,94
25/06/2026 08:25;5,94
25/06/2026 08:30;5,94
25/06/2026 08:35;5,94
25/06/2026 08:40;5,94
25/06/2026 08:45;5,94
25/06/2026 08:50;5,94
25/06/2026 08:55;5,95
25/06/2026 09:00;5,95
25/06/2026 09:05;5,94
25/06/2026 09:10;5,95
25/06/2026 09:15;5,94
25/06/2026 09:20;5,95
25/06/2026 09:25;5,95
25/06/2026 09:30;5,95
25/06/2026 09:35;5,95
25/06/2026 09:40;5,95
25/06/2026 09:45;5,95
25/06/2026 09:50;5,96
25/06/2026 09:55;5,96
25/06/2026 10:00;5,95
25/06/2026 10:05;5,96
25/06/2026 10:10;5,96
25/06/2026 10:15;5,96
25/06/2026 10:20;5,96
25/06/2026 10:25;5,96
25/06/2026 10:30;5,96
25/06/2026 10:35;5,96
25/06/2026 10:40;5,96
25/06/2026 10:45;5,96
25/06/2026 10:50;5,96
25/06/2026 10:55;5,96
25/06/2026 11:00;5,97
25/06/2026 11:05;5,96
25/06/2026 11:10;5,97
25/06/2026 11:15;5,96
25/06/2026 11:20;5,97
25/06/2026 11:25;5,97
25/06/2026 11:30;5,96
25/06/2026 11:35;5,97
25/06/2026 11:40;5,97
25/06/2026 11:45;5,97
25/06/2026 11:50;5,96
25/06/2026 11:55;5,97
25/06/2026 12:00;5,96
25/06/2026 12:05;5,97
25/06/2026 12:10;5,97
25/06/2026 12:15;5,96
25/06/2026 12:20;5,97
25/06/2026 12:25;5,96
25/06/2026 12:30;5,96
25/06/2026 12:35;5,96
25/06/2026 12:40;5,96
25/06/2026 12:45;5,96
25/06/2026 12:50;5,96
25/06/2026 12:55;5,96
25/06/2026 13:00;5,96
25/06/2026 13:05;5,96
25/06/2026 13:10;5,96
25/06/2026 13:15;5,96
25/06/2026 13:20;5,96
25/06/2026 13:25;5,96
25/06/2026 13:30;5,96
25/06/2026 13:35;5,96
25/06/2026 13:40;5,96
25/06/2026 13:45;5,96
25/06/2026 13:50;5,95
25/06/2026 13:55;5,95
25/06/2026 14:00;5,95
25/06/2026 14:05;5,95
25/06/2026 14:10;5,95
25/06/2026 14:15;5,95
25/06/2026 14:20;5,95
25/06/2026 14:25;5,95
25/06/2026 14:30;5,95
25/06/2026 14:35;5,95
25/06/2026 14:40;5,95
25/06/2026 14:45;5,95
25/06/2026 14:50;5,95
25/06/2026 14:55;5,95
25/06/2026 15:00;5,94
25/06/2026 15:05;5,95
25/06/2026 15:10;5,94
25/06/2026 15:15;5,94
25/06/2026 15:20;5,94
25/06/2026 15:25;5,94
25/06/2026 15:30;5,94
25/06/2026 15:35;5,94
25/06/2026 15:40;5,94
25/06/2026 15:45;5,94
25/06/2026 15:50;5,94
25/06/2026 15:55;5,94
25/06/2026 16:00;5,94
25/06/2026 16:05;5,93
25/06/2026 16:10;5,94
25/06/2026 16:15;5,94
25/06/2026 16:20;5,93
25/06/2026 16:25;5,93
25/06/2026 16:30;5,93
25/06/2026 16:35;5,93
25/06/2026 16:40;5,93
25/06/2026 16:45;5,93
25/06/2026 16:50;5,93
25/06/2026 16:55;5,93
25/06/2026 17:00;5,92
25/06/2026 17:05;5,92
25/06/2026 17:10;5,92
25/06/2026 17:15;5,92
25/06/2026 17:20;5,92
25/06/2026 17:25;5,92
25/06/2026 17:30;5,92
25/06/2026 17:35;5,92
25/06/2026 17:40;5,92
25/06/2026 17:45;5,92
25/06/2026 17:50;5,91
25/06/2026 17:55;5,91
25/06/2026 18:00;5,91
25/06/2026 18:05;5,91
25/06/2026 18:10;5,92
25/06/2026 18:15;5,92
25/06/2026 18:20;5,92
25/06/2026 18:25;5,92
25/06/2026 18:30;5,92
25/06/2026 18:35;5,92
25/06/2026 18:40;5,92
25/06/2026 18:45;5,92
25/06/2026 18:50;5,92
25/06/2026 18:55;5,92
25/06/2026 19:00;5,92
25/06/2026 19:05;5,92
25/06/2026 19:10;5,92
25/06/2026 19:15;5,92
25/06/2026 19:20;5,93
25/06/2026 19:25;5,92
25/06/2026 19:30;5,92
25/06/2026 19:35;5,92
25/06/2026 19:40;5,92
25/06/2026 19:45;5,93
25/06/2026 19:50;5,92
25/06/2026 19:55;5,92
25/06/2026 20:00;5,92
25/06/2026 20:05;5,92
25/06/2026 20:10;5,92
25/06/2026 20:15;5,92
25/06/2026 20:20;5,93
25/06/2026 20:25;5,92
25/06/2026 20:30;5,93
25/06/2026 20:35;5,93
25/06/2026 20:40;5,93
25/06/2026 20:45;5,93
25/06/2026 20:50;5,93
25/06/2026 20:55;5,93
25/06/2026 21:00;5,93
25/06/2026 21:05;5,94
25/06/2026 21:10;5,94
25/06/2026 21:15;5,94
25/06/2026 21:20;5,94
25/06/2026 21:25;5,93
25/06/2026 21:30;5,94
25/06/2026 21:35;5,94
25/06/2026 21:40;5,94
25/06/2026 21:45;5,94
25/06/2026 21:50;5,94
25/06/2026 21:55;5,94
25/06/2026 22:00;5,94
25/06/2026 22:05;5,95
25/06/2026 22:10;5,95
25/06/2026 22:15;5,95
25/06/2026 22:20;5,95
25/06/2026 22:25;5,95
25/06/2026 22:30;5,95
25/06/2026 22:35;5,95
25/06/2026 22:40;5,95
25/06/2026 22:45;5,96
25/06/2026 22:50;5,96
25/06/2026 22:55;5,96
25/06/2026 23:00;5,96
25/06/2026 23:05;5,97
25/06/2026 23:10;5,96
25/06/2026 23:15;5,96
25/06/2026 23:20;5,97
25/06/2026 23:25;5,97
25/06/2026 23:30;5,97
25/06/2026 23:35;5,97
25/06/2026 23:40;5,97
25/06/2026 23:45;5,98
25/06/2026 23:50;5,98
25/06/2026 23:55;5,98
26/06/2026 00:00;5,98
26/06/2026 00:05;5,99
26/06/2026 00:10;5,99
26/06/2026 00:15;5,99
26/06/2026 00:20;5,98
26/06/2026 00:25;5,99
26/06/2026 00:30;5,99
26/06/2026 00:35;5,99
26/06/2026 00:40;6,0
26/06/2026 00:45;6,0
26/06/2026 00:50;6,0
26/06/2026 00:55;6,0
26/06/2026 01:00;6,01
26/06/2026 01:05;6,01
26/06/2026 01:10;6,01
26/06/2026 01:15;6,01
26/06/2026 01:20;6,02
26/06/2026 01:25;6,02
26/06/2026 01:30;6,01
26/06/2026 01:35;6,02
26/06/2026 01:40;6,02
26/06/2026 01:45;6,02
26/06/2026 01:50;6,02
26/06/2026 01:55;6,03
26/06/2026 02:00;6,03
26/06/2026 02:05;6,03
26/06/2026 02:10;6,03
26/06/2026 02:15;6,03
26/06/2026 02:20;6,04
26/06/2026 02:25;6,04
26/06/2026 02:30;6,04
26/06/2026 02:35;6,05
26/06/2026 02:40;6,05
26/06/2026 02:45;6,05
26/06/2026 02:50;6,05
26/06/2026 02:55;6,05
26/06/2026 03:00;6,05
26/06/2026 03:05;6,05
26/06/2026 03:10;6,05
26/06/2026 03:15;6,05
26/06/2026 03:20;6,06
26/06/2026 03:25;6,06
26/06/2026 03:30;6,06
26/06/2026 03:35;6,06
26/06/2026 03:40;6,06
26/06/2026 03:45;6,06
26/06/2026 03:50;6,06
26/06/2026 03:55;6,06
26/06/2026 04:00;6,06
26/06/2026 04:05;6,07
26/06/2026 04:10;6,07
26/06/2026 04:15;6,07
26/06/2026 04:20;6,07
26/06/2026 04:25;6,07
26/06/2026 04:30;6,07
26/06/2026 04:35;6,08
26/06/2026 04:40;6,07
26/06/2026 04:45;6,07
26/06/2026 04:50;6,07
26/06/2026 04:55;6,08
26/06/2026 05:00;6,08
26/06/2026 05:05;6,08
26/06/2026 05:10;6,08
26/06/2026 05:15;6,07
26/06/2026 05:20;6,08
26/06/2026 05:25;6,08
26/06/2026 05:30;6,08
26/06/2026 05:35;6,09
26/06/2026 05:40;6,08
26/06/2026 05:45;6,08
26/06/2026 05:50;6,08
26/06/2026 05:55;6,09
26/06/2026 06:00;6,09
26/06/2026 06:05;6,09
26/06/2026 06:10;6,09
26/06/2026 06:15;6,08
26/06/2026 06:20;6,09
26/06/2026 06:25;6,08
26/06/2026 06:30;6,08
26/06/2026 06:35;6,09
26/06/2026 06:40;6,09
26/06/2026 06:45;6,09
26/06/2026 06:50;6,09
26/06/2026 06:55;6,09
26/06/2026 07:00;6,09
26/06/2026 07:05;6,09
26/06/2026 07:10;6,09
26/06/2026 07:15;6,08
26/06/2026 07:20;6,09
26/06/2026 07:25;6,09
26/06/2026 07:30;6,09
26/06/2026 07:35;6,09
26/06/2026 07:40;6,09
26/06/2026 07:45;6,09
26/06/2026 07:50;6,09
26/06/2026 07:55;6,09
26/06/2026 08:00;6,09
26/06/2026 08:05;6,09
26/06/2026 08:10;6,09
26/06/2026 08:15;6,09
26/06/2026 08:20;6,09
26/06/2026 08:25;6,09
26/06/2026 08:30;6,09
26/06/2026 08:35;6,09
26/06/2026 08:40;6,09
26/06/2026 08:45;6,09
26/06/2026 08:50;6,09
26/06/2026 08:55;6,09
26/06/2026 09:00;6,09
26/06/2026 09:05;6,09
26/06/2026 09:10;6,09
26/06/2026 09:15;6,1
26/06/2026 09:20;6,1
26/06/2026 09:25;6,1
26/06/2026 09:30;6,1
26/06/2026 09:35;6,09
26/06/2026 09:40;6,09
26/06/2026 09:45;6,1
26/06/2026 09:50;6,1
26/06/2026 09:55;6,1
26/06/2026 10:00;6,1
26/06/2026 10:05;6,1
26/06/2026 10:10;6,09
26/06/2026 10:15;6,1
26/06/2026 10:20;6,1
26/06/2026 10:25;6,1
26/06/2026 10:30;6,1
26/06/2026 10:35;6,1
26/06/2026 10:40;6,11
26/06/2026 10:45;6,1
26/06/2026 10:50;6,1
26/06/2026 10:55;6,11
26/06/2026 11:00;6,11
26/06/2026 11:05;6,11
26/06/2026 11:10;6,1
26/06/2026 11:15;6,11
26/06/2026 11:20;6,1
26/06/2026 11:25;6,11
26/06/2026 11:30;6,1
26/06/2026 11:35;6,11
26/06/2026 11:40;6,11
26/06/2026 11:45;6,1
26/06/2026 11:50;6,11
26/06/2026 11:55;6,1
26/06/2026 12:00;6,1
26/06/2026 12:05;6,1
26/06/2026 12:10;6,1
26/06/2026 12:15;6,1
26/06/2026 12:20;6,11
26/06/2026 12:25;6,11
26/06/2026 12:30;6,1
26/06/2026 12:35;6,11
26/06/2026 12:40;6,1
26/06/2026 12:45;6,1
26/06/2026 12:50;6,1
26/06/2026 12:55;6,1
26/06/2026 13:00;6,1
26/06/2026 13:05;6,1
26/06/2026 13:10;6,1
26/06/2026 13:15;6,1
26/06/2026 13:20;6,09
26/06/2026 13:25;6,09
26/06/2026 13:30;6,09
26/06/2026 13:35;6,09
26/06/2026 13:40;6,09
26/06/2026 13:45;6,08
26/06/2026 13:50;6,08
26/06/2026 13:55;6,08
26/06/2026 14:00;6,08
26/06/2026 14:05;6,07
26/06/2026 14:10;6,07
26/06/2026 14:15;6,07
26/06/2026 14:20;6,07
26/06/2026 14:25;6,06
26/06/2026 14:30;6,05
26/06/2026 14:35;6,06
26/06/2026 14:40;6,06
26/06/2026 14:45;6,05
26/06/2026 14:50;6,05
26/06/2026 14:55;6,05
26/06/2026 15:00;6,05
26/06/2026 15:05;6,05
26/06/2026 15:10;6,05
26/06/2026 15:15;6,05
26/06/2026 15:20;6,05
26/06/2026 15:25;6,05
26/06/2026 15:30;6,04
26/06/2026 15:35;6,05
26/06/2026 15:40;6,05
26/06/2026 15:45;6,04
26/06/2026 15:50;6,04
26/06/2026 15:55;6,04
26/06/2026 16:00;6,04
26/06/2026 16:05;6,04
26/06/2026 16:10;6,04
26/06/2026 16:15;6,04
26/06/2026 16:20;6,04
26/06/2026 16:25;6,04
26/06/2026 16:30;6,03
26/06/2026 16:35;6,04
26/06/2026 16:40;6,04
26/06/2026 16:45;6,03
26/06/2026 16:50;6,03
26/06/2026 16:55;6,03
26/06/2026 17:00;6,03
26/06/2026 17:05;6,02
26/06/2026 17:10;6,02
26/06/2026 17:15;6,01
26/06/2026 17:20;6,02
26/06/2026 17:25;6,01
26/06/2026 17:30;6,01
26/06/2026 17:35;6,0
26/06/2026 17:40;6,0
26/06/2026 17:45;6,0
26/06/2026 17:50;6,0
26/06/2026 17:55;6,0
26/06/2026 18:00;6,0
26/06/2026 18:05;6,0
26/06/2026 18:10;5,99
26/06/2026 18:15;5,99
26/06/2026 18:20;5,99
26/06/2026 18:25;5,99
26/06/2026 18:30;5,98
26/06/2026 18:35;5,99
26/06/2026 18:40;5,99
26/06/2026 18:45;5,99
26/06/2026 18:50;5,99
26/06/2026 18:55;5,99
26/06/2026 19:00;5,99
26/06/2026 19:05;5,99
26/06/2026 19:10;5,99
26/06/2026 19:15;6,0
26/06/2026 19:20;6,0
26/06/2026 19:25;6,0
26/06/2026 19:30;6,01
26/06/2026 19:35;6,02
26/06/2026 19:40;6,02
26/06/2026 19:45;6,02
26/06/2026 19:50;6,03
26/06/2026 19:55;6,02
26/06/2026 20:00;6,04
26/06/2026 20:05;6,04
26/06/2026 20:10;6,04
26/06/2026 20:15;6,05
26/06/2026 20:20;6,06
26/06/2026 20:25;6,05
26/06/2026 20:30;6,06
26/06/2026 20:35;6,08
26/06/2026 20:40;6,09
26/06/2026 20:45;6,1
26/06/2026 20:50;6,1
26/06/2026 20:55;6,11
26/06/2026 21:00;6,12
26/06/2026 21:05;6,13
26/06/2026 21:10;6,14
26/06/2026 21:15;6,15
26/06/2026 21:20;6,16
26/06/2026 21:25;6,18
26/06/2026 21:30;6,18
26/06/2026 21:35;6,18
26/06/2026 21:40;6,2
26/06/2026 21:45;6,21
26/06/2026 21:50;6,21
26/06/2026 21:55;6,23
26/06/2026 22:00;6,24
26/06/2026 22:05;6,25
26/06/2026 22:10;6,26
26/06/2026 22:15;6,27
26/06/2026 22:20;6,28
26/06/2026 22:25;6,29
26/06/2026 22:30;6,31
26/06/2026 22:35;6,31
26/06/2026 22:40;6,32
26/06/2026 22:45;6,33
26/06/2026 22:50;6,34
26/06/2026 22:55;6,35
26/06/2026 23:00;6,35
26/06/2026 23:05;6,37
26/06/2026 23:10;6,37
26/06/2026 23:15;6,38
26/06/2026 23:20;6,39
26/06/2026 23:25;6,39
26/06/2026 23:30;6,41
26/06/2026 23:35;6,42
26/06/2026 23:40;6,43
26/06/2026 23:45;6,43
26/06/2026 23:50;6,43
26/06/2026 23:55;6,45
27/06/2026 00:00;6,45
27/06/2026 00:05;6,46
27/06/2026 00:10;6,46
27/06/2026 00:15;6,46
27/06/2026 00:20;6,47
27/06/2026 00:25;6,47
27/06/2026 00:30;6,47
27/06/2026 00:35;6,47
27/06/2026 00:40;6,48
27/06/2026 00:45;6,48
27/06/2026 00:50;6,49
27/06/2026 00:55;6,49
27/06/2026 01:00;6,49
27/06/2026 01:05;6,49
27/06/2026 01:10;6,48
27/06/2026 01:15;6,49
27/06/2026 01:20;6,49
27/06/2026 01:25;6,49
27/06/2026 01:30;6,49
27/06/2026 01:35;6,49
27/06/2026 01:40;6,49
27/06/2026 01:45;6,49
27/06/2026 01:50;6,48
27/06/2026 01:55;6,48
27/06/2026 02:00;6,47
27/06/2026 02:05;6,47
27/06/2026 02:10;6,46
27/06/2026 02:15;6,46
27/06/2026 02:20;6,46
27/06/2026 02:25;6,45
27/06/2026 02:30;6,45
27/06/2026 02:35;6,44
27/06/2026 02:40;6,43
27/06/2026 02:45;6,43
27/06/2026 02:50;6,42
27/06/2026 02:55;6,42
27/06/2026 03:00;6,42
27/06/2026 03:05;6,41
27/06/2026 03:10;6,4
27/06/2026 03:15;6,41
27/06/2026 03:20;6,4
27/06/2026 03:25;6,39
27/06/2026 03:30;6,4
27/06/2026 03:35;6,39
27/06/2026 03:40;6,39
27/06/2026 03:45;6,38
27/06/2026 03:50;6,38
27/06/2026 03:55;6,38
27/06/2026 04:00;6,38
27/06/2026 04:05;6,37
27/06/2026 04:10;6,37
27/06/2026 04:15;6,37
27/06/2026 04:20;6,37
27/06/2026 04:25;6,37
27/06/2026 04:30;6,37
27/06/2026 04:35;6,37
27/06/2026 04:40;6,36
27/06/2026 04:45;6,36
27/06/2026 04:50;6,36
27/06/2026 04:55;6,36
27/06/2026 05:00;6,36
27/06/2026 05:05;6,36
27/06/2026 05:10;6,36
27/06/2026 05:15;6,36
27/06/2026 05:20;6,36
27/06/2026 05:25;6,35
27/06/2026 05:30;6,35
27/06/2026 05:35;6,35
27/06/2026 05:40;6,36
27/06/2026 05:45;6,36
27/06/2026 05:50;6,36
27/06/2026 05:55;6,36
27/06/2026 06:00;6,35
27/06/2026 06:05;6,35
27/06/2026 06:10;6,36
27/06/2026 06:15;6,36
27/06/2026 06:20;6,36
27/06/2026 06:25;6,36
27/06/2026 06:30;6,37
27/06/2026 06:35;6,36
27/06/2026 06:40;6,37
27/06/2026 06:45;6,37
27/06/2026 06:50;6,37
27/06/2026 06:55;6,38
27/06/2026 07:00;6,38
27/06/2026 07:05;6,38
27/06/2026 07:10;6,38
27/06/2026 07:15;6,39
27/06/2026 07:20;6,39
27/06/2026 07:25;6,4
27/06/2026 07:30;6,39
27/06/2026 07:35;6,4
27/06/2026 07:40;6,4
27/06/2026 07:45;6,4
27/06/2026 07:50;6,41
27/06/2026 07:55;6,4
27/06/2026 08:00;6,41
27/06/2026 08:05;6,41
27/06/2026 08:10;6,41
27/06/2026 08:15;6,41
27/06/2026 08:20;6,41
27/06/2026 08:25;6,41
27/06/2026 08:30;6,42
27/06/2026 08:35;6,42
27/06/2026 08:40;6,43
27/06/2026 08:45;6,42
27/06/2026 08:50;6,42
27/06/2026 08:55;6,43
27/06/2026 09:00;6,43
27/06/2026 09:05;6,42
27/06/2026 09:10;6,43
27/06/2026 09:15;6,43
27/06/2026 09:20;6,43
27/06/2026 09:25;6,43
27/06/2026 09:30;6,43
27/06/2026 09:35;6,43
27/06/2026 09:40;6,43
27/06/2026 09:45;6,43
27/06/2026 09:50;6,43
27/06/2026 09:55;6,43
27/06/2026 10:00;6,43
27/06/2026 10:05;6,43
27/06/2026 10:10;6,43
27/06/2026 10:15;6,43
27/06/2026 10:20;6,44
27/06/2026 10:25;6,44
27/06/2026 10:30;6,44
27/06/2026 10:35;6,44
27/06/2026 10:40;6,44
27/06/2026 10:45;6,44
27/06/2026 10:50;6,44
27/06/2026 10:55;6,44
27/06/2026 11:00;6,44
27/06/2026 11:05;6,44
27/06/2026 11:10;6,45
27/06/2026 11:15;6,45
27/06/2026 11:20;6,45
27/06/2026 11:25;6,44
27/06/2026 11:30;6,45
27/06/2026 11:35;6,45
27/06/2026 11:40;6,45
27/06/2026 11:45;6,45
27/06/2026 11:50;6,45
27/06/2026 11:55;6,45
27/06/2026 12:00;6,46
27/06/2026 12:05;6,45
27/06/2026 12:10;6,46
27/06/2026 12:15;6,46
27/06/2026 12:20;6,46
27/06/2026 12:25;6,46
27/06/2026 12:30;6,46
27/06/2026 12:35;6,45
27/06/2026 12:40;6,45
27/06/2026 12:45;6,45
27/06/2026 12:50;6,45
27/06/2026 12:55;6,45
27/06/2026 13:00;6,45
27/06/2026 13:05;6,45
27/06/2026 13:10;6,44
27/06/2026 13:15;6,44
27/06/2026 13:20;6,44
27/06/2026 13:25;6,44
27/06/2026 13:30;6,44
27/06/2026 13:35;6,44
27/06/2026 13:40;6,43
27/06/2026 13:45;6,44
27/06/2026 13:50;6,43
27/06/2026 13:55;6,43
27/06/2026 14:00;6,43
27/06/2026 14:05;6,43
27/06/2026 14:10;6,43
27/06/2026 14:15;6,43
27/06/2026 14:20;6,43
27/06/2026 14:25;6,43
27/06/2026 14:30;6,42
27/06/2026 14:35;6,43
27/06/2026 14:40;6,42
27/06/2026 14:45;6,42
27/06/2026 14:50;6,42
27/06/2026 14:55;6,42
27/06/2026 15:00;6,42
27/06/2026 15:05;6,42
27/06/2026 15:10;6,42
27/06/2026 15:15;6,42
27/06/2026 15:20;6,42
27/06/2026 15:25;6,42
27/06/2026 15:30;6,42
27/06/2026 15:35;6,41
27/06/2026 15:40;6,41
27/06/2026 15:45;6,41
27/06/2026 15:50;6,41
27/06/2026 15:55;6,41
27/06/2026 16:00;6,41
27/06/2026 16:05;6,41
27/06/2026 16:10;6,41
27/06/2026 16:15;6,41
27/06/2026 16:20;6,41
27/06/2026 16:25;6,41
27/06/2026 16:30;6,41
27/06/2026 16:35;6,41
27/06/2026 16:40;6,41
27/06/2026 16:45;6,42
27/06/2026 16:50;6,42
27/06/2026 16:55;6,42
27/06/2026 17:00;6,42
27/06/2026 17:05;6,43
27/06/2026 17:10;6,43
27/06/2026 17:15;6,43
27/06/2026 17:20;6,43
27/06/2026 17:25;6,43
27/06/2026 17:30;6,44
27/06/2026 17:35;6,45
27/06/2026 17:40;6,45
27/06/2026 17:45;6,45
27/06/2026 17:50;6,46
27/06/2026 17:55;6,46
27/06/2026 18:00;6,47
27/06/2026 18:05;6,47
27/06/2026 18:10;6,47
27/06/2026 18:15;6,48
27/06/2026 18:20;6,48
27/06/2026 18:25;6,48
27/06/2026 18:30;6,48
27/06/2026 18:35;6,48
27/06/2026 18:40;6,49
27/06/2026 18:45;6,49
27/06/2026 18:50;6,49
27/06/2026 18:55;6,49
27/06/2026 19:00;6,5
27/06/2026 19:05;6,5
27/06/2026 19:10;6,5
27/06/2026 19:15;6,51
27/06/2026 19:20;6,51
27/06/2026 19:25;6,51
27/06/2026 19:30;6,51
27/06/2026 19:35;6,52
27/06/2026 19:40;6,52
27/06/2026 19:45;6,52
27/06/2026 19:50;6,52
27/06/2026 19:55;6,53
27/06/2026 20:00;6,54
27/06/2026 20:05;6,54
27/06/2026 20:10;6,54
27/06/2026 20:15;6,55
27/06/2026 20:20;6,55
27/06/2026 20:25;6,55
27/06/2026 20:30;6,56
27/06/2026 20:35;6,56
27/06/2026 20:40;6,56
27/06/2026 20:45;6,56
27/06/2026 20:50;6,57
27/06/2026 20:55;6,57
27/06/2026 21:00;6,58
27/06/2026 21:05;6,58
27/06/2026 21:10;6,59
27/06/2026 21:15;6,59
27/06/2026 21:20;6,59
27/06/2026 21:25;6,6
27/06/2026 21:30;6,6
27/06/2026 21:35;6,6
27/06/2026 21:40;6,6
27/06/2026 21:45;6,61
27/06/2026 21:50;6,6
27/06/2026 21:55;6,6
27/06/2026 22:00;6,6
27/06/2026 22:05;6,6
27/06/2026 22:10;6,61
27/06/2026 22:15;6,6
27/06/2026 22:20;6,6
27/06/2026 22:25;6,6
27/06/2026 22:30;6,59
27/06/2026 22:35;6,6
27/06/2026 22:40;6,6
27/06/2026 22:45;6,6
27/06/2026 22:50;6,6
27/06/2026 22:55;6,6
27/06/2026 23:00;6,6
27/06/2026 23:05;6,6
27/06/2026 23:10;6,6
27/06/2026 23:15;6,6
27/06/2026 23:20;6,6
27/06/2026 23:25;6,59
27/06/2026 23:30;6,59
27/06/2026 23:35;6,59
27/06/2026 23:40;6,59
27/06/2026 23:45;6,59
27/06/2026 23:50;6,58
27/06/2026 23:55;6,58
28/06/2026 00:00;6,57
28/06/2026 00:05;6,57
28/06/2026 00:10;6,57
28/06/2026 00:15;6,57
28/06/2026 00:20;6,56
28/06/2026 00:25;6,56
28/06/2026 00:30;6,55
28/06/2026 00:35;6,55
28/06/2026 00:40;6,54
28/06/2026 00:45;6,54
28/06/2026 00:50;6,54
28/06/2026 00:55;6,54
28/06/2026 01:00;6,52
28/06/2026 01:05;6,53
28/06/2026 01:10;6,52
28/06/2026 01:15;6,52
28/06/2026 01:20;6,52
28/06/2026 01:25;6,51
28/06/2026 01:30;6,51
28/06/2026 01:35;6,51
28/06/2026 01:40;6,51
28/06/2026 01:45;6,51
28/06/2026 01:50;6,5
28/06/2026 01:55;6,5
28/06/2026 02:00;6,49
28/06/2026 02:05;6,49
28/06/2026 02:10;6,49
28/06/2026 02:15;6,49
28/06/2026 02:20;6,49
28/06/2026 02:25;6,48
28/06/2026 02:30;6,48
28/06/2026 02:35;6,48
28/06/2026 02:40;6,48
28/06/2026 02:45;6,48
28/06/2026 02:50;6,48
28/06/2026 02:55;6,47
28/06/2026 03:00;6,47
28/06/2026 03:05;6,47
28/06/2026 03:10;6,47
28/06/2026 03:15;6,47
28/06/2026 03:20;6,47
28/06/2026 03:25;6,47
28/06/2026 03:30;6,47
28/06/2026 03:35;6,47
28/06/2026 03:40;6,47
28/06/2026 03:45;6,47
28/06/2026 03:50;6,47
28/06/2026 03:55;6,47
28/06/2026 04:00;6,47
28/06/2026 04:05;6,47
28/06/2026 04:10;6,47
28/06/2026 04:15;6,47
28/06/2026 04:20;6,47
28/06/2026 04:25;6,47
28/06/2026 04:30;6,47
28/06/2026 04:35;6,47
28/06/2026 04:40;6,47
28/06/2026 04:45;6,47
28/06/2026 04:50;6,47
28/06/2026 04:55;6,47
28/06/2026 05:00;6,47
28/06/2026 05:05;6,48
28/06/2026 05:10;6,48
28/06/2026 05:15;6,48
28/06/2026 05:20;6,48
28/06/2026 05:25;6,48
28/06/2026 05:30;6,48
28/06/2026 05:35;6,47
28/06/2026 05:40;6,48
28/06/2026 05:45;6,48
28/06/2026 05:50;6,47
28/06/2026 05:55;6,47
28/06/2026 06:00;6,48
28/06/2026 06:05;6,47
28/06/2026 06:10;6,47
28/06/2026 06:15;6,47
28/06/2026 06:20;6,47
28/06/2026 06:25;6,47
28/06/2026 06:30;6,47
28/06/2026 06:35;6,47
28/06/2026 06:40;6,47
28/06/2026 06:45;6,47
28/06/2026 06:50;6,47
28/06/2026 06:55;6,46
28/06/2026 07:00;6,46
28/06/2026 07:05;6,46
28/06/2026 07:10;6,46
28/06/2026 07:15;6,46
28/06/2026 07:20;6,45
28/06/2026 07:25;6,45
28/06/2026 07:30;6,45
28/06/2026 07:35;6,45
28/06/2026 07:40;6,45
28/06/2026 07:45;6,44
28/06/2026 07:50;6,44
28/06/2026 07:55;6,44
28/06/2026 08:00;6,44
28/06/2026 08:05;6,44
28/06/2026 08:10;6,44
28/06/2026 08:15;6,44
28/06/2026 08:20;6,44
28/06/2026 08:25;6,43
28/06/2026 08:30;6,44
28/06/2026 08:35;6,43
28/06/2026 08:40;6,44
28/06/2026 08:45;6,43
28/06/2026 08:50;6,44
28/06/2026 08:55;6,43
28/06/2026 09:00;6,43
28/06/2026 09:05;6,43
28/06/2026 09:10;6,43
28/06/2026 09:15;6,43
28/06/2026 09:20;6,43
28/06/2026 09:25;6,42
28/06/2026 09:30;6,43
28/06/2026 09:35;6,42
28/06/2026 09:40;6,42
28/06/2026 09:45;6,42
28/06/2026 09:50;6,42
28/06/2026 09:55;6,42
28/06/2026 10:00;6,42
28/06/2026 10:05;6,42
28/06/2026 10:10;6,42
28/06/2026 10:15;6,42
28/06/2026 10:20;6,42
28/06/2026 10:25;6,41
28/06/2026 10:30;6,42
28/06/2026 10:35;6,42
28/06/2026 10:40;6,41
28/06/2026 10:45;6,41
28/06/2026 10:50;6,41
28/06/2026 10:55;6,41
28/06/2026 11:00;6,41
28/06/2026 11:05;6,41
28/06/2026 11:10;6,41
28/06/2026 11:15;6,41
28/06/2026 11:20;6,41
28/06/2026 11:25;6,41
28/06/2026 11:30;6,41
28/06/2026 11:35;6,41
28/06/2026 11:40;6,41
28/06/2026 11:45;6,41
28/06/2026 11:50;6,41
28/06/2026 11:55;6,4
28/06/2026 12:00;6,4
28/06/2026 12:05;6,4
28/06/2026 12:10;6,4
28/06/2026 12:15;6,4
28/06/2026 12:20;6,39
28/06/2026 12:25;6,39
28/06/2026 12:30;6,39
28/06/2026 12:35;6,39
28/06/2026 12:40;6,39
28/06/2026 12:45;6,39
28/06/2026 12:50;6,39
28/06/2026 12:55;6,39
28/06/2026 13:00;6,38
28/06/2026 13:05;6,38
28/06/2026 13:10;6,38
28/06/2026 13:15;6,37
28/06/2026 13:20;6,37
28/06/2026 13:25;6,37
28/06/2026 13:30;6,37
28/06/2026 13:35;6,37
28/06/2026 13:40;6,37
28/06/2026 13:45;6,36
28/06/2026 13:50;6,36
28/06/2026 13:55;6,36
28/06/2026 14:00;6,36
28/06/2026 14:05;6,36
28/06/2026 14:10;6,35
28/06/2026 14:15;6,35
28/06/2026 14:20;6,35
28/06/2026 14:25;6,35
28/06/2026 14:30;6,34
28/06/2026 14:35;6,34
28/06/2026 14:40;6,34
28/06/2026 14:45;6,34
28/06/2026 14:50;6,34
28/06/2026 14:55;6,34
28/06/2026 15:00;6,34
28/06/2026 15:05;6,33
28/06/2026 15:10;6,33
28/06/2026 15:15;6,32
28/06/2026 15:20;6,32
28/06/2026 15:25;6,31
28/06/2026 15:30;6,32
28/06/2026 15:35;6,32
28/06/2026 15:40;6,32
28/06/2026 15:45;6,32
28/06/2026 15:50;6,32
28/06/2026 15:55;6,32
28/06/2026 16:00;6,32
28/06/2026 16:05;6,31
28/06/2026 16:10;6,33
28/06/2026 16:15;6,32
28/06/2026 16:20;6,33
28/06/2026 16:25;6,31
28/06/2026 16:30;6,33
28/06/2026 16:35;6,32
28/06/2026 16:40;6,33
28/06/2026 16:45;6,33
28/06/2026 16:50;6,34
28/06/2026 16:55;6,34
28/06/2026 17:00;6,34
28/06/2026 17:05;6,34
28/06/2026 17:10;6,35
28/06/2026 17:15;6,35
28/06/2026 17:20;6,35
28/06/2026 17:25;6,34
28/06/2026 17:30;6,36
28/06/2026 17:35;6,36
28/06/2026 17:40;6,37
28/06/2026 17:45;6,37
28/06/2026 17:50;6,38
28/06/2026 17:55;6,38
28/06/2026 18:00;6,38
28/06/2026 18:05;6,38
28/06/2026 18:10;6,39
28/06/2026 18:15;6,4
28/06/2026 18:20;6,4
28/06/2026 18:25;6,4
28/06/2026 18:30;6,41
28/06/2026 18:35;6,41
28/06/2026 18:40;6,42
28/06/2026 18:45;6,41
28/06/2026 18:50;6,43
28/06/2026 18:55;6,43
28/06/2026 19:00;6,43
28/06/2026 19:05;6,44
28/06/2026 19:10;6,45
28/06/2026 19:15;6,46
28/06/2026 19:20;6,46
28/06/2026 19:25;6,46
28/06/2026 19:30;6,48
28/06/2026 19:35;6,48
28/06/2026 19:40;6,49
28/06/2026 19:45;6,49
28/06/2026 19:50;6,5
28/06/2026 19:55;6,51
28/06/2026 20:00;6,51
28/06/2026 20:05;6,52
28/06/2026 20:10;6,53
28/06/2026 20:15;6,54
28/06/2026 20:20;6,55
28/06/2026 20:25;6,56
28/06/2026 20:30;6,57
28/06/2026 20:35;6,57
28/06/2026 20:40;6,58
28/06/2026 20:45;6,58
28/06/2026 20:50;6,6
28/06/2026 20:55;6,6
28/06/2026 21:00;6,6
28/06/2026 21:05;6,62
28/06/2026 21:10;6,62
28/06/2026 21:15;6,63
28/06/2026 21:20;6,63
28/06/2026 21:25;6,63
28/06/2026 21:30;6,64
28/06/2026 21:35;6,65
28/06/2026 21:40;6,65
28/06/2026 21:45;6,65
28/06/2026 21:50;6,66
28/06/2026 21:55;6,66
28/06/2026 22:00;6,67
28/06/2026 22:05;6,66
28/06/2026 22:10;6,67
28/06/2026 22:15;6,68
28/06/2026 22:20;6,68
28/06/2026 22:25;6,68
28/06/2026 22:30;6,68
28/06/2026 22:35;6,68
28/06/2026 22:40;6,67
28/06/2026 22:45;6,68
28/06/2026 22:50;6,68
28/06/2026 22:55;6,68
28/06/2026 23:00;6,67
28/06/2026 23:05;6,67
28/06/2026 23:10;6,67
28/06/2026 23:15;6,67
28/06/2026 23:20;6,67
28/06/2026 23:25;6,67
28/06/2026 23:30;6,66
28/06/2026 23:35;6,66
28/06/2026 23:40;6,65
28/06/2026 23:45;6,65
28/06/2026 23:50;6,65
28/06/2026 23:55;6,65
29/06/2026 00:00;6,64
29/06/2026 00:05;6,63
29/06/2026 00:10;6,63
29/06/2026 00:15;6,63
29/06/2026 00:20;6,62
29/06/2026 00:25;6,62
29/06/2026 00:30;6,61
29/06/2026 00:35;6,61
29/06/2026 00:40;6,6
29/06/2026 00:45;6,59
29/06/2026 00:50;6,59
29/06/2026 00:55;6,59
29/06/2026 01:00;6,58
29/06/2026 01:05;6,57
29/06/2026 01:10;6,57
29/06/2026 01:15;6,57
29/06/2026 01:20;6,56
29/06/2026 01:25;6,56
29/06/2026 01:30;6,55
29/06/2026 01:35;6,54
29/06/2026 01:40;6,54
29/06/2026 01:45;6,53
29/06/2026 01:50;6,53
29/06/2026 01:55;6,53
29/06/2026 02:00;6,52
29/06/2026 02:05;6,52
29/06/2026 02:10;6,51
29/06/2026 02:15;6,5
29/06/2026 02:20;6,51
29/06/2026 02:25;6,49
29/06/2026 02:30;6,49
29/06/2026 02:35;6,49
29/06/2026 02:40;6,48
29/06/2026 02:45;6,48
29/06/2026 02:50;6,48
29/06/2026 02:55;6,47
29/06/2026 03:00;6,47
29/06/2026 03:05;6,47
29/06/2026 03:10;6,47
29/06/2026 03:15;6,46
29/06/2026 03:20;6,46
29/06/2026 03:25;6,45
29/06/2026 03:30;6,45
29/06/2026 03:35;6,45
29/06/2026 03:40;6,44
29/06/2026 03:45;6,44
29/06/2026 03:50;6,44
29/06/2026 03:55;6,43
29/06/2026 04:00;6,43
29/06/2026 04:05;6,43
29/06/2026 04:10;6,43
29/06/2026 04:15;6,43
29/06/2026 04:20;6,43
29/06/2026 04:25;6,43
29/06/2026 04:30;6,43
29/06/2026 04:35;6,43
29/06/2026 04:40;6,44
29/06/2026 04:45;6,44
29/06/2026 04:50;6,44
29/06/2026 04:55;6,44
29/06/2026 05:00;6,44
29/06/2026 05:05;6,44
29/06/2026 05:10;6,45
29/06/2026 05:15;6,45
29/06/2026 05:20;6,45
29/06/2026 05:25;6,45
29/06/2026 05:30;6,45
29/06/2026 05:35;6,46
29/06/2026 05:40;6,46
29/06/2026 05:45;6,46
29/06/2026 05:50;6,47
29/06/2026 05:55;6,47
29/06/2026 06:00;6,47
29/06/2026 06:05;6,47
29/06/2026 06:10;6,48
29/06/2026 06:15;6,48
29/06/2026 06:20;6,48
29/06/2026 06:25;6,47
29/06/2026 06:30;6,48
29/06/2026 06:35;6,48
29/06/2026 06:40;6,48
29/06/2026 06:45;6,49
29/06/2026 06:50;6,49
29/06/2026 06:55;6,5
29/06/2026 07:00;6,5
29/06/2026 07:05;6,49
29/06/2026 07:10;6,5
29/06/2026 07:15;6,5
29/06/2026 07:20;6,51
29/06/2026 07:25;6,51
29/06/2026 07:30;6,51
29/06/2026 07:35;6,51
29/06/2026 07:40;6,51
29/06/2026 07:45;6,51
29/06/2026 07:50;6,52
29/06/2026 07:55;6,52
29/06/2026 08:00;6,52
29/06/2026 08:05;6,53
29/06/2026 08:10;6,53
29/06/2026 08:15;6,53
29/06/2026 08:20;6,53
29/06/2026 08:25;6,54
29/06/2026 08:30;6,54
29/06/2026 08:35;6,54
29/06/2026 08:40;6,54
29/06/2026 08:45;6,54
29/06/2026 08:50;6,55
29/06/2026 08:55;6,55
29/06/2026 09:00;6,55
29/06/2026 09:05;6,55
29/06/2026 09:10;6,56
29/06/2026 09:15;6,56
29/06/2026 09:20;6,56
29/06/2026 09:25;6,56
29/06/2026 09:30;6,56
29/06/2026 09:35;6,56
29/06/2026 09:40;6,56
29/06/2026 09:45;6,56
29/06/2026 09:50;6,56
29/06/2026 09:55;6,56
29/06/2026 10:00;6,55
29/06/2026 10:05;6,56
29/06/2026 10:10;6,56
29/06/2026 10:15;6,56
29/06/2026 10:20;6,56
29/06/2026 10:25;6,55
29/06/2026 10:30;6,56
29/06/2026 10:35;6,56
29/06/2026 10:40;6,56
29/06/2026 10:45;6,56
29/06/2026 10:50;6,55
29/06/2026 10:55;6,55
29/06/2026 11:00;6,55
29/06/2026 11:05;6,55
29/06/2026 11:10;6,56
29/06/2026 11:15;6,55
29/06/2026 11:20;6,55
29/06/2026 11:25;6,55
29/06/2026 11:30;6,55
29/06/2026 11:35;6,54
29/06/2026 11:40;6,55
29/06/2026 11:45;6,54
29/06/2026 11:50;6,54
29/06/2026 11:55;6,54
29/06/2026 12:00;6,54
29/06/2026 12:05;6,54
29/06/2026 12:10;6,54
29/06/2026 12:15;6,54
29/06/2026 12:20;6,53
29/06/2026 12:25;6,53
29/06/2026 12:30;6,53
29/06/2026 12:35;6,53
29/06/2026 12:40;6,52
29/06/2026 12:45;6,52
29/06/2026 12:50;6,52
29/06/2026 12:55;6,52
29/06/2026 13:00;6,52
29/06/2026 13:05;6,51
29/06/2026 13:10;6,51
29/06/2026 13:15;6,51
29/06/2026 13:20;6,51
29/06/2026 13:25;6,51
29/06/2026 13:30;6,5
29/06/2026 13:35;6,5
29/06/2026 13:40;6,5
29/06/2026 13:45;6,5
29/06/2026 13:50;6,49
29/06/2026 13:55;6,49
29/06/2026 14:00;6,48
29/06/2026 14:05;6,49
29/06/2026 14:10;6,49
29/06/2026 14:15;6,48
29/06/2026 14:20;6,48
29/06/2026 14:25;6,48
29/06/2026 14:30;6,48
29/06/2026 14:35;6,48
29/06/2026 14:40;6,48
29/06/2026 14:45;6,47
29/06/2026 14:50;6,47
29/06/2026 14:55;6,47
29/06/2026 15:00;6,47
29/06/2026 15:05;6,46
29/06/2026 15:10;6,46
29/06/2026 15:15;6,46
29/06/2026 15:20;6,46
29/06/2026 15:25;6,45
29/06/2026 15:30;6,46
29/06/2026 15:35;6,46
29/06/2026 15:40;6,46
29/06/2026 15:45;6,46
29/06/2026 15:50;6,46
29/06/2026 15:55;6,46
29/06/2026 16:00;6,46
29/06/2026 16:05;6,46
29/06/2026 16:10;6,47
29/06/2026 16:15;6,46
29/06/2026 16:20;6,47
29/06/2026 16:25;6,47
29/06/2026 16:30;6,47
29/06/2026 16:35;6,47
29/06/2026 16:40;6,48
29/06/2026 16:45;6,48
29/06/2026 16:50;6,48
29/06/2026 16:55;6,48
29/06/2026 17:00;6,49
29/06/2026 17:05;6,49
29/06/2026 17:10;6,5
29/06/2026 17:15;6,5
29/06/2026 17:20;6,5
29/06/2026 17:25;6,5
29/06/2026 17:30;6,51
29/06/2026 17:35;6,52
29/06/2026 17:40;6,53
29/06/2026 17:45;6,53
29/06/2026 17:50;6,54
29/06/2026 17:55;6,54
29/06/2026 18:00;6,54
29/06/2026 18:05;6,55
29/06/2026 18:10;6,56
29/06/2026 18:15;6,56
29/06/2026 18:20;6,57
29/06/2026 18:25;6,57
29/06/2026 18:30;6,58
29/06/2026 18:35;6,58
29/06/2026 18:40;6,59
29/06/2026 18:45;6,59
29/06/2026 18:50;6,6
29/06/2026 18:55;6,6
29/06/2026 19:00;6,61
29/06/2026 19:05;6,62
29/06/2026 19:10;6,63
29/06/2026 19:15;6,63
29/06/2026 19:20;6,64
29/06/2026 19:25;6,64
29/06/2026 19:30;6,65
29/06/2026 19:35;6,65
29/06/2026 19:40;6,66
29/06/2026 19:45;6,66
29/06/2026 19:50;6,67
29/06/2026 19:55;6,67
29/06/2026 20:00;6,67
29/06/2026 20:05;6,68
29/06/2026 20:10;6,68
29/06/2026 20:15;6,68
29/06/2026 20:20;6,69
29/06/2026 20:25;6,69
29/06/2026 20:30;6,7
29/06/2026 20:35;6,7
29/06/2026 20:40;6,7
29/06/2026 20:45;6,7
29/06/2026 20:50;6,71
29/06/2026 20:55;6,71
29/06/2026 21:00;6,71
29/06/2026 21:05;6,72
29/06/2026 21:10;6,72
29/06/2026 21:15;6,72
29/06/2026 21:20;6,73
29/06/2026 21:25;6,73
29/06/2026 21:30;6,73
29/06/2026 21:35;6,73
29/06/2026 21:40;6,74
29/06/2026 21:45;6,74
29/06/2026 21:50;6,74
29/06/2026 21:55;6,74
29/06/2026 22:00;6,74
29/06/2026 22:05;6,74
29/06/2026 22:10;6,74
29/06/2026 22:15;6,74
29/06/2026 22:20;6,73
29/06/2026 22:25;6,74
29/06/2026 22:30;6,74
29/06/2026 22:35;6,74
29/06/2026 22:40;6,74
29/06/2026 22:45;6,73
29/06/2026 22:50;6,73
29/06/2026 22:55;6,73
29/06/2026 23:00;6,73
29/06/2026 23:05;6,72
29/06/2026 23:10;6,72
29/06/2026 23:15;6,72
29/06/2026 23:20;6,71
29/06/2026 23:25;6,71
29/06/2026 23:30;6,7
29/06/2026 23:35;6,7
29/06/2026 23:40;6,7
29/06/2026 23:45;6,69
29/06/2026 23:50;6,69
29/06/2026 23:55;6,69
30/06/2026 00:00;6,68
30/06/2026 00:05;6,68
30/06/2026 00:10;6,67
30/06/2026 00:15;6,67
30/06/2026 00:20;6,67
30/06/2026 00:25;6,66
30/06/2026 00:30;6,66
30/06/2026 00:35;6,66
30/06/2026 00:40;6,65
30/06/2026 00:45;6,64
30/06/2026 00:50;6,64
30/06/2026 00:55;6,63
30/06/2026 01:00;6,62
30/06/2026 01:05;6,61
30/06/2026 01:10;6,61
30/06/2026 01:15;6,6
30/06/2026 01:20;6,6
30/06/2026 01:25;6,59
30/06/2026 01:30;6,58
30/06/2026 01:35;6,57
30/06/2026 01:40;6,56
30/06/2026 01:45;6,56
30/06/2026 01:50;6,55
30/06/2026 01:55;6,54
30/06/2026 02:00;6,53
30/06/2026 02:05;6,52
30/06/2026 02:10;6,52
30/06/2026 02:15;6,51
30/06/2026 02:20;6,5
30/06/2026 02:25;6,49
30/06/2026 02:30;6,48
30/06/2026 02:35;6,48
30/06/2026 02:40;6,47
30/06/2026 02:45;6,47
30/06/2026 02:50;6,46
30/06/2026 02:55;6,45
30/06/2026 03:00;6,44
30/06/2026 03:05;6,43
30/06/2026 03:10;6,43
30/06/2026 03:15;6,42
30/06/2026 03:20;6,41
30/06/2026 03:25;6,4
30/06/2026 03:30;6,4
30/06/2026 03:35;6,39
30/06/2026 03:40;6,38
30/06/2026 03:45;6,38
30/06/2026 03:50;6,37
30/06/2026 03:55;6,37
30/06/2026 04:00;6,36
30/06/2026 04:05;6,35
30/06/2026 04:10;6,35
30/06/2026 04:15;6,35
30/06/2026 04:20;6,34
30/06/2026 04:25;6,34
30/06/2026 04:30;6,33
30/06/2026 04:35;6,32
30/06/2026 04:40;6,32
30/06/2026 04:45;6,32
30/06/2026 04:50;6,31
30/06/2026 04:55;6,31
30/06/2026 05:00;6,3
30/06/2026 05:05;6,29
30/06/2026 05:10;6,29
30/06/2026 05:15;6,29
30/06/2026 05:20;6,28
30/06/2026 05:25;6,28
30/06/2026 05:30;6,28
30/06/2026 05:35;6,27
30/06/2026 05:40;6,26
30/06/2026 05:45;6,26
30/06/2026 05:50;6,26
30/06/2026 05:55;6,25
30/06/2026 06:00;6,25
30/06/2026 06:05;6,24
30/06/2026 06:10;6,24
30/06/2026 06:15;6,24
30/06/2026 06:20;6,24
30/06/2026 06:25;6,23
30/06/2026 06:30;6,23
30/06/2026 06:35;6,23
30/06/2026 06:40;6,22
30/06/2026 06:45;6,21
30/06/2026 06:50;6,22
30/06/2026 06:55;6,21
30/06/2026 07:00;6,21
30/06/2026 07:05;6,21
30/06/2026 07:10;6,2
30/06/2026 07:15;6,2
30/06/2026 07:20;6,2
30/06/2026 07:25;6,19
30/06/2026 07:30;6,19
30/06/2026 07:35;6,19
30/06/2026 07:40;6,19
30/06/2026 07:45;6,18
30/06/2026 07:50;6,18
30/06/2026 07:55;6,18
30/06/2026 08:00;6,17
30/06/2026 08:05;6,17
30/06/2026 08:10;6,17
30/06/2026 08:15;6,17
30/06/2026 08:20;6,16
30/06/2026 08:25;6,15
30/06/2026 08:30;6,15
30/06/2026 08:35;6,15
30/06/2026 08:40;6,15
30/06/2026 08:45;6,14
30/06/2026 08:50;6,14
30/06/2026 08:55;6,14
30/06/2026 09:00;6,14
30/06/2026 09:05;6,13
30/06/2026 09:10;6,13
30/06/2026 09:15;6,13
30/06/2026 09:20;6,13
30/06/2026 09:25;6,13
30/06/2026 09:30;6,12
30/06/2026 09:35;6,12
30/06/2026 09:40;6,12
30/06/2026 09:45;6,12
30/06/2026 09:50;6,12
30/06/2026 09:55;6,11
30/06/2026 10:00;6,11
30/06/2026 10:05;6,11
30/06/2026 10:10;6,11
30/06/2026 10:15;6,1
30/06/2026 10:20;6,11
30/06/2026 10:25;6,11
30/06/2026 10:30;6,1
30/06/2026 10:35;6,09
30/06/2026 10:40;6,1
30/06/2026 10:45;6,09
30/06/2026 10:50;6,09
30/06/2026 10:55;6,09
30/06/2026 11:00;6,09
30/06/2026 11:05;6,09
30/06/2026 11:10;6,09
30/06/2026 11:15;6,09
30/06/2026 11:20;6,09
30/06/2026 11:25;6,08
30/06/2026 11:30;6,08
30/06/2026 11:35;6,08
30/06/2026 11:40;6,08
30/06/2026 11:45;6,08
30/06/2026 11:50;6,08
30/06/2026 11:55;6,07
30/06/2026 12:00;6,08
30/06/2026 12:05;6,07
30/06/2026 12:10;6,07
30/06/2026 12:15;6,07
30/06/2026 12:20;6,07
30/06/2026 12:25;6,06
30/06/2026 12:30;6,06
30/06/2026 12:35;6,06
30/06/2026 12:40;6,05
30/06/2026 12:45;6,05
30/06/2026 12:50;6,06
30/06/2026 12:55;6,05
30/06/2026 13:00;6,05
30/06/2026 13:05;6,05
30/06/2026 13:10;6,05
30/06/2026 13:15;6,04
30/06/2026 13:20;6,04
30/06/2026 13:25;6,04
30/06/2026 13:30;6,04
30/06/2026 13:35;6,04
30/06/2026 13:40;6,04
30/06/2026 13:45;6,03
30/06/2026 13:50;6,04
30/06/2026 13:55;6,03
30/06/2026 14:00;6,03
30/06/2026 14:05;6,03
30/06/2026 14:10;6,03
30/06/2026 14:15;6,03
30/06/2026 14:20;6,02
30/06/2026 14:25;6,02
30/06/2026 14:30;6,02
30/06/2026 14:35;6,02
30/06/2026 14:40;6,02
30/06/2026 14:45;6,01
30/06/2026 14:50;6,01
30/06/2026 14:55;6,01
30/06/2026 15:00;6,01
30/06/2026 15:05;6,01
30/06/2026 15:10;6,01
30/06/2026 15:15;6,0
30/06/2026 15:20;6,0
30/06/2026 15:25;6,0
30/06/2026 15:30;6,0
30/06/2026 15:35;6,0
30/06/2026 15:40;6,0
30/06/2026 15:45;5,99
30/06/2026 15:50;5,99
30/06/2026 15:55;5,98
30/06/2026 16:00;5,98
30/06/2026 16:05;5,99
30/06/2026 16:10;5,98
30/06/2026 16:15;5,98
30/06/2026 16:20;5,98
30/06/2026 16:25;5,97
30/06/2026 16:30;5,97
30/06/2026 16:35;5,97
30/06/2026 16:40;5,97
30/06/2026 16:45;5,97
30/06/2026 16:50;5,97
30/06/2026 16:55;5,97
30/06/2026 17:00;5,96
30/06/2026 17:05;5,97
30/06/2026 17:10;5,97
30/06/2026 17:15;5,97
30/06/2026 17:20;5,96
30/06/2026 17:25;5,96
30/06/2026 17:30;5,96
30/06/2026 17:35;5,96
30/06/2026 17:40;5,96
30/06/2026 17:45;5,96
30/06/2026 17:50;5,96
30/06/2026 17:55;5,96
30/06/2026 18:00;5,96
30/06/2026 18:05;5,96
30/06/2026 18:10;5,97
30/06/2026 18:15;5,96
30/06/2026 18:20;5,97
30/06/2026 18:25;5,96
30/06/2026 18:30;5,97
30/06/2026 18:35;5,97
30/06/2026 18:40;5,98
30/06/2026 18:45;5,98
30/06/2026 18:50;5,99
30/06/2026 18:55;5,99
30/06/2026 19:00;6,0
30/06/2026 19:05;6,0
30/06/2026 19:10;6,01
30/06/2026 19:15;6,01
30/06/2026 19:20;6,02
30/06/2026 19:25;6,02
30/06/2026 19:30;6,03
30/06/2026 19:35;6,03
30/06/2026 19:40;6,04
30/06/2026 19:45;6,05
30/06/2026 19:50;6,06
30/06/2026 19:55;6,06
30/06/2026 20:00;6,07
30/06/2026 20:05;6,07
30/06/2026 20:10;6,09
30/06/2026 20:15;6,09
30/06/2026 20:20;6,1
30/06/2026 20:25;6,1
30/06/2026 20:30;6,11
30/06/2026 20:35;6,12
30/06/2026 20:40;6,13
30/06/2026 20:45;6,14
30/06/2026 20:50;6,15
30/06/2026 20:55;6,15
30/06/2026 21:00;6,17
30/06/2026 21:05;6,17
30/06/2026 21:10;6,18
30/06/2026 21:15;6,19
30/06/2026 21:20;6,2
30/06/2026 21:25;6,2
30/06/2026 21:30;6,22
30/06/2026 21:35;6,21
30/06/2026 21:40;6,23
30/06/2026 21:45;6,24
30/06/2026 21:50;6,25
30/06/2026 21:55;6,26
30/06/2026 22:00;6,27
30/06/2026 22:05;
30/06/2026 22:10;
30/06/2026 22:15;
30/06/2026 22:20;
30/06/2026 22:25;
30/06/2026 22:30;
30/06/2026 22:35;
30/06/2026 22:40;
30/06/2026 22:45;
30/06/2026 22:50;
30/06/2026 22:55;
30/06/2026 23:00;
30/06/2026 23:05;
30/06/2026 23:10;
30/06/2026 23:15;
30/06/2026 23:20;
30/06/2026 23:25;
30/06/2026 23:30;
30/06/2026 23:35;
30/06/2026 23:40;
30/06/2026 23:45;
30/06/2026 23:50;
30/06/2026 23:55;
01/07/2026 00:00;6,41
01/07/2026 00:05;6,41
01/07/2026 00:10;6,42
01/07/2026 00:15;6,42
01/07/2026 00:20;6,42
01/07/2026 00:25;6,42
01/07/2026 00:30;6,42
01/07/2026 00:35;6,42
01/07/2026 00:40;6,42
01/07/2026 00:45;6,42
01/07/2026 00:50;6,42
01/07/2026 00:55;6,42
01/07/2026 01:00;6,42
01/07/2026 01:05;6,42
01/07/2026 01:10;6,41
01/07/2026 01:15;6,41
01/07/2026 01:20;6,41
01/07/2026 01:25;6,4
01/07/2026 01:30;6,4
01/07/2026 01:35;6,4
01/07/2026 01:40;6,4
01/07/2026 01:45;6,4
01/07/2026 01:50;6,39
01/07/2026 01:55;6,39
01/07/2026 02:00;6,38
01/07/2026 02:05;6,38
01/07/2026 02:10;6,38
01/07/2026 02:15;6,38
01/07/2026 02:20;6,37
01/07/2026 02:25;6,37
01/07/2026 02:30;6,36
01/07/2026 02:35;6,36
01/07/2026 02:40;6,35
01/07/2026 02:45;6,34
01/07/2026 02:50;6,34
01/07/2026 02:55;6,34
01/07/2026 03:00;6,33
01/07/2026 03:05;6,32
01/07/2026 03:10;6,32
01/07/2026 03:15;6,32
01/07/2026 03:20;6,31
01/07/2026 03:25;6,3
01/07/2026 03:30;6,31
01/07/2026 03:35;6,3
01/07/2026 03:40;6,29
01/07/2026 03:45;6,29
01/07/2026 03:50;6,28
01/07/2026 03:55;6,28
01/07/2026 04:00;6,27
01/07/2026 04:05;6,27
01/07/2026 04:10;6,27
01/07/2026 04:15;6,27
01/07/2026 04:20;6,27
01/07/2026 04:25;6,26
01/07/2026 04:30;6,26
01/07/2026 04:35;6,25
01/07/2026 04:40;6,25
01/07/2026 04:45;6,25
01/07/2026 04:50;6,24
01/07/2026 04:55;6,25
01/07/2026 05:00;6,24
01/07/2026 05:05;6,24
01/07/2026 05:10;6,23
01/07/2026 05:15;6,23
01/07/2026 05:20;6,23
01/07/2026 05:25;6,23
01/07/2026 05:30;6,23
01/07/2026 05:35;6,23
01/07/2026 05:40;6,23
01/07/2026 05:45;6,22
01/07/2026 05:50;6,22
01/07/2026 05:55;6,22
01/07/2026 06:00;6,22
01/07/2026 06:05;6,23
01/07/2026 06:10;6,23
01/07/2026 06:15;6,22
01/07/2026 06:20;6,23
01/07/2026 06:25;6,23
01/07/2026 06:30;6,23
01/07/2026 06:35;6,23
01/07/2026 06:40;6,23
01/07/2026 06:45;6,24
01/07/2026 06:50;6,24
01/07/2026 06:55;6,24
01/07/2026 07:00;6,25
01/07/2026 07:05;6,25
01/07/2026 07:10;6,25
01/07/2026 07:15;6,26
01/07/2026 07:20;6,26
01/07/2026 07:25;6,26
01/07/2026 07:30;6,27
01/07/2026 07:35;6,27
01/07/2026 07:40;6,28
01/07/2026 07:45;6,28
01/07/2026 07:50;6,28
01/07/2026 07:55;6,28
01/07/2026 08:00;6,28
01/07/2026 08:05;6,28
01/07/2026 08:10;6,29
01/07/2026 08:15;6,3
01/07/2026 08:20;6,3
01/07/2026 08:25;6,3
01/07/2026 08:30;6,3
01/07/2026 08:35;6,31
01/07/2026 08:40;6,31
01/07/2026 08:45;6,31
01/07/2026 08:50;6,31
01/07/2026 08:55;6,31
01/07/2026 09:00;6,32
01/07/2026 09:05;6,32
01/07/2026 09:10;6,32
01/07/2026 09:15;6,33
01/07/2026 09:20;6,33
01/07/2026 09:25;6,33
01/07/2026 09:30;6,33
01/07/2026 09:35;6,33
01/07/2026 09:40;6,34
01/07/2026 09:45;6,34
01/07/2026 09:50;6,34
01/07/2026 09:55;6,34
01/07/2026 10:00;6,35
01/07/2026 10:05;6,34
01/07/2026 10:10;6,35
01/07/2026 10:15;6,34
01/07/2026 10:20;6,35
01/07/2026 10:25;6,35
01/07/2026 10:30;6,35
01/07/2026 10:35;6,35
01/07/2026 10:40;6,36
01/07/2026 10:45;6,36
01/07/2026 10:50;6,36
01/07/2026 10:55;6,35
01/07/2026 11:00;6,36
01/07/2026 11:05;6,36
01/07/2026 11:10;6,36
01/07/2026 11:15;6,36
01/07/2026 11:20;6,36
01/07/2026 11:25;6,36
01/07/2026 11:30;6,36
01/07/2026 11:35;6,36
01/07/2026 11:40;6,37
01/07/2026 11:45;6,36
01/07/2026 11:50;6,37
01/07/2026 11:55;6,37
01/07/2026 12:00;6,37
01/07/2026 12:05;6,37
01/07/2026 12:10;6,38
01/07/2026 12:15;6,37
01/07/2026 12:20;6,38
01/07/2026 12:25;6,38
01/07/2026 12:30;6,38
01/07/2026 12:35;6,38
01/07/2026 12:40;6,38
01/07/2026 12:45;6,39
01/07/2026 12:50;6,4
01/07/2026 12:55;6,4
01/07/2026 13:00;6,4
01/07/2026 13:05;6,39
01/07/2026 13:10;6,4
01/07/2026 13:15;6,4
01/07/2026 13:20;6,4
01/07/2026 13:25;6,4
01/07/2026 13:30;6,4
01/07/2026 13:35;6,4
01/07/2026 13:40;6,41
01/07/2026 13:45;6,41
01/07/2026 13:50;6,41
01/07/2026 13:55;6,41
01/07/2026 14:00;6,41
01/07/2026 14:05;6,41
01/07/2026 14:10;6,42
01/07/2026 14:15;6,41
01/07/2026 14:20;6,41
01/07/2026 14:25;6,41
01/07/2026 14:30;6,41
01/07/2026 14:35;6,41
01/07/2026 14:40;6,41
01/07/2026 14:45;6,41
01/07/2026 14:50;6,41
01/07/2026 14:55;6,42
01/07/2026 15:00;6,42
01/07/2026 15:05;6,42
01/07/2026 15:10;6,43
01/07/2026 15:15;6,43
01/07/2026 15:20;6,43
01/07/2026 15:25;6,43
01/07/2026 15:30;6,44
01/07/2026 15:35;6,44
01/07/2026 15:40;6,43
01/07/2026 15:45;6,44
01/07/2026 15:50;6,44
01/07/2026 15:55;6,44
01/07/2026 16:00;6,45
01/07/2026 16:05;6,45
01/07/2026 16:10;6,45
01/07/2026 16:15;6,46
01/07/2026 16:20;6,46
01/07/2026 16:25;6,47
01/07/2026 16:30;6,47
01/07/2026 16:35;6,48
01/07/2026 16:40;6,48
01/07/2026 16:45;6,49
01/07/2026 16:50;6,49
01/07/2026 16:55;6,5
01/07/2026 17:00;6,51
01/07/2026 17:05;6,52
01/07/2026 17:10;6,53
01/07/2026 17:15;6,54
01/07/2026 17:20;6,55
01/07/2026 17:25;6,56
01/07/2026 17:30;6,57
01/07/2026 17:35;6,58
01/07/2026 17:40;6,59
01/07/2026 17:45;6,6
01/07/2026 17:50;6,61
01/07/2026 17:55;6,62
01/07/2026 18:00;6,63
01/07/2026 18:05;6,64
01/07/2026 18:10;6,65
01/07/2026 18:15;6,65
01/07/2026 18:20;6,67
01/07/2026 18:25;6,68
01/07/2026 18:30;6,69
01/07/2026 18:35;6,7
01/07/2026 18:40;6,71
01/07/2026 18:45;6,73
01/07/2026 18:50;6,73
01/07/2026 18:55;6,74
01/07/2026 19:00;6,75
01/07/2026 19:05;6,76
01/07/2026 19:10;6,76
01/07/2026 19:15;6,78
01/07/2026 19:20;6,78
01/07/2026 19:25;6,79
01/07/2026 19:30;6,79
01/07/2026 19:35;6,8
01/07/2026 19:40;6,8
01/07/2026 19:45;6,8
01/07/2026 19:50;6,81
01/07/2026 19:55;6,81
01/07/2026 20:00;6,81
01/07/2026 20:05;6,82
01/07/2026 20:10;6,82
01/07/2026 20:15;6,82
01/07/2026 20:20;6,83
01/07/2026 20:25;6,83
01/07/2026 20:30;6,83
01/07/2026 20:35;6,83
01/07/2026 20:40;6,83
01/07/2026 20:45;6,84
01/07/2026 20:50;6,83
01/07/2026 20:55;6,83
01/07/2026 21:00;6,83
01/07/2026 21:05;6,84
01/07/2026 21:10;6,83
01/07/2026 21:15;6,82
01/07/2026 21:20;6,82
01/07/2026 21:25;6,82
01/07/2026 21:30;6,82
01/07/2026 21:35;6,82
01/07/2026 21:40;6,82
01/07/2026 21:45;6,81
01/07/2026 21:50;6,82
01/07/2026 21:55;6,82
01/07/2026 22:00;6,81
01/07/2026 22:05;6,82
01/07/2026 22:10;6,81
01/07/2026 22:15;6,81
01/07/2026 22:20;6,81
01/07/2026 22:25;6,8
01/07/2026 22:30;6,8
01/07/2026 22:35;6,8
01/07/2026 22:40;6,8
01/07/2026 22:45;6,79
01/07/2026 22:50;6,79
01/07/2026 22:55;6,79
01/07/2026 23:00;6,78
01/07/2026 23:05;6,78
01/07/2026 23:10;6,78
01/07/2026 23:15;6,78
01/07/2026 23:20;6,77
01/07/2026 23:25;6,77
01/07/2026 23:30;6,77
01/07/2026 23:35;6,76
01/07/2026 23:40;6,76
01/07/2026 23:45;6,77
01/07/2026 23:50;6,76
01/07/2026 23:55;6,76
02/07/2026 00:00;6,75
02/07/2026 00:05;6,75
02/07/2026 00:10;6,75
02/07/2026 00:15;6,75
02/07/2026 00:20;6,75
02/07/2026 00:25;6,75
02/07/2026 00:30;6,74
02/07/2026 00:35;6,74
02/07/2026 00:40;6,74
02/07/2026 00:45;6,73
02/07/2026 00:50;6,73
02/07/2026 00:55;6,73
02/07/2026 01:00;6,72
02/07/2026 01:05;6,72
02/07/2026 01:10;6,72
02/07/2026 01:15;6,72
02/07/2026 01:20;6,71
02/07/2026 01:25;6,71
02/07/2026 01:30;6,7
02/07/2026 01:35;6,7
02/07/2026 01:40;6,69
02/07/2026 01:45;6,69
02/07/2026 01:50;6,69
02/07/2026 01:55;6,68
02/07/2026 02:00;6,67
02/07/2026 02:05;6,67
02/07/2026 02:10;6,67
02/07/2026 02:15;6,66
02/07/2026 02:20;6,65
02/07/2026 02:25;6,65
02/07/2026 02:30;6,65
02/07/2026 02:35;6,64
02/07/2026 02:40;6,64
02/07/2026 02:45;6,63
02/07/2026 02:50;6,63
02/07/2026 02:55;6,63
02/07/2026 03:00;6,62
02/07/2026 03:05;6,62
02/07/2026 03:10;6,61
02/07/2026 03:15;6,61
02/07/2026 03:20;6,6
02/07/2026 03:25;6,6
02/07/2026 03:30;6,6
02/07/2026 03:35;6,59
02/07/2026 03:40;6,59
02/07/2026 03:45;6,59
02/07/2026 03:50;6,58
02/07/2026 03:55;6,58
02/07/2026 04:00;6,58
02/07/2026 04:05;6,57
02/07/2026 04:10;6,57
02/07/2026 04:15;6,57
02/07/2026 04:20;6,56
02/07/2026 04:25;6,57
02/07/2026 04:30;6,57
02/07/2026 04:35;6,57
02/07/2026 04:40;6,56
02/07/2026 04:45;6,56
02/07/2026 04:50;6,56
02/07/2026 04:55;6,55
02/07/2026 05:00;6,55
02/07/2026 05:05;6,55
02/07/2026 05:10;6,55
02/07/2026 05:15;6,55
02/07/2026 05:20;6,54
02/07/2026 05:25;6,54
02/07/2026 05:30;6,54
02/07/2026 05:35;6,53
02/07/2026 05:40;6,53
02/07/2026 05:45;6,53
02/07/2026 05:50;6,52
02/07/2026 05:55;6,52
02/07/2026 06:00;6,52
02/07/2026 06:05;6,52
02/07/2026 06:10;6,51
02/07/2026 06:15;6,51
02/07/2026 06:20;6,52
02/07/2026 06:25;6,51
02/07/2026 06:30;6,51
02/07/2026 06:35;6,51
02/07/2026 06:40;6,52
02/07/2026 06:45;6,51
02/07/2026 06:50;6,51
02/07/2026 06:55;6,52
02/07/2026 07:00;6,51
02/07/2026 07:05;6,51
02/07/2026 07:10;6,52
02/07/2026 07:15;6,52
02/07/2026 07:20;6,52
02/07/2026 07:25;6,53
02/07/2026 07:30;6,52
02/07/2026 07:35;6,52
02/07/2026 07:40;6,53
02/07/2026 07:45;6,52
02/07/2026 07:50;6,53
02/07/2026 07:55;6,53
02/07/2026 08:00;6,53
02/07/2026 08:05;6,53
02/07/2026 08:10;6,53
02/07/2026 08:15;6,53
02/07/2026 08:20;6,53
02/07/2026 08:25;6,53
02/07/2026 08:30;6,54
02/07/2026 08:35;6,54
02/07/2026 08:40;6,55
02/07/2026 08:45;6,54
02/07/2026 08:50;6,54
02/07/2026 08:55;6,54
02/07/2026 09:00;6,54
02/07/2026 09:05;6,54
02/07/2026 09:10;6,55
02/07/2026 09:15;6,54
02/07/2026 09:20;6,54
02/07/2026 09:25;6,54
02/07/2026 09:30;6,54
02/07/2026 09:35;6,55
02/07/2026 09:40;6,55
02/07/2026 09:45;6,55
02/07/2026 09:50;6,55
02/07/2026 09:55;6,55
02/07/2026 10:00;6,55
02/07/2026 10:05;6,55
02/07/2026 10:10;6,55
02/07/2026 10:15;6,55
02/07/2026 10:20;6,56
02/07/2026 10:25;6,55
02/07/2026 10:30;6,55
02/07/2026 10:35;6,56
02/07/2026 10:40;6,56
02/07/2026 10:45;6,56
02/07/2026 10:50;6,56
02/07/2026 10:55;6,56
02/07/2026 11:00;6,56
02/07/2026 11:05;6,57
02/07/2026 11:10;6,57
02/07/2026 11:15;6,57
02/07/2026 11:20;6,57
02/07/2026 11:25;6,57
02/07/2026 11:30;6,57
02/07/2026 11:35;6,57
02/07/2026 11:40;6,58
02/07/2026 11:45;6,57
02/07/2026 11:50;6,58
02/07/2026 11:55;6,57
02/07/2026 12:00;6,58
02/07/2026 12:05;6,58
02/07/2026 12:10;6,59
02/07/2026 12:15;6,59
02/07/2026 12:20;6,59
02/07/2026 12:25;6,59
02/07/2026 12:30;6,59
02/07/2026 12:35;6,6
02/07/2026 12:40;6,6
02/07/2026 12:45;6,59
02/07/2026 12:50;6,6
02/07/2026 12:55;6,59
02/07/2026 13:00;6,6
02/07/2026 13:05;6,59
02/07/2026 13:10;6,59
02/07/2026 13:15;6,59
02/07/2026 13:20;6,59
02/07/2026 13:25;6,59
02/07/2026 13:30;6,59
02/07/2026 13:35;6,6
02/07/2026 13:40;6,6
02/07/2026 13:45;6,6
02/07/2026 13:50;6,6
02/07/2026 13:55;6,6
02/07/2026 14:00;6,6
02/07/2026 14:05;6,6
02/07/2026 14:10;6,6
02/07/2026 14:15;6,6
02/07/2026 14:20;6,6
02/07/2026 14:25;6,59
02/07/2026 14:30;6,6
02/07/2026 14:35;6,59
02/07/2026 14:40;6,6
02/07/2026 14:45;6,59
02/07/2026 14:50;6,6
02/07/2026 14:55;6,59
02/07/2026 15:00;6,59
02/07/2026 15:05;6,6
02/07/2026 15:10;6,6
02/07/2026 15:15;6,59
02/07/2026 15:20;6,6
02/07/2026 15:25;6,6
02/07/2026 15:30;6,6
02/07/2026 15:35;6,6
02/07/2026 15:40;6,6
02/07/2026 15:45;6,6
02/07/2026 15:50;6,6
02/07/2026 15:55;6,6
02/07/2026 16:00;6,6
02/07/2026 16:05;6,6
02/07/2026 16:10;6,61
02/07/2026 16:15;6,61
02/07/2026 16:20;6,61
02/07/2026 16:25;6,61
02/07/2026 16:30;6,61
02/07/2026 16:35;6,61
02/07/2026 16:40;6,61
02/07/2026 16:45;6,62
02/07/2026 16:50;6,62
02/07/2026 16:55;6,62
02/07/2026 17:00;6,62
02/07/2026 17:05;6,63
02/07/2026 17:10;6,64
02/07/2026 17:15;6,64
02/07/2026 17:20;6,64
02/07/2026 17:25;6,64
02/07/2026 17:30;6,65
02/07/2026 17:35;6,66
02/07/2026 17:40;6,66
02/07/2026 17:45;6,66
02/07/2026 17:50;6,67
02/07/2026 17:55;6,68
02/07/2026 18:00;6,68
02/07/2026 18:05;6,68
02/07/2026 18:10;6,68
02/07/2026 18:15;6,69
02/07/2026 18:20;6,71
02/07/2026 18:25;6,71
02/07/2026 18:30;6,72
02/07/2026 18:35;6,73
02/07/2026 18:40;6,73
02/07/2026 18:45;6,74
02/07/2026 18:50;6,75
02/07/2026 18:55;6,75
02/07/2026 19:00;6,77
02/07/2026 19:05;6,77
02/07/2026 19:10;6,79
02/07/2026 19:15;6,79
02/07/2026 19:20;6,8
02/07/2026 19:25;6,8
02/07/2026 19:30;6,81
02/07/2026 19:35;6,81
02/07/2026 19:40;6,82
02/07/2026 19:45;6,83
02/07/2026 19:50;6,83
02/07/2026 19:55;6,84
02/07/2026 20:00;6,85
02/07/2026 20:05;6,85
02/07/2026 20:10;6,86
02/07/2026 20:15;6,86
02/07/2026 20:20;6,87
02/07/2026 20:25;6,87
02/07/2026 20:30;6,88
02/07/2026 20:35;6,88
02/07/2026 20:40;6,89
02/07/2026 20:45;6,89
02/07/2026 20:50;6,9
02/07/2026 20:55;6,9
02/07/2026 21:00;6,91
02/07/2026 21:05;6,91
02/07/2026 21:10;6,92
02/07/2026 21:15;6,92
02/07/2026 21:20;6,92
02/07/2026 21:25;6,93
02/07/2026 21:30;6,93
02/07/2026 21:35;6,93
02/07/2026 21:40;6,93
02/07/2026 21:45;6,94
02/07/2026 21:50;6,94
02/07/2026 21:55;6,94
02/07/2026 22:00;6,94
02/07/2026 22:05;6,94
02/07/2026 22:10;6,94
02/07/2026 22:15;6,94
02/07/2026 22:20;6,94
02/07/2026 22:25;6,94
02/07/2026 22:30;6,94
02/07/2026 22:35;6,95
02/07/2026 22:40;6,95
02/07/2026 22:45;6,95
02/07/2026 22:50;6,94
02/07/2026 22:55;6,95
02/07/2026 23:00;6,94
02/07/2026 23:05;6,94
02/07/2026 23:10;6,94
02/07/2026 23:15;6,94
02/07/2026 23:20;6,94
02/07/2026 23:25;6,94
02/07/2026 23:30;6,93
02/07/2026 23:35;6,93
02/07/2026 23:40;6,93
02/07/2026 23:45;6,93
02/07/2026 23:50;6,92
02/07/2026 23:55;6,92
03/07/2026 00:00;6,92
03/07/2026 00:05;6,92
03/07/2026 00:10;6,91
03/07/2026 00:15;6,91
03/07/2026 00:20;6,9
03/07/2026 00:25;6,9
03/07/2026 00:30;6,89
03/07/2026 00:35;6,89
03/07/2026 00:40;6,88
03/07/2026 00:45;6,88
03/07/2026 00:50;6,87
03/07/2026 00:55;6,86
03/07/2026 01:00;6,86
03/07/2026 01:05;6,85
03/07/2026 01:10;6,85
03/07/2026 01:15;6,84
03/07/2026 01:20;6,83
03/07/2026 01:25;6,83
03/07/2026 01:30;6,82
03/07/2026 01:35;6,81
03/07/2026 01:40;6,81
03/07/2026 01:45;6,8
03/07/2026 01:50;6,79
03/07/2026 01:55;6,79
03/07/2026 02:00;6,78
03/07/2026 02:05;6,77
03/07/2026 02:10;6,76
03/07/2026 02:15;6,76
03/07/2026 02:20;6,75
03/07/2026 02:25;6,74
03/07/2026 02:30;6,74
03/07/2026 02:35;6,74
03/07/2026 02:40;6,72
03/07/2026 02:45;6,72
03/07/2026 02:50;6,71
03/07/2026 02:55;6,7
03/07/2026 03:00;6,69
03/07/2026 03:05;6,69
03/07/2026 03:10;6,68
03/07/2026 03:15;6,68
03/07/2026 03:20;6,67
03/07/2026 03:25;6,67
03/07/2026 03:30;6,66
03/07/2026 03:35;6,65
03/07/2026 03:40;6,65
03/07/2026 03:45;6,64
03/07/2026 03:50;6,64
03/07/2026 03:55;6,63
03/07/2026 04:00;6,63
03/07/2026 04:05;6,62
03/07/2026 04:10;6,62
03/07/2026 04:15;6,62
03/07/2026 04:20;6,61
03/07/2026 04:25;6,61
03/07/2026 04:30;6,61
03/07/2026 04:35;6,6
03/07/2026 04:40;6,6
03/07/2026 04:45;6,6
03/07/2026 04:50;6,6
03/07/2026 04:55;6,6
03/07/2026 05:00;6,59
03/07/2026 05:05;6,6
03/07/2026 05:10;6,59
03/07/2026 05:15;6,59
03/07/2026 05:20;6,59
03/07/2026 05:25;6,59
03/07/2026 05:30;6,59
03/07/2026 05:35;6,59
03/07/2026 05:40;6,59
03/07/2026 05:45;6,59
03/07/2026 05:50;6,58
03/07/2026 05:55;6,58
03/07/2026 06:00;6,58
03/07/2026 06:05;6,58
03/07/2026 06:10;6,58
03/07/2026 06:15;6,57
03/07/2026 06:20;6,57
03/07/2026 06:25;6,57
03/07/2026 06:30;6,58
03/07/2026 06:35;6,58
03/07/2026 06:40;6,58
03/07/2026 06:45;6,59
03/07/2026 06:50;6,58
03/07/2026 06:55;6,59
03/07/2026 07:00;6,59
03/07/2026 07:05;6,6
03/07/2026 07:10;6,59
03/07/2026 07:15;6,6
03/07/2026 07:20;6,6
03/07/2026 07:25;6,6
03/07/2026 07:30;6,6
03/07/2026 07:35;6,61
03/07/2026 07:40;6,61
03/07/2026 07:45;6,61
03/07/2026 07:50;6,61
03/07/2026 07:55;6,62
03/07/2026 08:00;6,61
03/07/2026 08:05;6,62
03/07/2026 08:10;6,62
03/07/2026 08:15;6,62
03/07/2026 08:20;6,62
03/07/2026 08:25;6,62
03/07/2026 08:30;6,62
03/07/2026 08:35;6,62
03/07/2026 08:40;6,62
03/07/2026 08:45;6,62
03/07/2026 08:50;6,62
03/07/2026 08:55;6,63
03/07/2026 09:00;6,63
03/07/2026 09:05;6,63
03/07/2026 09:10;6,63
03/07/2026 09:15;6,63
03/07/2026 09:20;6,62
03/07/2026 09:25;6,63
03/07/2026 09:30;6,63
03/07/2026 09:35;6,63
03/07/2026 09:40;6,63
03/07/2026 09:45;6,63
03/07/2026 09:50;6,63
03/07/2026 09:55;6,63
03/07/2026 10:00;6,63
03/07/2026 10:05;6,63
03/07/2026 10:10;6,62
03/07/2026 10:15;6,62
03/07/2026 10:20;6,63
03/07/2026 10:25;6,63
03/07/2026 10:30;6,63
03/07/2026 10:35;6,63
03/07/2026 10:40;6,63
03/07/2026 10:45;6,63
03/07/2026 10:50;6,63
03/07/2026 10:55;6,63
03/07/2026 11:00;6,63
03/07/2026 11:05;6,63
03/07/2026 11:10;6,62
03/07/2026 11:15;6,62
03/07/2026 11:20;6,62
03/07/2026 11:25;6,62
03/07/2026 11:30;6,62
03/07/2026 11:35;6,62
03/07/2026 11:40;6,61
03/07/2026 11:45;6,61
03/07/2026 11:50;6,61
03/07/2026 11:55;6,6
03/07/2026 12:00;6,6
03/07/2026 12:05;6,59
03/07/2026 12:10;6,6
03/07/2026 12:15;6,59
03/07/2026 12:20;6,59
03/07/2026 12:25;6,59
03/07/2026 12:30;6,59
03/07/2026 12:35;6,58
03/07/2026 12:40;6,58
03/07/2026 12:45;6,58
03/07/2026 12:50;6,59
03/07/2026 12:55;6,58
03/07/2026 13:00;6,58
03/07/2026 13:05;6,57
03/07/2026 13:10;6,58
03/07/2026 13:15;6,58
03/07/2026 13:20;6,58
03/07/2026 13:25;6,58
03/07/2026 13:30;6,58
03/07/2026 13:35;6,58
03/07/2026 13:40;6,57
03/07/2026 13:45;6,57
03/07/2026 13:50;6,57
03/07/2026 13:55;6,57
03/07/2026 14:00;6,57
03/07/2026 14:05;6,57
03/07/2026 14:10;6,56
03/07/2026 14:15;6,57
03/07/2026 14:20;6,57
03/07/2026 14:25;6,56
03/07/2026 14:30;6,56
03/07/2026 14:35;6,57
03/07/2026 14:40;6,57
03/07/2026 14:45;6,57
03/07/2026 14:50;6,57
03/07/2026 14:55;6,57
03/07/2026 15:00;6,56
03/07/2026 15:05;6,57
03/07/2026 15:10;6,57
03/07/2026 15:15;6,57
03/07/2026 15:20;6,57
03/07/2026 15:25;6,57
03/07/2026 15:30;6,57
03/07/2026 15:35;6,57
03/07/2026 15:40;6,57
03/07/2026 15:45;6,57
03/07/2026 15:50;6,57
03/07/2026 15:55;6,57
03/07/2026 16:00;6,57
03/07/2026 16:05;6,57
03/07/2026 16:10;6,57
03/07/2026 16:15;6,57
03/07/2026 16:20;6,57
03/07/2026 16:25;6,57
03/07/2026 16:30;6,57
03/07/2026 16:35;6,58
03/07/2026 16:40;6,58
03/07/2026 16:45;6,58
03/07/2026 16:50;6,59
03/07/2026 16:55;6,58
03/07/2026 17:00;6,59
03/07/2026 17:05;6,6
03/07/2026 17:10;6,6
03/07/2026 17:15;6,6
03/07/2026 17:20;6,61
03/07/2026 17:25;6,62
03/07/2026 17:30;6,62
03/07/2026 17:35;6,63
03/07/2026 17:40;6,63
03/07/2026 17:45;6,64
03/07/2026 17:50;6,65
03/07/2026 17:55;6,67
03/07/2026 18:00;6,67
03/07/2026 18:05;6,68
03/07/2026 18:10;6,7
03/07/2026 18:15;6,7
03/07/2026 18:20;6,71
03/07/2026 18:25;6,73
03/07/2026 18:30;6,73
03/07/2026 18:35;6,74
03/07/2026 18:40;6,75
03/07/2026 18:45;6,76
03/07/2026 18:50;6,77
03/07/2026 18:55;6,78
03/07/2026 19:00;6,79
03/07/2026 19:05;6,79
03/07/2026 19:10;6,81
03/07/2026 19:15;6,81
03/07/2026 19:20;6,82
03/07/2026 19:25;6,82
03/07/2026 19:30;6,83
03/07/2026 19:35;6,84
03/07/2026 19:40;6,85
03/07/2026 19:45;6,86
03/07/2026 19:50;6,87
03/07/2026 19:55;6,88
03/07/2026 20:00;6,88
03/07/2026 20:05;6,89
03/07/2026 20:10;6,89
03/07/2026 20:15;6,9
03/07/2026 20:20;6,9
03/07/2026 20:25;6,91
03/07/2026 20:30;6,92
03/07/2026 20:35;6,92
03/07/2026 20:40;6,93
03/07/2026 20:45;6,93
03/07/2026 20:50;6,93
03/07/2026 20:55;6,94
03/07/2026 21:00;6,94
03/07/2026 21:05;6,94
03/07/2026 21:10;6,94
03/07/2026 21:15;6,94
03/07/2026 21:20;6,95
03/07/2026 21:25;6,95
03/07/2026 21:30;6,95
03/07/2026 21:35;6,95
03/07/2026 21:40;6,95
03/07/2026 21:45;6,95
03/07/2026 21:50;6,95
03/07/2026 21:55;6,95
03/07/2026 22:00;6,94
03/07/2026 22:05;6,95
03/07/2026 22:10;6,94
03/07/2026 22:15;6,95
03/07/2026 22:20;6,95
03/07/2026 22:25;6,95
03/07/2026 22:30;6,95
03/07/2026 22:35;6,95
03/07/2026 22:40;6,96
03/07/2026 22:45;6,96
03/07/2026 22:50;6,96
03/07/2026 22:55;6,95
03/07/2026 23:00;6,95
03/07/2026 23:05;6,95
03/07/2026 23:10;6,95
03/07/2026 23:15;6,95
03/07/2026 23:20;6,95
03/07/2026 23:25;6,95
03/07/2026 23:30;6,94
03/07/2026 23:35;6,94
03/07/2026 23:40;6,95
03/07/2026 23:45;6,94
03/07/2026 23:50;6,93
03/07/2026 23:55;6,93
04/07/2026 00:00;6,93
04/07/2026 00:05;6,93
04/07/2026 00:10;6,92
04/07/2026 00:15;6,92
04/07/2026 00:20;6,91
04/07/2026 00:25;6,9
04/07/2026 00:30;6,9
04/07/2026 00:35;6,9
04/07/2026 00:40;6,89
04/07/2026 00:45;6,88
04/07/2026 00:50;6,87
04/07/2026 00:55;6,87
04/07/2026 01:00;6,86
04/07/2026 01:05;6,86
04/07/2026 01:10;6,85
04/07/2026 01:15;6,85
04/07/2026 01:20;6,84
04/07/2026 01:25;6,83
04/07/2026 01:30;6,83
04/07/2026 01:35;6,82
04/07/2026 01:40;6,81
04/07/2026 01:45;6,81
04/07/2026 01:50;6,8
04/07/2026 01:55;6,8
04/07/2026 02:00;6,79
04/07/2026 02:05;6,78
04/07/2026 02:10;6,77
04/07/2026 02:15;6,77
04/07/2026 02:20;6,76
04/07/2026 02:25;6,75
04/07/2026 02:30;6,75
04/07/2026 02:35;6,74
04/07/2026 02:40;6,73
04/07/2026 02:45;6,73
04/07/2026 02:50;6,72
04/07/2026 02:55;6,72
04/07/2026 03:00;6,71
04/07/2026 03:05;6,7
04/07/2026 03:10;6,7
04/07/2026 03:15;6,69
04/07/2026 03:20;6,68
04/07/2026 03:25;6,68
04/07/2026 03:30;6,68
04/07/2026 03:35;6,67
04/07/2026 03:40;6,66
04/07/2026 03:45;6,66
04/07/2026 03:50;6,65
04/07/2026 03:55;6,65
04/07/2026 04:00;6,64
04/07/2026 04:05;6,64
04/07/2026 04:10;6,64
04/07/2026 04:15;6,63
04/07/2026 04:20;6,63
04/07/2026 04:25;6,62
04/07/2026 04:30;6,62
04/07/2026 04:35;6,61
04/07/2026 04:40;6,61
04/07/2026 04:45;6,61
04/07/2026 04:50;6,6
04/07/2026 04:55;6,6
04/07/2026 05:00;6,59
04/07/2026 05:05;6,59
04/07/2026 05:10;6,58
04/07/2026 05:15;6,58
04/07/2026 05:20;6,58
04/07/2026 05:25;6,58
04/07/2026 05:30;6,57
04/07/2026 05:35;6,57
04/07/2026 05:40;6,57
04/07/2026 05:45;6,57
04/07/2026 05:50;6,56
04/07/2026 05:55;6,56
04/07/2026 06:00;6,56
04/07/2026 06:05;6,56
04/07/2026 06:10;6,55
04/07/2026 06:15;6,55
04/07/2026 06:20;6,54
04/07/2026 06:25;6,54
04/07/2026 06:30;6,54
04/07/2026 06:35;6,54
04/07/2026 06:40;6,53
04/07/2026 06:45;6,53
04/07/2026 06:50;6,52
04/07/2026 06:55;6,52
04/07/2026 07:00;6,52
04/07/2026 07:05;6,52
04/07/2026 07:10;6,52
04/07/2026 07:15;6,52
04/07/2026 07:20;6,51
04/07/2026 07:25;6,51
04/07/2026 07:30;6,51
04/07/2026 07:35;6,5
04/07/2026 07:40;6,51
04/07/2026 07:45;6,5
04/07/2026 07:50;6,5
04/07/2026 07:55;6,5
04/07/2026 08:00;6,5
04/07/2026 08:05;6,5
04/07/2026 08:10;6,5
04/07/2026 08:15;6,49
04/07/2026 08:20;6,49
04/07/2026 08:25;6,49
04/07/2026 08:30;6,49
04/07/2026 08:35;6,49
04/07/2026 08:40;6,49
04/07/2026 08:45;6,48
04/07/2026 08:50;6,48
04/07/2026 08:55;6,48
04/07/2026 09:00;6,47
04/07/2026 09:05;6,47
04/07/2026 09:10;6,46
04/07/2026 09:15;6,46
04/07/2026 09:20;6,45
04/07/2026 09:25;6,45
04/07/2026 09:30;6,45
04/07/2026 09:35;6,46
04/07/2026 09:40;6,45
04/07/2026 09:45;6,46
04/07/2026 09:50;6,46
04/07/2026 09:55;6,46
04/07/2026 10:00;6,45
04/07/2026 10:05;6,46
04/07/2026 10:10;6,46
04/07/2026 10:15;6,46
04/07/2026 10:20;6,46
04/07/2026 10:25;6,46
04/07/2026 10:30;6,46
04/07/2026 10:35;6,46
04/07/2026 10:40;6,46
04/07/2026 10:45;6,46
04/07/2026 10:50;6,46
04/07/2026 10:55;6,46
04/07/2026 11:00;6,46
04/07/2026 11:05;6,46
04/07/2026 11:10;6,46
04/07/2026 11:15;6,46
04/07/2026 11:20;6,46
04/07/2026 11:25;6,47
04/07/2026 11:30;6,47
04/07/2026 11:35;6,46
04/07/2026 11:40;6,47
04/07/2026 11:45;6,47
04/07/2026 11:50;6,47
04/07/2026 11:55;6,47
04/07/2026 12:00;6,47
04/07/2026 12:05;6,47
04/07/2026 12:10;6,47
04/07/2026 12:15;6,47
04/07/2026 12:20;6,47
04/07/2026 12:25;6,48
04/07/2026 12:30;6,48
04/07/2026 12:35;6,48
04/07/2026 12:40;6,48
04/07/2026 12:45;6,47
04/07/2026 12:50;6,47
04/07/2026 12:55;6,46
04/07/2026 13:00;6,47
04/07/2026 13:05;6,46
04/07/2026 13:10;6,46
04/07/2026 13:15;6,45
04/07/2026 13:20;6,46
04/07/2026 13:25;6,46
04/07/2026 13:30;6,46
04/07/2026 13:35;6,46
04/07/2026 13:40;6,46
04/07/2026 13:45;6,46
04/07/2026 13:50;6,47
04/07/2026 13:55;6,47
04/07/2026 14:00;6,47
04/07/2026 14:05;6,47
04/07/2026 14:10;6,47
04/07/2026 14:15;6,47
04/07/2026 14:20;6,47
04/07/2026 14:25;6,47
04/07/2026 14:30;6,47
04/07/2026 14:35;6,47
04/07/2026 14:40;6,47
04/07/2026 14:45;6,47
04/07/2026 14:50;6,47
04/07/2026 14:55;6,47
04/07/2026 15:00;6,47
04/07/2026 15:05;6,47
04/07/2026 15:10;6,48
04/07/2026 15:15;6,48
04/07/2026 15:20;6,48
04/07/2026 15:25;6,48
04/07/2026 15:30;6,48
04/07/2026 15:35;6,46
04/07/2026 15:40;6,47
04/07/2026 15:45;6,48
04/07/2026 15:50;6,49
04/07/2026 15:55;6,49
04/07/2026 16:00;6,49
04/07/2026 16:05;6,49
04/07/2026 16:10;6,49
04/07/2026 16:15;6,49
04/07/2026 16:20;6,49
04/07/2026 16:25;6,5
04/07/2026 16:30;6,5
04/07/2026 16:35;6,5
04/07/2026 16:40;6,5
04/07/2026 16:45;6,51
04/07/2026 16:50;6,51
04/07/2026 16:55;6,51
04/07/2026 17:00;6,52
04/07/2026 17:05;6,52
04/07/2026 17:10;6,52
04/07/2026 17:15;6,53
04/07/2026 17:20;6,53
04/07/2026 17:25;6,54
04/07/2026 17:30;6,55
04/07/2026 17:35;6,56
04/07/2026 17:40;6,56
04/07/2026 17:45;6,57
04/07/2026 17:50;6,57
04/07/2026 17:55;6,58
04/07/2026 18:00;6,59
04/07/2026 18:05;6,59
04/07/2026 18:10;6,6
04/07/2026 18:15;6,61
04/07/2026 18:20;6,62
04/07/2026 18:25;6,63
04/07/2026 18:30;6,64
04/07/2026 18:35;6,66
04/07/2026 18:40;6,66
04/07/2026 18:45;6,67
04/07/2026 18:50;6,68
04/07/2026 18:55;6,69
04/07/2026 19:00;6,71
04/07/2026 19:05;6,71
04/07/2026 19:10;6,72
04/07/2026 19:15;6,73
04/07/2026 19:20;6,74
04/07/2026 19:25;6,75
04/07/2026 19:30;6,76
04/07/2026 19:35;6,77
04/07/2026 19:40;6,78
04/07/2026 19:45;6,8
04/07/2026 19:50;6,81
04/07/2026 19:55;6,81
04/07/2026 20:00;6,82
04/07/2026 20:05;6,83
04/07/2026 20:10;6,84
04/07/2026 20:15;6,85
04/07/2026 20:20;6,86
04/07/2026 20:25;6,86
04/07/2026 20:30;6,87
04/07/2026 20:35;6,88
04/07/2026 20:40;6,88
04/07/2026 20:45;6,89
04/07/2026 20:50;6,9
04/07/2026 20:55;6,9
04/07/2026 21:00;6,91
04/07/2026 21:05;6,92
04/07/2026 21:10;6,93
04/07/2026 21:15;6,93
04/07/2026 21:20;6,94
04/07/2026 21:25;6,95
04/07/2026 21:30;6,97
04/07/2026 21:35;6,97
04/07/2026 21:40;6,98
04/07/2026 21:45;6,99
04/07/2026 21:50;6,99
04/07/2026 21:55;7,0
04/07/2026 22:00;7,01
04/07/2026 22:05;7,02
04/07/2026 22:10;7,02
04/07/2026 22:15;7,03
04/07/2026 22:20;7,04
04/07/2026 22:25;7,04
04/07/2026 22:30;7,04
04/07/2026 22:35;7,05
04/07/2026 22:40;7,05
04/07/2026 22:45;7,05
04/07/2026 22:50;7,06
04/07/2026 22:55;7,06
04/07/2026 23:00;7,06
04/07/2026 23:05;7,06
04/07/2026 23:10;7,06
04/07/2026 23:15;7,06
04/07/2026 23:20;7,06
04/07/2026 23:25;7,06
04/07/2026 23:30;7,06
04/07/2026 23:35;7,06
04/07/2026 23:40;7,05
04/07/2026 23:45;7,05
04/07/2026 23:50;7,04
04/07/2026 23:55;7,04
05/07/2026 00:00;7,03
05/07/2026 00:05;7,03
05/07/2026 00:10;7,03
05/07/2026 00:15;7,03
05/07/2026 00:20;7,02
05/07/2026 00:25;7,01
05/07/2026 00:30;7,01
05/07/2026 00:35;7,0
05/07/2026 00:40;6,99
05/07/2026 00:45;6,99
05/07/2026 00:50;6,99
05/07/2026 00:55;6,98
05/07/2026 01:00;6,97
05/07/2026 01:05;6,96
05/07/2026 01:10;6,96
05/07/2026 01:15;6,95
05/07/2026 01:20;6,94
05/07/2026 01:25;6,93
05/07/2026 01:30;6,93
05/07/2026 01:35;6,92
05/07/2026 01:40;6,91
05/07/2026 01:45;6,9
05/07/2026 01:50;6,9
05/07/2026 01:55;6,89
05/07/2026 02:00;6,88
05/07/2026 02:05;6,87
05/07/2026 02:10;6,86
05/07/2026 02:15;6,86
05/07/2026 02:20;6,85
05/07/2026 02:25;6,84
05/07/2026 02:30;6,83
05/07/2026 02:35;6,82
05/07/2026 02:40;6,81
05/07/2026 02:45;6,8
05/07/2026 02:50;6,79
05/07/2026 02:55;6,78
05/07/2026 03:00;6,77
05/07/2026 03:05;6,77
05/07/2026 03:10;6,76
05/07/2026 03:15;6,75
05/07/2026 03:20;6,75
05/07/2026 03:25;6,74
05/07/2026 03:30;6,73
05/07/2026 03:35;6,73
05/07/2026 03:40;6,72
05/07/2026 03:45;6,72
05/07/2026 03:50;6,71
05/07/2026 03:55;6,71
05/07/2026 04:00;6,7
05/07/2026 04:05;6,7
05/07/2026 04:10;6,7
05/07/2026 04:15;6,69
05/07/2026 04:20;6,7
05/07/2026 04:25;6,7
05/07/2026 04:30;6,7
05/07/2026 04:35;6,7
05/07/2026 04:40;6,69
05/07/2026 04:45;6,69
05/07/2026 04:50;6,69
05/07/2026 04:55;6,69
05/07/2026 05:00;6,69
05/07/2026 05:05;6,69
05/07/2026 05:10;6,69
05/07/2026 05:15;6,69
05/07/2026 05:20;6,69
05/07/2026 05:25;6,69
05/07/2026 05:30;6,69
05/07/2026 05:35;6,69
05/07/2026 05:40;6,69
05/07/2026 05:45;6,69
05/07/2026 05:50;6,69
05/07/2026 05:55;6,69
05/07/2026 06:00;6,69
05/07/2026 06:05;6,69
05/07/2026 06:10;6,68
05/07/2026 06:15;6,68
05/07/2026 06:20;6,68
05/07/2026 06:25;6,68
05/07/2026 06:30;6,68
05/07/2026 06:35;6,69
05/07/2026 06:40;6,68
05/07/2026 06:45;6,68
05/07/2026 06:50;6,68
05/07/2026 06:55;6,68
05/07/2026 07:00;6,68
05/07/2026 07:05;6,68
05/07/2026 07:10;6,68
05/07/2026 07:15;6,68
05/07/2026 07:20;6,67
05/07/2026 07:25;6,68
05/07/2026 07:30;6,67
05/07/2026 07:35;6,68
05/07/2026 07:40;6,67
05/07/2026 07:45;6,67
05/07/2026 07:50;6,66
05/07/2026 07:55;6,66
05/07/2026 08:00;6,66
05/07/2026 08:05;6,66
05/07/2026 08:10;6,66
05/07/2026 08:15;6,66
05/07/2026 08:20;6,66
05/07/2026 08:25;6,66
05/07/2026 08:30;6,65
05/07/2026 08:35;6,65
05/07/2026 08:40;6,65
05/07/2026 08:45;6,66
05/07/2026 08:50;6,65
05/07/2026 08:55;6,65
05/07/2026 09:00;6,66
05/07/2026 09:05;6,65
05/07/2026 09:10;6,65
05/07/2026 09:15;6,65
05/07/2026 09:20;6,65
05/07/2026 09:25;6,65
05/07/2026 09:30;6,65
05/07/2026 09:35;6,65
05/07/2026 09:40;6,65
05/07/2026 09:45;6,65
05/07/2026 09:50;6,65
05/07/2026 09:55;6,65
05/07/2026 10:00;6,65
05/07/2026 10:05;6,65
05/07/2026 10:10;6,65
05/07/2026 10:15;6,65
05/07/2026 10:20;6,65
05/07/2026 10:25;6,65
05/07/2026 10:30;6,66
05/07/2026 10:35;6,66
05/07/2026 10:40;6,65
05/07/2026 10:45;6,66
05/07/2026 10:50;6,66
05/07/2026 10:55;6,66
05/07/2026 11:00;6,66
05/07/2026 11:05;6,66
05/07/2026 11:10;6,67
05/07/2026 11:15;6,66
05/07/2026 11:20;6,66
05/07/2026 11:25;6,66
05/07/2026 11:30;6,66
05/07/2026 11:35;6,66
05/07/2026 11:40;6,66
05/07/2026 11:45;6,66
05/07/2026 11:50;6,67
05/07/2026 11:55;6,67
05/07/2026 12:00;6,66
05/07/2026 12:05;6,66
05/07/2026 12:10;6,67
05/07/2026 12:15;6,66
05/07/2026 12:20;6,67
05/07/2026 12:25;6,66
05/07/2026 12:30;6,66
05/07/2026 12:35;6,66
05/07/2026 12:40;6,66
05/07/2026 12:45;6,66
05/07/2026 12:50;6,65
05/07/2026 12:55;6,65
05/07/2026 13:00;6,65
05/07/2026 13:05;6,65
05/07/2026 13:10;6,65
05/07/2026 13:15;6,65
05/07/2026 13:20;6,65
05/07/2026 13:25;6,64
05/07/2026 13:30;6,64
05/07/2026 13:35;6,64
05/07/2026 13:40;6,64
05/07/2026 13:45;6,63
05/07/2026 13:50;6,63
05/07/2026 13:55;6,63
05/07/2026 14:00;6,63
05/07/2026 14:05;6,63
05/07/2026 14:10;6,63
05/07/2026 14:15;6,63
05/07/2026 14:20;6,63
05/07/2026 14:25;6,63
05/07/2026 14:30;6,63
05/07/2026 14:35;6,63
05/07/2026 14:40;6,63
05/07/2026 14:45;6,63
05/07/2026 14:50;6,63
05/07/2026 14:55;6,63
05/07/2026 15:00;6,62
05/07/2026 15:05;6,63
05/07/2026 15:10;6,63
05/07/2026 15:15;6,63
05/07/2026 15:20;6,63
05/07/2026 15:25;6,63
05/07/2026 15:30;6,63
05/07/2026 15:35;6,63
05/07/2026 15:40;6,64
05/07/2026 15:45;6,63
05/07/2026 15:50;6,64
05/07/2026 15:55;6,64
05/07/2026 16:00;6,64
05/07/2026 16:05;6,64
05/07/2026 16:10;6,65
05/07/2026 16:15;6,65
05/07/2026 16:20;6,66
05/07/2026 16:25;6,66
05/07/2026 16:30;6,66
05/07/2026 16:35;6,67
05/07/2026 16:40;6,67
05/07/2026 16:45;6,67
05/07/2026 16:50;6,68
05/07/2026 16:55;6,69
05/07/2026 17:00;6,7
05/07/2026 17:05;6,7
05/07/2026 17:10;6,71
05/07/2026 17:15;6,72
05/07/2026 17:20;6,73
05/07/2026 17:25;6,74
05/07/2026 17:30;6,75
05/07/2026 17:35;6,75
05/07/2026 17:40;6,76
05/07/2026 17:45;6,77
05/07/2026 17:50;6,78
05/07/2026 17:55;6,79
05/07/2026 18:00;6,8
05/07/2026 18:05;6,81
05/07/2026 18:10;6,82
05/07/2026 18:15;6,83
05/07/2026 18:20;6,84
05/07/2026 18:25;6,85
05/07/2026 18:30;6,86
05/07/2026 18:35;6,87
05/07/2026 18:40;6,88
05/07/2026 18:45;6,89
05/07/2026 18:50;6,91
05/07/2026 18:55;6,92
05/07/2026 19:00;6,93
05/07/2026 19:05;6,95
05/07/2026 19:10;6,96
05/07/2026 19:15;6,97
05/07/2026 19:20;6,98
05/07/2026 19:25;6,99
05/07/2026 19:30;7,01
05/07/2026 19:35;7,01
05/07/2026 19:40;7,02
05/07/2026 19:45;7,03
05/07/2026 19:50;7,05
05/07/2026 19:55;7,05
05/07/2026 20:00;7,06
05/07/2026 20:05;7,07
05/07/2026 20:10;7,07
05/07/2026 20:15;7,08
05/07/2026 20:20;7,09
05/07/2026 20:25;7,1
05/07/2026 20:30;7,11
05/07/2026 20:35;7,11
05/07/2026 20:40;7,12
05/07/2026 20:45;7,13
05/07/2026 20:50;7,13
05/07/2026 20:55;7,14
05/07/2026 21:00;7,14
05/07/2026 21:05;7,15
05/07/2026 21:10;7,15
05/07/2026 21:15;7,14
05/07/2026 21:20;7,15
05/07/2026 21:25;7,15
05/07/2026 21:30;7,15
05/07/2026 21:35;7,16
05/07/2026 21:40;7,16
05/07/2026 21:45;7,16
05/07/2026 21:50;7,16
05/07/2026 21:55;7,16
05/07/2026 22:00;7,15
05/07/2026 22:05;7,16
05/07/2026 22:10;7,15
05/07/2026 22:15;7,15
05/07/2026 22:20;7,15
05/07/2026 22:25;7,15
05/07/2026 22:30;7,15
05/07/2026 22:35;7,15
05/07/2026 22:40;7,15
05/07/2026 22:45;7,14
05/07/2026 22:50;7,14
05/07/2026 22:55;7,14
05/07/2026 23:00;7,13
05/07/2026 23:05;7,13
05/07/2026 23:10;7,12
05/07/2026 23:15;7,12
05/07/2026 23:20;7,11
05/07/2026 23:25;7,12
05/07/2026 23:30;7,11
05/07/2026 23:35;7,11
05/07/2026 23:40;7,1
05/07/2026 23:45;7,1
05/07/2026 23:50;7,09
05/07/2026 23:55;7,09
06/07/2026 00:00;7,08
06/07/2026 00:05;7,07
06/07/2026 00:10;7,07
06/07/2026 00:15;7,06
06/07/2026 00:20;7,05
06/07/2026 00:25;7,06
06/07/2026 00:30;7,05
06/07/2026 00:35;7,04
06/07/2026 00:40;7,03
06/07/2026 00:45;7,03
06/07/2026 00:50;7,01
06/07/2026 00:55;7,01
06/07/2026 01:00;7,0
06/07/2026 01:05;7,0
06/07/2026 01:10;6,99
06/07/2026 01:15;6,98
06/07/2026 01:20;6,98
06/07/2026 01:25;6,97
06/07/2026 01:30;6,96
06/07/2026 01:35;6,95
06/07/2026 01:40;6,94
06/07/2026 01:45;6,94
06/07/2026 01:50;6,93
06/07/2026 01:55;6,92
06/07/2026 02:00;6,91
06/07/2026 02:05;6,91
06/07/2026 02:10;6,91
06/07/2026 02:15;6,9
06/07/2026 02:20;6,89
06/07/2026 02:25;6,88
06/07/2026 02:30;6,88
06/07/2026 02:35;6,87
06/07/2026 02:40;6,86
06/07/2026 02:45;6,86
06/07/2026 02:50;6,85
06/07/2026 02:55;6,84
06/07/2026 03:00;6,84
06/07/2026 03:05;6,83
06/07/2026 03:10;6,83
06/07/2026 03:15;6,82
06/07/2026 03:20;6,81
06/07/2026 03:25;6,81
06/07/2026 03:30;6,8
06/07/2026 03:35;6,8
06/07/2026 03:40;6,79
06/07/2026 03:45;6,79
06/07/2026 03:50;6,78
06/07/2026 03:55;6,78
06/07/2026 04:00;6,77
06/07/2026 04:05;6,77
06/07/2026 04:10;6,76
06/07/2026 04:15;6,76
06/07/2026 04:20;6,75
06/07/2026 04:25;6,75
06/07/2026 04:30;6,74
06/07/2026 04:35;6,74
06/07/2026 04:40;6,74
06/07/2026 04:45;6,74
06/07/2026 04:50;6,73
06/07/2026 04:55;6,73
06/07/2026 05:00;6,72
06/07/2026 05:05;6,72
06/07/2026 05:10;6,72
06/07/2026 05:15;6,71
06/07/2026 05:20;6,71
06/07/2026 05:25;6,71
06/07/2026 05:30;6,7
06/07/2026 05:35;6,7
06/07/2026 05:40;6,7
06/07/2026 05:45;6,7
06/07/2026 05:50;6,69
06/07/2026 05:55;6,7
06/07/2026 06:00;6,69
06/07/2026 06:05;6,69
06/07/2026 06:10;6,68
06/07/2026 06:15;6,69
06/07/2026 06:20;6,68
06/07/2026 06:25;6,68
06/07/2026 06:30;6,68
06/07/2026 06:35;6,68
06/07/2026 06:40;6,68
06/07/2026 06:45;6,68
06/07/2026 06:50;6,68
06/07/2026 06:55;6,68
06/07/2026 07:00;6,67
06/07/2026 07:05;6,68
06/07/2026 07:10;6,68
06/07/2026 07:15;6,67
06/07/2026 07:20;6,67
06/07/2026 07:25;6,67
06/07/2026 07:30;6,67
06/07/2026 07:35;6,67
06/07/2026 07:40;6,67
06/07/2026 07:45;6,67
06/07/2026 07:50;6,67
06/07/2026 07:55;6,66
06/07/2026 08:00;6,66
06/07/2026 08:05;6,66
06/07/2026 08:10;6,66
06/07/2026 08:15;6,65
06/07/2026 08:20;6,65
06/07/2026 08:25;6,65
06/07/2026 08:30;6,65
06/07/2026 08:35;6,64
06/07/2026 08:40;6,64
06/07/2026 08:45;6,64
06/07/2026 08:50;6,64
06/07/2026 08:55;6,63
06/07/2026 09:00;6,63
06/07/2026 09:05;6,63
06/07/2026 09:10;6,63
06/07/2026 09:15;6,63
06/07/2026 09:20;6,62
06/07/2026 09:25;6,62
06/07/2026 09:30;6,62
06/07/2026 09:35;6,62
06/07/2026 09:40;6,62
06/07/2026 09:45;6,62
06/07/2026 09:50;6,61
06/07/2026 09:55;6,62
06/07/2026 10:00;6,61
06/07/2026 10:05;6,61
06/07/2026 10:10;6,61
06/07/2026 10:15;6,61
06/07/2026 10:20;6,61
06/07/2026 10:25;6,6
06/07/2026 10:30;6,61
06/07/2026 10:35;6,61
06/07/2026 10:40;6,61
06/07/2026 10:45;6,61
06/07/2026 10:50;6,6
06/07/2026 10:55;6,6
06/07/2026 11:00;6,6
06/07/2026 11:05;6,6
06/07/2026 11:10;6,6
06/07/2026 11:15;6,6
06/07/2026 11:20;6,6
06/07/2026 11:25;6,6
06/07/2026 11:30;6,6
06/07/2026 11:35;6,6
06/07/2026 11:40;6,6
06/07/2026 11:45;6,6
06/07/2026 11:50;6,6
06/07/2026 11:55;6,6
06/07/2026 12:00;6,61
06/07/2026 12:05;6,6
06/07/2026 12:10;6,6
06/07/2026 12:15;6,6
06/07/2026 12:20;6,61
06/07/2026 12:25;6,6
06/07/2026 12:30;6,6
06/07/2026 12:35;6,6
06/07/2026 12:40;6,6
06/07/2026 12:45;6,6
06/07/2026 12:50;6,6
06/07/2026 12:55;6,59
06/07/2026 13:00;6,59
06/07/2026 13:05;6,59
06/07/2026 13:10;6,59
06/07/2026 13:15;6,58
06/07/2026 13:20;6,58
06/07/2026 13:25;6,59
06/07/2026 13:30;6,58
06/07/2026 13:35;6,59
06/07/2026 13:40;6,58
06/07/2026 13:45;6,58
06/07/2026 13:50;6,58
06/07/2026 13:55;6,58
06/07/2026 14:00;6,58
06/07/2026 14:05;6,58
06/07/2026 14:10;6,59
06/07/2026 14:15;6,58
06/07/2026 14:20;6,58
06/07/2026 14:25;6,58
06/07/2026 14:30;6,57
06/07/2026 14:35;6,57
06/07/2026 14:40;6,57
06/07/2026 14:45;6,56
06/07/2026 14:50;6,56
06/07/2026 14:55;6,56
06/07/2026 15:00;6,56
06/07/2026 15:05;6,56
06/07/2026 15:10;6,56
06/07/2026 15:15;6,55
06/07/2026 15:20;6,55
06/07/2026 15:25;6,55
06/07/2026 15:30;6,55
06/07/2026 15:35;6,54
06/07/2026 15:40;6,54
06/07/2026 15:45;6,54
06/07/2026 15:50;6,54
06/07/2026 15:55;6,53
06/07/2026 16:00;6,53
06/07/2026 16:05;6,53
06/07/2026 16:10;6,53
06/07/2026 16:15;6,53
06/07/2026 16:20;6,53
06/07/2026 16:25;6,53
06/07/2026 16:30;6,53
06/07/2026 16:35;6,53
06/07/2026 16:40;6,53
06/07/2026 16:45;6,53
06/07/2026 16:50;6,54
06/07/2026 16:55;6,54
06/07/2026 17:00;6,54
06/07/2026 17:05;6,54
06/07/2026 17:10;6,54
06/07/2026 17:15;6,54
06/07/2026 17:20;6,55
06/07/2026 17:25;6,55
06/07/2026 17:30;6,55
06/07/2026 17:35;6,55
06/07/2026 17:40;6,56
06/07/2026 17:45;6,56
06/07/2026 17:50;6,56
06/07/2026 17:55;6,56
06/07/2026 18:00;6,57
06/07/2026 18:05;6,57
06/07/2026 18:10;6,58
06/07/2026 18:15;6,58
06/07/2026 18:20;6,59
06/07/2026 18:25;6,59
06/07/2026 18:30;6,6
06/07/2026 18:35;6,6
06/07/2026 18:40;6,61
06/07/2026 18:45;6,62
06/07/2026 18:50;6,63
06/07/2026 18:55;6,63
06/07/2026 19:00;6,65
06/07/2026 19:05;6,65
06/07/2026 19:10;6,67
06/07/2026 19:15;6,68
06/07/2026 19:20;6,69
06/07/2026 19:25;6,7
06/07/2026 19:30;6,72
06/07/2026 19:35;6,73
06/07/2026 19:40;6,74
06/07/2026 19:45;6,75
06/07/2026 19:50;6,76
06/07/2026 19:55;6,77
06/07/2026 20:00;6,77
06/07/2026 20:05;6,79
06/07/2026 20:10;6,8
06/07/2026 20:15;6,81
06/07/2026 20:20;6,82
06/07/2026 20:25;6,83
06/07/2026 20:30;6,84
06/07/2026 20:35;6,85
06/07/2026 20:40;6,87
06/07/2026 20:45;6,87
06/07/2026 20:50;6,88
06/07/2026 20:55;6,89
06/07/2026 21:00;6,9
06/07/2026 21:05;6,91
06/07/2026 21:10;6,92
06/07/2026 21:15;6,93
06/07/2026 21:20;6,94
06/07/2026 21:25;6,95
06/07/2026 21:30;6,95
06/07/2026 21:35;6,96
06/07/2026 21:40;6,97
06/07/2026 21:45;6,98
06/07/2026 21:50;6,98
06/07/2026 21:55;6,99
06/07/2026 22:00;7,0
06/07/2026 22:05;7,01
06/07/2026 22:10;7,02
06/07/2026 22:15;7,02
06/07/2026 22:20;7,03
06/07/2026 22:25;7,03
06/07/2026 22:30;7,03
06/07/2026 22:35;7,05
06/07/2026 22:40;7,05
06/07/2026 22:45;7,06
06/07/2026 22:50;7,06
06/07/2026 22:55;7,07
06/07/2026 23:00;7,07
06/07/2026 23:05;7,07
06/07/2026 23:10;7,08
06/07/2026 23:15;7,08
06/07/2026 23:20;7,08
06/07/2026 23:25;7,09
06/07/2026 23:30;7,09
06/07/2026 23:35;7,09
06/07/2026 23:40;7,09
06/07/2026 23:45;7,09
06/07/2026 23:50;7,09
06/07/2026 23:55;7,09
07/07/2026 00:00;7,09
07/07/2026 00:05;7,09
07/07/2026 00:10;7,09
07/07/2026 00:15;7,09
07/07/2026 00:20;7,08
07/07/2026 00:25;7,09
07/07/2026 00:30;7,08
07/07/2026 00:35;7,07
07/07/2026 00:40;7,07
07/07/2026 00:45;7,07
07/07/2026 00:50;7,06
07/07/2026 00:55;7,05
07/07/2026 01:00;7,05
07/07/2026 01:05;7,05
07/07/2026 01:10;7,04
07/07/2026 01:15;7,03
07/07/2026 01:20;7,02
07/07/2026 01:25;7,02
07/07/2026 01:30;7,01
07/07/2026 01:35;7,0
07/07/2026 01:40;6,99
07/07/2026 01:45;6,99
07/07/2026 01:50;6,98
07/07/2026 01:55;6,98
07/07/2026 02:00;6,97
07/07/2026 02:05;6,96
07/07/2026 02:10;6,95
07/07/2026 02:15;6,95
07/07/2026 02:20;6,93
07/07/2026 02:25;6,93
07/07/2026 02:30;6,92
07/07/2026 02:35;6,92
07/07/2026 02:40;6,91
07/07/2026 02:45;6,9
07/07/2026 02:50;6,89
07/07/2026 02:55;6,89
07/07/2026 03:00;6,88
07/07/2026 03:05;6,87
07/07/2026 03:10;6,86
07/07/2026 03:15;6,86
07/07/2026 03:20;6,85
07/07/2026 03:25;6,84
07/07/2026 03:30;6,83
07/07/2026 03:35;6,83
07/07/2026 03:40;6,82
07/07/2026 03:45;6,81
07/07/2026 03:50;6,8
07/07/2026 03:55;6,8
07/07/2026 04:00;6,79
07/07/2026 04:05;6,78
07/07/2026 04:10;6,78
07/07/2026 04:15;6,77
07/07/2026 04:20;6,77
07/07/2026 04:25;6,76
07/07/2026 04:30;6,75
07/07/2026 04:35;6,75
07/07/2026 04:40;6,74
07/07/2026 04:45;6,74
07/07/2026 04:50;6,73
07/07/2026 04:55;6,72
07/07/2026 05:00;6,72
07/07/2026 05:05;6,72
07/07/2026 05:10;6,72
07/07/2026 05:15;6,71
07/07/2026 05:20;6,71
07/07/2026 05:25;6,71
07/07/2026 05:30;6,7
07/07/2026 05:35;6,7
07/07/2026 05:40;6,69
07/07/2026 05:45;6,68
07/07/2026 05:50;6,68
07/07/2026 05:55;6,68
07/07/2026 06:00;6,68
07/07/2026 06:05;6,68
07/07/2026 06:10;6,68
07/07/2026 06:15;6,68
07/07/2026 06:20;6,67
07/07/2026 06:25;6,67
07/07/2026 06:30;6,67
07/07/2026 06:35;6,67
07/07/2026 06:40;6,66
07/07/2026 06:45;6,66
07/07/2026 06:50;6,66
07/07/2026 06:55;6,66
07/07/2026 07:00;6,66
07/07/2026 07:05;6,66
07/07/2026 07:10;6,65
07/07/2026 07:15;6,65
07/07/2026 07:20;6,66
07/07/2026 07:25;6,66
07/07/2026 07:30;6,65
07/07/2026 07:35;6,66
07/07/2026 07:40;6,65
07/07/2026 07:45;6,65
07/07/2026 07:50;6,66
07/07/2026 07:55;6,65
07/07/2026 08:00;6,65
07/07/2026 08:05;6,66
07/07/2026 08:10;6,65
07/07/2026 08:15;6,65
07/07/2026 08:20;6,65
07/07/2026 08:25;6,65
07/07/2026 08:30;6,66
07/07/2026 08:35;6,66
07/07/2026 08:40;6,66
07/07/2026 08:45;6,66
07/07/2026 08:50;6,66
07/07/2026 08:55;6,66
07/07/2026 09:00;6,66
07/07/2026 09:05;6,66
07/07/2026 09:10;6,66
07/07/2026 09:15;6,66
07/07/2026 09:20;6,67
07/07/2026 09:25;6,67
07/07/2026 09:30;6,66
07/07/2026 09:35;6,66
07/07/2026 09:40;6,67
07/07/2026 09:45;6,67
07/07/2026 09:50;6,67
07/07/2026 09:55;6,67
07/07/2026 10:00;6,66
07/07/2026 10:05;6,66
07/07/2026 10:10;6,66
07/07/2026 10:15;6,66
07/07/2026 10:20;6,66
07/07/2026 10:25;6,66
07/07/2026 10:30;6,66
07/07/2026 10:35;6,66
07/07/2026 10:40;6,66
07/07/2026 10:45;6,66
07/07/2026 10:50;6,66
07/07/2026 10:55;6,66
07/07/2026 11:00;6,66
07/07/2026 11:05;6,67
07/07/2026 11:10;6,67
07/07/2026 11:15;6,67
07/07/2026 11:20;6,67
07/07/2026 11:25;6,67
07/07/2026 11:30;6,67
07/07/2026 11:35;6,66
07/07/2026 11:40;6,66
07/07/2026 11:45;6,67
07/07/2026 11:50;6,66
07/07/2026 11:55;6,67
07/07/2026 12:00;6,66
07/07/2026 12:05;6,67
07/07/2026 12:10;6,66
07/07/2026 12:15;6,66
07/07/2026 12:20;6,67
07/07/2026 12:25;6,67
07/07/2026 12:30;6,66
07/07/2026 12:35;6,66
07/07/2026 12:40;6,67
07/07/2026 12:45;6,66
07/07/2026 12:50;6,66
07/07/2026 12:55;6,66
07/07/2026 13:00;6,66
07/07/2026 13:05;6,66
07/07/2026 13:10;6,66
07/07/2026 13:15;6,66
07/07/2026 13:20;6,66
07/07/2026 13:25;6,67
07/07/2026 13:30;6,67
07/07/2026 13:35;6,67
07/07/2026 13:40;6,68
07/07/2026 13:45;6,67
07/07/2026 13:50;6,68
07/07/2026 13:55;6,68
07/07/2026 14:00;6,68
07/07/2026 14:05;6,69
07/07/2026 14:10;6,69
07/07/2026 14:15;6,69
07/07/2026 14:20;6,7
07/07/2026 14:25;6,7
07/07/2026 14:30;6,7
07/07/2026 14:35;6,7
07/07/2026 14:40;6,71
07/07/2026 14:45;6,72
07/07/2026 14:50;6,72
07/07/2026 14:55;6,72
07/07/2026 15:00;6,73
07/07/2026 15:05;6,73
07/07/2026 15:10;6,74
07/07/2026 15:15;6,75
07/07/2026 15:20;6,76
07/07/2026 15:25;6,76
07/07/2026 15:30;6,77
07/07/2026 15:35;6,78
07/07/2026 15:40;6,79
07/07/2026 15:45;6,8
07/07/2026 15:50;6,81
07/07/2026 15:55;6,82
07/07/2026 16:00;6,83
07/07/2026 16:05;6,84
07/07/2026 16:10;6,85
07/07/2026 16:15;6,86
07/07/2026 16:20;6,87
07/07/2026 16:25;6,88
07/07/2026 16:30;6,89
07/07/2026 16:35;6,9
07/07/2026 16:40;6,91
07/07/2026 16:45;6,91
07/07/2026 16:50;6,91
07/07/2026 16:55;6,92
07/07/2026 17:00;6,93
07/07/2026 17:05;6,93
07/07/2026 17:10;6,93
07/07/2026 17:15;6,92
07/07/2026 17:20;6,92
07/07/2026 17:25;6,92
07/07/2026 17:30;6,92
07/07/2026 17:35;6,91
07/07/2026 17:40;6,91
07/07/2026 17:45;6,9
07/07/2026 17:50;6,89
07/07/2026 17:55;6,88
07/07/2026 18:00;6,88
07/07/2026 18:05;6,87
07/07/2026 18:10;6,86
07/07/2026 18:15;6,84
07/07/2026 18:20;6,84
07/07/2026 18:25;6,83
07/07/2026 18:30;6,82
07/07/2026 18:35;6,8
07/07/2026 18:40;6,8
07/07/2026 18:45;6,79
07/07/2026 18:50;6,78
07/07/2026 18:55;6,77
07/07/2026 19:00;6,77
07/07/2026 19:05;6,76
07/07/2026 19:10;6,76
07/07/2026 19:15;6,76
07/07/2026 19:20;6,75
07/07/2026 19:25;6,75
07/07/2026 19:30;6,75
07/07/2026 19:35;6,75
07/07/2026 19:40;6,75
07/07/2026 19:45;6,76
07/07/2026 19:50;6,76
07/07/2026 19:55;6,76
07/07/2026 20:00;6,77
07/07/2026 20:05;6,77
07/07/2026 20:10;6,77
07/07/2026 20:15;6,77
07/07/2026 20:20;6,78
07/07/2026 20:25;6,79
07/07/2026 20:30;6,79
07/07/2026 20:35;6,8
07/07/2026 20:40;6,81
07/07/2026 20:45;6,82
07/07/2026 20:50;6,82
07/07/2026 20:55;6,83
07/07/2026 21:00;6,85
07/07/2026 21:05;6,86
07/07/2026 21:10;6,87
07/07/2026 21:15;6,87
07/07/2026 21:20;6,89
07/07/2026 21:25;6,89
07/07/2026 21:30;6,91
07/07/2026 21:35;6,92
07/07/2026 21:40;6,93
07/07/2026 21:45;6,93
07/07/2026 21:50;6,94
07/07/2026 21:55;6,95
07/07/2026 22:00;6,96
07/07/2026 22:05;6,98
07/07/2026 22:10;6,98
07/07/2026 22:15;6,99
07/07/2026 22:20;7,0
07/07/2026 22:25;7,0
07/07/2026 22:30;7,01
07/07/2026 22:35;7,02
07/07/2026 22:40;7,03
07/07/2026 22:45;7,04
07/07/2026 22:50;7,04
07/07/2026 22:55;7,05
07/07/2026 23:00;7,05
07/07/2026 23:05;7,06
07/07/2026 23:10;7,06
07/07/2026 23:15;7,07
07/07/2026 23:20;7,07
07/07/2026 23:25;7,07
07/07/2026 23:30;7,08
07/07/2026 23:35;7,07
07/07/2026 23:40;7,08
07/07/2026 23:45;7,08
07/07/2026 23:50;7,08
07/07/2026 23:55;7,08
08/07/2026 00:00;7,08
08/07/2026 00:05;7,08
08/07/2026 00:10;7,08
08/07/2026 00:15;7,08
08/07/2026 00:20;7,08
08/07/2026 00:25;7,08
08/07/2026 00:30;7,08
08/07/2026 00:35;7,08
08/07/2026 00:40;7,08
08/07/2026 00:45;7,08
08/07/2026 00:50;7,07
08/07/2026 00:55;7,07
08/07/2026 01:00;7,06
08/07/2026 01:05;7,06
08/07/2026 01:10;7,06
08/07/2026 01:15;7,05
08/07/2026 01:20;7,05
08/07/2026 01:25;7,04
08/07/2026 01:30;7,03
08/07/2026 01:35;7,03
08/07/2026 01:40;7,02
08/07/2026 01:45;7,02
08/07/2026 01:50;7,01
08/07/2026 01:55;7,0
08/07/2026 02:00;7,0
08/07/2026 02:05;6,99
08/07/2026 02:10;6,98
08/07/2026 02:15;6,97
08/07/2026 02:20;6,97
08/07/2026 02:25;6,96
08/07/2026 02:30;6,95
08/07/2026 02:35;6,95
08/07/2026 02:40;6,94
08/07/2026 02:45;6,93
08/07/2026 02:50;6,93
08/07/2026 02:55;6,93
08/07/2026 03:00;6,92
08/07/2026 03:05;6,92
08/07/2026 03:10;6,91
08/07/2026 03:15;6,9
08/07/2026 03:20;6,9
08/07/2026 03:25;6,89
08/07/2026 03:30;6,88
08/07/2026 03:35;6,88
08/07/2026 03:40;6,87
08/07/2026 03:45;6,87
08/07/2026 03:50;6,86
08/07/2026 03:55;6,86
08/07/2026 04:00;6,85
08/07/2026 04:05;6,84
08/07/2026 04:10;6,83
08/07/2026 04:15;6,83
08/07/2026 04:20;6,83
08/07/2026 04:25;6,82
08/07/2026 04:30;6,81
08/07/2026 04:35;6,81
08/07/2026 04:40;6,8
08/07/2026 04:45;6,8
08/07/2026 04:50;6,79
08/07/2026 04:55;6,79
08/07/2026 05:00;6,78
08/07/2026 05:05;6,78
08/07/2026 05:10;6,78
08/07/2026 05:15;6,78
08/07/2026 05:20;6,78
08/07/2026 05:25;6,77
08/07/2026 05:30;6,77
08/07/2026 05:35;6,76
08/07/2026 05:40;6,77
08/07/2026 05:45;6,76
08/07/2026 05:50;6,75
08/07/2026 05:55;6,75
08/07/2026 06:00;6,75
08/07/2026 06:05;6,75
08/07/2026 06:10;6,74
08/07/2026 06:15;6,75
08/07/2026 06:20;6,74
08/07/2026 06:25;6,74
08/07/2026 06:30;6,74
08/07/2026 06:35;6,73
08/07/2026 06:40;6,73
08/07/2026 06:45;6,73
08/07/2026 06:50;6,73
08/07/2026 06:55;6,73
08/07/2026 07:00;6,73
08/07/2026 07:05;6,73
08/07/2026 07:10;6,72
08/07/2026 07:15;6,72
08/07/2026 07:20;6,72
08/07/2026 07:25;6,72
08/07/2026 07:30;6,71
08/07/2026 07:35;6,71
08/07/2026 07:40;6,71
08/07/2026 07:45;6,72
08/07/2026 07:50;6,71
08/07/2026 07:55;6,72
08/07/2026 08:00;6,72
08/07/2026 08:05;6,72
08/07/2026 08:10;6,72
08/07/2026 08:15;6,72
08/07/2026 08:20;6,72
08/07/2026 08:25;6,72
08/07/2026 08:30;6,72
08/07/2026 08:35;6,72
08/07/2026 08:40;6,72
08/07/2026 08:45;6,73
08/07/2026 08:50;6,72
08/07/2026 08:55;6,72
08/07/2026 09:00;6,72
08/07/2026 09:05;6,72
08/07/2026 09:10;6,72
08/07/2026 09:15;6,7
08/07/2026 09:20;6,71
08/07/2026 09:25;6,71
08/07/2026 09:30;6,72
08/07/2026 09:35;6,72
08/07/2026 09:40;6,73
08/07/2026 09:45;6,73
08/07/2026 09:50;6,73
08/07/2026 09:55;6,73
08/07/2026 10:00;6,74
08/07/2026 10:05;6,74
08/07/2026 10:10;6,74
08/07/2026 10:15;6,74
08/07/2026 10:20;6,74
08/07/2026 10:25;6,75
08/07/2026 10:30;6,75
08/07/2026 10:35;6,75
08/07/2026 10:40;6,75
08/07/2026 10:45;6,75
08/07/2026 10:50;6,75
08/07/2026 10:55;6,75
08/07/2026 11:00;6,75
08/07/2026 11:05;6,75
08/07/2026 11:10;6,75
08/07/2026 11:15;6,75
08/07/2026 11:20;6,75
08/07/2026 11:25;6,75
08/07/2026 11:30;6,75
08/07/2026 11:35;6,75
08/07/2026 11:40;6,75
08/07/2026 11:45;6,75
08/07/2026 11:50;6,75
08/07/2026 11:55;6,74
08/07/2026 12:00;6,75
08/07/2026 12:05;6,75
08/07/2026 12:10;6,75
08/07/2026 12:15;6,75
08/07/2026 12:20;6,75
08/07/2026 12:25;6,75
08/07/2026 12:30;6,75
08/07/2026 12:35;6,75
08/07/2026 12:40;6,76
08/07/2026 12:45;6,76
08/07/2026 12:50;6,76
08/07/2026 12:55;6,75
08/07/2026 13:00;6,76
08/07/2026 13:05;6,76
08/07/2026 13:10;6,76
08/07/2026 13:15;6,76
08/07/2026 13:20;6,76
08/07/2026 13:25;6,75
08/07/2026 13:30;6,75
08/07/2026 13:35;6,75
08/07/2026 13:40;6,75
08/07/2026 13:45;6,74
08/07/2026 13:50;6,75
08/07/2026 13:55;6,75
08/07/2026 14:00;6,75
08/07/2026 14:05;6,74
08/07/2026 14:10;6,75
08/07/2026 14:15;6,76
08/07/2026 14:20;6,75
08/07/2026 14:25;6,76
08/07/2026 14:30;6,76
08/07/2026 14:35;6,76
08/07/2026 14:40;6,76
08/07/2026 14:45;6,76
08/07/2026 14:50;6,76
08/07/2026 14:55;6,75
08/07/2026 15:00;6,76
08/07/2026 15:05;6,76
08/07/2026 15:10;6,76
08/07/2026 15:15;6,76
08/07/2026 15:20;6,76
08/07/2026 15:25;6,76
08/07/2026 15:30;6,77
08/07/2026 15:35;6,76
08/07/2026 15:40;6,77
08/07/2026 15:45;6,78
08/07/2026 15:50;6,78
08/07/2026 15:55;6,79
08/07/2026 16:00;6,79
08/07/2026 16:05;6,79
08/07/2026 16:10;6,8
08/07/2026 16:15;6,8
08/07/2026 16:20;6,81
08/07/2026 16:25;6,81
08/07/2026 16:30;6,82
08/07/2026 16:35;6,82
08/07/2026 16:40;6,83
08/07/2026 16:45;6,83
08/07/2026 16:50;6,84
08/07/2026 16:55;6,84
08/07/2026 17:00;6,85
08/07/2026 17:05;6,86
08/07/2026 17:10;6,86
08/07/2026 17:15;6,87
08/07/2026 17:20;6,88
08/07/2026 17:25;6,89
08/07/2026 17:30;6,89
08/07/2026 17:35;6,9
08/07/2026 17:40;6,91
08/07/2026 17:45;6,91
08/07/2026 17:50;6,92
08/07/2026 17:55;6,92
08/07/2026 18:00;6,93
08/07/2026 18:05;6,94
08/07/2026 18:10;6,94
08/07/2026 18:15;6,95
08/07/2026 18:20;6,96
08/07/2026 18:25;6,97
08/07/2026 18:30;6,98
08/07/2026 18:35;6,98
08/07/2026 18:40;6,98
08/07/2026 18:45;6,99
08/07/2026 18:50;7,0
08/07/2026 18:55;7,01
08/07/2026 19:00;7,02
08/07/2026 19:05;7,03
08/07/2026 19:10;7,04
08/07/2026 19:15;7,04
08/07/2026 19:20;7,06
08/07/2026 19:25;7,06
08/07/2026 19:30;7,07
08/07/2026 19:35;7,06
08/07/2026 19:40;7,08
08/07/2026 19:45;7,08
08/07/2026 19:50;7,09
08/07/2026 19:55;7,09
08/07/2026 20:00;7,1
08/07/2026 20:05;7,1
08/07/2026 20:10;7,11
08/07/2026 20:15;7,12
08/07/2026 20:20;7,13
08/07/2026 20:25;7,14
08/07/2026 20:30;7,14
08/07/2026 20:35;7,15
08/07/2026 20:40;7,16
08/07/2026 20:45;7,17
08/07/2026 20:50;7,17
08/07/2026 20:55;7,18
08/07/2026 21:00;7,18
08/07/2026 21:05;7,18
08/07/2026 21:10;7,19
08/07/2026 21:15;7,19
08/07/2026 21:20;7,2
08/07/2026 21:25;7,2
08/07/2026 21:30;7,2
08/07/2026 21:35;7,2
08/07/2026 21:40;7,21
08/07/2026 21:45;7,21
08/07/2026 21:50;7,21
08/07/2026 21:55;7,22
08/07/2026 22:00;7,22
08/07/2026 22:05;7,22
08/07/2026 22:10;7,22
08/07/2026 22:15;7,22
08/07/2026 22:20;7,22
08/07/2026 22:25;7,22
08/07/2026 22:30;7,22
08/07/2026 22:35;7,23
08/07/2026 22:40;7,23
08/07/2026 22:45;7,23
08/07/2026 22:50;7,22
08/07/2026 22:55;7,22
08/07/2026 23:00;7,22
08/07/2026 23:05;7,23
08/07/2026 23:10;7,22
08/07/2026 23:15;7,22
08/07/2026 23:20;7,21
08/07/2026 23:25;7,21
08/07/2026 23:30;7,21
08/07/2026 23:35;7,21
08/07/2026 23:40;7,2
08/07/2026 23:45;7,2
08/07/2026 23:50;7,2
08/07/2026 23:55;7,19
09/07/2026 00:00;7,19
09/07/2026 00:05;7,18
09/07/2026 00:10;7,18
09/07/2026 00:15;7,17
09/07/2026 00:20;7,17
09/07/2026 00:25;7,17
09/07/2026 00:30;7,16
09/07/2026 00:35;7,15
09/07/2026 00:40;7,14
09/07/2026 00:45;7,15
09/07/2026 00:50;7,13
09/07/2026 00:55;7,12
09/07/2026 01:00;7,13
09/07/2026 01:05;7,12
09/07/2026 01:10;7,11
09/07/2026 01:15;7,1
09/07/2026 01:20;7,1
09/07/2026 01:25;7,09
09/07/2026 01:30;7,09
09/07/2026 01:35;7,08
09/07/2026 01:40;7,07
09/07/2026 01:45;7,06
09/07/2026 01:50;7,05
09/07/2026 01:55;7,05
09/07/2026 02:00;7,03
09/07/2026 02:05;7,02
09/07/2026 02:10;7,02
09/07/2026 02:15;7,01
09/07/2026 02:20;7,0
09/07/2026 02:25;6,99
09/07/2026 02:30;6,98
09/07/2026 02:35;6,97
09/07/2026 02:40;6,96
09/07/2026 02:45;6,96
09/07/2026 02:50;6,94
09/07/2026 02:55;6,93
09/07/2026 03:00;6,92
09/07/2026 03:05;6,92
09/07/2026 03:10;6,9
09/07/2026 03:15;6,89
09/07/2026 03:20;6,89
09/07/2026 03:25;6,88
09/07/2026 03:30;6,87
09/07/2026 03:35;6,86
09/07/2026 03:40;6,85
09/07/2026 03:45;6,84
09/07/2026 03:50;6,83
09/07/2026 03:55;6,82
09/07/2026 04:00;6,82
09/07/2026 04:05;6,81
09/07/2026 04:10;6,8
09/07/2026 04:15;6,79
09/07/2026 04:20;6,79
09/07/2026 04:25;6,78
09/07/2026 04:30;6,78
09/07/2026 04:35;6,77
09/07/2026 04:40;6,76
09/07/2026 04:45;6,75
09/07/2026 04:50;6,75
09/07/2026 04:55;6,74
09/07/2026 05:00;6,74
09/07/2026 05:05;6,73
09/07/2026 05:10;6,72
09/07/2026 05:15;6,72
09/07/2026 05:20;6,71
09/07/2026 05:25;6,71
09/07/2026 05:30;6,71
09/07/2026 05:35;6,7
09/07/2026 05:40;6,7
09/07/2026 05:45;6,69
09/07/2026 05:50;6,69
09/07/2026 05:55;6,69
09/07/2026 06:00;6,68
09/07/2026 06:05;6,67
09/07/2026 06:10;6,68
09/07/2026 06:15;6,67
09/07/2026 06:20;6,67
09/07/2026 06:25;6,67
09/07/2026 06:30;6,66
09/07/2026 06:35;6,66
09/07/2026 06:40;6,66
09/07/2026 06:45;6,66
09/07/2026 06:50;6,66
09/07/2026 06:55;6,66
09/07/2026 07:00;6,65
09/07/2026 07:05;6,64
09/07/2026 07:10;6,65
09/07/2026 07:15;6,65
09/07/2026 07:20;6,65
09/07/2026 07:25;6,65
09/07/2026 07:30;6,65
09/07/2026 07:35;6,64
09/07/2026 07:40;6,65
09/07/2026 07:45;6,65
09/07/2026 07:50;6,65
09/07/2026 07:55;6,65
09/07/2026 08:00;6,65
09/07/2026 08:05;6,65
09/07/2026 08:10;6,65
09/07/2026 08:15;6,65
09/07/2026 08:20;6,65
09/07/2026 08:25;6,65
09/07/2026 08:30;6,64
09/07/2026 08:35;6,66
09/07/2026 08:40;6,66
09/07/2026 08:45;6,67
09/07/2026 08:50;6,67
09/07/2026 08:55;6,67
09/07/2026 09:00;6,67
09/07/2026 09:05;6,67
09/07/2026 09:10;6,67
09/07/2026 09:15;6,68
09/07/2026 09:20;6,68
09/07/2026 09:25;6,68
09/07/2026 09:30;6,68
09/07/2026 09:35;6,68
09/07/2026 09:40;6,68
09/07/2026 09:45;6,68
09/07/2026 09:50;6,68
09/07/2026 09:55;6,68
09/07/2026 10:00;6,69
09/07/2026 10:05;6,69
09/07/2026 10:10;6,69
09/07/2026 10:15;6,69
09/07/2026 10:20;6,69
09/07/2026 10:25;6,69
09/07/2026 10:30;6,69
09/07/2026 10:35;6,69
09/07/2026 10:40;6,69
09/07/2026 10:45;6,7
09/07/2026 10:50;6,69
09/07/2026 10:55;6,7
09/07/2026 11:00;6,7
09/07/2026 11:05;6,7
09/07/2026 11:10;6,7
09/07/2026 11:15;6,7
09/07/2026 11:20;6,7
09/07/2026 11:25;6,7
09/07/2026 11:30;6,7
09/07/2026 11:35;6,7
09/07/2026 11:40;6,71
09/07/2026 11:45;6,71
09/07/2026 11:50;6,71
09/07/2026 11:55;6,71
09/07/2026 12:00;6,71
09/07/2026 12:05;6,71
09/07/2026 12:10;6,71
09/07/2026 12:15;6,71
09/07/2026 12:20;6,71
09/07/2026 12:25;6,71
09/07/2026 12:30;6,72
09/07/2026 12:35;6,71
09/07/2026 12:40;6,71
09/07/2026 12:45;6,72
09/07/2026 12:50;6,72
09/07/2026 12:55;6,72
09/07/2026 13:00;6,72
09/07/2026 13:05;6,72
09/07/2026 13:10;6,72
09/07/2026 13:15;6,73
09/07/2026 13:20;6,73
09/07/2026 13:25;6,73
09/07/2026 13:30;6,73
09/07/2026 13:35;6,74
09/07/2026 13:40;6,73
09/07/2026 13:45;6,73
09/07/2026 13:50;6,74
09/07/2026 13:55;6,73
09/07/2026 14:00;6,74
09/07/2026 14:05;6,74
09/07/2026 14:10;6,74
09/07/2026 14:15;6,74
09/07/2026 14:20;6,73
09/07/2026 14:25;6,74
09/07/2026 14:30;6,73
09/07/2026 14:35;6,73
09/07/2026 14:40;6,74
09/07/2026 14:45;6,73
09/07/2026 14:50;6,74
09/07/2026 14:55;6,73
09/07/2026 15:00;6,73
09/07/2026 15:05;6,73
09/07/2026 15:10;6,73
09/07/2026 15:15;6,73
09/07/2026 15:20;6,73
09/07/2026 15:25;6,73
09/07/2026 15:30;6,73
09/07/2026 15:35;6,73
09/07/2026 15:40;6,73
09/07/2026 15:45;6,73
09/07/2026 15:50;6,73
09/07/2026 15:55;6,73
09/07/2026 16:00;6,73
09/07/2026 16:05;6,73
09/07/2026 16:10;6,73
09/07/2026 16:15;6,72
09/07/2026 16:20;6,73
09/07/2026 16:25;6,73
09/07/2026 16:30;6,73
09/07/2026 16:35;6,73
09/07/2026 16:40;6,72
09/07/2026 16:45;6,72
09/07/2026 16:50;6,73
09/07/2026 16:55;6,72
09/07/2026 17:00;6,73
09/07/2026 17:05;6,73
09/07/2026 17:10;6,73
09/07/2026 17:15;6,73
09/07/2026 17:20;6,74
09/07/2026 17:25;6,74
09/07/2026 17:30;6,74
09/07/2026 17:35;6,74
09/07/2026 17:40;6,75
09/07/2026 17:45;6,75
09/07/2026 17:50;6,75
09/07/2026 17:55;6,75
09/07/2026 18:00;6,76
09/07/2026 18:05;6,76
09/07/2026 18:10;6,77
09/07/2026 18:15;6,78
09/07/2026 18:20;6,79
09/07/2026 18:25;6,79
09/07/2026 18:30;6,79
09/07/2026 18:35;6,79
09/07/2026 18:40;6,81
09/07/2026 18:45;6,82
09/07/2026 18:50;6,83
09/07/2026 18:55;6,83
09/07/2026 19:00;6,85
09/07/2026 19:05;6,86
09/07/2026 19:10;6,88
09/07/2026 19:15;6,88
09/07/2026 19:20;6,89
09/07/2026 19:25;6,9
09/07/2026 19:30;6,92
09/07/2026 19:35;6,93
09/07/2026 19:40;6,94
09/07/2026 19:45;6,95
09/07/2026 19:50;6,96
09/07/2026 19:55;6,97
09/07/2026 20:00;6,99
09/07/2026 20:05;7,0
09/07/2026 20:10;7,02
09/07/2026 20:15;7,02
09/07/2026 20:20;7,04
09/07/2026 20:25;7,05
09/07/2026 20:30;7,06
09/07/2026 20:35;7,07
09/07/2026 20:40;7,08
09/07/2026 20:45;7,1
09/07/2026 20:50;7,11
09/07/2026 20:55;7,12
09/07/2026 21:00;7,13
09/07/2026 21:05;7,15
09/07/2026 21:10;7,16
09/07/2026 21:15;7,17
09/07/2026 21:20;7,18
09/07/2026 21:25;7,19
09/07/2026 21:30;7,2
09/07/2026 21:35;7,21
09/07/2026 21:40;7,22
09/07/2026 21:45;7,23
09/07/2026 21:50;7,24
09/07/2026 21:55;7,25
09/07/2026 22:00;7,26
09/07/2026 22:05;7,27
09/07/2026 22:10;7,27
09/07/2026 22:15;7,28
09/07/2026 22:20;7,29
09/07/2026 22:25;7,29
09/07/2026 22:30;7,3
09/07/2026 22:35;7,3
09/07/2026 22:40;7,31
09/07/2026 22:45;7,32
09/07/2026 22:50;7,32
09/07/2026 22:55;7,32
09/07/2026 23:00;7,33
09/07/2026 23:05;7,33
09/07/2026 23:10;7,33
09/07/2026 23:15;7,33
09/07/2026 23:20;7,33
09/07/2026 23:25;7,33
09/07/2026 23:30;7,33
09/07/2026 23:35;7,33
09/07/2026 23:40;7,34
09/07/2026 23:45;7,33
09/07/2026 23:50;7,34
09/07/2026 23:55;7,34
10/07/2026 00:00;7,34
10/07/2026 00:05;7,33
10/07/2026 00:10;7,33
10/07/2026 00:15;7,33
10/07/2026 00:20;7,33
10/07/2026 00:25;7,33
10/07/2026 00:30;7,32
10/07/2026 00:35;7,32
10/07/2026 00:40;7,31
10/07/2026 00:45;7,31
10/07/2026 00:50;7,3
10/07/2026 00:55;7,29
10/07/2026 01:00;7,29
10/07/2026 01:05;7,29
10/07/2026 01:10;7,27
10/07/2026 01:15;7,27
10/07/2026 01:20;7,26
10/07/2026 01:25;7,26
10/07/2026 01:30;7,25
10/07/2026 01:35;7,24
10/07/2026 01:40;7,23
10/07/2026 01:45;7,22
10/07/2026 01:50;7,21
10/07/2026 01:55;7,21
10/07/2026 02:00;7,2
10/07/2026 02:05;7,19
10/07/2026 02:10;7,18
10/07/2026 02:15;7,16
10/07/2026 02:20;7,16
10/07/2026 02:25;7,15
10/07/2026 02:30;7,14
10/07/2026 02:35;7,13
10/07/2026 02:40;7,12
10/07/2026 02:45;7,12
10/07/2026 02:50;7,11
10/07/2026 02:55;7,09
10/07/2026 03:00;7,09
10/07/2026 03:05;7,09
10/07/2026 03:10;7,08
10/07/2026 03:15;7,06
10/07/2026 03:20;7,06
10/07/2026 03:25;7,06
10/07/2026 03:30;7,05
10/07/2026 03:35;7,04
10/07/2026 03:40;7,04
10/07/2026 03:45;7,03
10/07/2026 03:50;7,03
10/07/2026 03:55;7,02
10/07/2026 04:00;7,01
10/07/2026 04:05;7,01
10/07/2026 04:10;7,0
10/07/2026 04:15;7,0
10/07/2026 04:20;6,99
10/07/2026 04:25;6,99
10/07/2026 04:30;6,98
10/07/2026 04:35;6,98
10/07/2026 04:40;6,97
10/07/2026 04:45;6,96
10/07/2026 04:50;6,96
10/07/2026 04:55;6,96
10/07/2026 05:00;6,95
10/07/2026 05:05;6,96
10/07/2026 05:10;6,95
10/07/2026 05:15;6,95
10/07/2026 05:20;6,95
10/07/2026 05:25;6,94
10/07/2026 05:30;6,93
10/07/2026 05:35;6,94
10/07/2026 05:40;6,93
10/07/2026 05:45;6,93
10/07/2026 05:50;6,92
10/07/2026 05:55;6,93
10/07/2026 06:00;6,92
10/07/2026 06:05;6,92
10/07/2026 06:10;6,92
10/07/2026 06:15;6,92
10/07/2026 06:20;6,92
10/07/2026 06:25;6,92
10/07/2026 06:30;6,92
10/07/2026 06:35;6,92
10/07/2026 06:40;6,91
10/07/2026 06:45;6,91
10/07/2026 06:50;6,91
10/07/2026 06:55;6,91
10/07/2026 07:00;6,91
10/07/2026 07:05;6,91
10/07/2026 07:10;6,91
10/07/2026 07:15;6,91
10/07/2026 07:20;6,91
10/07/2026 07:25;6,91
10/07/2026 07:30;6,91
10/07/2026 07:35;6,91
10/07/2026 07:40;6,91
10/07/2026 07:45;6,92
10/07/2026 07:50;6,92
10/07/2026 07:55;6,91
10/07/2026 08:00;6,92
10/07/2026 08:05;6,91
10/07/2026 08:10;6,91
10/07/2026 08:15;6,91
10/07/2026 08:20;6,91
10/07/2026 08:25;6,91
10/07/2026 08:30;6,91
10/07/2026 08:35;6,92
10/07/2026 08:40;6,92
10/07/2026 08:45;6,92
10/07/2026 08:50;6,93
10/07/2026 08:55;6,92
10/07/2026 09:00;6,93
10/07/2026 09:05;6,93
10/07/2026 09:10;6,93
10/07/2026 09:15;6,93
10/07/2026 09:20;6,93
10/07/2026 09:25;6,93
10/07/2026 09:30;6,93
10/07/2026 09:35;6,92
10/07/2026 09:40;6,93
10/07/2026 09:45;6,93
10/07/2026 09:50;6,92
10/07/2026 09:55;6,93
10/07/2026 10:00;6,93
10/07/2026 10:05;6,92
10/07/2026 10:10;6,93
10/07/2026 10:15;6,93
10/07/2026 10:20;6,93
10/07/2026 10:25;6,93
10/07/2026 10:30;6,93
10/07/2026 10:35;6,93
10/07/2026 10:40;6,93
10/07/2026 10:45;6,93
10/07/2026 10:50;6,92
10/07/2026 10:55;6,92
10/07/2026 11:00;6,92
10/07/2026 11:05;6,92
10/07/2026 11:10;6,92
10/07/2026 11:15;6,92
10/07/2026 11:20;6,92
10/07/2026 11:25;6,92
10/07/2026 11:30;6,92
10/07/2026 11:35;6,92
10/07/2026 11:40;6,91
10/07/2026 11:45;6,91
10/07/2026 11:50;6,91
10/07/2026 11:55;6,9
10/07/2026 12:00;6,91
10/07/2026 12:05;6,9
10/07/2026 12:10;6,9
10/07/2026 12:15;6,91
10/07/2026 12:20;6,9
10/07/2026 12:25;6,9
10/07/2026 12:30;6,89
10/07/2026 12:35;6,89
10/07/2026 12:40;6,89
10/07/2026 12:45;6,89
10/07/2026 12:50;6,89
10/07/2026 12:55;6,88
10/07/2026 13:00;6,88
10/07/2026 13:05;6,87
10/07/2026 13:10;6,87
10/07/2026 13:15;6,87
10/07/2026 13:20;6,87
10/07/2026 13:25;6,87
10/07/2026 13:30;6,86
10/07/2026 13:35;6,86
10/07/2026 13:40;6,86
10/07/2026 13:45;6,86
10/07/2026 13:50;6,86
10/07/2026 13:55;6,85
10/07/2026 14:00;6,86
10/07/2026 14:05;6,85
10/07/2026 14:10;6,85
10/07/2026 14:15;6,85
10/07/2026 14:20;6,85
10/07/2026 14:25;6,84
10/07/2026 14:30;6,84
10/07/2026 14:35;6,84
10/07/2026 14:40;6,83
10/07/2026 14:45;6,84
10/07/2026 14:50;6,84
10/07/2026 14:55;6,83
10/07/2026 15:00;6,84
10/07/2026 15:05;6,84
10/07/2026 15:10;6,83
10/07/2026 15:15;6,83
10/07/2026 15:20;6,83
10/07/2026 15:25;6,83
10/07/2026 15:30;6,83
10/07/2026 15:35;6,83
10/07/2026 15:40;6,83
10/07/2026 15:45;6,83
10/07/2026 15:50;6,83
10/07/2026 15:55;6,83
10/07/2026 16:00;6,84
10/07/2026 16:05;6,84
10/07/2026 16:10;6,84
10/07/2026 16:15;6,84
10/07/2026 16:20;6,85
10/07/2026 16:25;6,85
10/07/2026 16:30;6,86
10/07/2026 16:35;6,86
10/07/2026 16:40;6,87
10/07/2026 16:45;6,87
10/07/2026 16:50;6,89
10/07/2026 16:55;6,89
10/07/2026 17:00;6,9
10/07/2026 17:05;6,91
10/07/2026 17:10;6,91
10/07/2026 17:15;6,92
10/07/2026 17:20;6,94
10/07/2026 17:25;6,94
10/07/2026 17:30;6,96
10/07/2026 17:35;6,97
10/07/2026 17:40;6,98
10/07/2026 17:45;6,99
10/07/2026 17:50;7,0
10/07/2026 17:55;7,02
10/07/2026 18:00;7,03
10/07/2026 18:05;7,04
10/07/2026 18:10;7,05
10/07/2026 18:15;7,06
10/07/2026 18:20;7,08
10/07/2026 18:25;7,09
10/07/2026 18:30;7,1
10/07/2026 18:35;7,12
10/07/2026 18:40;7,14
10/07/2026 18:45;7,15
10/07/2026 18:50;7,16
10/07/2026 18:55;7,17
10/07/2026 19:00;7,18
10/07/2026 19:05;7,19
10/07/2026 19:10;7,21
10/07/2026 19:15;7,22
10/07/2026 19:20;7,24
10/07/2026 19:25;7,25
10/07/2026 19:30;7,27
10/07/2026 19:35;7,28
10/07/2026 19:40;7,29
10/07/2026 19:45;7,3
10/07/2026 19:50;7,32
10/07/2026 19:55;7,33
10/07/2026 20:00;7,35
10/07/2026 20:05;7,36
10/07/2026 20:10;7,37
10/07/2026 20:15;7,37
10/07/2026 20:20;7,39
10/07/2026 20:25;7,4
10/07/2026 20:30;7,41
10/07/2026 20:35;7,41
10/07/2026 20:40;7,42
10/07/2026 20:45;7,43
10/07/2026 20:50;7,43
10/07/2026 20:55;7,44
10/07/2026 21:00;7,45
10/07/2026 21:05;7,45
10/07/2026 21:10;7,45
10/07/2026 21:15;7,46
10/07/2026 21:20;7,46
10/07/2026 21:25;7,47
10/07/2026 21:30;7,47
10/07/2026 21:35;7,47
10/07/2026 21:40;7,47
10/07/2026 21:45;7,47
10/07/2026 21:50;7,47
10/07/2026 21:55;7,47
10/07/2026 22:00;7,47
10/07/2026 22:05;7,47
10/07/2026 22:10;7,46
10/07/2026 22:15;7,46
10/07/2026 22:20;7,45
10/07/2026 22:25;7,45
10/07/2026 22:30;7,45
10/07/2026 22:35;7,44
10/07/2026 22:40;7,43
10/07/2026 22:45;7,43
10/07/2026 22:50;7,43
10/07/2026 22:55;7,42
10/07/2026 23:00;7,41
10/07/2026 23:05;7,41
10/07/2026 23:10;7,41
10/07/2026 23:15;7,4
10/07/2026 23:20;7,39
10/07/2026 23:25;7,39
10/07/2026 23:30;7,38
10/07/2026 23:35;7,38
10/07/2026 23:40;7,36
10/07/2026 23:45;7,36
10/07/2026 23:50;7,35
10/07/2026 23:55;7,34
11/07/2026 00:00;7,33
11/07/2026 00:05;7,33
11/07/2026 00:10;7,32
11/07/2026 00:15;7,31
11/07/2026 00:20;7,3
11/07/2026 00:25;7,29
11/07/2026 00:30;7,28
11/07/2026 00:35;7,28
11/07/2026 00:40;7,27
11/07/2026 00:45;7,26
11/07/2026 00:50;7,25
11/07/2026 00:55;7,25
11/07/2026 01:00;7,23
11/07/2026 01:05;7,23
11/07/2026 01:10;7,22
11/07/2026 01:15;7,21
11/07/2026 01:20;7,21
11/07/2026 01:25;7,2
11/07/2026 01:30;7,19
11/07/2026 01:35;7,18
11/07/2026 01:40;7,17
11/07/2026 01:45;7,17
11/07/2026 01:50;7,16
11/07/2026 01:55;7,14
11/07/2026 02:00;7,14
11/07/2026 02:05;7,12
11/07/2026 02:10;7,12
11/07/2026 02:15;7,11
11/07/2026 02:20;7,1
11/07/2026 02:25;7,09
11/07/2026 02:30;7,08
11/07/2026 02:35;7,07
11/07/2026 02:40;7,06
11/07/2026 02:45;7,05
11/07/2026 02:50;7,04
11/07/2026 02:55;7,03
11/07/2026 03:00;7,02
11/07/2026 03:05;7,01
11/07/2026 03:10;7,0
11/07/2026 03:15;7,0
11/07/2026 03:20;6,99
11/07/2026 03:25;6,98
11/07/2026 03:30;6,97
11/07/2026 03:35;6,96
11/07/2026 03:40;6,95
11/07/2026 03:45;6,94
11/07/2026 03:50;6,94
11/07/2026 03:55;6,92
11/07/2026 04:00;6,92
11/07/2026 04:05;6,91
11/07/2026 04:10;6,9
11/07/2026 04:15;6,89
11/07/2026 04:20;6,88
11/07/2026 04:25;6,87
11/07/2026 04:30;6,86
11/07/2026 04:35;6,85
11/07/2026 04:40;6,85
11/07/2026 04:45;6,84
11/07/2026 04:50;6,83
11/07/2026 04:55;6,82
11/07/2026 05:00;6,82
11/07/2026 05:05;6,82
11/07/2026 05:10;6,81
11/07/2026 05:15;6,81
11/07/2026 05:20;6,8
11/07/2026 05:25;6,8
11/07/2026 05:30;6,79
11/07/2026 05:35;6,79
11/07/2026 05:40;6,79
11/07/2026 05:45;6,78
11/07/2026 05:50;6,78
11/07/2026 05:55;6,78
11/07/2026 06:00;6,78
11/07/2026 06:05;6,78
11/07/2026 06:10;6,78
11/07/2026 06:15;6,78
11/07/2026 06:20;6,77
11/07/2026 06:25;6,78
11/07/2026 06:30;6,78
11/07/2026 06:35;6,78
11/07/2026 06:40;6,78
11/07/2026 06:45;6,78
11/07/2026 06:50;6,78
11/07/2026 06:55;6,78
11/07/2026 07:00;6,78
11/07/2026 07:05;6,78
11/07/2026 07:10;6,78
11/07/2026 07:15;6,78
11/07/2026 07:20;6,78
11/07/2026 07:25;6,79
11/07/2026 07:30;6,78
11/07/2026 07:35;6,78
11/07/2026 07:40;6,78
11/07/2026 07:45;6,79
11/07/2026 07:50;6,79
11/07/2026 07:55;6,79
11/07/2026 08:00;6,78
11/07/2026 08:05;6,79
11/07/2026 08:10;6,78
11/07/2026 08:15;6,79
11/07/2026 08:20;6,79
11/07/2026 08:25;6,8
11/07/2026 08:30;6,8
11/07/2026 08:35;6,8
11/07/2026 08:40;6,8
11/07/2026 08:45;6,81
11/07/2026 08:50;6,81
11/07/2026 08:55;6,81
11/07/2026 09:00;6,82
11/07/2026 09:05;6,82
11/07/2026 09:10;6,81
11/07/2026 09:15;6,82
11/07/2026 09:20;6,83
11/07/2026 09:25;6,82
11/07/2026 09:30;6,82
11/07/2026 09:35;6,82
11/07/2026 09:40;6,83
11/07/2026 09:45;6,83
11/07/2026 09:50;6,83
11/07/2026 09:55;6,83
11/07/2026 10:00;6,83
11/07/2026 10:05;6,83
11/07/2026 10:10;6,83
11/07/2026 10:15;
11/07/2026 10:20;
11/07/2026 10:25;
11/07/2026 10:30;
11/07/2026 10:35;6,87
11/07/2026 10:40;6,86
11/07/2026 10:45;6,85
11/07/2026 10:50;6,85
11/07/2026 10:55;6,85
11/07/2026 11:00;6,85
11/07/2026 11:05;6,84
11/07/2026 11:10;6,85
11/07/2026 11:15;6,85
11/07/2026 11:20;6,85
11/07/2026 11:25;6,85
11/07/2026 11:30;6,84
11/07/2026 11:35;6,84
11/07/2026 11:40;6,84
11/07/2026 11:45;6,84
11/07/2026 11:50;6,84
11/07/2026 11:55;6,84
11/07/2026 12:00;6,85
11/07/2026 12:05;6,84
11/07/2026 12:10;6,85
11/07/2026 12:15;6,84
11/07/2026 12:20;6,84
11/07/2026 12:25;6,85
11/07/2026 12:30;6,85
11/07/2026 12:35;6,85
11/07/2026 12:40;6,85
11/07/2026 12:45;6,85
11/07/2026 12:50;6,85
11/07/2026 12:55;6,85
11/07/2026 13:00;6,85
11/07/2026 13:05;6,85
11/07/2026 13:10;6,85
11/07/2026 13:15;6,85
11/07/2026 13:20;6,85
11/07/2026 13:25;6,85
11/07/2026 13:30;6,85
11/07/2026 13:35;6,85
11/07/2026 13:40;6,85
11/07/2026 13:45;6,86
11/07/2026 13:50;6,85
11/07/2026 13:55;6,86
11/07/2026 14:00;6,86
11/07/2026 14:05;6,86
11/07/2026 14:10;6,86
11/07/2026 14:15;6,86
11/07/2026 14:20;6,86
11/07/2026 14:25;6,86
11/07/2026 14:30;6,86
11/07/2026 14:35;6,86
11/07/2026 14:40;6,86
11/07/2026 14:45;6,86
11/07/2026 14:50;6,85
11/07/2026 14:55;6,86
11/07/2026 15:00;6,86
11/07/2026 15:05;6,86
11/07/2026 15:10;6,86
11/07/2026 15:15;6,86
11/07/2026 15:20;6,87
11/07/2026 15:25;6,86
11/07/2026 15:30;6,87
11/07/2026 15:35;6,87
11/07/2026 15:40;6,87
11/07/2026 15:45;6,88
11/07/2026 15:50;6,88
11/07/2026 15:55;6,88
11/07/2026 16:00;6,88
11/07/2026 16:05;6,89
11/07/2026 16:10;6,88
11/07/2026 16:15;6,89
11/07/2026 16:20;6,9
11/07/2026 16:25;6,91
11/07/2026 16:30;6,91
11/07/2026 16:35;6,92
11/07/2026 16:40;6,92
11/07/2026 16:45;6,93
11/07/2026 16:50;6,94
11/07/2026 16:55;6,94
11/07/2026 17:00;6,95
11/07/2026 17:05;6,96
11/07/2026 17:10;6,97
11/07/2026 17:15;6,98
11/07/2026 17:20;6,99
11/07/2026 17:25;7,01
11/07/2026 17:30;7,02
11/07/2026 17:35;7,03
11/07/2026 17:40;7,04
11/07/2026 17:45;7,06
11/07/2026 17:50;7,07
11/07/2026 17:55;7,08
11/07/2026 18:00;7,1
11/07/2026 18:05;7,11
11/07/2026 18:10;7,12
11/07/2026 18:15;7,14
11/07/2026 18:20;7,16
11/07/2026 18:25;7,17
11/07/2026 18:30;7,18
11/07/2026 18:35;7,2
11/07/2026 18:40;7,21
11/07/2026 18:45;7,23
11/07/2026 18:50;7,25
11/07/2026 18:55;7,26
11/07/2026 19:00;7,28
11/07/2026 19:05;7,29
11/07/2026 19:10;7,31
11/07/2026 19:15;7,32
11/07/2026 19:20;7,34
11/07/2026 19:25;7,35
11/07/2026 19:30;7,36
11/07/2026 19:35;7,38
11/07/2026 19:40;7,4
11/07/2026 19:45;7,4
11/07/2026 19:50;7,41
11/07/2026 19:55;7,42
11/07/2026 20:00;7,43
11/07/2026 20:05;7,44
11/07/2026 20:10;7,45
11/07/2026 20:15;7,46
11/07/2026 20:20;7,47
11/07/2026 20:25;7,48
11/07/2026 20:30;7,48
11/07/2026 20:35;7,49
11/07/2026 20:40;7,5
11/07/2026 20:45;7,51
11/07/2026 20:50;7,51
11/07/2026 20:55;7,51
11/07/2026 21:00;7,52
11/07/2026 21:05;7,52
11/07/2026 21:10;7,52
11/07/2026 21:15;7,53
11/07/2026 21:20;7,53
11/07/2026 21:25;7,53
11/07/2026 21:30;7,53
11/07/2026 21:35;7,54
11/07/2026 21:40;7,53
11/07/2026 21:45;7,53
11/07/2026 21:50;7,53
11/07/2026 21:55;7,53
11/07/2026 22:00;7,53
11/07/2026 22:05;7,53
11/07/2026 22:10;7,52
11/07/2026 22:15;7,53
11/07/2026 22:20;7,53
11/07/2026 22:25;7,52
11/07/2026 22:30;7,51
11/07/2026 22:35;7,51
11/07/2026 22:40;7,5
11/07/2026 22:45;7,5
11/07/2026 22:50;7,49
11/07/2026 22:55;7,49
11/07/2026 23:00;7,48
11/07/2026 23:05;7,48
11/07/2026 23:10;7,47
11/07/2026 23:15;7,46
11/07/2026 23:20;7,45
11/07/2026 23:25;7,45
11/07/2026 23:30;7,44
11/07/2026 23:35;7,43
11/07/2026 23:40;7,43
11/07/2026 23:45;7,41
11/07/2026 23:50;7,41
11/07/2026 23:55;7,4
12/07/2026 00:00;7,38
12/07/2026 00:05;7,38
12/07/2026 00:10;7,37
12/07/2026 00:15;7,36
12/07/2026 00:20;7,35
12/07/2026 00:25;7,35
12/07/2026 00:30;7,34
12/07/2026 00:35;7,34
12/07/2026 00:40;7,32
12/07/2026 00:45;7,32
12/07/2026 00:50;7,31
12/07/2026 00:55;7,3
12/07/2026 01:00;7,29
12/07/2026 01:05;7,27
12/07/2026 01:10;7,26
12/07/2026 01:15;7,26
12/07/2026 01:20;7,25
12/07/2026 01:25;7,24
12/07/2026 01:30;7,23
12/07/2026 01:35;7,22
12/07/2026 01:40;7,21
12/07/2026 01:45;7,19
12/07/2026 01:50;7,18
12/07/2026 01:55;7,17
12/07/2026 02:00;7,15
12/07/2026 02:05;7,13
12/07/2026 02:10;7,11
12/07/2026 02:15;7,1
12/07/2026 02:20;7,08
12/07/2026 02:25;7,07
12/07/2026 02:30;7,05
12/07/2026 02:35;7,04
12/07/2026 02:40;7,03
12/07/2026 02:45;7,01
12/07/2026 02:50;6,99
12/07/2026 02:55;6,98
12/07/2026 03:00;6,96
12/07/2026 03:05;6,95
12/07/2026 03:10;6,93
12/07/2026 03:15;6,92
12/07/2026 03:20;6,91
12/07/2026 03:25;6,89
12/07/2026 03:30;6,88
12/07/2026 03:35;6,87
12/07/2026 03:40;6,86
12/07/2026 03:45;6,85
12/07/2026 03:50;6,83
12/07/2026 03:55;6,83
12/07/2026 04:00;6,82
12/07/2026 04:05;6,81
12/07/2026 04:10;6,8
12/07/2026 04:15;6,79
12/07/2026 04:20;6,79
12/07/2026 04:25;6,78
12/07/2026 04:30;6,78
12/07/2026 04:35;6,77
12/07/2026 04:40;6,77
12/07/2026 04:45;6,76
12/07/2026 04:50;6,75
12/07/2026 04:55;6,75
12/07/2026 05:00;6,75
12/07/2026 05:05;6,74
12/07/2026 05:10;6,74
12/07/2026 05:15;6,74
12/07/2026 05:20;6,74
12/07/2026 05:25;6,74
12/07/2026 05:30;6,73
12/07/2026 05:35;6,74
12/07/2026 05:40;6,73
12/07/2026 05:45;6,73
12/07/2026 05:50;6,73
12/07/2026 05:55;6,73
12/07/2026 06:00;6,73
12/07/2026 06:05;6,73
12/07/2026 06:10;6,72
12/07/2026 06:15;6,72
12/07/2026 06:20;6,72
12/07/2026 06:25;6,72
12/07/2026 06:30;6,72
12/07/2026 06:35;6,72
12/07/2026 06:40;6,71
12/07/2026 06:45;6,71
12/07/2026 06:50;6,71
12/07/2026 06:55;6,71
12/07/2026 07:00;6,71
12/07/2026 07:05;6,71
12/07/2026 07:10;6,71
12/07/2026 07:15;6,71
12/07/2026 07:20;6,71
12/07/2026 07:25;6,71
12/07/2026 07:30;6,7
12/07/2026 07:35;6,7
12/07/2026 07:40;6,69
12/07/2026 07:45;6,69
12/07/2026 07:50;6,69
12/07/2026 07:55;6,69
12/07/2026 08:00;6,69
12/07/2026 08:05;6,69
12/07/2026 08:10;6,69
12/07/2026 08:15;6,69
12/07/2026 08:20;6,68
12/07/2026 08:25;6,68
12/07/2026 08:30;6,68
12/07/2026 08:35;6,67
12/07/2026 08:40;6,67
12/07/2026 08:45;6,67
12/07/2026 08:50;6,66
12/07/2026 08:55;6,66
12/07/2026 09:00;6,65
12/07/2026 09:05;6,65
12/07/2026 09:10;6,65
12/07/2026 09:15;6,65
12/07/2026 09:20;6,65
12/07/2026 09:25;6,65
12/07/2026 09:30;6,65
12/07/2026 09:35;6,64
12/07/2026 09:40;6,64
12/07/2026 09:45;6,64
12/07/2026 09:50;6,64
12/07/2026 09:55;6,63
12/07/2026 10:00;6,63
12/07/2026 10:05;6,63
12/07/2026 10:10;6,63
12/07/2026 10:15;6,63
12/07/2026 10:20;6,62
12/07/2026 10:25;6,62
12/07/2026 10:30;6,63
12/07/2026 10:35;6,62
12/07/2026 10:40;6,62
12/07/2026 10:45;6,62
12/07/2026 10:50;6,62
12/07/2026 10:55;6,62
12/07/2026 11:00;6,62
12/07/2026 11:05;6,62
12/07/2026 11:10;6,62
12/07/2026 11:15;6,62
12/07/2026 11:20;6,62
12/07/2026 11:25;6,62
12/07/2026 11:30;6,61
12/07/2026 11:35;6,62
12/07/2026 11:40;6,62
12/07/2026 11:45;6,62
12/07/2026 11:50;6,62
12/07/2026 11:55;6,62
12/07/2026 12:00;6,62
12/07/2026 12:05;6,63
12/07/2026 12:10;6,63
12/07/2026 12:15;6,63
12/07/2026 12:20;6,63
12/07/2026 12:25;6,64
12/07/2026 12:30;6,64
12/07/2026 12:35;6,64
12/07/2026 12:40;6,64
12/07/2026 12:45;6,64
12/07/2026 12:50;6,64
12/07/2026 12:55;6,64
12/07/2026 13:00;6,64
12/07/2026 13:05;6,63
12/07/2026 13:10;6,63
12/07/2026 13:15;6,63
12/07/2026 13:20;6,62
12/07/2026 13:25;6,62
12/07/2026 13:30;6,61
12/07/2026 13:35;6,61
12/07/2026 13:40;6,61
12/07/2026 13:45;6,61
12/07/2026 13:50;6,61
12/07/2026 13:55;6,61
12/07/2026 14:00;6,61
12/07/2026 14:05;6,61
12/07/2026 14:10;6,61
12/07/2026 14:15;6,62
12/07/2026 14:20;6,62
12/07/2026 14:25;6,62
12/07/2026 14:30;6,61
12/07/2026 14:35;6,61
12/07/2026 14:40;6,62
12/07/2026 14:45;6,62
12/07/2026 14:50;6,62
12/07/2026 14:55;6,62
12/07/2026 15:00;6,62
12/07/2026 15:05;6,63
12/07/2026 15:10;6,63
12/07/2026 15:15;6,62
12/07/2026 15:20;6,61
12/07/2026 15:25;6,61
12/07/2026 15:30;6,63
12/07/2026 15:35;6,64
12/07/2026 15:40;6,64
12/07/2026 15:45;6,65
12/07/2026 15:50;6,66
12/07/2026 15:55;6,66
12/07/2026 16:00;6,66
12/07/2026 16:05;6,68
12/07/2026 16:10;6,69
12/07/2026 16:15;6,69
12/07/2026 16:20;6,71
12/07/2026 16:25;6,71
12/07/2026 16:30;6,73
12/07/2026 16:35;6,73
12/07/2026 16:40;6,75
12/07/2026 16:45;6,76
12/07/2026 16:50;6,78
12/07/2026 16:55;6,79
12/07/2026 17:00;6,81
12/07/2026 17:05;6,82
12/07/2026 17:10;6,84
12/07/2026 17:15;6,86
12/07/2026 17:20;6,87
12/07/2026 17:25;6,9
12/07/2026 17:30;6,91
12/07/2026 17:35;6,93
12/07/2026 17:40;6,95
12/07/2026 17:45;6,97
12/07/2026 17:50;6,99
12/07/2026 17:55;7,01
12/07/2026 18:00;7,03
12/07/2026 18:05;7,04
12/07/2026 18:10;7,06
12/07/2026 18:15;7,08
12/07/2026 18:20;7,1
12/07/2026 18:25;7,12
12/07/2026 18:30;7,14
12/07/2026 18:35;7,16
12/07/2026 18:40;7,17
12/07/2026 18:45;7,19
12/07/2026 18:50;7,21
12/07/2026 18:55;7,22
12/07/2026 19:00;7,24
12/07/2026 19:05;7,26
12/07/2026 19:10;7,27
12/07/2026 19:15;7,28
12/07/2026 19:20;7,3
12/07/2026 19:25;7,31
12/07/2026 19:30;7,32
12/07/2026 19:35;7,33
12/07/2026 19:40;7,34
12/07/2026 19:45;7,35
12/07/2026 19:50;7,36
12/07/2026 19:55;7,37
12/07/2026 20:00;7,38
12/07/2026 20:05;7,38
12/07/2026 20:10;7,39
12/07/2026 20:15;7,39
12/07/2026 20:20;7,4
12/07/2026 20:25;7,39
12/07/2026 20:30;7,4
12/07/2026 20:35;7,39
12/07/2026 20:40;7,39
12/07/2026 20:45;7,39
12/07/2026 20:50;7,39
12/07/2026 20:55;7,39
12/07/2026 21:00;7,39
12/07/2026 21:05;7,38
12/07/2026 21:10;7,38
12/07/2026 21:15;7,37
12/07/2026 21:20;7,37
12/07/2026 21:25;7,37
12/07/2026 21:30;7,36
12/07/2026 21:35;7,35
12/07/2026 21:40;7,35
12/07/2026 21:45;7,34
12/07/2026 21:50;7,33
12/07/2026 21:55;7,32
12/07/2026 22:00;7,31
12/07/2026 22:05;7,3
12/07/2026 22:10;7,29
12/07/2026 22:15;7,28
12/07/2026 22:20;7,27
12/07/2026 22:25;7,25
12/07/2026 22:30;7,24
12/07/2026 22:35;7,23
12/07/2026 22:40;7,22
12/07/2026 22:45;7,21
12/07/2026 22:50;7,19
12/07/2026 22:55;7,17
12/07/2026 23:00;7,16
12/07/2026 23:05;7,15
12/07/2026 23:10;7,13
12/07/2026 23:15;7,12
12/07/2026 23:20;7,1
12/07/2026 23:25;7,09
12/07/2026 23:30;7,07
12/07/2026 23:35;7,07
12/07/2026 23:40;7,05
12/07/2026 23:45;7,03
12/07/2026 23:50;7,02
12/07/2026 23:55;7,01
13/07/2026 00:00;7,0
13/07/2026 00:05;6,99
13/07/2026 00:10;6,97
13/07/2026 00:15;6,96
13/07/2026 00:20;6,94
13/07/2026 00:25;6,93
13/07/2026 00:30;6,92
13/07/2026 00:35;6,91
13/07/2026 00:40;6,89
13/07/2026 00:45;6,88
13/07/2026 00:50;6,87
13/07/2026 00:55;6,86
13/07/2026 01:00;6,85
13/07/2026 01:05;6,84
13/07/2026 01:10;6,82
13/07/2026 01:15;6,82
13/07/2026 01:20;6,81
13/07/2026 01:25;6,8
13/07/2026 01:30;6,79
13/07/2026 01:35;6,78
13/07/2026 01:40;6,77
13/07/2026 01:45;6,76
13/07/2026 01:50;6,75
13/07/2026 01:55;6,75
13/07/2026 02:00;6,73
13/07/2026 02:05;6,72
13/07/2026 02:10;6,71
13/07/2026 02:15;6,7
13/07/2026 02:20;6,69
13/07/2026 02:25;6,69
13/07/2026 02:30;6,68
13/07/2026 02:35;6,67
13/07/2026 02:40;6,66
13/07/2026 02:45;6,66
13/07/2026 02:50;6,65
13/07/2026 02:55;6,65
13/07/2026 03:00;6,65
13/07/2026 03:05;6,65
13/07/2026 03:10;6,64
13/07/2026 03:15;6,64
13/07/2026 03:20;6,63
13/07/2026 03:25;6,64
13/07/2026 03:30;6,63
13/07/2026 03:35;6,63
13/07/2026 03:40;6,63
13/07/2026 03:45;6,63
13/07/2026 03:50;6,63
13/07/2026 03:55;6,63
13/07/2026 04:00;6,62
13/07/2026 04:05;6,63
13/07/2026 04:10;6,62
13/07/2026 04:15;6,63
13/07/2026 04:20;6,62
13/07/2026 04:25;6,62
13/07/2026 04:30;6,63
13/07/2026 04:35;6,63
13/07/2026 04:40;6,63
13/07/2026 04:45;6,63
13/07/2026 04:50;6,62
13/07/2026 04:55;6,63
13/07/2026 05:00;6,63
13/07/2026 05:05;6,63
13/07/2026 05:10;6,63
13/07/2026 05:15;6,63
13/07/2026 05:20;6,63
13/07/2026 05:25;6,63
13/07/2026 05:30;6,63
13/07/2026 05:35;6,64
13/07/2026 05:40;6,63
13/07/2026 05:45;6,64
13/07/2026 05:50;6,64
13/07/2026 05:55;6,64
13/07/2026 06:00;6,64
13/07/2026 06:05;6,64
13/07/2026 06:10;6,64
13/07/2026 06:15;6,65
13/07/2026 06:20;6,65
13/07/2026 06:25;6,65
13/07/2026 06:30;6,64
13/07/2026 06:35;6,65
13/07/2026 06:40;6,65
13/07/2026 06:45;6,65
13/07/2026 06:50;6,65
13/07/2026 06:55;6,65
13/07/2026 07:00;6,66
13/07/2026 07:05;6,66
13/07/2026 07:10;6,66
13/07/2026 07:15;6,66
13/07/2026 07:20;6,66
13/07/2026 07:25;6,66
13/07/2026 07:30;6,66
13/07/2026 07:35;6,66
13/07/2026 07:40;6,66
13/07/2026 07:45;6,66
13/07/2026 07:50;6,66
13/07/2026 07:55;6,66
13/07/2026 08:00;6,66
13/07/2026 08:05;6,67
13/07/2026 08:10;6,66
13/07/2026 08:15;6,66
13/07/2026 08:20;6,66
13/07/2026 08:25;6,66
13/07/2026 08:30;6,66
13/07/2026 08:35;6,66
13/07/2026 08:40;6,66
13/07/2026 08:45;6,66
13/07/2026 08:50;6,66
13/07/2026 08:55;6,66
13/07/2026 09:00;6,66
13/07/2026 09:05;6,67
13/07/2026 09:10;6,67
13/07/2026 09:15;6,67
13/07/2026 09:20;6,67
13/07/2026 09:25;6,68
13/07/2026 09:30;6,67
13/07/2026 09:35;6,68
13/07/2026 09:40;6,68
13/07/2026 09:45;6,68
13/07/2026 09:50;6,68
13/07/2026 09:55;6,68
13/07/2026 10:00;6,68
13/07/2026 10:05;6,68
13/07/2026 10:10;6,69
13/07/2026 10:15;6,69
13/07/2026 10:20;6,69
13/07/2026 10:25;6,69
13/07/2026 10:30;6,69
13/07/2026 10:35;6,69
13/07/2026 10:40;6,69
13/07/2026 10:45;6,69
13/07/2026 10:50;6,7
13/07/2026 10:55;6,7
13/07/2026 11:00;6,69
13/07/2026 11:05;6,7
13/07/2026 11:10;6,7
13/07/2026 11:15;6,7
13/07/2026 11:20;6,71
13/07/2026 11:25;6,7
13/07/2026 11:30;6,71
13/07/2026 11:35;6,71
13/07/2026 11:40;6,71
13/07/2026 11:45;6,71
13/07/2026 11:50;6,71
13/07/2026 11:55;6,72
13/07/2026 12:00;6,72
13/07/2026 12:05;6,72
13/07/2026 12:10;6,72
13/07/2026 12:15;6,73
13/07/2026 12:20;6,73
13/07/2026 12:25;6,73
13/07/2026 12:30;6,73
13/07/2026 12:35;6,74
13/07/2026 12:40;6,74
13/07/2026 12:45;6,74
13/07/2026 12:50;6,75
13/07/2026 12:55;6,75
13/07/2026 13:00;6,75
13/07/2026 13:05;6,75
13/07/2026 13:10;6,75
13/07/2026 13:15;6,75
13/07/2026 13:20;6,76
13/07/2026 13:25;6,76
13/07/2026 13:30;6,76
13/07/2026 13:35;6,76
13/07/2026 13:40;6,77
13/07/2026 13:45;6,78
13/07/2026 13:50;6,78
13/07/2026 13:55;6,79
13/07/2026 14:00;6,79
13/07/2026 14:05;6,8
13/07/2026 14:10;6,8
13/07/2026 14:15;6,8
13/07/2026 14:20;6,81
13/07/2026 14:25;6,81
13/07/2026 14:30;6,81
13/07/2026 14:35;6,82
13/07/2026 14:40;6,82
13/07/2026 14:45;6,83
13/07/2026 14:50;6,84
13/07/2026 14:55;6,84
13/07/2026 15:00;6,84
13/07/2026 15:05;6,85
13/07/2026 15:10;6,85
13/07/2026 15:15;6,87
13/07/2026 15:20;6,87
13/07/2026 15:25;6,88
13/07/2026 15:30;6,89
13/07/2026 15:35;6,89
13/07/2026 15:40;6,9
13/07/2026 15:45;6,91
13/07/2026 15:50;6,92
13/07/2026 15:55;6,92
13/07/2026 16:00;6,94
13/07/2026 16:05;6,94
13/07/2026 16:10;6,95
13/07/2026 16:15;6,97
13/07/2026 16:20;6,98
13/07/2026 16:25;6,99
13/07/2026 16:30;7,0
13/07/2026 16:35;7,02
13/07/2026 16:40;7,03
13/07/2026 16:45;7,04
13/07/2026 16:50;7,06
13/07/2026 16:55;7,07
13/07/2026 17:00;7,08
13/07/2026 17:05;7,09
13/07/2026 17:10;7,1
13/07/2026 17:15;7,13
13/07/2026 17:20;7,14
13/07/2026 17:25;7,15
13/07/2026 17:30;7,17
13/07/2026 17:35;7,18
13/07/2026 17:40;7,2
13/07/2026 17:45;7,21
13/07/2026 17:50;7,23
13/07/2026 17:55;7,25
13/07/2026 18:00;7,26
13/07/2026 18:05;7,28
13/07/2026 18:10;7,29
13/07/2026 18:15;7,31
13/07/2026 18:20;7,33
13/07/2026 18:25;7,34
13/07/2026 18:30;7,35
13/07/2026 18:35;7,37
13/07/2026 18:40;7,39
13/07/2026 18:45;7,41
13/07/2026 18:50;7,43
13/07/2026 18:55;7,44
13/07/2026 19:00;7,46
13/07/2026 19:05;7,48
13/07/2026 19:10;7,49
13/07/2026 19:15;7,5
13/07/2026 19:20;7,51
13/07/2026 19:25;7,53
13/07/2026 19:30;7,54
13/07/2026 19:35;7,56
13/07/2026 19:40;7,57
13/07/2026 19:45;7,59
13/07/2026 19:50;7,6
13/07/2026 19:55;7,61
13/07/2026 20:00;7,63
13/07/2026 20:05;7,64
13/07/2026 20:10;7,66
13/07/2026 20:15;7,67
13/07/2026 20:20;7,68
13/07/2026 20:25;7,69
13/07/2026 20:30;7,7
13/07/2026 20:35;7,72
13/07/2026 20:40;7,72
13/07/2026 20:45;7,73
13/07/2026 20:50;7,74
13/07/2026 20:55;7,75
13/07/2026 21:00;7,75
13/07/2026 21:05;7,76
13/07/2026 21:10;7,76
13/07/2026 21:15;7,77
13/07/2026 21:20;7,78
13/07/2026 21:25;7,78
13/07/2026 21:30;7,78
13/07/2026 21:35;7,79
13/07/2026 21:40;7,79
13/07/2026 21:45;7,79
13/07/2026 21:50;7,79
13/07/2026 21:55;7,79
13/07/2026 22:00;7,79
13/07/2026 22:05;7,79
13/07/2026 22:10;7,79
13/07/2026 22:15;7,79
13/07/2026 22:20;7,79
13/07/2026 22:25;7,79
13/07/2026 22:30;7,78
13/07/2026 22:35;7,78
13/07/2026 22:40;7,78
13/07/2026 22:45;7,77
13/07/2026 22:50;7,77
13/07/2026 22:55;7,76
13/07/2026 23:00;7,76
13/07/2026 23:05;7,75
13/07/2026 23:10;7,74
13/07/2026 23:15;7,73
13/07/2026 23:20;7,72
13/07/2026 23:25;7,72
13/07/2026 23:30;7,71
13/07/2026 23:35;7,7
13/07/2026 23:40;7,69
13/07/2026 23:45;7,68
13/07/2026 23:50;7,67
13/07/2026 23:55;7,66
14/07/2026 00:00;7,65
14/07/2026 00:05;7,64
14/07/2026 00:10;7,63
14/07/2026 00:15;7,62
14/07/2026 00:20;7,62
14/07/2026 00:25;7,61
14/07/2026 00:30;7,59
14/07/2026 00:35;7,59
14/07/2026 00:40;7,57
14/07/2026 00:45;7,56
14/07/2026 00:50;7,55
14/07/2026 00:55;7,54
14/07/2026 01:00;7,53
14/07/2026 01:05;7,52
14/07/2026 01:10;7,51
14/07/2026 01:15;7,51
14/07/2026 01:20;7,49
14/07/2026 01:25;7,49
14/07/2026 01:30;7,47
14/07/2026 01:35;7,46
14/07/2026 01:40;7,45
14/07/2026 01:45;7,44
14/07/2026 01:50;7,42
14/07/2026 01:55;7,4
14/07/2026 02:00;7,4
14/07/2026 02:05;7,39
14/07/2026 02:10;7,38
14/07/2026 02:15;7,36
14/07/2026 02:20;7,36
14/07/2026 02:25;7,35
14/07/2026 02:30;7,34
14/07/2026 02:35;7,33
14/07/2026 02:40;7,32
14/07/2026 02:45;7,3
14/07/2026 02:50;7,3
14/07/2026 02:55;7,28
14/07/2026 03:00;7,28
14/07/2026 03:05;7,27
14/07/2026 03:10;7,25
14/07/2026 03:15;7,25
14/07/2026 03:20;7,25
14/07/2026 03:25;7,24
14/07/2026 03:30;7,23
14/07/2026 03:35;7,22
14/07/2026 03:40;7,21
14/07/2026 03:45;7,21
14/07/2026 03:50;7,2
14/07/2026 03:55;7,2
14/07/2026 04:00;7,2
14/07/2026 04:05;7,18
14/07/2026 04:10;7,17
14/07/2026 04:15;7,17
14/07/2026 04:20;7,17
14/07/2026 04:25;7,17
14/07/2026 04:30;7,16
14/07/2026 04:35;7,16
14/07/2026 04:40;7,16
14/07/2026 04:45;7,15
14/07/2026 04:50;7,15
14/07/2026 04:55;7,15
14/07/2026 05:00;7,14
14/07/2026 05:05;7,14
14/07/2026 05:10;7,13
14/07/2026 05:15;7,14
14/07/2026 05:20;7,13
14/07/2026 05:25;7,13
14/07/2026 05:30;7,13
14/07/2026 05:35;7,13
14/07/2026 05:40;7,13
14/07/2026 05:45;7,12
14/07/2026 05:50;7,12
14/07/2026 05:55;7,12
14/07/2026 06:00;7,12
14/07/2026 06:05;7,12
14/07/2026 06:10;7,12
14/07/2026 06:15;7,12
14/07/2026 06:20;7,12
14/07/2026 06:25;7,12
14/07/2026 06:30;7,12
14/07/2026 06:35;7,12
14/07/2026 06:40;7,12
14/07/2026 06:45;7,12
14/07/2026 06:50;7,12
14/07/2026 06:55;7,12
14/07/2026 07:00;7,11
14/07/2026 07:05;7,12
14/07/2026 07:10;7,12
14/07/2026 07:15;7,13
14/07/2026 07:20;7,12
14/07/2026 07:25;7,12
14/07/2026 07:30;7,13
14/07/2026 07:35;7,13
14/07/2026 07:40;7,13
14/07/2026 07:45;7,13
14/07/2026 07:50;7,13
14/07/2026 07:55;7,14
14/07/2026 08:00;7,14
14/07/2026 08:05;7,14
14/07/2026 08:10;7,14
14/07/2026 08:15;7,14
14/07/2026 08:20;7,14
14/07/2026 08:25;7,14
14/07/2026 08:30;7,14
14/07/2026 08:35;7,14
14/07/2026 08:40;7,14
14/07/2026 08:45;7,15
14/07/2026 08:50;7,14
14/07/2026 08:55;7,15
14/07/2026 09:00;7,15
14/07/2026 09:05;7,16
14/07/2026 09:10;7,15
14/07/2026 09:15;7,16
14/07/2026 09:20;7,16
14/07/2026 09:25;7,17
14/07/2026 09:30;7,16
14/07/2026 09:35;7,17
14/07/2026 09:40;7,16
14/07/2026 09:45;7,16
14/07/2026 09:50;7,17
14/07/2026 09:55;7,17
14/07/2026 10:00;7,17
14/07/2026 10:05;7,18
14/07/2026 10:10;7,17
14/07/2026 10:15;7,18
14/07/2026 10:20;7,19
14/07/2026 10:25;7,19
14/07/2026 10:30;7,18
14/07/2026 10:35;7,17
14/07/2026 10:40;7,18
14/07/2026 10:45;7,18
14/07/2026 10:50;7,19
14/07/2026 10:55;7,2
14/07/2026 11:00;7,19
14/07/2026 11:05;7,2
14/07/2026 11:10;7,2
14/07/2026 11:15;7,2
14/07/2026 11:20;7,2
14/07/2026 11:25;7,2
14/07/2026 11:30;7,2
14/07/2026 11:35;7,21
14/07/2026 11:40;7,21
14/07/2026 11:45;7,21
14/07/2026 11:50;7,22
14/07/2026 11:55;7,22
14/07/2026 12:00;7,22
14/07/2026 12:05;7,22
14/07/2026 12:10;7,22
14/07/2026 12:15;7,23
14/07/2026 12:20;7,23
14/07/2026 12:25;7,22
14/07/2026 12:30;7,22
14/07/2026 12:35;7,23
14/07/2026 12:40;7,23
14/07/2026 12:45;7,23
14/07/2026 12:50;7,24
14/07/2026 12:55;7,23
14/07/2026 13:00;7,25
14/07/2026 13:05;7,24
14/07/2026 13:10;7,24
14/07/2026 13:15;7,24
14/07/2026 13:20;7,25
14/07/2026 13:25;7,25
14/07/2026 13:30;7,26
14/07/2026 13:35;7,25
14/07/2026 13:40;7,26
14/07/2026 13:45;7,25
14/07/2026 13:50;7,26
14/07/2026 13:55;7,26
14/07/2026 14:00;7,27
14/07/2026 14:05;7,28
14/07/2026 14:10;7,27
14/07/2026 14:15;7,29
14/07/2026 14:20;7,29
14/07/2026 14:25;7,29
14/07/2026 14:30;7,29
14/07/2026 14:35;7,29
14/07/2026 14:40;7,3
14/07/2026 14:45;7,31
14/07/2026 14:50;7,31
14/07/2026 14:55;7,32
14/07/2026 15:00;7,32
14/07/2026 15:05;7,32
14/07/2026 15:10;7,33
14/07/2026 15:15;7,34
14/07/2026 15:20;7,35
14/07/2026 15:25;7,36
14/07/2026 15:30;7,37
14/07/2026 15:35;7,37
14/07/2026 15:40;7,38
14/07/2026 15:45;7,38
14/07/2026 15:50;7,4
14/07/2026 15:55;7,41
14/07/2026 16:00;7,42
14/07/2026 16:05;7,43
14/07/2026 16:10;7,45
14/07/2026 16:15;7,45
14/07/2026 16:20;7,47
14/07/2026 16:25;7,47
14/07/2026 16:30;7,48
14/07/2026 16:35;7,49
14/07/2026 16:40;7,52
14/07/2026 16:45;7,53
14/07/2026 16:50;7,55
14/07/2026 16:55;7,56
14/07/2026 17:00;7,58
14/07/2026 17:05;7,59
14/07/2026 17:10;7,61
14/07/2026 17:15;7,61
14/07/2026 17:20;7,63
14/07/2026 17:25;7,65
14/07/2026 17:30;7,66
14/07/2026 17:35;7,68
14/07/2026 17:40;7,7
14/07/2026 17:45;7,72
14/07/2026 17:50;7,73
14/07/2026 17:55;7,74
14/07/2026 18:00;7,76
14/07/2026 18:05;7,77
14/07/2026 18:10;7,79
14/07/2026 18:15;7,81
14/07/2026 18:20;7,83
14/07/2026 18:25;7,84
14/07/2026 18:30;7,85
14/07/2026 18:35;7,87
14/07/2026 18:40;7,88
14/07/2026 18:45;7,9
14/07/2026 18:50;7,91
14/07/2026 18:55;7,91
14/07/2026 19:00;7,93
14/07/2026 19:05;7,94
14/07/2026 19:10;7,96
14/07/2026 19:15;7,97
14/07/2026 19:20;7,98
14/07/2026 19:25;7,99
14/07/2026 19:30;8,0
14/07/2026 19:35;8,01
14/07/2026 19:40;8,02
14/07/2026 19:45;8,03
14/07/2026 19:50;8,03
14/07/2026 19:55;8,04
14/07/2026 20:00;8,04
14/07/2026 20:05;8,05
14/07/2026 20:10;8,05
14/07/2026 20:15;8,06
14/07/2026 20:20;8,06
14/07/2026 20:25;8,06
14/07/2026 20:30;8,07
14/07/2026 20:35;8,07
14/07/2026 20:40;8,08
14/07/2026 20:45;8,07
14/07/2026 20:50;8,08
14/07/2026 20:55;8,07
14/07/2026 21:00;8,07
14/07/2026 21:05;8,07
14/07/2026 21:10;8,07
14/07/2026 21:15;8,07
14/07/2026 21:20;8,07
14/07/2026 21:25;8,07
14/07/2026 21:30;8,07
14/07/2026 21:35;8,06
14/07/2026 21:40;8,06
14/07/2026 21:45;8,06
14/07/2026 21:50;8,05
14/07/2026 21:55;8,05
14/07/2026 22:00;8,05
14/07/2026 22:05;8,04
14/07/2026 22:10;8,03
14/07/2026 22:15;8,03
14/07/2026 22:20;8,02
14/07/2026 22:25;8,02
14/07/2026 22:30;8,0
14/07/2026 22:35;8,0
14/07/2026 22:40;7,99
14/07/2026 22:45;7,98
14/07/2026 22:50;7,97
14/07/2026 22:55;7,97
14/07/2026 23:00;7,96
14/07/2026 23:05;7,95
14/07/2026 23:10;7,93
14/07/2026 23:15;7,92
14/07/2026 23:20;7,92
14/07/2026 23:25;7,91
14/07/2026 23:30;7,89
14/07/2026 23:35;7,88
14/07/2026 23:40;7,86
14/07/2026 23:45;7,85
14/07/2026 23:50;7,83
14/07/2026 23:55;7,82
15/07/2026 00:00;7,81
15/07/2026 00:05;7,8
15/07/2026 00:10;7,78
15/07/2026 00:15;7,77
15/07/2026 00:20;7,76
15/07/2026 00:25;7,75
15/07/2026 00:30;7,73
15/07/2026 00:35;7,73
15/07/2026 00:40;7,71
15/07/2026 00:45;7,7
15/07/2026 00:50;7,69
15/07/2026 00:55;7,68
15/07/2026 01:00;7,67
15/07/2026 01:05;7,66
15/07/2026 01:10;7,64
15/07/2026 01:15;7,64
15/07/2026 01:20;7,63
15/07/2026 01:25;7,61
15/07/2026 01:30;7,6
15/07/2026 01:35;7,59
15/07/2026 01:40;7,58
15/07/2026 01:45;7,57
15/07/2026 01:50;7,57
15/07/2026 01:55;7,55
15/07/2026 02:00;7,54
15/07/2026 02:05;7,53
15/07/2026 02:10;7,51
15/07/2026 02:15;7,5
15/07/2026 02:20;7,49
15/07/2026 02:25;7,48
15/07/2026 02:30;7,47
15/07/2026 02:35;7,46
15/07/2026 02:40;7,46
15/07/2026 02:45;7,45
15/07/2026 02:50;7,43
15/07/2026 02:55;7,42
15/07/2026 03:00;7,42
15/07/2026 03:05;7,41
15/07/2026 03:10;7,4
15/07/2026 03:15;7,38
15/07/2026 03:20;7,37
15/07/2026 03:25;7,37
15/07/2026 03:30;7,36
15/07/2026 03:35;7,35
15/07/2026 03:40;7,35
15/07/2026 03:45;7,34
15/07/2026 03:50;7,33
15/07/2026 03:55;7,32
15/07/2026 04:00;7,31
15/07/2026 04:05;7,31
15/07/2026 04:10;7,3
15/07/2026 04:15;7,3
15/07/2026 04:20;7,29
15/07/2026 04:25;7,29
15/07/2026 04:30;7,28
15/07/2026 04:35;7,27
15/07/2026 04:40;7,27
15/07/2026 04:45;7,27
15/07/2026 04:50;7,26
15/07/2026 04:55;7,26
15/07/2026 05:00;7,25
15/07/2026 05:05;7,25
15/07/2026 05:10;7,24
15/07/2026 05:15;7,24
15/07/2026 05:20;7,24
15/07/2026 05:25;7,23
15/07/2026 05:30;7,23
15/07/2026 05:35;7,22
15/07/2026 05:40;7,22
15/07/2026 05:45;7,22
15/07/2026 05:50;7,22
15/07/2026 05:55;7,22
15/07/2026 06:00;7,22
15/07/2026 06:05;7,22
15/07/2026 06:10;7,22
15/07/2026 06:15;7,22
15/07/2026 06:20;7,21
15/07/2026 06:25;7,21
15/07/2026 06:30;7,21
15/07/2026 06:35;7,21
15/07/2026 06:40;7,21
15/07/2026 06:45;7,21
15/07/2026 06:50;7,21
15/07/2026 06:55;7,22
15/07/2026 07:00;7,22
15/07/2026 07:05;7,22
15/07/2026 07:10;7,22
15/07/2026 07:15;7,22
15/07/2026 07:20;7,22
15/07/2026 07:25;7,22
15/07/2026 07:30;7,22
15/07/2026 07:35;7,22
15/07/2026 07:40;7,22
15/07/2026 07:45;7,22
15/07/2026 07:50;7,22
15/07/2026 07:55;7,22
15/07/2026 08:00;7,22
15/07/2026 08:05;7,22
15/07/2026 08:10;7,22
15/07/2026 08:15;7,23
15/07/2026 08:20;7,23
15/07/2026 08:25;7,23
15/07/2026 08:30;7,23
15/07/2026 08:35;7,23
15/07/2026 08:40;7,23
15/07/2026 08:45;7,23
15/07/2026 08:50;7,23
15/07/2026 08:55;7,24
15/07/2026 09:00;7,24
15/07/2026 09:05;7,24
15/07/2026 09:10;7,24
15/07/2026 09:15;7,24
15/07/2026 09:20;7,24
15/07/2026 09:25;7,25
15/07/2026 09:30;7,25
15/07/2026 09:35;7,25
15/07/2026 09:40;7,26
15/07/2026 09:45;7,25
15/07/2026 09:50;7,25
15/07/2026 09:55;7,25
15/07/2026 10:00;7,25
15/07/2026 10:05;7,26
15/07/2026 10:10;7,25
15/07/2026 10:15;7,26
15/07/2026 10:20;7,26
15/07/2026 10:25;7,26
15/07/2026 10:30;7,26
15/07/2026 10:35;7,27
15/07/2026 10:40;7,27
15/07/2026 10:45;7,27
15/07/2026 10:50;7,27
15/07/2026 10:55;7,27
15/07/2026 11:00;7,27
15/07/2026 11:05;7,28
15/07/2026 11:10;7,27
15/07/2026 11:15;7,28
15/07/2026 11:20;7,28
15/07/2026 11:25;7,28
15/07/2026 11:30;7,28
15/07/2026 11:35;7,29
15/07/2026 11:40;7,28
15/07/2026 11:45;7,29
15/07/2026 11:50;7,29
15/07/2026 11:55;7,29
15/07/2026 12:00;7,29
15/07/2026 12:05;7,29
15/07/2026 12:10;7,3
15/07/2026 12:15;7,3
15/07/2026 12:20;7,3
15/07/2026 12:25;7,3
15/07/2026 12:30;7,3
15/07/2026 12:35;7,31
15/07/2026 12:40;7,31
15/07/2026 12:45;7,32
15/07/2026 12:50;7,32
15/07/2026 12:55;7,32
15/07/2026 13:00;7,33
15/07/2026 13:05;7,33
15/07/2026 13:10;7,33
15/07/2026 13:15;7,33
15/07/2026 13:20;7,33
15/07/2026 13:25;7,33
15/07/2026 13:30;7,34
15/07/2026 13:35;7,34
15/07/2026 13:40;7,35
15/07/2026 13:45;7,35
15/07/2026 13:50;7,36
15/07/2026 13:55;7,35
15/07/2026 14:00;7,36
15/07/2026 14:05;7,37
15/07/2026 14:10;7,37
15/07/2026 14:15;7,38
15/07/2026 14:20;7,38
15/07/2026 14:25;7,39
15/07/2026 14:30;7,39
15/07/2026 14:35;7,4
15/07/2026 14:40;7,4
15/07/2026 14:45;7,4
15/07/2026 14:50;7,41
15/07/2026 14:55;7,42
15/07/2026 15:00;7,43
15/07/2026 15:05;7,44
15/07/2026 15:10;7,44
15/07/2026 15:15;7,45
15/07/2026 15:20;7,46
15/07/2026 15:25;7,47
15/07/2026 15:30;7,48
15/07/2026 15:35;7,49
15/07/2026 15:40;7,5
15/07/2026 15:45;7,51
15/07/2026 15:50;7,52
15/07/2026 15:55;7,52
15/07/2026 16:00;7,54
15/07/2026 16:05;7,55
15/07/2026 16:10;7,56
15/07/2026 16:15;7,57
15/07/2026 16:20;7,59
15/07/2026 16:25;7,6
15/07/2026 16:30;7,62
15/07/2026 16:35;7,64
15/07/2026 16:40;7,66
15/07/2026 16:45;7,67
15/07/2026 16:50;7,69
15/07/2026 16:55;7,71
15/07/2026 17:00;7,73
15/07/2026 17:05;7,75
15/07/2026 17:10;7,77
15/07/2026 17:15;7,79
15/07/2026 17:20;7,81
15/07/2026 17:25;7,83
15/07/2026 17:30;7,84
15/07/2026 17:35;7,86
15/07/2026 17:40;7,89
15/07/2026 17:45;7,91
15/07/2026 17:50;7,94
15/07/2026 17:55;7,96
15/07/2026 18:00;7,98
15/07/2026 18:05;8,0
15/07/2026 18:10;8,02
15/07/2026 18:15;8,05
15/07/2026 18:20;8,07
15/07/2026 18:25;8,09
15/07/2026 18:30;8,11
15/07/2026 18:35;8,12
15/07/2026 18:40;8,15
15/07/2026 18:45;8,16
15/07/2026 18:50;8,18
15/07/2026 18:55;8,19
15/07/2026 19:00;8,2
15/07/2026 19:05;8,22
15/07/2026 19:10;8,23
15/07/2026 19:15;8,24
15/07/2026 19:20;8,26
15/07/2026 19:25;8,26
15/07/2026 19:30;8,27
15/07/2026 19:35;8,27
15/07/2026 19:40;8,28
15/07/2026 19:45;8,29
15/07/2026 19:50;8,3
15/07/2026 19:55;8,3
15/07/2026 20:00;8,31
15/07/2026 20:05;8,31
15/07/2026 20:10;8,31
15/07/2026 20:15;8,31
15/07/2026 20:20;8,32
15/07/2026 20:25;8,31
15/07/2026 20:30;8,31
15/07/2026 20:35;8,32
15/07/2026 20:40;8,31
15/07/2026 20:45;8,31
15/07/2026 20:50;8,3
15/07/2026 20:55;8,3
15/07/2026 21:00;8,29
15/07/2026 21:05;8,29
15/07/2026 21:10;8,28
15/07/2026 21:15;8,28
15/07/2026 21:20;8,27
15/07/2026 21:25;8,26
15/07/2026 21:30;8,25
15/07/2026 21:35;8,24
15/07/2026 21:40;8,23
15/07/2026 21:45;8,23
15/07/2026 21:50;8,21
15/07/2026 21:55;8,2
15/07/2026 22:00;8,18
15/07/2026 22:05;8,17
15/07/2026 22:10;8,15
15/07/2026 22:15;8,15
15/07/2026 22:20;8,13
15/07/2026 22:25;8,12
15/07/2026 22:30;8,11
15/07/2026 22:35;8,09
15/07/2026 22:40;8,07
15/07/2026 22:45;8,06
15/07/2026 22:50;8,04
15/07/2026 22:55;8,03
15/07/2026 23:00;8,02
15/07/2026 23:05;8,0
15/07/2026 23:10;7,98
15/07/2026 23:15;7,97
15/07/2026 23:20;7,95
15/07/2026 23:25;7,93
15/07/2026 23:30;7,91
15/07/2026 23:35;7,9
15/07/2026 23:40;7,88
15/07/2026 23:45;7,87
15/07/2026 23:50;7,85
15/07/2026 23:55;7,83
16/07/2026 00:00;7,82
16/07/2026 00:05;7,8
16/07/2026 00:10;7,78
16/07/2026 00:15;7,76
16/07/2026 00:20;7,75
16/07/2026 00:25;7,74
16/07/2026 00:30;7,72
16/07/2026 00:35;7,71
16/07/2026 00:40;7,69
16/07/2026 00:45;7,67
16/07/2026 00:50;7,65
16/07/2026 00:55;7,64
16/07/2026 01:00;7,63
16/07/2026 01:05;7,61
16/07/2026 01:10;7,6
16/07/2026 01:15;7,58
16/07/2026 01:20;7,57
16/07/2026 01:25;7,55
16/07/2026 01:30;7,54
16/07/2026 01:35;7,53
16/07/2026 01:40;7,52
16/07/2026 01:45;7,5
16/07/2026 01:50;7,49
16/07/2026 01:55;7,49
16/07/2026 02:00;7,47
16/07/2026 02:05;7,46
16/07/2026 02:10;7,45
16/07/2026 02:15;7,44
16/07/2026 02:20;7,43
16/07/2026 02:25;7,42
16/07/2026 02:30;7,42
16/07/2026 02:35;7,41
16/07/2026 02:40;7,39
16/07/2026 02:45;7,39
16/07/2026 02:50;7,38
16/07/2026 02:55;7,37
16/07/2026 03:00;7,36
16/07/2026 03:05;7,35
16/07/2026 03:10;7,35
16/07/2026 03:15;7,34
16/07/2026 03:20;7,34
16/07/2026 03:25;7,34
16/07/2026 03:30;7,32
16/07/2026 03:35;7,32
16/07/2026 03:40;7,31
16/07/2026 03:45;7,3
16/07/2026 03:50;7,3
16/07/2026 03:55;7,29
16/07/2026 04:00;7,29
16/07/2026 04:05;7,28
16/07/2026 04:10;7,28
16/07/2026 04:15;7,27
16/07/2026 04:20;7,26
16/07/2026 04:25;7,26
16/07/2026 04:30;7,27
16/07/2026 04:35;7,26
16/07/2026 04:40;7,26
16/07/2026 04:45;7,25
16/07/2026 04:50;7,25
16/07/2026 04:55;7,25
16/07/2026 05:00;7,25
16/07/2026 05:05;7,25
16/07/2026 05:10;7,24
16/07/2026 05:15;7,24
16/07/2026 05:20;7,24
16/07/2026 05:25;7,24
16/07/2026 05:30;7,24
16/07/2026 05:35;7,24
16/07/2026 05:40;7,23
16/07/2026 05:45;7,23
16/07/2026 05:50;7,23
16/07/2026 05:55;7,24
16/07/2026 06:00;7,23
16/07/2026 06:05;7,23
16/07/2026 06:10;7,23
16/07/2026 06:15;7,23
16/07/2026 06:20;7,23
16/07/2026 06:25;7,24
16/07/2026 06:30;7,23
16/07/2026 06:35;7,23
16/07/2026 06:40;7,23
16/07/2026 06:45;7,24
16/07/2026 06:50;7,23
16/07/2026 06:55;7,24
16/07/2026 07:00;7,23
16/07/2026 07:05;7,23
16/07/2026 07:10;7,23
16/07/2026 07:15;7,23
16/07/2026 07:20;7,23
16/07/2026 07:25;7,23
16/07/2026 07:30;7,23
16/07/2026 07:35;7,23
16/07/2026 07:40;7,23
16/07/2026 07:45;7,24
16/07/2026 07:50;7,23
16/07/2026 07:55;7,23
16/07/2026 08:00;7,23
16/07/2026 08:05;7,24
16/07/2026 08:10;7,23
16/07/2026 08:15;7,24
16/07/2026 08:20;7,21
16/07/2026 08:25;7,22
16/07/2026 08:30;7,23
16/07/2026 08:35;7,24
16/07/2026 08:40;7,23
16/07/2026 08:45;7,23
16/07/2026 08:50;7,23
16/07/2026 08:55;7,23
16/07/2026 09:00;7,23
16/07/2026 09:05;7,23
16/07/2026 09:10;7,23
16/07/2026 09:15;7,22
16/07/2026 09:20;7,22
16/07/2026 09:25;7,22
16/07/2026 09:30;7,22
16/07/2026 09:35;7,22
16/07/2026 09:40;
16/07/2026 09:45;
16/07/2026 09:50;7,26
16/07/2026 09:55;7,24
16/07/2026 10:00;7,24
16/07/2026 10:05;7,23
16/07/2026 10:10;7,23
16/07/2026 10:15;7,23
16/07/2026 10:20;7,23
16/07/2026 10:25;7,24
16/07/2026 10:30;7,24
16/07/2026 10:35;7,24
16/07/2026 10:40;7,24
16/07/2026 10:45;7,25
16/07/2026 10:50;7,24
16/07/2026 10:55;7,25
16/07/2026 11:00;7,25
16/07/2026 11:05;7,25
16/07/2026 11:10;7,26
16/07/2026 11:15;7,26
16/07/2026 11:20;7,26
16/07/2026 11:25;7,26
16/07/2026 11:30;7,27
16/07/2026 11:35;7,27
16/07/2026 11:40;7,27
16/07/2026 11:45;7,27
16/07/2026 11:50;7,27
16/07/2026 11:55;7,27
16/07/2026 12:00;7,27
16/07/2026 12:05;7,27
16/07/2026 12:10;7,27
16/07/2026 12:15;7,27
16/07/2026 12:20;7,27
16/07/2026 12:25;7,28
16/07/2026 12:30;7,28
16/07/2026 12:35;7,28
16/07/2026 12:40;7,28
16/07/2026 12:45;7,28
16/07/2026 12:50;7,29
16/07/2026 12:55;7,29
16/07/2026 13:00;7,29
16/07/2026 13:05;7,29
16/07/2026 13:10;7,29
16/07/2026 13:15;7,29
16/07/2026 13:20;7,3
16/07/2026 13:25;7,3
16/07/2026 13:30;7,3
16/07/2026 13:35;7,3
16/07/2026 13:40;7,31
16/07/2026 13:45;7,31
16/07/2026 13:50;7,32
16/07/2026 13:55;7,32
16/07/2026 14:00;7,33
16/07/2026 14:05;7,33
16/07/2026 14:10;7,34
16/07/2026 14:15;7,34
16/07/2026 14:20;7,35
16/07/2026 14:25;7,36
16/07/2026 14:30;7,37
16/07/2026 14:35;7,38
16/07/2026 14:40;7,38
16/07/2026 14:45;7,39
16/07/2026 14:50;7,4
16/07/2026 14:55;7,41
16/07/2026 15:00;7,42
16/07/2026 15:05;7,43
16/07/2026 15:10;7,45
16/07/2026 15:15;7,46
16/07/2026 15:20;7,47
16/07/2026 15:25;7,49
16/07/2026 15:30;7,51
16/07/2026 15:35;7,52
16/07/2026 15:40;7,54
16/07/2026 15:45;7,55
16/07/2026 15:50;7,57
16/07/2026 15:55;7,58
16/07/2026 16:00;7,61
16/07/2026 16:05;7,62
16/07/2026 16:10;7,65
16/07/2026 16:15;7,66
16/07/2026 16:20;7,68
16/07/2026 16:25;7,7
16/07/2026 16:30;7,72
16/07/2026 16:35;7,74
16/07/2026 16:40;7,77
16/07/2026 16:45;7,79
16/07/2026 16:50;7,82
16/07/2026 16:55;7,84
16/07/2026 17:00;7,87
16/07/2026 17:05;7,89
16/07/2026 17:10;7,92
16/07/2026 17:15;7,94
16/07/2026 17:20;7,97
16/07/2026 17:25;7,99
16/07/2026 17:30;8,02
16/07/2026 17:35;8,04
16/07/2026 17:40;8,07
16/07/2026 17:45;8,09
16/07/2026 17:50;8,12
16/07/2026 17:55;8,14
16/07/2026 18:00;8,16
16/07/2026 18:05;8,18
16/07/2026 18:10;8,21
16/07/2026 18:15;8,22
16/07/2026 18:20;8,24
16/07/2026 18:25;8,26
16/07/2026 18:30;8,28
16/07/2026 18:35;8,3
16/07/2026 18:40;8,31
16/07/2026 18:45;8,33
16/07/2026 18:50;8,34
16/07/2026 18:55;8,35
16/07/2026 19:00;8,37
16/07/2026 19:05;8,37
16/07/2026 19:10;8,39
16/07/2026 19:15;8,4
16/07/2026 19:20;8,41
16/07/2026 19:25;8,41
16/07/2026 19:30;8,42
16/07/2026 19:35;8,43
16/07/2026 19:40;8,44
16/07/2026 19:45;8,44
16/07/2026 19:50;8,44
16/07/2026 19:55;8,45
16/07/2026 20:00;8,45
16/07/2026 20:05;8,45
16/07/2026 20:10;8,45
16/07/2026 20:15;8,46
16/07/2026 20:20;8,45
16/07/2026 20:25;8,46
16/07/2026 20:30;8,45
16/07/2026 20:35;8,45
16/07/2026 20:40;8,45
16/07/2026 20:45;8,44
16/07/2026 20:50;8,44
16/07/2026 20:55;8,44
16/07/2026 21:00;8,43
16/07/2026 21:05;8,43
16/07/2026 21:10;8,41
16/07/2026 21:15;8,41
16/07/2026 21:20;8,4
16/07/2026 21:25;8,39
16/07/2026 21:30;8,38
16/07/2026 21:35;8,36
16/07/2026 21:40;8,35
16/07/2026 21:45;8,33
16/07/2026 21:50;8,32
16/07/2026 21:55;8,31
16/07/2026 22:00;8,29
16/07/2026 22:05;8,28
16/07/2026 22:10;8,26
16/07/2026 22:15;8,25
16/07/2026 22:20;8,24
16/07/2026 22:25;8,22
16/07/2026 22:30;8,2
16/07/2026 22:35;8,19
16/07/2026 22:40;8,17
16/07/2026 22:45;8,16
16/07/2026 22:50;8,14
16/07/2026 22:55;8,13
16/07/2026 23:00;8,11
16/07/2026 23:05;8,1
16/07/2026 23:10;8,08
16/07/2026 23:15;8,06
16/07/2026 23:20;8,04
16/07/2026 23:25;8,03
16/07/2026 23:30;8,01
16/07/2026 23:35;8,0
16/07/2026 23:40;7,98
16/07/2026 23:45;7,97
16/07/2026 23:50;7,95
16/07/2026 23:55;7,93
17/07/2026 00:00;7,92
17/07/2026 00:05;7,9
17/07/2026 00:10;7,88
17/07/2026 00:15;7,86
17/07/2026 00:20;7,84
17/07/2026 00:25;7,84
17/07/2026 00:30;7,81
17/07/2026 00:35;7,8
17/07/2026 00:40;7,78
17/07/2026 00:45;7,77
17/07/2026 00:50;7,75
17/07/2026 00:55;7,74
17/07/2026 01:00;7,72
17/07/2026 01:05;7,71
17/07/2026 01:10;7,69
17/07/2026 01:15;7,67
17/07/2026 01:20;7,65
17/07/2026 01:25;7,63
17/07/2026 01:30;7,61
17/07/2026 01:35;7,6
17/07/2026 01:40;7,58
17/07/2026 01:45;7,57
17/07/2026 01:50;7,55
17/07/2026 01:55;7,53
17/07/2026 02:00;7,52
17/07/2026 02:05;7,51
17/07/2026 02:10;7,5
17/07/2026 02:15;7,49
17/07/2026 02:20;7,47
17/07/2026 02:25;7,46
17/07/2026 02:30;7,45
17/07/2026 02:35;7,44
17/07/2026 02:40;7,43
17/07/2026 02:45;7,42
17/07/2026 02:50;7,41
17/07/2026 02:55;7,4
17/07/2026 03:00;7,39
17/07/2026 03:05;7,38
17/07/2026 03:10;7,37
17/07/2026 03:15;7,36
17/07/2026 03:20;7,35
17/07/2026 03:25;7,35
17/07/2026 03:30;7,34
17/07/2026 03:35;7,34
17/07/2026 03:40;7,33
17/07/2026 03:45;7,33
17/07/2026 03:50;7,31
17/07/2026 03:55;7,31
17/07/2026 04:00;7,31
17/07/2026 04:05;7,31
17/07/2026 04:10;7,3
17/07/2026 04:15;7,3
17/07/2026 04:20;7,29
17/07/2026 04:25;7,29
17/07/2026 04:30;7,28
17/07/2026 04:35;7,28
17/07/2026 04:40;7,27
17/07/2026 04:45;7,27
17/07/2026 04:50;7,26
17/07/2026 04:55;7,26
17/07/2026 05:00;7,26
17/07/2026 05:05;7,26
17/07/2026 05:10;7,25
17/07/2026 05:15;7,25
17/07/2026 05:20;7,25
17/07/2026 05:25;7,25
17/07/2026 05:30;7,24
17/07/2026 05:35;7,24
17/07/2026 05:40;7,24
17/07/2026 05:45;7,24
17/07/2026 05:50;7,24
17/07/2026 05:55;7,23
17/07/2026 06:00;7,24
17/07/2026 06:05;7,24
17/07/2026 06:10;7,24
17/07/2026 06:15;7,23
17/07/2026 06:20;7,23
17/07/2026 06:25;7,23
17/07/2026 06:30;7,23
17/07/2026 06:35;7,23
17/07/2026 06:40;7,23
17/07/2026 06:45;7,23
17/07/2026 06:50;7,22
17/07/2026 06:55;7,22
17/07/2026 07:00;7,22
17/07/2026 07:05;7,22
17/07/2026 07:10;7,22
17/07/2026 07:15;7,21
17/07/2026 07:20;7,21
17/07/2026 07:25;7,22
17/07/2026 07:30;7,21
17/07/2026 07:35;7,21
17/07/2026 07:40;7,21
17/07/2026 07:45;7,22
17/07/2026 07:50;7,22
17/07/2026 07:55;7,22
17/07/2026 08:00;7,22
17/07/2026 08:05;7,22
17/07/2026 08:10;7,22
17/07/2026 08:15;7,22
17/07/2026 08:20;7,22
17/07/2026 08:25;7,22
17/07/2026 08:30;7,22
17/07/2026 08:35;7,22
17/07/2026 08:40;7,22
17/07/2026 08:45;7,22
17/07/2026 08:50;7,22
17/07/2026 08:55;7,22
17/07/2026 09:00;7,22
17/07/2026 09:05;7,23
17/07/2026 09:10;7,22
17/07/2026 09:15;7,23
17/07/2026 09:20;7,23
17/07/2026 09:25;7,23
17/07/2026 09:30;7,23
17/07/2026 09:35;7,23
17/07/2026 09:40;7,23
17/07/2026 09:45;7,23
17/07/2026 09:50;7,23
17/07/2026 09:55;7,23
17/07/2026 10:00;7,23
17/07/2026 10:05;7,23
17/07/2026 10:10;7,23
17/07/2026 10:15;7,23
17/07/2026 10:20;7,23
17/07/2026 10:25;7,23
17/07/2026 10:30;7,23
17/07/2026 10:35;7,23
17/07/2026 10:40;7,23
17/07/2026 10:45;7,23
17/07/2026 10:50;7,23
17/07/2026 10:55;7,23
17/07/2026 11:00;7,23
17/07/2026 11:05;7,23
17/07/2026 11:10;7,23
17/07/2026 11:15;7,23
17/07/2026 11:20;7,23
17/07/2026 11:25;7,23
17/07/2026 11:30;7,23
17/07/2026 11:35;7,23
17/07/2026 11:40;7,23
17/07/2026 11:45;7,23
17/07/2026 11:50;7,23
17/07/2026 11:55;7,23
17/07/2026 12:00;7,23
17/07/2026 12:05;7,23
17/07/2026 12:10;7,23
17/07/2026 12:15;7,23
17/07/2026 12:20;7,23
17/07/2026 12:25;7,24
17/07/2026 12:30;7,24
17/07/2026 12:35;7,24
17/07/2026 12:40;7,25
17/07/2026 12:45;7,25
17/07/2026 12:50;7,25
17/07/2026 12:55;7,25
17/07/2026 13:00;7,26
17/07/2026 13:05;7,27
17/07/2026 13:10;7,27
17/07/2026 13:15;7,28
17/07/2026 13:20;7,29
17/07/2026 13:25;7,29
17/07/2026 13:30;7,3
17/07/2026 13:35;7,3
17/07/2026 13:40;7,31
17/07/2026 13:45;7,32
17/07/2026 13:50;7,33
17/07/2026 13:55;7,34
17/07/2026 14:00;7,34
17/07/2026 14:05;7,35
17/07/2026 14:10;7,36
17/07/2026 14:15;7,36
17/07/2026 14:20;7,38
17/07/2026 14:25;7,39
17/07/2026 14:30;7,4
17/07/2026 14:35;7,41
17/07/2026 14:40;7,43
17/07/2026 14:45;7,43
17/07/2026 14:50;7,45
17/07/2026 14:55;7,46
17/07/2026 15:00;7,47
17/07/2026 15:05;7,49
17/07/2026 15:10;7,51
17/07/2026 15:15;7,52
17/07/2026 15:20;7,54
17/07/2026 15:25;7,55
17/07/2026 15:30;7,58
17/07/2026 15:35;7,59
17/07/2026 15:40;7,62
17/07/2026 15:45;7,63
17/07/2026 15:50;7,66
17/07/2026 15:55;7,68
17/07/2026 16:00;7,71
17/07/2026 16:05;7,72
17/07/2026 16:10;7,75
17/07/2026 16:15;7,77
17/07/2026 16:20;7,8
17/07/2026 16:25;7,82
17/07/2026 16:30;7,85
17/07/2026 16:35;7,87
17/07/2026 16:40;7,91
17/07/2026 16:45;7,93
17/07/2026 16:50;7,96
17/07/2026 16:55;7,98
17/07/2026 17:00;8,02
17/07/2026 17:05;8,04
17/07/2026 17:10;8,07
17/07/2026 17:15;8,09
17/07/2026 17:20;8,13
17/07/2026 17:25;8,15
17/07/2026 17:30;8,18
17/07/2026 17:35;8,2
17/07/2026 17:40;8,24
17/07/2026 17:45;8,26
17/07/2026 17:50;8,29
17/07/2026 17:55;8,31
17/07/2026 18:00;8,33
17/07/2026 18:05;8,35
17/07/2026 18:10;8,38
17/07/2026 18:15;8,39
17/07/2026 18:20;8,43
17/07/2026 18:25;8,45
17/07/2026 18:30;8,47
17/07/2026 18:35;8,48
17/07/2026 18:40;8,5
17/07/2026 18:45;8,52
17/07/2026 18:50;8,53
17/07/2026 18:55;8,54
17/07/2026 19:00;8,55
17/07/2026 19:05;8,56
17/07/2026 19:10;8,56
17/07/2026 19:15;8,56
17/07/2026 19:20;8,57
17/07/2026 19:25;8,58
17/07/2026 19:30;8,6
17/07/2026 19:35;8,6
17/07/2026 19:40;8,61
17/07/2026 19:45;8,61
17/07/2026 19:50;8,63
17/07/2026 19:55;8,63
17/07/2026 20:00;8,63
17/07/2026 20:05;8,63
17/07/2026 20:10;8,63
17/07/2026 20:15;8,63
17/07/2026 20:20;8,62
17/07/2026 20:25;8,62
17/07/2026 20:30;8,62
17/07/2026 20:35;8,61
17/07/2026 20:40;8,6
17/07/2026 20:45;8,6
17/07/2026 20:50;8,58
17/07/2026 20:55;8,57
17/07/2026 21:00;8,56
17/07/2026 21:05;8,55
17/07/2026 21:10;8,53
17/07/2026 21:15;8,52
17/07/2026 21:20;8,51
17/07/2026 21:25;8,49
17/07/2026 21:30;8,48
17/07/2026 21:35;8,46
17/07/2026 21:40;8,44
17/07/2026 21:45;8,43
17/07/2026 21:50;8,41
17/07/2026 21:55;8,4
17/07/2026 22:00;8,38
17/07/2026 22:05;8,36
17/07/2026 22:10;8,34
17/07/2026 22:15;8,32
17/07/2026 22:20;8,3
17/07/2026 22:25;8,29
17/07/2026 22:30;8,27
17/07/2026 22:35;8,25
17/07/2026 22:40;8,23
17/07/2026 22:45;8,21
17/07/2026 22:50;8,19
17/07/2026 22:55;8,17
17/07/2026 23:00;8,16
17/07/2026 23:05;8,14
17/07/2026 23:10;8,12
17/07/2026 23:15;8,1
17/07/2026 23:20;8,08
17/07/2026 23:25;8,06
17/07/2026 23:30;8,04
17/07/2026 23:35;8,03
17/07/2026 23:40;8,01
17/07/2026 23:45;7,99
17/07/2026 23:50;7,97
17/07/2026 23:55;7,96
18/07/2026 00:00;7,94
18/07/2026 00:05;7,92
18/07/2026 00:10;7,9
18/07/2026 00:15;7,89
18/07/2026 00:20;7,87
18/07/2026 00:25;7,86
18/07/2026 00:30;7,83
18/07/2026 00:35;7,82
18/07/2026 00:40;7,8
18/07/2026 00:45;7,79
18/07/2026 00:50;7,77
18/07/2026 00:55;7,75
18/07/2026 01:00;7,73
18/07/2026 01:05;7,72
18/07/2026 01:10;7,7
18/07/2026 01:15;7,69
18/07/2026 01:20;7,67
18/07/2026 01:25;7,66
18/07/2026 01:30;7,64
18/07/2026 01:35;7,63
18/07/2026 01:40;7,61
18/07/2026 01:45;7,6
18/07/2026 01:50;7,58
18/07/2026 01:55;7,57
18/07/2026 02:00;7,55
18/07/2026 02:05;7,54
18/07/2026 02:10;7,53
18/07/2026 02:15;7,52
18/07/2026 02:20;7,5
18/07/2026 02:25;7,49
18/07/2026 02:30;7,48
18/07/2026 02:35;7,47
18/07/2026 02:40;7,46
18/07/2026 02:45;7,45
18/07/2026 02:50;7,43
18/07/2026 02:55;7,43
18/07/2026 03:00;7,41
18/07/2026 03:05;7,41
18/07/2026 03:10;7,39
18/07/2026 03:15;7,38
18/07/2026 03:20;7,37
18/07/2026 03:25;7,37
18/07/2026 03:30;7,36
18/07/2026 03:35;7,35
18/07/2026 03:40;7,34
18/07/2026 03:45;7,33
18/07/2026 03:50;7,32
18/07/2026 03:55;7,31
18/07/2026 04:00;7,31
18/07/2026 04:05;7,3
18/07/2026 04:10;7,3
18/07/2026 04:15;7,29
18/07/2026 04:20;7,28
18/07/2026 04:25;7,28
18/07/2026 04:30;7,27
18/07/2026 04:35;7,27
18/07/2026 04:40;7,26
18/07/2026 04:45;7,26
18/07/2026 04:50;7,25
18/07/2026 04:55;7,25
18/07/2026 05:00;7,24
18/07/2026 05:05;7,24
18/07/2026 05:10;7,24
18/07/2026 05:15;7,23
18/07/2026 05:20;7,23
18/07/2026 05:25;7,23
18/07/2026 05:30;7,22
18/07/2026 05:35;7,22
18/07/2026 05:40;7,22
18/07/2026 05:45;7,22
18/07/2026 05:50;7,21
18/07/2026 05:55;7,21
18/07/2026 06:00;7,21
18/07/2026 06:05;7,21
18/07/2026 06:10;7,21
18/07/2026 06:15;7,21
18/07/2026 06:20;7,21
18/07/2026 06:25;7,21
18/07/2026 06:30;7,21
18/07/2026 06:35;7,21
18/07/2026 06:40;7,2
18/07/2026 06:45;7,2
18/07/2026 06:50;7,2
18/07/2026 06:55;7,2
18/07/2026 07:00;7,2
18/07/2026 07:05;7,2
18/07/2026 07:10;7,2
18/07/2026 07:15;7,2
18/07/2026 07:20;7,2
18/07/2026 07:25;7,2
18/07/2026 07:30;7,2
18/07/2026 07:35;7,2
18/07/2026 07:40;7,2
18/07/2026 07:45;7,2
18/07/2026 07:50;7,2
18/07/2026 07:55;7,2
18/07/2026 08:00;7,2
18/07/2026 08:05;7,2
18/07/2026 08:10;7,2
18/07/2026 08:15;7,2
18/07/2026 08:20;7,2
18/07/2026 08:25;7,2
18/07/2026 08:30;7,2
18/07/2026 08:35;7,2
18/07/2026 08:40;7,2
18/07/2026 08:45;7,2
18/07/2026 08:50;7,2
18/07/2026 08:55;7,2
18/07/2026 09:00;7,2
18/07/2026 09:05;7,21
18/07/2026 09:10;7,21
18/07/2026 09:15;7,21
18/07/2026 09:20;7,21
18/07/2026 09:25;7,21
18/07/2026 09:30;7,21
18/07/2026 09:35;7,22
18/07/2026 09:40;7,22
18/07/2026 09:45;7,22
18/07/2026 09:50;7,22
18/07/2026 09:55;7,22
18/07/2026 10:00;7,22
18/07/2026 10:05;7,22
18/07/2026 10:10;7,22
18/07/2026 10:15;7,22
18/07/2026 10:20;7,23
18/07/2026 10:25;7,23
18/07/2026 10:30;7,23
18/07/2026 10:35;7,23
18/07/2026 10:40;7,23
18/07/2026 10:45;7,23
18/07/2026 10:50;7,24
18/07/2026 10:55;7,24
18/07/2026 11:00;7,24
18/07/2026 11:05;7,24
18/07/2026 11:10;7,24
18/07/2026 11:15;7,24
18/07/2026 11:20;7,24
18/07/2026 11:25;7,24
18/07/2026 11:30;7,24
18/07/2026 11:35;7,24
18/07/2026 11:40;7,24
18/07/2026 11:45;7,24
18/07/2026 11:50;7,24
18/07/2026 11:55;7,24
18/07/2026 12:00;7,25
18/07/2026 12:05;7,25
18/07/2026 12:10;7,25
18/07/2026 12:15;7,25
18/07/2026 12:20;7,25
18/07/2026 12:25;7,25
18/07/2026 12:30;7,25
18/07/2026 12:35;7,25
18/07/2026 12:40;7,25
18/07/2026 12:45;7,25
18/07/2026 12:50;7,25
18/07/2026 12:55;7,25
18/07/2026 13:00;7,26
18/07/2026 13:05;7,25
18/07/2026 13:10;7,26
18/07/2026 13:15;7,26
18/07/2026 13:20;7,26
18/07/2026 13:25;7,27
18/07/2026 13:30;7,27
18/07/2026 13:35;7,28
18/07/2026 13:40;7,28
18/07/2026 13:45;7,29
18/07/2026 13:50;7,29
18/07/2026 13:55;7,3
18/07/2026 14:00;7,3
18/07/2026 14:05;7,31
18/07/2026 14:10;7,32
18/07/2026 14:15;7,32
18/07/2026 14:20;7,33
18/07/2026 14:25;7,33
18/07/2026 14:30;7,34
18/07/2026 14:35;7,36
18/07/2026 14:40;7,37
18/07/2026 14:45;7,38
18/07/2026 14:50;7,39
18/07/2026 14:55;7,4
18/07/2026 15:00;7,42
18/07/2026 15:05;7,43
18/07/2026 15:10;7,45
18/07/2026 15:15;7,46
18/07/2026 15:20;7,48
18/07/2026 15:25;7,49
18/07/2026 15:30;7,5
18/07/2026 15:35;7,52
18/07/2026 15:40;7,54
18/07/2026 15:45;7,56
18/07/2026 15:50;7,58
18/07/2026 15:55;7,6
18/07/2026 16:00;7,63
18/07/2026 16:05;7,64
18/07/2026 16:10;7,67
18/07/2026 16:15;7,69
18/07/2026 16:20;7,72
18/07/2026 16:25;7,74
18/07/2026 16:30;7,77
18/07/2026 16:35;7,79
18/07/2026 16:40;7,82
18/07/2026 16:45;7,84
18/07/2026 16:50;7,87
18/07/2026 16:55;7,9
18/07/2026 17:00;7,93
18/07/2026 17:05;7,95
18/07/2026 17:10;7,98
18/07/2026 17:15;8,01
18/07/2026 17:20;8,04
18/07/2026 17:25;8,07
18/07/2026 17:30;8,1
18/07/2026 17:35;8,13
18/07/2026 17:40;8,16
18/07/2026 17:45;8,19
18/07/2026 17:50;8,23
18/07/2026 17:55;8,25
18/07/2026 18:00;8,28
18/07/2026 18:05;8,3
18/07/2026 18:10;8,34
18/07/2026 18:15;8,36
18/07/2026 18:20;8,4
18/07/2026 18:25;8,42
18/07/2026 18:30;8,44
18/07/2026 18:35;8,46
18/07/2026 18:40;8,49
18/07/2026 18:45;8,52
18/07/2026 18:50;8,54
18/07/2026 18:55;8,56
18/07/2026 19:00;8,59
18/07/2026 19:05;8,6
18/07/2026 19:10;8,62
18/07/2026 19:15;8,63
18/07/2026 19:20;8,65
18/07/2026 19:25;8,66
18/07/2026 19:30;8,68
18/07/2026 19:35;8,69
18/07/2026 19:40;8,7
18/07/2026 19:45;8,71
18/07/2026 19:50;8,73
18/07/2026 19:55;8,74
18/07/2026 20:00;8,75
18/07/2026 20:05;8,75
18/07/2026 20:10;8,76
18/07/2026 20:15;8,76
18/07/2026 20:20;8,77
18/07/2026 20:25;8,77
18/07/2026 20:30;8,77
18/07/2026 20:35;8,77
18/07/2026 20:40;8,77
18/07/2026 20:45;8,76
18/07/2026 20:50;8,76
18/07/2026 20:55;8,76
18/07/2026 21:00;8,75
18/07/2026 21:05;8,74
18/07/2026 21:10;8,74
18/07/2026 21:15;8,73
18/07/2026 21:20;8,72
18/07/2026 21:25;8,71
18/07/2026 21:30;8,7
18/07/2026 21:35;8,69
18/07/2026 21:40;8,68
18/07/2026 21:45;8,66
18/07/2026 21:50;8,65
18/07/2026 21:55;8,63
18/07/2026 22:00;8,61
18/07/2026 22:05;8,59
18/07/2026 22:10;8,57
18/07/2026 22:15;8,55
18/07/2026 22:20;8,53
18/07/2026 22:25;8,51
18/07/2026 22:30;8,49
18/07/2026 22:35;8,47
18/07/2026 22:40;8,44
18/07/2026 22:45;8,42
18/07/2026 22:50;8,39
18/07/2026 22:55;8,37
18/07/2026 23:00;8,35
18/07/2026 23:05;8,33
18/07/2026 23:10;8,3
18/07/2026 23:15;8,28
18/07/2026 23:20;8,25
18/07/2026 23:25;8,24
18/07/2026 23:30;8,21
18/07/2026 23:35;8,19
18/07/2026 23:40;8,16
18/07/2026 23:45;8,15
18/07/2026 23:50;8,12
18/07/2026 23:55;8,1
19/07/2026 00:00;8,08
19/07/2026 00:05;8,06
19/07/2026 00:10;8,03
19/07/2026 00:15;8,02
19/07/2026 00:20;7,99
19/07/2026 00:25;7,97
19/07/2026 00:30;7,95
19/07/2026 00:35;7,93
19/07/2026 00:40;7,91
19/07/2026 00:45;7,89
19/07/2026 00:50;7,87
19/07/2026 00:55;7,85
19/07/2026 01:00;7,83
19/07/2026 01:05;7,81
19/07/2026 01:10;7,79
19/07/2026 01:15;7,77
19/07/2026 01:20;7,75
19/07/2026 01:25;7,73
19/07/2026 01:30;7,71
19/07/2026 01:35;7,69
19/07/2026 01:40;7,67
19/07/2026 01:45;7,66
19/07/2026 01:50;7,63
19/07/2026 01:55;7,61
19/07/2026 02:00;7,59
19/07/2026 02:05;7,58
19/07/2026 02:10;7,55
19/07/2026 02:15;7,53
19/07/2026 02:20;7,51
19/07/2026 02:25;7,49
19/07/2026 02:30;7,47
19/07/2026 02:35;7,45
19/07/2026 02:40;7,43
19/07/2026 02:45;7,42
19/07/2026 02:50;7,4
19/07/2026 02:55;7,38
19/07/2026 03:00;7,37
19/07/2026 03:05;7,35
19/07/2026 03:10;7,33
19/07/2026 03:15;7,32
19/07/2026 03:20;7,31
19/07/2026 03:25;7,3
19/07/2026 03:30;7,29
19/07/2026 03:35;7,28
19/07/2026 03:40;7,27
19/07/2026 03:45;7,26
19/07/2026 03:50;7,24
19/07/2026 03:55;7,23
19/07/2026 04:00;7,23
19/07/2026 04:05;7,23
19/07/2026 04:10;7,22
19/07/2026 04:15;7,21
19/07/2026 04:20;7,2
19/07/2026 04:25;7,2
19/07/2026 04:30;7,19
19/07/2026 04:35;7,19
19/07/2026 04:40;7,18
19/07/2026 04:45;7,18
19/07/2026 04:50;7,17
19/07/2026 04:55;7,17
19/07/2026 05:00;7,16
19/07/2026 05:05;7,16
19/07/2026 05:10;7,15
19/07/2026 05:15;7,15
19/07/2026 05:20;7,14
19/07/2026 05:25;7,13
19/07/2026 05:30;7,12
19/07/2026 05:35;7,12
19/07/2026 05:40;7,11
19/07/2026 05:45;7,11
19/07/2026 05:50;7,1
19/07/2026 05:55;7,1
19/07/2026 06:00;7,09
19/07/2026 06:05;7,09
19/07/2026 06:10;7,09
19/07/2026 06:15;7,08
19/07/2026 06:20;7,08
19/07/2026 06:25;7,09
19/07/2026 06:30;7,08
19/07/2026 06:35;7,08
19/07/2026 06:40;7,08
19/07/2026 06:45;7,08
19/07/2026 06:50;7,08
19/07/2026 06:55;7,08
19/07/2026 07:00;7,09
19/07/2026 07:05;7,09
19/07/2026 07:10;7,1
19/07/2026 07:15;7,1
19/07/2026 07:20;7,1
19/07/2026 07:25;7,1
19/07/2026 07:30;7,1
19/07/2026 07:35;7,11
19/07/2026 07:40;7,11
19/07/2026 07:45;7,11
19/07/2026 07:50;7,12
19/07/2026 07:55;7,12
19/07/2026 08:00;7,12
19/07/2026 08:05;7,12
19/07/2026 08:10;7,13
19/07/2026 08:15;7,13
19/07/2026 08:20;7,14
19/07/2026 08:25;7,13
19/07/2026 08:30;7,14
19/07/2026 08:35;7,14
19/07/2026 08:40;7,14
19/07/2026 08:45;7,14
19/07/2026 08:50;7,14
19/07/2026 08:55;7,14
19/07/2026 09:00;7,15
19/07/2026 09:05;7,15
19/07/2026 09:10;7,15
19/07/2026 09:15;7,15
19/07/2026 09:20;7,15
19/07/2026 09:25;7,16
19/07/2026 09:30;7,16
19/07/2026 09:35;7,16
19/07/2026 09:40;7,16
19/07/2026 09:45;7,16
19/07/2026 09:50;7,16
19/07/2026 09:55;7,16
19/07/2026 10:00;7,16
19/07/2026 10:05;7,17
19/07/2026 10:10;7,16
19/07/2026 10:15;7,17
19/07/2026 10:20;7,17
19/07/2026 10:25;7,17
19/07/2026 10:30;7,17
19/07/2026 10:35;7,17
19/07/2026 10:40;7,18
19/07/2026 10:45;7,18
19/07/2026 10:50;7,18
19/07/2026 10:55;7,18
19/07/2026 11:00;7,18
19/07/2026 11:05;7,19
19/07/2026 11:10;7,19
19/07/2026 11:15;7,19
19/07/2026 11:20;7,19
19/07/2026 11:25;7,19
19/07/2026 11:30;7,19
19/07/2026 11:35;7,19
19/07/2026 11:40;7,2
19/07/2026 11:45;7,2
19/07/2026 11:50;7,2
19/07/2026 11:55;7,2
19/07/2026 12:00;7,2
19/07/2026 12:05;7,21
19/07/2026 12:10;7,21
19/07/2026 12:15;7,21
19/07/2026 12:20;7,22
19/07/2026 12:25;7,22
19/07/2026 12:30;7,22
19/07/2026 12:35;7,23
19/07/2026 12:40;7,23
19/07/2026 12:45;7,23
19/07/2026 12:50;7,24
19/07/2026 12:55;7,24
19/07/2026 13:00;7,25
19/07/2026 13:05;7,25
19/07/2026 13:10;7,26
19/07/2026 13:15;7,26
19/07/2026 13:20;7,27
19/07/2026 13:25;7,27
19/07/2026 13:30;7,29
19/07/2026 13:35;7,29
19/07/2026 13:40;7,3
19/07/2026 13:45;7,31
19/07/2026 13:50;7,31
19/07/2026 13:55;7,32
19/07/2026 14:00;7,33
19/07/2026 14:05;7,34
19/07/2026 14:10;7,35
19/07/2026 14:15;7,36
19/07/2026 14:20;7,38
19/07/2026 14:25;7,39
19/07/2026 14:30;7,4
19/07/2026 14:35;7,41
19/07/2026 14:40;7,43
19/07/2026 14:45;7,44
19/07/2026 14:50;7,46
19/07/2026 14:55;7,48
19/07/2026 15:00;7,5
19/07/2026 15:05;7,51
19/07/2026 15:10;7,54
19/07/2026 15:15;7,56
19/07/2026 15:20;7,58
19/07/2026 15:25;7,6
19/07/2026 15:30;7,63
19/07/2026 15:35;7,65
19/07/2026 15:40;7,68
19/07/2026 15:45;7,7
19/07/2026 15:50;7,73
19/07/2026 15:55;7,75
19/07/2026 16:00;7,79
19/07/2026 16:05;7,81
19/07/2026 16:10;7,84
19/07/2026 16:15;7,87
19/07/2026 16:20;7,9
19/07/2026 16:25;7,93
19/07/2026 16:30;7,96
19/07/2026 16:35;7,99
19/07/2026 16:40;8,03
19/07/2026 16:45;8,05
19/07/2026 16:50;8,09
19/07/2026 16:55;8,11
19/07/2026 17:00;8,15
19/07/2026 17:05;8,18
19/07/2026 17:10;8,22
19/07/2026 17:15;8,25
19/07/2026 17:20;8,28
19/07/2026 17:25;8,31
19/07/2026 17:30;8,35
19/07/2026 17:35;8,37
19/07/2026 17:40;8,41
19/07/2026 17:45;8,44
19/07/2026 17:50;8,47
19/07/2026 17:55;8,49
19/07/2026 18:00;8,53
19/07/2026 18:05;8,55
19/07/2026 18:10;8,58
19/07/2026 18:15;8,6
19/07/2026 18:20;8,64
19/07/2026 18:25;8,66
19/07/2026 18:30;8,69
19/07/2026 18:35;8,7
19/07/2026 18:40;8,73
19/07/2026 18:45;8,74
19/07/2026 18:50;8,77
19/07/2026 18:55;8,78
19/07/2026 19:00;8,8
19/07/2026 19:05;8,81
19/07/2026 19:10;8,83
19/07/2026 19:15;8,84
19/07/2026 19:20;8,85
19/07/2026 19:25;8,86
19/07/2026 19:30;8,87
19/07/2026 19:35;8,88
19/07/2026 19:40;8,89
19/07/2026 19:45;8,89
19/07/2026 19:50;8,9
19/07/2026 19:55;8,9
19/07/2026 20:00;8,9
19/07/2026 20:05;8,9
19/07/2026 20:10;8,9
19/07/2026 20:15;8,91
19/07/2026 20:20;8,9
19/07/2026 20:25;8,9
19/07/2026 20:30;8,89
19/07/2026 20:35;8,89
19/07/2026 20:40;8,88
19/07/2026 20:45;8,87
19/07/2026 20:50;8,87
19/07/2026 20:55;8,86
19/07/2026 21:00;8,85
19/07/2026 21:05;8,83
19/07/2026 21:10;8,82
19/07/2026 21:15;8,81
19/07/2026 21:20;8,79
19/07/2026 21:25;8,77
19/07/2026 21:30;8,74
19/07/2026 21:35;8,73
19/07/2026 21:40;8,71
19/07/2026 21:45;8,69
19/07/2026 21:50;8,66
19/07/2026 21:55;8,64
19/07/2026 22:00;8,61
19/07/2026 22:05;8,59
19/07/2026 22:10;8,56
19/07/2026 22:15;8,55
19/07/2026 22:20;8,52
19/07/2026 22:25;8,5
19/07/2026 22:30;8,47
19/07/2026 22:35;8,45
19/07/2026 22:40;8,42
19/07/2026 22:45;8,41
19/07/2026 22:50;8,38
19/07/2026 22:55;8,35
19/07/2026 23:00;8,32
19/07/2026 23:05;8,3
19/07/2026 23:10;8,27
19/07/2026 23:15;8,25
19/07/2026 23:20;8,23
19/07/2026 23:25;8,21
19/07/2026 23:30;8,18
19/07/2026 23:35;8,16
19/07/2026 23:40;8,13
19/07/2026 23:45;8,11
19/07/2026 23:50;8,09
19/07/2026 23:55;8,07
20/07/2026 00:00;8,04
20/07/2026 00:05;8,02
20/07/2026 00:10;7,99
20/07/2026 00:15;7,98
20/07/2026 00:20;7,95
20/07/2026 00:25;7,93
20/07/2026 00:30;7,91
20/07/2026 00:35;7,89
20/07/2026 00:40;7,87
20/07/2026 00:45;7,85
20/07/2026 00:50;7,82
20/07/2026 00:55;7,8
20/07/2026 01:00;7,78
20/07/2026 01:05;7,77
20/07/2026 01:10;7,74
20/07/2026 01:15;7,73
20/07/2026 01:20;7,7
20/07/2026 01:25;7,69
20/07/2026 01:30;7,66
20/07/2026 01:35;7,65
20/07/2026 01:40;7,63
20/07/2026 01:45;7,61
20/07/2026 01:50;7,59
20/07/2026 01:55;7,58
20/07/2026 02:00;7,55
20/07/2026 02:05;7,54
20/07/2026 02:10;7,52
20/07/2026 02:15;7,51
20/07/2026 02:20;7,49
20/07/2026 02:25;7,48
20/07/2026 02:30;7,45
20/07/2026 02:35;7,44
20/07/2026 02:40;7,42
20/07/2026 02:45;7,41
20/07/2026 02:50;7,39
20/07/2026 02:55;7,38
20/07/2026 03:00;7,37
20/07/2026 03:05;7,36
20/07/2026 03:10;7,34
20/07/2026 03:15;7,33
20/07/2026 03:20;7,31
20/07/2026 03:25;7,3
20/07/2026 03:30;7,29
20/07/2026 03:35;7,28
20/07/2026 03:40;7,27
20/07/2026 03:45;7,26
20/07/2026 03:50;7,25
20/07/2026 03:55;7,24
20/07/2026 04:00;7,24
20/07/2026 04:05;7,23
20/07/2026 04:10;7,21
20/07/2026 04:15;7,21
20/07/2026 04:20;7,2
20/07/2026 04:25;7,19
20/07/2026 04:30;7,19
20/07/2026 04:35;7,18
20/07/2026 04:40;7,17
20/07/2026 04:45;7,17
20/07/2026 04:50;7,16
20/07/2026 04:55;7,15
20/07/2026 05:00;7,15
20/07/2026 05:05;7,14
20/07/2026 05:10;7,13
20/07/2026 05:15;7,13
20/07/2026 05:20;7,12
20/07/2026 05:25;7,12
20/07/2026 05:30;7,12
20/07/2026 05:35;7,11
20/07/2026 05:40;7,11
20/07/2026 05:45;7,1
20/07/2026 05:50;7,1
20/07/2026 05:55;7,09
20/07/2026 06:00;7,09
20/07/2026 06:05;7,09
20/07/2026 06:10;7,08
20/07/2026 06:15;7,08
20/07/2026 06:20;7,08
20/07/2026 06:25;7,08
20/07/2026 06:30;7,07
20/07/2026 06:35;7,07
20/07/2026 06:40;7,07
20/07/2026 06:45;7,07
20/07/2026 06:50;7,06
20/07/2026 06:55;7,06
20/07/2026 07:00;7,06
20/07/2026 07:05;7,06
20/07/2026 07:10;7,06
20/07/2026 07:15;7,06
20/07/2026 07:20;7,06
20/07/2026 07:25;7,05
20/07/2026 07:30;7,05
20/07/2026 07:35;7,05
20/07/2026 07:40;7,05
20/07/2026 07:45;7,05
20/07/2026 07:50;7,05
20/07/2026 07:55;7,05
20/07/2026 08:00;7,05
20/07/2026 08:05;7,05
20/07/2026 08:10;7,05
20/07/2026 08:15;7,05
20/07/2026 08:20;7,05
20/07/2026 08:25;7,05
20/07/2026 08:30;7,05
20/07/2026 08:35;7,05
20/07/2026 08:40;7,05
20/07/2026 08:45;7,05
20/07/2026 08:50;7,05
20/07/2026 08:55;7,04
20/07/2026 09:00;7,05
20/07/2026 09:05;7,05
20/07/2026 09:10;7,04
20/07/2026 09:15;7,05
20/07/2026 09:20;7,04
20/07/2026 09:25;7,04
20/07/2026 09:30;7,04
20/07/2026 09:35;7,04
20/07/2026 09:40;7,04
20/07/2026 09:45;7,04
20/07/2026 09:50;7,04
20/07/2026 09:55;7,05
20/07/2026 10:00;7,04
20/07/2026 10:05;7,04
20/07/2026 10:10;7,04
20/07/2026 10:15;7,04
20/07/2026 10:20;7,05
20/07/2026 10:25;7,04
20/07/2026 10:30;7,04
20/07/2026 10:35;7,04
20/07/2026 10:40;7,05
20/07/2026 10:45;7,05
20/07/2026 10:50;7,05
20/07/2026 10:55;7,05
20/07/2026 11:00;7,05
20/07/2026 11:05;7,04
20/07/2026 11:10;7,04
20/07/2026 11:15;7,04
20/07/2026 11:20;7,05
20/07/2026 11:25;7,05
20/07/2026 11:30;7,05
20/07/2026 11:35;7,04
20/07/2026 11:40;7,05
20/07/2026 11:45;7,05
20/07/2026 11:50;7,05
20/07/2026 11:55;7,04
20/07/2026 12:00;7,05
20/07/2026 12:05;7,05
20/07/2026 12:10;7,05
20/07/2026 12:15;7,05
20/07/2026 12:20;7,05
20/07/2026 12:25;7,05
20/07/2026 12:30;7,05
20/07/2026 12:35;7,05
20/07/2026 12:40;7,05
20/07/2026 12:45;7,05
20/07/2026 12:50;7,05
20/07/2026 12:55;7,05
20/07/2026 13:00;7,05
20/07/2026 13:05;7,05
20/07/2026 13:10;7,05
20/07/2026 13:15;7,05
20/07/2026 13:20;7,05
20/07/2026 13:25;7,05
20/07/2026 13:30;7,05
20/07/2026 13:35;7,05
20/07/2026 13:40;7,05
20/07/2026 13:45;7,04
20/07/2026 13:50;7,0
20/07/2026 13:55;7,02
20/07/2026 14:00;7,04
20/07/2026 14:05;7,05
20/07/2026 14:10;7,06
20/07/2026 14:15;7,07
20/07/2026 14:20;7,07
20/07/2026 14:25;7,08
20/07/2026 14:30;7,08
20/07/2026 14:35;7,09
20/07/2026 14:40;7,1
20/07/2026 14:45;7,1
20/07/2026 14:50;7,11
20/07/2026 14:55;7,11
20/07/2026 15:00;7,13
20/07/2026 15:05;7,13
20/07/2026 15:10;7,14
20/07/2026 15:15;7,15
20/07/2026 15:20;7,17
20/07/2026 15:25;7,18
20/07/2026 15:30;7,19
20/07/2026 15:35;7,2
20/07/2026 15:40;7,23
20/07/2026 15:45;7,24
20/07/2026 15:50;7,26
20/07/2026 15:55;7,27
20/07/2026 16:00;7,29
20/07/2026 16:05;7,31
20/07/2026 16:10;7,34
20/07/2026 16:15;7,35
20/07/2026 16:20;7,37
20/07/2026 16:25;7,39
20/07/2026 16:30;7,42
20/07/2026 16:35;7,44
20/07/2026 16:40;7,47
20/07/2026 16:45;7,49
20/07/2026 16:50;7,52
20/07/2026 16:55;7,55
20/07/2026 17:00;7,58
20/07/2026 17:05;7,6
20/07/2026 17:10;7,64
20/07/2026 17:15;7,66
20/07/2026 17:20;7,7
20/07/2026 17:25;7,73
20/07/2026 17:30;7,76
20/07/2026 17:35;7,79
20/07/2026 17:40;7,83
20/07/2026 17:45;7,85
20/07/2026 17:50;7,89
20/07/2026 17:55;7,91
20/07/2026 18:00;7,96
20/07/2026 18:05;7,98
20/07/2026 18:10;8,02
20/07/2026 18:15;8,04
20/07/2026 18:20;8,08
20/07/2026 18:25;8,1
20/07/2026 18:30;8,14
20/07/2026 18:35;8,16
20/07/2026 18:40;8,2
20/07/2026 18:45;8,23
20/07/2026 18:50;8,26
20/07/2026 18:55;8,28
20/07/2026 19:00;8,32
20/07/2026 19:05;8,35
20/07/2026 19:10;8,38
20/07/2026 19:15;8,41
20/07/2026 19:20;8,44
20/07/2026 19:25;8,46
20/07/2026 19:30;8,49
20/07/2026 19:35;8,51
20/07/2026 19:40;8,53
20/07/2026 19:45;8,55
20/07/2026 19:50;8,58
20/07/2026 19:55;8,59
20/07/2026 20:00;8,62
20/07/2026 20:05;8,64
20/07/2026 20:10;
20/07/2026 20:15;8,68
20/07/2026 20:20;8,7
20/07/2026 20:25;8,71
20/07/2026 20:30;8,73
20/07/2026 20:35;8,74
20/07/2026 20:40;8,75
20/07/2026 20:45;8,76
20/07/2026 20:50;8,77
20/07/2026 20:55;8,78
20/07/2026 21:00;8,79
20/07/2026 21:05;8,8
20/07/2026 21:10;8,81
20/07/2026 21:15;8,81
20/07/2026 21:20;8,81
20/07/2026 21:25;8,81
20/07/2026 21:30;8,82
20/07/2026 21:35;8,82
20/07/2026 21:40;8,82
20/07/2026 21:45;8,82
20/07/2026 21:50;8,82
20/07/2026 21:55;8,82
20/07/2026 22:00;8,81
20/07/2026 22:05;8,81
20/07/2026 22:10;8,8
20/07/2026 22:15;8,8
20/07/2026 22:20;8,79
20/07/2026 22:25;8,78
20/07/2026 22:30;8,77
20/07/2026 22:35;8,76
20/07/2026 22:40;8,74
20/07/2026 22:45;8,73
20/07/2026 22:50;8,72
20/07/2026 22:55;8,71
20/07/2026 23:00;8,68
20/07/2026 23:05;8,67
20/07/2026 23:10;8,65
20/07/2026 23:15;8,64
20/07/2026 23:20;8,61
20/07/2026 23:25;8,59
20/07/2026 23:30;8,57
20/07/2026 23:35;8,55
20/07/2026 23:40;8,52
20/07/2026 23:45;8,5
20/07/2026 23:50;8,46
20/07/2026 23:55;8,44
21/07/2026 00:00;8,41
21/07/2026 00:05;8,39
21/07/2026 00:10;8,38
21/07/2026 00:15;8,38
21/07/2026 00:20;8,38
21/07/2026 00:25;8,38
21/07/2026 00:30;8,38
21/07/2026 00:35;8,38
21/07/2026 00:40;8,38
21/07/2026 00:45;8,38
21/07/2026 00:50;8,38
21/07/2026 00:55;8,38
21/07/2026 01:00;8,38
21/07/2026 01:05;8,38
21/07/2026 01:10;
21/07/2026 01:15;
21/07/2026 01:20;
21/07/2026 01:25;
21/07/2026 01:30;
21/07/2026 01:35;
21/07/2026 01:40;
21/07/2026 01:45;
21/07/2026 01:50;
21/07/2026 01:55;
21/07/2026 02:00;
21/07/2026 02:05;
21/07/2026 02:10;
21/07/2026 02:15;
21/07/2026 02:20;
21/07/2026 02:25;
21/07/2026 02:30;
21/07/2026 02:35;
21/07/2026 02:40;
21/07/2026 02:45;
21/07/2026 02:50;
21/07/2026 02:55;
21/07/2026 03:00;
21/07/2026 03:05;
21/07/2026 03:10;
21/07/2026 03:15;
21/07/2026 03:20;
21/07/2026 03:25;
21/07/2026 03:30;
21/07/2026 03:35;
21/07/2026 03:40;
21/07/2026 03:45;
21/07/2026 03:50;
21/07/2026 03:55;
21/07/2026 04:00;
21/07/2026 04:05;
21/07/2026 04:10;
21/07/2026 04:15;
21/07/2026 04:20;
21/07/2026 04:25;
21/07/2026 04:30;
21/07/2026 04:35;
21/07/2026 04:40;
21/07/2026 04:45;
21/07/2026 04:50;
21/07/2026 04:55;
21/07/2026 05:00;
21/07/2026 05:05;
21/07/2026 05:10;
21/07/2026 05:15;
21/07/2026 05:20;
21/07/2026 05:25;
21/07/2026 05:30;
21/07/2026 05:35;
21/07/2026 05:40;
21/07/2026 05:45;
21/07/2026 05:50;
21/07/2026 05:55;
21/07/2026 06:00;
21/07/2026 06:05;
21/07/2026 06:10;
21/07/2026 06:15;
21/07/2026 06:20;
21/07/2026 06:25;
21/07/2026 06:30;
21/07/2026 06:35;
21/07/2026 06:40;
21/07/2026 06:45;
21/07/2026 06:50;
21/07/2026 06:55;
21/07/2026 07:00;
21/07/2026 07:05;
21/07/2026 07:10;
21/07/2026 07:15;
21/07/2026 07:20;
21/07/2026 07:25;
21/07/2026 07:30;
21/07/2026 07:35;
21/07/2026 07:40;
21/07/2026 07:45;
21/07/2026 07:50;
21/07/2026 07:55;
21/07/2026 08:00;
21/07/2026 08:05;
21/07/2026 08:10;
21/07/2026 08:15;
21/07/2026 08:20;
21/07/2026 08:25;
21/07/2026 08:30;
21/07/2026 08:35;
21/07/2026 08:40;
21/07/2026 08:45;
21/07/2026 08:50;
21/07/2026 08:55;
21/07/2026 09:00;
21/07/2026 09:05;
21/07/2026 09:10;
21/07/2026 09:15;
21/07/2026 09:20;
21/07/2026 09:25;
21/07/2026 09:30;
21/07/2026 09:35;
21/07/2026 09:40;
21/07/2026 09:45;
21/07/2026 09:50;
21/07/2026 09:55;
21/07/2026 10:00;
21/07/2026 10:05;
21/07/2026 10:10;
21/07/2026 10:15;
21/07/2026 10:20;
21/07/2026 10:25;
21/07/2026 10:30;
21/07/2026 10:35;
21/07/2026 10:40;
21/07/2026 10:45;
21/07/2026 10:50;
21/07/2026 10:55;
21/07/2026 11:00;
21/07/2026 11:05;
21/07/2026 11:10;
21/07/2026 11:15;
21/07/2026 11:20;
21/07/2026 11:25;
21/07/2026 11:30;
21/07/2026 11:35;
21/07/2026 11:40;
21/07/2026 11:45;
21/07/2026 11:50;
21/07/2026 11:55;
21/07/2026 12:00;
21/07/2026 12:05;
21/07/2026 12:10;
21/07/2026 12:15;
21/07/2026 12:20;
21/07/2026 12:25;
21/07/2026 12:30;
21/07/2026 12:35;
21/07/2026 12:40;
21/07/2026 12:45;
21/07/2026 12:50;
21/07/2026 12:55;
21/07/2026 13:00;
21/07/2026 13:05;
21/07/2026 13:10;
21/07/2026 13:15;
21/07/2026 13:20;
21/07/2026 13:25;
21/07/2026 13:30;
21/07/2026 13:35;
21/07/2026 13:40;
21/07/2026 13:45;
21/07/2026 13:50;
21/07/2026 13:55;
21/07/2026 14:00;
21/07/2026 14:05;
21/07/2026 14:10;
21/07/2026 14:15;
21/07/2026 14:20;
21/07/2026 14:25;
21/07/2026 14:30;
21/07/2026 14:35;
21/07/2026 14:40;
21/07/2026 14:45;
21/07/2026 14:50;
21/07/2026 14:55;
21/07/2026 15:00;
21/07/2026 15:05;
21/07/2026 15:10;
21/07/2026 15:15;
21/07/2026 15:20;
21/07/2026 15:25;
21/07/2026 15:30;
21/07/2026 15:35;
21/07/2026 15:40;
21/07/2026 15:45;
21/07/2026 15:50;
21/07/2026 15:55;
21/07/2026 16:00;
21/07/2026 16:05;
21/07/2026 16:10;
21/07/2026 16:15;
21/07/2026 16:20;
21/07/2026 16:25;
21/07/2026 16:30;
21/07/2026 16:35;
21/07/2026 16:40;
21/07/2026 16:45;
21/07/2026 16:50;
21/07/2026 16:55;
21/07/2026 17:00;
21/07/2026 17:05;
21/07/2026 17:10;
21/07/2026 17:15;
21/07/2026 17:20;
21/07/2026 17:25;
21/07/2026 17:30;
21/07/2026 17:35;
21/07/2026 17:40;
21/07/2026 17:45;
21/07/2026 17:50;
21/07/2026 17:55;
21/07/2026 18:00;
21/07/2026 18:05;
21/07/2026 18:10;
21/07/2026 18:15;
21/07/2026 18:20;
21/07/2026 18:25;
21/07/2026 18:30;
21/07/2026 18:35;
21/07/2026 18:40;
21/07/2026 18:45;
21/07/2026 18:50;
21/07/2026 18:55;
21/07/2026 19:00;
21/07/2026 19:05;
21/07/2026 19:10;
21/07/2026 19:15;
21/07/2026 19:20;
21/07/2026 19:25;
21/07/2026 19:30;
21/07/2026 19:35;
21/07/2026 19:40;
21/07/2026 19:45;
21/07/2026 19:50;
21/07/2026 19:55;
21/07/2026 20:00;
21/07/2026 20:05;
21/07/2026 20:10;
21/07/2026 20:15;
21/07/2026 20:20;
21/07/2026 20:25;
21/07/2026 20:30;
21/07/2026 20:35;
21/07/2026 20:40;
21/07/2026 20:45;
21/07/2026 20:50;
21/07/2026 20:55;
21/07/2026 21:00;
21/07/2026 21:05;
21/07/2026 21:10;
21/07/2026 21:15;
21/07/2026 21:20;
21/07/2026 21:25;
21/07/2026 21:30;
21/07/2026 21:35;
21/07/2026 21:40;
21/07/2026 21:45;
21/07/2026 21:50;
21/07/2026 21:55;
21/07/2026 22:00;
21/07/2026 22:05;
21/07/2026 22:10;
21/07/2026 22:15;
21/07/2026 22:20;
21/07/2026 22:25;
21/07/2026 22:30;
21/07/2026 22:35;
21/07/2026 22:40;
21/07/2026 22:45;
21/07/2026 22:50;
21/07/2026 22:55;
21/07/2026 23:00;
21/07/2026 23:05;
21/07/2026 23:10;
21/07/2026 23:15;
21/07/2026 23:20;
21/07/2026 23:25;
21/07/2026 23:30;
21/07/2026 23:35;
21/07/2026 23:40;
21/07/2026 23:45;
21/07/2026 23:50;
21/07/2026 23:55;
22/07/2026 00:00;
22/07/2026 00:05;
22/07/2026 00:10;
22/07/2026 00:15;
22/07/2026 00:20;
22/07/2026 00:25;
22/07/2026 00:30;
22/07/2026 00:35;
22/07/2026 00:40;
22/07/2026 00:45;
22/07/2026 00:50;
22/07/2026 00:55;
22/07/2026 01:00;
22/07/2026 01:05;
22/07/2026 01:10;
22/07/2026 01:15;
22/07/2026 01:20;
22/07/2026 01:25;
22/07/2026 01:30;
22/07/2026 01:35;
22/07/2026 01:40;
22/07/2026 01:45;
22/07/2026 01:50;
22/07/2026 01:55;
22/07/2026 02:00;
22/07/2026 02:05;
22/07/2026 02:10;
22/07/2026 02:15;
22/07/2026 02:20;
22/07/2026 02:25;
22/07/2026 02:30;
22/07/2026 02:35;
22/07/2026 02:40;
22/07/2026 02:45;
22/07/2026 02:50;
22/07/2026 02:55;
22/07/2026 03:00;
22/07/2026 03:05;
22/07/2026 03:10;
22/07/2026 03:15;
22/07/2026 03:20;
22/07/2026 03:25;
22/07/2026 03:30;
22/07/2026 03:35;
22/07/2026 03:40;
22/07/2026 03:45;
22/07/2026 03:50;
22/07/2026 03:55;
22/07/2026 04:00;
22/07/2026 04:05;
22/07/2026 04:10;
22/07/2026 04:15;
22/07/2026 04:20;
22/07/2026 04:25;
22/07/2026 04:30;
22/07/2026 04:35;
22/07/2026 04:40;
22/07/2026 04:45;
22/07/2026 04:50;
22/07/2026 04:55;
22/07/2026 05:00;
22/07/2026 05:05;
22/07/2026 05:10;
22/07/2026 05:15;
22/07/2026 05:20;
22/07/2026 05:25;
22/07/2026 05:30;
22/07/2026 05:35;
22/07/2026 05:40;
22/07/2026 05:45;
22/07/2026 05:50;
22/07/2026 05:55;
22/07/2026 06:00;
22/07/2026 06:05;
22/07/2026 06:10;
22/07/2026 06:15;
22/07/2026 06:20;
22/07/2026 06:25;
22/07/2026 06:30;
22/07/2026 06:35;
22/07/2026 06:40;
22/07/2026 06:45;
22/07/2026 06:50;
22/07/2026 06:55;
22/07/2026 07:00;
22/07/2026 07:05;
22/07/2026 07:10;
22/07/2026 07:15;
22/07/2026 07:20;
22/07/2026 07:25;
22/07/2026 07:30;
22/07/2026 07:35;
22/07/2026 07:40;
22/07/2026 07:45;
22/07/2026 07:50;
22/07/2026 07:55;
22/07/2026 08:00;
22/07/2026 08:05;
22/07/2026 08:10;
22/07/2026 08:15;
22/07/2026 08:20;
22/07/2026 08:25;
22/07/2026 08:30;
22/07/2026 08:35;
22/07/2026 08:40;
22/07/2026 08:45;
22/07/2026 08:50;
22/07/2026 08:55;
22/07/2026 09:00;
22/07/2026 09:05;
22/07/2026 09:10;
22/07/2026 09:15;
22/07/2026 09:20;
22/07/2026 09:25;
22/07/2026 09:30;
22/07/2026 09:35;
22/07/2026 09:40;
22/07/2026 09:45;
22/07/2026 09:50;
22/07/2026 09:55;
22/07/2026 10:00;
22/07/2026 10:05;
22/07/2026 10:10;
22/07/2026 10:15;
22/07/2026 10:20;
22/07/2026 10:25;
22/07/2026 10:30;
22/07/2026 10:35;
22/07/2026 10:40;
22/07/2026 10:45;
22/07/2026 10:50;
22/07/2026 10:55;
22/07/2026 11:00;
22/07/2026 11:05;
22/07/2026 11:10;
22/07/2026 11:15;
22/07/2026 11:20;
22/07/2026 11:25;
22/07/2026 11:30;
22/07/2026 11:35;
22/07/2026 11:40;
22/07/2026 11:45;
22/07/2026 11:50;
22/07/2026 11:55;
22/07/2026 12:00;
22/07/2026 12:05;
22/07/2026 12:10;
22/07/2026 12:15;
22/07/2026 12:20;
22/07/2026 12:25;
22/07/2026 12:30;
22/07/2026 12:35;
22/07/2026 12:40;
22/07/2026 12:45;
22/07/2026 12:50;
22/07/2026 12:55;
22/07/2026 13:00;
22/07/2026 13:05;
22/07/2026 13:10;
22/07/2026 13:15;
22/07/2026 13:20;
22/07/2026 13:25;
22/07/2026 13:30;
22/07/2026 13:35;
22/07/2026 13:40;
22/07/2026 13:45;
22/07/2026 13:50;
22/07/2026 13:55;
22/07/2026 14:00;
22/07/2026 14:05;
22/07/2026 14:10;
22/07/2026 14:15;
22/07/2026 14:20;
22/07/2026 14:25;
22/07/2026 14:30;
22/07/2026 14:35;
22/07/2026 14:40;
22/07/2026 14:45;
22/07/2026 14:50;
22/07/2026 14:55;
22/07/2026 15:00;
22/07/2026 15:05;
22/07/2026 15:10;
22/07/2026 15:15;
22/07/2026 15:20;
22/07/2026 15:25;
22/07/2026 15:30;
22/07/2026 15:35;
22/07/2026 15:40;
22/07/2026 15:45;
22/07/2026 15:50;
22/07/2026 15:55;
22/07/2026 16:00;
22/07/2026 16:05;
22/07/2026 16:10;
22/07/2026 16:15;
22/07/2026 16:20;
22/07/2026 16:25;
22/07/2026 16:30;
22/07/2026 16:35;
22/07/2026 16:40;
22/07/2026 16:45;
22/07/2026 16:50;
22/07/2026 16:55;
22/07/2026 17:00;
22/07/2026 17:05;
22/07/2026 17:10;
22/07/2026 17:15;
22/07/2026 17:20;
22/07/2026 17:25;
22/07/2026 17:30;
22/07/2026 17:35;
22/07/2026 17:40;
22/07/2026 17:45;
22/07/2026 17:50;
22/07/2026 17:55;
22/07/2026 18:00;
22/07/2026 18:05;
22/07/2026 18:10;
22/07/2026 18:15;
22/07/2026 18:20;
22/07/2026 18:25;
22/07/2026 18:30;
22/07/2026 18:35;
22/07/2026 18:40;
22/07/2026 18:45;
22/07/2026 18:50;
22/07/2026 18:55;
22/07/2026 19:00;
22/07/2026 19:05;
22/07/2026 19:10;
22/07/2026 19:15;
22/07/2026 19:20;
22/07/2026 19:25;
22/07/2026 19:30;
22/07/2026 19:35;
22/07/2026 19:40;
22/07/2026 19:45;
22/07/2026 19:50;
22/07/2026 19:55;
22/07/2026 20:00;
22/07/2026 20:05;
22/07/2026 20:10;
22/07/2026 20:15;
22/07/2026 20:20;
22/07/2026 20:25;
22/07/2026 20:30;
22/07/2026 20:35;
22/07/2026 20:40;
22/07/2026 20:45;
22/07/2026 20:50;
22/07/2026 20:55;
22/07/2026 21:00;
22/07/2026 21:05;
22/07/2026 21:10;
22/07/2026 21:15;
22/07/2026 21:20;
22/07/2026 21:25;
22/07/2026 21:30;
22/07/2026 21:35;
22/07/2026 21:40;
22/07/2026 21:45;
22/07/2026 21:50;
22/07/2026 21:55;
22/07/2026 22:00;
22/07/2026 22:05;
22/07/2026 22:10;
22/07/2026 22:15;
22/07/2026 22:20;
22/07/2026 22:25;
22/07/2026 22:30;
22/07/2026 22:35;
22/07/2026 22:40;
22/07/2026 22:45;
22/07/2026 22:50;
22/07/2026 22:55;
22/07/2026 23:00;
22/07/2026 23:05;
22/07/2026 23:10;
22/07/2026 23:15;
22/07/2026 23:20;
22/07/2026 23:25;
22/07/2026 23:30;
22/07/2026 23:35;
22/07/2026 23:40;
22/07/2026 23:45;
22/07/2026 23:50;
22/07/2026 23:55;
23/07/2026 00:00;
23/07/2026 00:05;
23/07/2026 00:10;
23/07/2026 00:15;
23/07/2026 00:20;
23/07/2026 00:25;
23/07/2026 00:30;
23/07/2026 00:35;
23/07/2026 00:40;
23/07/2026 00:45;
23/07/2026 00:50;
23/07/2026 00:55;
23/07/2026 01:00;
23/07/2026 01:05;
23/07/2026 01:10;
23/07/2026 01:15;
23/07/2026 01:20;
23/07/2026 01:25;
23/07/2026 01:30;
23/07/2026 01:35;
23/07/2026 01:40;
23/07/2026 01:45;
23/07/2026 01:50;
23/07/2026 01:55;
23/07/2026 02:00;
23/07/2026 02:05;
23/07/2026 02:10;
23/07/2026 02:15;
23/07/2026 02:20;
23/07/2026 02:25;
23/07/2026 02:30;
23/07/2026 02:35;
23/07/2026 02:40;
23/07/2026 02:45;
23/07/2026 02:50;
23/07/2026 02:55;
23/07/2026 03:00;
23/07/2026 03:05;
23/07/2026 03:10;
23/07/2026 03:15;
23/07/2026 03:20;
23/07/2026 03:25;
23/07/2026 03:30;
23/07/2026 03:35;
23/07/2026 03:40;
23/07/2026 03:45;
23/07/2026 03:50;
23/07/2026 03:55;
23/07/2026 04:00;
23/07/2026 04:05;
23/07/2026 04:10;
23/07/2026 04:15;
23/07/2026 04:20;
23/07/2026 04:25;
23/07/2026 04:30;
23/07/2026 04:35;
23/07/2026 04:40;
23/07/2026 04:45;
23/07/2026 04:50;
23/07/2026 04:55;
23/07/2026 05:00;
23/07/2026 05:05;
23/07/2026 05:10;
23/07/2026 05:15;
23/07/2026 05:20;
23/07/2026 05:25;
23/07/2026 05:30;
23/07/2026 05:35;
23/07/2026 05:40;
23/07/2026 05:45;
23/07/2026 05:50;
23/07/2026 05:55;
23/07/2026 06:00;
23/07/2026 06:05;
23/07/2026 06:10;
23/07/2026 06:15;
23/07/2026 06:20;
23/07/2026 06:25;
23/07/2026 06:30;
23/07/2026 06:35;
23/07/2026 06:40;
23/07/2026 06:45;
23/07/2026 06:50;
23/07/2026 06:55;
23/07/2026 07:00;
23/07/2026 07:05;
23/07/2026 07:10;
23/07/2026 07:15;
23/07/2026 07:20;
23/07/2026 07:25;
23/07/2026 07:30;
23/07/2026 07:35;
23/07/2026 07:40;
23/07/2026 07:45;
23/07/2026 07:50;
23/07/2026 07:55;
23/07/2026 08:00;
23/07/2026 08:05;
23/07/2026 08:10;
23/07/2026 08:15;
23/07/2026 08:20;
23/07/2026 08:25;
23/07/2026 08:30;
23/07/2026 08:35;
23/07/2026 08:40;
23/07/2026 08:45;
23/07/2026 08:50;
23/07/2026 08:55;
23/07/2026 09:00;
23/07/2026 09:05;
23/07/2026 09:10;
23/07/2026 09:15;
23/07/2026 09:20;
23/07/2026 09:25;
23/07/2026 09:30;
23/07/2026 09:35;
23/07/2026 09:40;
23/07/2026 09:45;
23/07/2026 09:50;
23/07/2026 09:55;
23/07/2026 10:00;
23/07/2026 10:05;
23/07/2026 10:10;
23/07/2026 10:15;
23/07/2026 10:20;
23/07/2026 10:25;
23/07/2026 10:30;
23/07/2026 10:35;
23/07/2026 10:40;
23/07/2026 10:45;
23/07/2026 10:50;
23/07/2026 10:55;
23/07/2026 11:00;
23/07/2026 11:05;
23/07/2026 11:10;
23/07/2026 11:15;
23/07/2026 11:20;
23/07/2026 11:25;
23/07/2026 11:30;
23/07/2026 11:35;
23/07/2026 11:40;
23/07/2026 11:45;
23/07/2026 11:50;
23/07/2026 11:55;
23/07/2026 12:00;
23/07/2026 12:05;
23/07/2026 12:10;
23/07/2026 12:15;
23/07/2026 12:20;
23/07/2026 12:25;
23/07/2026 12:30;
23/07/2026 12:35;
23/07/2026 12:40;
23/07/2026 12:45;
23/07/2026 12:50;
23/07/2026 12:55;
23/07/2026 13:00;
23/07/2026 13:05;
23/07/2026 13:10;
23/07/2026 13:15;
23/07/2026 13:20;
23/07/2026 13:25;
23/07/2026 13:30;
23/07/2026 13:35;
23/07/2026 13:40;
23/07/2026 13:45;
23/07/2026 13:50;
23/07/2026 13:55;
23/07/2026 14:00;
23/07/2026 14:05;
23/07/2026 14:10;
23/07/2026 14:15;
23/07/2026 14:20;
23/07/2026 14:25;
23/07/2026 14:30;
23/07/2026 14:35;
23/07/2026 14:40;
23/07/2026 14:45;
23/07/2026 14:50;
23/07/2026 14:55;
23/07/2026 15:00;
23/07/2026 15:05;
23/07/2026 15:10;
23/07/2026 15:15;
23/07/2026 15:20;
23/07/2026 15:25;
23/07/2026 15:30;
23/07/2026 15:35;
23/07/2026 15:40;
23/07/2026 15:45;
23/07/2026 15:50;
23/07/2026 15:55;
23/07/2026 16:00;
23/07/2026 16:05;
23/07/2026 16:10;
23/07/2026 16:15;
23/07/2026 16:20;
23/07/2026 16:25;
23/07/2026 16:30;
23/07/2026 16:35;
23/07/2026 16:40;
23/07/2026 16:45;
23/07/2026 16:50;
23/07/2026 16:55;
23/07/2026 17:00;
23/07/2026 17:05;
23/07/2026 17:10;
23/07/2026 17:15;
23/07/2026 17:20;
23/07/2026 17:25;
23/07/2026 17:30;
23/07/2026 17:35;
23/07/2026 17:40;
23/07/2026 17:45;
23/07/2026 17:50;
23/07/2026 17:55;
23/07/2026 18:00;
23/07/2026 18:05;
23/07/2026 18:10;
23/07/2026 18:15;
23/07/2026 18:20;
23/07/2026 18:25;
23/07/2026 18:30;
23/07/2026 18:35;
23/07/2026 18:40;
23/07/2026 18:45;
23/07/2026 18:50;
23/07/2026 18:55;
23/07/2026 19:00;
23/07/2026 19:05;
23/07/2026 19:10;
23/07/2026 19:15;
23/07/2026 19:20;
23/07/2026 19:25;
23/07/2026 19:30;
23/07/2026 19:35;
23/07/2026 19:40;
23/07/2026 19:45;
23/07/2026 19:50;
23/07/2026 19:55;
23/07/2026 20:00;
23/07/2026 20:05;
23/07/2026 20:10;
23/07/2026 20:15;
23/07/2026 20:20;
23/07/2026 20:25;
23/07/2026 20:30;
23/07/2026 20:35;
23/07/2026 20:40;
23/07/2026 20:45;
23/07/2026 20:50;
23/07/2026 20:55;
23/07/2026 21:00;
23/07/2026 21:05;
23/07/2026 21:10;
23/07/2026 21:15;
23/07/2026 21:20;
23/07/2026 21:25;
23/07/2026 21:30;
23/07/2026 21:35;
23/07/2026 21:40;
23/07/2026 21:45;
23/07/2026 21:50;
23/07/2026 21:55;
23/07/2026 22:00;
23/07/2026 22:05;
23/07/2026 22:10;
23/07/2026 22:15;
23/07/2026 22:20;
23/07/2026 22:25;
23/07/2026 22:30;
23/07/2026 22:35;
23/07/2026 22:40;
23/07/2026 22:45;
23/07/2026 22:50;
23/07/2026 22:55;
23/07/2026 23:00;
23/07/2026 23:05;
23/07/2026 23:10;
23/07/2026 23:15;
23/07/2026 23:20;
23/07/2026 23:25;
23/07/2026 23:30;
23/07/2026 23:35;
23/07/2026 23:40;
23/07/2026 23:45;
23/07/2026 23:50;
23/07/2026 23:55;
24/07/2026 00:00;
24/07/2026 00:05;
24/07/2026 00:10;
24/07/2026 00:15;
24/07/2026 00:20;
24/07/2026 00:25;
24/07/2026 00:30;
24/07/2026 00:35;
24/07/2026 00:40;
24/07/2026 00:45;
24/07/2026 00:50;
24/07/2026 00:55;
24/07/2026 01:00;
24/07/2026 01:05;
24/07/2026 01:10;
24/07/2026 01:15;
24/07/2026 01:20;
24/07/2026 01:25;
24/07/2026 01:30;
24/07/2026 01:35;
24/07/2026 01:40;
24/07/2026 01:45;
24/07/2026 01:50;
24/07/2026 01:55;
24/07/2026 02:00;
24/07/2026 02:05;
24/07/2026 02:10;
24/07/2026 02:15;
24/07/2026 02:20;
24/07/2026 02:25;
24/07/2026 02:30;
24/07/2026 02:35;
24/07/2026 02:40;
24/07/2026 02:45;
24/07/2026 02:50;
24/07/2026 02:55;
24/07/2026 03:00;
24/07/2026 03:05;
24/07/2026 03:10;
24/07/2026 03:15;
24/07/2026 03:20;
24/07/2026 03:25;
24/07/2026 03:30;
24/07/2026 03:35;
24/07/2026 03:40;
24/07/2026 03:45;
24/07/2026 03:50;
24/07/2026 03:55;
24/07/2026 04:00;
24/07/2026 04:05;
24/07/2026 04:10;
24/07/2026 04:15;
24/07/2026 04:20;
24/07/2026 04:25;
24/07/2026 04:30;
24/07/2026 04:35;
24/07/2026 04:40;
24/07/2026 04:45;
24/07/2026 04:50;
24/07/2026 04:55;
24/07/2026 05:00;
24/07/2026 05:05;
24/07/2026 05:10;
24/07/2026 05:15;
24/07/2026 05:20;
24/07/2026 05:25;
24/07/2026 05:30;
24/07/2026 05:35;
24/07/2026 05:40;
24/07/2026 05:45;
24/07/2026 05:50;
24/07/2026 05:55;
24/07/2026 06:00;
24/07/2026 06:05;
24/07/2026 06:10;
24/07/2026 06:15;
24/07/2026 06:20;
24/07/2026 06:25;
24/07/2026 06:30;
24/07/2026 06:35;
24/07/2026 06:40;
24/07/2026 06:45;
24/07/2026 06:50;
24/07/2026 06:55;
24/07/2026 07:00;
24/07/2026 07:05;
24/07/2026 07:10;
24/07/2026 07:15;
24/07/2026 07:20;
24/07/2026 07:25;
24/07/2026 07:30;
24/07/2026 07:35;
24/07/2026 07:40;
24/07/2026 07:45;
24/07/2026 07:50;
24/07/2026 07:55;
24/07/2026 08:00;
24/07/2026 08:05;
24/07/2026 08:10;
24/07/2026 08:15;
24/07/2026 08:20;
24/07/2026 08:25;
24/07/2026 08:30;
24/07/2026 08:35;
24/07/2026 08:40;
24/07/2026 08:45;
24/07/2026 08:50;
24/07/2026 08:55;
24/07/2026 09:00;
24/07/2026 09:05;
24/07/2026 09:10;
24/07/2026 09:15;
24/07/2026 09:20;
24/07/2026 09:25;
24/07/2026 09:30;
24/07/2026 09:35;
24/07/2026 09:40;
24/07/2026 09:45;
24/07/2026 09:50;
24/07/2026 09:55;
24/07/2026 10:00;
24/07/2026 10:05;
24/07/2026 10:10;
24/07/2026 10:15;
24/07/2026 10:20;
24/07/2026 10:25;
24/07/2026 10:30;
24/07/2026 10:35;
24/07/2026 10:40;
24/07/2026 10:45;
24/07/2026 10:50;
24/07/2026 10:55;
24/07/2026 11:00;
24/07/2026 11:05;
24/07/2026 11:10;
24/07/2026 11:15;
24/07/2026 11:20;
24/07/2026 11:25;
24/07/2026 11:30;
24/07/2026 11:35;
24/07/2026 11:40;
24/07/2026 11:45;
24/07/2026 11:50;
24/07/2026 11:55;
24/07/2026 12:00;
24/07/2026 12:05;
24/07/2026 12:10;
24/07/2026 12:15;
24/07/2026 12:20;
24/07/2026 12:25;
24/07/2026 12:30;
24/07/2026 12:35;
24/07/2026 12:40;
24/07/2026 12:45;
24/07/2026 12:50;
24/07/2026 12:55;
24/07/2026 13:00;
24/07/2026 13:05;
24/07/2026 13:10;
24/07/2026 13:15;
24/07/2026 13:20;
24/07/2026 13:25;
24/07/2026 13:30;
24/07/2026 13:35;
24/07/2026 13:40;
24/07/2026 13:45;
24/07/2026 13:50;
24/07/2026 13:55;
24/07/2026 14:00;
24/07/2026 14:05;
24/07/2026 14:10;
24/07/2026 14:15;
24/07/2026 14:20;
24/07/2026 14:25;
24/07/2026 14:30;
24/07/2026 14:35;
24/07/2026 14:40;
24/07/2026 14:45;
24/07/2026 14:50;
24/07/2026 14:55;
24/07/2026 15:00;
24/07/2026 15:05;
24/07/2026 15:10;
24/07/2026 15:15;
24/07/2026 15:20;
24/07/2026 15:25;
24/07/2026 15:30;
24/07/2026 15:35;
24/07/2026 15:40;
24/07/2026 15:45;
24/07/2026 15:50;
24/07/2026 15:55;
24/07/2026 16:00;
24/07/2026 16:05;
24/07/2026 16:10;
24/07/2026 16:15;
24/07/2026 16:20;
24/07/2026 16:25;
24/07/2026 16:30;
24/07/2026 16:35;
24/07/2026 16:40;
24/07/2026 16:45;
24/07/2026 16:50;
24/07/2026 16:55;
24/07/2026 17:00;
24/07/2026 17:05;
24/07/2026 17:10;
24/07/2026 17:15;
24/07/2026 17:20;
24/07/2026 17:25;
24/07/2026 17:30;
24/07/2026 17:35;
24/07/2026 17:40;
24/07/2026 17:45;
24/07/2026 17:50;
24/07/2026 17:55;
24/07/2026 18:00;
24/07/2026 18:05;
24/07/2026 18:10;
24/07/2026 18:15;
24/07/2026 18:20;
24/07/2026 18:25;
24/07/2026 18:30;
24/07/2026 18:35;
24/07/2026 18:40;
24/07/2026 18:45;
24/07/2026 18:50;
24/07/2026 18:55;
24/07/2026 19:00;
24/07/2026 19:05;
24/07/2026 19:10;
24/07/2026 19:15;
24/07/2026 19:20;
24/07/2026 19:25;
24/07/2026 19:30;
24/07/2026 19:35;
24/07/2026 19:40;
24/07/2026 19:45;
24/07/2026 19:50;
24/07/2026 19:55;
24/07/2026 20:00;
24/07/2026 20:05;
24/07/2026 20:10;
24/07/2026 20:15;
24/07/2026 20:20;
24/07/2026 20:25;
24/07/2026 20:30;
24/07/2026 20:35;
24/07/2026 20:40;
24/07/2026 20:45;
24/07/2026 20:50;
24/07/2026 20:55;
24/07/2026 21:00;
24/07/2026 21:05;
24/07/2026 21:10;
24/07/2026 21:15;
24/07/2026 21:20;
24/07/2026 21:25;
24/07/2026 21:30;
24/07/2026 21:35;
24/07/2026 21:40;
24/07/2026 21:45;
24/07/2026 21:50;
24/07/2026 21:55;
24/07/2026 22:00;
24/07/2026 22:05;
24/07/2026 22:10;
24/07/2026 22:15;
24/07/2026 22:20;
24/07/2026 22:25;
24/07/2026 22:30;
24/07/2026 22:35;
24/07/2026 22:40;
24/07/2026 22:45;
24/07/2026 22:50;
24/07/2026 22:55;
24/07/2026 23:00;
24/07/2026 23:05;
24/07/2026 23:10;
24/07/2026 23:15;
24/07/2026 23:20;
24/07/2026 23:25;
24/07/2026 23:30;
24/07/2026 23:35;
24/07/2026 23:40;
24/07/2026 23:45;
24/07/2026 23:50;
24/07/2026 23:55;
25/07/2026 00:00;
25/07/2026 00:05;
25/07/2026 00:10;
25/07/2026 00:15;
25/07/2026 00:20;
25/07/2026 00:25;
25/07/2026 00:30;
25/07/2026 00:35;
25/07/2026 00:40;
25/07/2026 00:45;
25/07/2026 00:50;
25/07/2026 00:55;
25/07/2026 01:00;
25/07/2026 01:05;
25/07/2026 01:10;
25/07/2026 01:15;
25/07/2026 01:20;
25/07/2026 01:25;
25/07/2026 01:30;
25/07/2026 01:35;
25/07/2026 01:40;
25/07/2026 01:45;
25/07/2026 01:50;
25/07/2026 01:55;
25/07/2026 02:00;
25/07/2026 02:05;
25/07/2026 02:10;
25/07/2026 02:15;
25/07/2026 02:20;
25/07/2026 02:25;
25/07/2026 02:30;
25/07/2026 02:35;
25/07/2026 02:40;
25/07/2026 02:45;
25/07/2026 02:50;
25/07/2026 02:55;
25/07/2026 03:00;
25/07/2026 03:05;
25/07/2026 03:10;
25/07/2026 03:15;
25/07/2026 03:20;
25/07/2026 03:25;
25/07/2026 03:30;
25/07/2026 03:35;
25/07/2026 03:40;
25/07/2026 03:45;
25/07/2026 03:50;
25/07/2026 03:55;
25/07/2026 04:00;
25/07/2026 04:05;
25/07/2026 04:10;
25/07/2026 04:15;
25/07/2026 04:20;
25/07/2026 04:25;
25/07/2026 04:30;
25/07/2026 04:35;
25/07/2026 04:40;
25/07/2026 04:45;
25/07/2026 04:50;
25/07/2026 04:55;
25/07/2026 05:00;
25/07/2026 05:05;
25/07/2026 05:10;
25/07/2026 05:15;
25/07/2026 05:20;
25/07/2026 05:25;
25/07/2026 05:30;
25/07/2026 05:35;
25/07/2026 05:40;
25/07/2026 05:45;
25/07/2026 05:50;
25/07/2026 05:55;
25/07/2026 06:00;
25/07/2026 06:05;
25/07/2026 06:10;
25/07/2026 06:15;
25/07/2026 06:20;
25/07/2026 06:25;
25/07/2026 06:30;
25/07/2026 06:35;
25/07/2026 06:40;
25/07/2026 06:45;
25/07/2026 06:50;
25/07/2026 06:55;
25/07/2026 07:00;
25/07/2026 07:05;
25/07/2026 07:10;
25/07/2026 07:15;
25/07/2026 07:20;
25/07/2026 07:25;
25/07/2026 07:30;
25/07/2026 07:35;
25/07/2026 07:40;
25/07/2026 07:45;
25/07/2026 07:50;
25/07/2026 07:55;
25/07/2026 08:00;
25/07/2026 08:05;
25/07/2026 08:10;
25/07/2026 08:15;
25/07/2026 08:20;
25/07/2026 08:25;
25/07/2026 08:30;
25/07/2026 08:35;
25/07/2026 08:40;
25/07/2026 08:45;
25/07/2026 08:50;
25/07/2026 08:55;
25/07/2026 09:00;
25/07/2026 09:05;
25/07/2026 09:10;
25/07/2026 09:15;
25/07/2026 09:20;
25/07/2026 09:25;
25/07/2026 09:30;
25/07/2026 09:35;
25/07/2026 09:40;
25/07/2026 09:45;
25/07/2026 09:50;
25/07/2026 09:55;
25/07/2026 10:00;
25/07/2026 10:05;
25/07/2026 10:10;
25/07/2026 10:15;
25/07/2026 10:20;
25/07/2026 10:25;
25/07/2026 10:30;
25/07/2026 10:35;
25/07/2026 10:40;
25/07/2026 10:45;
25/07/2026 10:50;
25/07/2026 10:55;
25/07/2026 11:00;
25/07/2026 11:05;
25/07/2026 11:10;
25/07/2026 11:15;
25/07/2026 11:20;
25/07/2026 11:25;
25/07/2026 11:30;
25/07/2026 11:35;
25/07/2026 11:40;
25/07/2026 11:45;
25/07/2026 11:50;
25/07/2026 11:55;
25/07/2026 12:00;
25/07/2026 12:05;
25/07/2026 12:10;
25/07/2026 12:15;
25/07/2026 12:20;
25/07/2026 12:25;
25/07/2026 12:30;
25/07/2026 12:35;
25/07/2026 12:40;
25/07/2026 12:45;
25/07/2026 12:50;
25/07/2026 12:55;
25/07/2026 13:00;
25/07/2026 13:05;
25/07/2026 13:10;
25/07/2026 13:15;
25/07/2026 13:20;
25/07/2026 13:25;
25/07/2026 13:30;
25/07/2026 13:35;
25/07/2026 13:40;
25/07/2026 13:45;
25/07/2026 13:50;
25/07/2026 13:55;
25/07/2026 14:00;
25/07/2026 14:05;
25/07/2026 14:10;
25/07/2026 14:15;
25/07/2026 14:20;
25/07/2026 14:25;
25/07/2026 14:30;
25/07/2026 14:35;
25/07/2026 14:40;
25/07/2026 14:45;
25/07/2026 14:50;
25/07/2026 14:55;
25/07/2026 15:00;
25/07/2026 15:05;
25/07/2026 15:10;
25/07/2026 15:15;
25/07/2026 15:20;
25/07/2026 15:25;
25/07/2026 15:30;
25/07/2026 15:35;
25/07/2026 15:40;
25/07/2026 15:45;
25/07/2026 15:50;
25/07/2026 15:55;
25/07/2026 16:00;
25/07/2026 16:05;
25/07/2026 16:10;
25/07/2026 16:15;
25/07/2026 16:20;
25/07/2026 16:25;
25/07/2026 16:30;
25/07/2026 16:35;
25/07/2026 16:40;
25/07/2026 16:45;
25/07/2026 16:50;
25/07/2026 16:55;
25/07/2026 17:00;
25/07/2026 17:05;
25/07/2026 17:10;
25/07/2026 17:15;
25/07/2026 17:20;
25/07/2026 17:25;
25/07/2026 17:30;
25/07/2026 17:35;
25/07/2026 17:40;
25/07/2026 17:45;
25/07/2026 17:50;
25/07/2026 17:55;
25/07/2026 18:00;
25/07/2026 18:05;
25/07/2026 18:10;
25/07/2026 18:15;
25/07/2026 18:20;
25/07/2026 18:25;
25/07/2026 18:30;
25/07/2026 18:35;
25/07/2026 18:40;
25/07/2026 18:45;
25/07/2026 18:50;
25/07/2026 18:55;
25/07/2026 19:00;
25/07/2026 19:05;
25/07/2026 19:10;
25/07/2026 19:15;
25/07/2026 19:20;
25/07/2026 19:25;
25/07/2026 19:30;
25/07/2026 19:35;
25/07/2026 19:40;
25/07/2026 19:45;
25/07/2026 19:50;
25/07/2026 19:55;
25/07/2026 20:00;
25/07/2026 20:05;
25/07/2026 20:10;
25/07/2026 20:15;
25/07/2026 20:20;
25/07/2026 20:25;
25/07/2026 20:30;
25/07/2026 20:35;
25/07/2026 20:40;
25/07/2026 20:45;
25/07/2026 20:50;
25/07/2026 20:55;
25/07/2026 21:00;
25/07/2026 21:05;
25/07/2026 21:10;
25/07/2026 21:15;
25/07/2026 21:20;
25/07/2026 21:25;
25/07/2026 21:30;
25/07/2026 21:35;
25/07/2026 21:40;
25/07/2026 21:45;
25/07/2026 21:50;
25/07/2026 21:55;
25/07/2026 22:00;
25/07/2026 22:05;
25/07/2026 22:10;
25/07/2026 22:15;
25/07/2026 22:20;
25/07/2026 22:25;
25/07/2026 22:30;
25/07/2026 22:35;
25/07/2026 22:40;
25/07/2026 22:45;
25/07/2026 22:50;
25/07/2026 22:55;
25/07/2026 23:00;
25/07/2026 23:05;
25/07/2026 23:10;
25/07/2026 23:15;
25/07/2026 23:20;
25/07/2026 23:25;
25/07/2026 23:30;
25/07/2026 23:35;
25/07/2026 23:40;
25/07/2026 23:45;
25/07/2026 23:50;
25/07/2026 23:55;
26/07/2026 00:00;
26/07/2026 00:05;
26/07/2026 00:10;
26/07/2026 00:15;
26/07/2026 00:20;
26/07/2026 00:25;
26/07/2026 00:30;
26/07/2026 00:35;
26/07/2026 00:40;
26/07/2026 00:45;
26/07/2026 00:50;
26/07/2026 00:55;
26/07/2026 01:00;
26/07/2026 01:05;
26/07/2026 01:10;
26/07/2026 01:15;
26/07/2026 01:20;
26/07/2026 01:25;
26/07/2026 01:30;
26/07/2026 01:35;
26/07/2026 01:40;
26/07/2026 01:45;
26/07/2026 01:50;
26/07/2026 01:55;
26/07/2026 02:00;
26/07/2026 02:05;
26/07/2026 02:10;
26/07/2026 02:15;
26/07/2026 02:20;
26/07/2026 02:25;
26/07/2026 02:30;
26/07/2026 02:35;
26/07/2026 02:40;
26/07/2026 02:45;
26/07/2026 02:50;
26/07/2026 02:55;
26/07/2026 03:00;
26/07/2026 03:05;
26/07/2026 03:10;
26/07/2026 03:15;
26/07/2026 03:20;
26/07/2026 03:25;
26/07/2026 03:30;
26/07/2026 03:35;
26/07/2026 03:40;
26/07/2026 03:45;
26/07/2026 03:50;
26/07/2026 03:55;
26/07/2026 04:00;
26/07/2026 04:05;
26/07/2026 04:10;
26/07/2026 04:15;
26/07/2026 04:20;
26/07/2026 04:25;
26/07/2026 04:30;
26/07/2026 04:35;
26/07/2026 04:40;
26/07/2026 04:45;
26/07/2026 04:50;
26/07/2026 04:55;
26/07/2026 05:00;
26/07/2026 05:05;
26/07/2026 05:10;
26/07/2026 05:15;
26/07/2026 05:20;
26/07/2026 05:25;
26/07/2026 05:30;
26/07/2026 05:35;
26/07/2026 05:40;
26/07/2026 05:45;
26/07/2026 05:50;
26/07/2026 05:55;
26/07/2026 06:00;
26/07/2026 06:05;
26/07/2026 06:10;
26/07/2026 06:15;
26/07/2026 06:20;
26/07/2026 06:25;
26/07/2026 06:30;
26/07/2026 06:35;
26/07/2026 06:40;
26/07/2026 06:45;
26/07/2026 06:50;
26/07/2026 06:55;
26/07/2026 07:00;
26/07/2026 07:05;
26/07/2026 07:10;
26/07/2026 07:15;
26/07/2026 07:20;
26/07/2026 07:25;
26/07/2026 07:30;
26/07/2026 07:35;
26/07/2026 07:40;
26/07/2026 07:45;
26/07/2026 07:50;
26/07/2026 07:55;
26/07/2026 08:00;
26/07/2026 08:05;
26/07/2026 08:10;
26/07/2026 08:15;
26/07/2026 08:20;
26/07/2026 08:25;
26/07/2026 08:30;
26/07/2026 08:35;
26/07/2026 08:40;
26/07/2026 08:45;
26/07/2026 08:50;
26/07/2026 08:55;
26/07/2026 09:00;
26/07/2026 09:05;
26/07/2026 09:10;
26/07/2026 09:15;
26/07/2026 09:20;
26/07/2026 09:25;
26/07/2026 09:30;
26/07/2026 09:35;
26/07/2026 09:40;
26/07/2026 09:45;
26/07/2026 09:50;
26/07/2026 09:55;
26/07/2026 10:00;
26/07/2026 10:05;
26/07/2026 10:10;
26/07/2026 10:15;
26/07/2026 10:20;
26/07/2026 10:25;
26/07/2026 10:30;
26/07/2026 10:35;
26/07/2026 10:40;
26/07/2026 10:45;
26/07/2026 10:50;
26/07/2026 10:55;
26/07/2026 11:00;
26/07/2026 11:05;
26/07/2026 11:10;
26/07/2026 11:15;
26/07/2026 11:20;
26/07/2026 11:25;
26/07/2026 11:30;
26/07/2026 11:35;
26/07/2026 11:40;
26/07/2026 11:45;
26/07/2026 11:50;
26/07/2026 11:55;
26/07/2026 12:00;
26/07/2026 12:05;
26/07/2026 12:10;
26/07/2026 12:15;
26/07/2026 12:20;
26/07/2026 12:25;
26/07/2026 12:30;
26/07/2026 12:35;
26/07/2026 12:40;
26/07/2026 12:45;
26/07/2026 12:50;
26/07/2026 12:55;
26/07/2026 13:00;
26/07/2026 13:05;
26/07/2026 13:10;
26/07/2026 13:15;
26/07/2026 13:20;
26/07/2026 13:25;
26/07/2026 13:30;
26/07/2026 13:35;
26/07/2026 13:40;
26/07/2026 13:45;
26/07/2026 13:50;
26/07/2026 13:55;
26/07/2026 14:00;
26/07/2026 14:05;
26/07/2026 14:10;
26/07/2026 14:15;
26/07/2026 14:20;
26/07/2026 14:25;
26/07/2026 14:30;
26/07/2026 14:35;
26/07/2026 14:40;
26/07/2026 14:45;
26/07/2026 14:50;
26/07/2026 14:55;
26/07/2026 15:00;
26/07/2026 15:05;
26/07/2026 15:10;
26/07/2026 15:15;
26/07/2026 15:20;
26/07/2026 15:25;
26/07/2026 15:30;
26/07/2026 15:35;
26/07/2026 15:40;
26/07/2026 15:45;
26/07/2026 15:50;
26/07/2026 15:55;
26/07/2026 16:00;
26/07/2026 16:05;
26/07/2026 16:10;
26/07/2026 16:15;
26/07/2026 16:20;
26/07/2026 16:25;
26/07/2026 16:30;
26/07/2026 16:35;
26/07/2026 16:40;
26/07/2026 16:45;
26/07/2026 16:50;
26/07/2026 16:55;
26/07/2026 17:00;
26/07/2026 17:05;
26/07/2026 17:10;
26/07/2026 17:15;
26/07/2026 17:20;
26/07/2026 17:25;
26/07/2026 17:30;
26/07/2026 17:35;
26/07/2026 17:40;
26/07/2026 17:45;
26/07/2026 17:50;
26/07/2026 17:55;
26/07/2026 18:00;
26/07/2026 18:05;
26/07/2026 18:10;
26/07/2026 18:15;
26/07/2026 18:20;
26/07/2026 18:25;
26/07/2026 18:30;
26/07/2026 18:35;
26/07/2026 18:40;
26/07/2026 18:45;
26/07/2026 18:50;
26/07/2026 18:55;
26/07/2026 19:00;
26/07/2026 19:05;
26/07/2026 19:10;
26/07/2026 19:15;
26/07/2026 19:20;
26/07/2026 19:25;
26/07/2026 19:30;
26/07/2026 19:35;
26/07/2026 19:40;
26/07/2026 19:45;
26/07/2026 19:50;
26/07/2026 19:55;
26/07/2026 20:00;
26/07/2026 20:05;
26/07/2026 20:10;
26/07/2026 20:15;
26/07/2026 20:20;
26/07/2026 20:25;
26/07/2026 20:30;
26/07/2026 20:35;
26/07/2026 20:40;
26/07/2026 20:45;
26/07/2026 20:50;
26/07/2026 20:55;
26/07/2026 21:00;
26/07/2026 21:05;
26/07/2026 21:10;
26/07/2026 21:15;
26/07/2026 21:20;
26/07/2026 21:25;
26/07/2026 21:30;
26/07/2026 21:35;
26/07/2026 21:40;
26/07/2026 21:45;
26/07/2026 21:50;
26/07/2026 21:55;
26/07/2026 22:00;
26/07/2026 22:05;
26/07/2026 22:10;
26/07/2026 22:15;
26/07/2026 22:20;
26/07/2026 22:25;
26/07/2026 22:30;
26/07/2026 22:35;
26/07/2026 22:40;
26/07/2026 22:45;
26/07/2026 22:50;
26/07/2026 22:55;
26/07/2026 23:00;
26/07/2026 23:05;
26/07/2026 23:10;
26/07/2026 23:15;
26/07/2026 23:20;
26/07/2026 23:25;
26/07/2026 23:30;
26/07/2026 23:35;
26/07/2026 23:40;
26/07/2026 23:45;
26/07/2026 23:50;
26/07/2026 23:55;
27/07/2026 00:00;
27/07/2026 00:05;
27/07/2026 00:10;
27/07/2026 00:15;
27/07/2026 00:20;
27/07/2026 00:25;
27/07/2026 00:30;
27/07/2026 00:35;
27/07/2026 00:40;
27/07/2026 00:45;
27/07/2026 00:50;
27/07/2026 00:55;
27/07/2026 01:00;
27/07/2026 01:05;
27/07/2026 01:10;
27/07/2026 01:15;
27/07/2026 01:20;
27/07/2026 01:25;
27/07/2026 01:30;
27/07/2026 01:35;
27/07/2026 01:40;
27/07/2026 01:45;
27/07/2026 01:50;
27/07/2026 01:55;
27/07/2026 02:00;
27/07/2026 02:05;
27/07/2026 02:10;
27/07/2026 02:15;
27/07/2026 02:20;
27/07/2026 02:25;
27/07/2026 02:30;
27/07/2026 02:35;
27/07/2026 02:40;
27/07/2026 02:45;
27/07/2026 02:50;
27/07/2026 02:55;
27/07/2026 03:00;
27/07/2026 03:05;
27/07/2026 03:10;
27/07/2026 03:15;
27/07/2026 03:20;
27/07/2026 03:25;
27/07/2026 03:30;
27/07/2026 03:35;
27/07/2026 03:40;
27/07/2026 03:45;
27/07/2026 03:50;
27/07/2026 03:55;
27/07/2026 04:00;
27/07/2026 04:05;
27/07/2026 04:10;
27/07/2026 04:15;
27/07/2026 04:20;
27/07/2026 04:25;
27/07/2026 04:30;
27/07/2026 04:35;
27/07/2026 04:40;
27/07/2026 04:45;
27/07/2026 04:50;
27/07/2026 04:55;
27/07/2026 05:00;
27/07/2026 05:05;
27/07/2026 05:10;
27/07/2026 05:15;
27/07/2026 05:20;
27/07/2026 05:25;
27/07/2026 05:30;
27/07/2026 05:35;
27/07/2026 05:40;
27/07/2026 05:45;
27/07/2026 05:50;
27/07/2026 05:55;
27/07/2026 06:00;
27/07/2026 06:05;
27/07/2026 06:10;
27/07/2026 06:15;
27/07/2026 06:20;
27/07/2026 06:25;
27/07/2026 06:30;
27/07/2026 06:35;
27/07/2026 06:40;
27/07/2026 06:45;
27/07/2026 06:50;
27/07/2026 06:55;
27/07/2026 07:00;
27/07/2026 07:05;
27/07/2026 07:10;
27/07/2026 07:15;
27/07/2026 07:20;
27/07/2026 07:25;
27/07/2026 07:30;
27/07/2026 07:35;
27/07/2026 07:40;
27/07/2026 07:45;
27/07/2026 07:50;
27/07/2026 07:55;
27/07/2026 08:00;
27/07/2026 08:05;
27/07/2026 08:10;
27/07/2026 08:15;
27/07/2026 08:20;
27/07/2026 08:25;
27/07/2026 08:30;
27/07/2026 08:35;
27/07/2026 08:40;
27/07/2026 08:45;
27/07/2026 08:50;
27/07/2026 08:55;
27/07/2026 09:00;
27/07/2026 09:05;
27/07/2026 09:10;
27/07/2026 09:15;
27/07/2026 09:20;
27/07/2026 09:25;
27/07/2026 09:30;
27/07/2026 09:35;
27/07/2026 09:40;
27/07/2026 09:45;
27/07/2026 09:50;
27/07/2026 09:55;
27/07/2026 10:00;
27/07/2026 10:05;
27/07/2026 10:10;
27/07/2026 10:15;
27/07/2026 10:20;
27/07/2026 10:25;
27/07/2026 10:30;
27/07/2026 10:35;
27/07/2026 10:40;
27/07/2026 10:45;
27/07/2026 10:50;
27/07/2026 10:55;
27/07/2026 11:00;
27/07/2026 11:05;
27/07/2026 11:10;
27/07/2026 11:15;
27/07/2026 11:20;
27/07/2026 11:25;
27/07/2026 11:30;
27/07/2026 11:35;
27/07/2026 11:40;
27/07/2026 11:45;
27/07/2026 11:50;
27/07/2026 11:55;
27/07/2026 12:00;
27/07/2026 12:05;
27/07/2026 12:10;
27/07/2026 12:15;
27/07/2026 12:20;
27/07/2026 12:25;
27/07/2026 12:30;
27/07/2026 12:35;
27/07/2026 12:40;
27/07/2026 12:45;
27/07/2026 12:50;
27/07/2026 12:55;
27/07/2026 13:00;
27/07/2026 13:05;
27/07/2026 13:10;
27/07/2026 13:15;
27/07/2026 13:20;
27/07/2026 13:25;
27/07/2026 13:30;
27/07/2026 13:35;
27/07/2026 13:40;
27/07/2026 13:45;
27/07/2026 13:50;
27/07/2026 13:55;
27/07/2026 14:00;
27/07/2026 14:05;
27/07/2026 14:10;
27/07/2026 14:15;
27/07/2026 14:20;
27/07/2026 14:25;
27/07/2026 14:30;
27/07/2026 14:35;
27/07/2026 14:40;
27/07/2026 14:45;
27/07/2026 14:50;
27/07/2026 14:55;
27/07/2026 15:00;
27/07/2026 15:05;
27/07/2026 15:10;
27/07/2026 15:15;
27/07/2026 15:20;
27/07/2026 15:25;
27/07/2026 15:30;
27/07/2026 15:35;
27/07/2026 15:40;
27/07/2026 15:45;
27/07/2026 15:50;
27/07/2026 15:55;
27/07/2026 16:00;
27/07/2026 16:05;
27/07/2026 16:10;
27/07/2026 16:15;
27/07/2026 16:20;
27/07/2026 16:25;
27/07/2026 16:30;
27/07/2026 16:35;
27/07/2026 16:40;
27/07/2026 16:45;
27/07/2026 16:50;
27/07/2026 16:55;
27/07/2026 17:00;
27/07/2026 17:05;
27/07/2026 17:10;
27/07/2026 17:15;
27/07/2026 17:20;
27/07/2026 17:25;
27/07/2026 17:30;
27/07/2026 17:35;
27/07/2026 17:40;
27/07/2026 17:45;
27/07/2026 17:50;
27/07/2026 17:55;
27/07/2026 18:00;
27/07/2026 18:05;
27/07/2026 18:10;
27/07/2026 18:15;
27/07/2026 18:20;
27/07/2026 18:25;
27/07/2026 18:30;
27/07/2026 18:35;
27/07/2026 18:40;
27/07/2026 18:45;
27/07/2026 18:50;
27/07/2026 18:55;
27/07/2026 19:00;
27/07/2026 19:05;
27/07/2026 19:10;
27/07/2026 19:15;
27/07/2026 19:20;
27/07/2026 19:25;
27/07/2026 19:30;
27/07/2026 19:35;
27/07/2026 19:40;
27/07/2026 19:45;
27/07/2026 19:50;
27/07/2026 19:55;
27/07/2026 20:00;
27/07/2026 20:05;
27/07/2026 20:10;
27/07/2026 20:15;
27/07/2026 20:20;
27/07/2026 20:25;
27/07/2026 20:30;
27/07/2026 20:35;
27/07/2026 20:40;
27/07/2026 20:45;
27/07/2026 20:50;
27/07/2026 20:55;
27/07/2026 21:00;
27/07/2026 21:05;
27/07/2026 21:10;
27/07/2026 21:15;
27/07/2026 21:20;
27/07/2026 21:25;
27/07/2026 21:30;
27/07/2026 21:35;
27/07/2026 21:40;
27/07/2026 21:45;
27/07/2026 21:50;
27/07/2026 21:55;
27/07/2026 22:00;
27/07/2026 22:05;
27/07/2026 22:10;
27/07/2026 22:15;
27/07/2026 22:20;
27/07/2026 22:25;
27/07/2026 22:30;
27/07/2026 22:35;
27/07/2026 22:40;
27/07/2026 22:45;
27/07/2026 22:50;
27/07/2026 22:55;
27/07/2026 23:00;
27/07/2026 23:05;
27/07/2026 23:10;
27/07/2026 23:15;
27/07/2026 23:20;
27/07/2026 23:25;
27/07/2026 23:30;
27/07/2026 23:35;
27/07/2026 23:40;
27/07/2026 23:45;
27/07/2026 23:50;
27/07/2026 23:55;
28/07/2026 00:00;
28/07/2026 00:05;
28/07/2026 00:10;
28/07/2026 00:15;
28/07/2026 00:20;
28/07/2026 00:25;
28/07/2026 00:30;
28/07/2026 00:35;
28/07/2026 00:40;
28/07/2026 00:45;
28/07/2026 00:50;
28/07/2026 00:55;
28/07/2026 01:00;
28/07/2026 01:05;
28/07/2026 01:10;
28/07/2026 01:15;
28/07/2026 01:20;
28/07/2026 01:25;
28/07/2026 01:30;
28/07/2026 01:35;
28/07/2026 01:40;
28/07/2026 01:45;
28/07/2026 01:50;
28/07/2026 01:55;
28/07/2026 02:00;
28/07/2026 02:05;
28/07/2026 02:10;
28/07/2026 02:15;
28/07/2026 02:20;
28/07/2026 02:25;
28/07/2026 02:30;
28/07/2026 02:35;
28/07/2026 02:40;
28/07/2026 02:45;
28/07/2026 02:50;
28/07/2026 02:55;
28/07/2026 03:00;
28/07/2026 03:05;
28/07/2026 03:10;
28/07/2026 03:15;
28/07/2026 03:20;
28/07/2026 03:25;
28/07/2026 03:30;
28/07/2026 03:35;
28/07/2026 03:40;
28/07/2026 03:45;
28/07/2026 03:50;
28/07/2026 03:55;
28/07/2026 04:00;
28/07/2026 04:05;
28/07/2026 04:10;
28/07/2026 04:15;
28/07/2026 04:20;
28/07/2026 04:25;
28/07/2026 04:30;
28/07/2026 04:35;
28/07/2026 04:40;
28/07/2026 04:45;
28/07/2026 04:50;
28/07/2026 04:55;
28/07/2026 05:00;
28/07/2026 05:05;
28/07/2026 05:10;
28/07/2026 05:15;
28/07/2026 05:20;
28/07/2026 05:25;
28/07/2026 05:30;
28/07/2026 05:35;
28/07/2026 05:40;
28/07/2026 05:45;
28/07/2026 05:50;
28/07/2026 05:55;
28/07/2026 06:00;
28/07/2026 06:05;
28/07/2026 06:10;
28/07/2026 06:15;
28/07/2026 06:20;
28/07/2026 06:25;
28/07/2026 06:30;
28/07/2026 06:35;
28/07/2026 06:40;
28/07/2026 06:45;
28/07/2026 06:50;
28/07/2026 06:55;
28/07/2026 07:00;
28/07/2026 07:05;
28/07/2026 07:10;
28/07/2026 07:15;
28/07/2026 07:20;
28/07/2026 07:25;
28/07/2026 07:30;
28/07/2026 07:35;
28/07/2026 07:40;
28/07/2026 07:45;
28/07/2026 07:50;
28/07/2026 07:55;
28/07/2026 08:00;
28/07/2026 08:05;
28/07/2026 08:10;
28/07/2026 08:15;
28/07/2026 08:20;
28/07/2026 08:25;
28/07/2026 08:30;
28/07/2026 08:35;
28/07/2026 08:40;
28/07/2026 08:45;
28/07/2026 08:50;
28/07/2026 08:55;
28/07/2026 09:00;
28/07/2026 09:05;
28/07/2026 09:10;
28/07/2026 09:15;
28/07/2026 09:20;
28/07/2026 09:25;
28/07/2026 09:30;
28/07/2026 09:35;
28/07/2026 09:40;
28/07/2026 09:45;
28/07/2026 09:50;
28/07/2026 09:55;
28/07/2026 10:00;
28/07/2026 10:05;
28/07/2026 10:10;
28/07/2026 10:15;
28/07/2026 10:20;
28/07/2026 10:25;
28/07/2026 10:30;
28/07/2026 10:35;
28/07/2026 10:40;
28/07/2026 10:45;
28/07/2026 10:50;
28/07/2026 10:55;
28/07/2026 11:00;
28/07/2026 11:05;
28/07/2026 11:10;
28/07/2026 11:15;
28/07/2026 11:20;
28/07/2026 11:25;
28/07/2026 11:30;
28/07/2026 11:35;
28/07/2026 11:40;
28/07/2026 11:45;
28/07/2026 11:50;
28/07/2026 11:55;
28/07/2026 12:00;
28/07/2026 12:05;
28/07/2026 12:10;
28/07/2026 12:15;
28/07/2026 12:20;
28/07/2026 12:25;
28/07/2026 12:30;
28/07/2026 12:35;
28/07/2026 12:40;
28/07/2026 12:45;
28/07/2026 12:50;
28/07/2026 12:55;
28/07/2026 13:00;
28/07/2026 13:05;
28/07/2026 13:10;
28/07/2026 13:15;
28/07/2026 13:20;
28/07/2026 13:25;
28/07/2026 13:30;
28/07/2026 13:35;
28/07/2026 13:40;
28/07/2026 13:45;
28/07/2026 13:50;
28/07/2026 13:55;
28/07/2026 14:00;
28/07/2026 14:05;
28/07/2026 14:10;
28/07/2026 14:15;
28/07/2026 14:20;
28/07/2026 14:25;
28/07/2026 14:30;
28/07/2026 14:35;
28/07/2026 14:40;
28/07/2026 14:45;
28/07/2026 14:50;
28/07/2026 14:55;
28/07/2026 15:00;
28/07/2026 15:05;
28/07/2026 15:10;
28/07/2026 15:15;
28/07/2026 15:20;
28/07/2026 15:25;
28/07/2026 15:30;
28/07/2026 15:35;
28/07/2026 15:40;
28/07/2026 15:45;
28/07/2026 15:50;
28/07/2026 15:55;
28/07/2026 16:00;
28/07/2026 16:05;
28/07/2026 16:10;
28/07/2026 16:15;
28/07/2026 16:20;
28/07/2026 16:25;
28/07/2026 16:30;
28/07/2026 16:35;
28/07/2026 16:40;
28/07/2026 16:45;
28/07/2026 16:50;
28/07/2026 16:55;
28/07/2026 17:00;
28/07/2026 17:05;
28/07/2026 17:10;
28/07/2026 17:15;
28/07/2026 17:20;
28/07/2026 17:25;
28/07/2026 17:30;
28/07/2026 17:35;
28/07/2026 17:40;
28/07/2026 17:45;
28/07/2026 17:50;
28/07/2026 17:55;
28/07/2026 18:00;
28/07/2026 18:05;
28/07/2026 18:10;
28/07/2026 18:15;
28/07/2026 18:20;
28/07/2026 18:25;
28/07/2026 18:30;
28/07/2026 18:35;
28/07/2026 18:40;
28/07/2026 18:45;
28/07/2026 18:50;
28/07/2026 18:55;
28/07/2026 19:00;
28/07/2026 19:05;
28/07/2026 19:10;
28/07/2026 19:15;
28/07/2026 19:20;
28/07/2026 19:25;
28/07/2026 19:30;
28/07/2026 19:35;
28/07/2026 19:40;
28/07/2026 19:45;
28/07/2026 19:50;
28/07/2026 19:55;
28/07/2026 20:00;
28/07/2026 20:05;
28/07/2026 20:10;
28/07/2026 20:15;
28/07/2026 20:20;
28/07/2026 20:25;
28/07/2026 20:30;
28/07/2026 20:35;
28/07/2026 20:40;
28/07/2026 20:45;
28/07/2026 20:50;
28/07/2026 20:55;
28/07/2026 21:00;
28/07/2026 21:05;
28/07/2026 21:10;
28/07/2026 21:15;
28/07/2026 21:20;
28/07/2026 21:25;
28/07/2026 21:30;
28/07/2026 21:35;
28/07/2026 21:40;
28/07/2026 21:45;
28/07/2026 21:50;
28/07/2026 21:55;
28/07/2026 22:00;
28/07/2026 22:05;
28/07/2026 22:10;
28/07/2026 22:15;
28/07/2026 22:20;
28/07/2026 22:25;
28/07/2026 22:30;
28/07/2026 22:35;
28/07/2026 22:40;
28/07/2026 22:45;
28/07/2026 22:50;
28/07/2026 22:55;
28/07/2026 23:00;
28/07/2026 23:05;
28/07/2026 23:10;
28/07/2026 23:15;
28/07/2026 23:20;
28/07/2026 23:25;
28/07/2026 23:30;
28/07/2026 23:35;
28/07/2026 23:40;
28/07/2026 23:45;
28/07/2026 23:50;
28/07/2026 23:55;
29/07/2026 00:00;
29/07/2026 00:05;
29/07/2026 00:10;
29/07/2026 00:15;
29/07/2026 00:20;
29/07/2026 00:25;
29/07/2026 00:30;
29/07/2026 00:35;
29/07/2026 00:40;
29/07/2026 00:45;
29/07/2026 00:50;
29/07/2026 00:55;
29/07/2026 01:00;
29/07/2026 01:05;
29/07/2026 01:10;
29/07/2026 01:15;
29/07/2026 01:20;
29/07/2026 01:25;
29/07/2026 01:30;
29/07/2026 01:35;
29/07/2026 01:40;
29/07/2026 01:45;
29/07/2026 01:50;
29/07/2026 01:55;
29/07/2026 02:00;
29/07/2026 02:05;
29/07/2026 02:10;
29/07/2026 02:15;
29/07/2026 02:20;
29/07/2026 02:25;
29/07/2026 02:30;
29/07/2026 02:35;
29/07/2026 02:40;
29/07/2026 02:45;
29/07/2026 02:50;
29/07/2026 02:55;
29/07/2026 03:00;
29/07/2026 03:05;
29/07/2026 03:10;
29/07/2026 03:15;
29/07/2026 03:20;
29/07/2026 03:25;
29/07/2026 03:30;
29/07/2026 03:35;
29/07/2026 03:40;
29/07/2026 03:45;
29/07/2026 03:50;
29/07/2026 03:55;
29/07/2026 04:00;
29/07/2026 04:05;
29/07/2026 04:10;
29/07/2026 04:15;
29/07/2026 04:20;
29/07/2026 04:25;
29/07/2026 04:30;
29/07/2026 04:35;
29/07/2026 04:40;
29/07/2026 04:45;
29/07/2026 04:50;
29/07/2026 04:55;
29/07/2026 05:00;
29/07/2026 05:05;
29/07/2026 05:10;
29/07/2026 05:15;
29/07/2026 05:20;
29/07/2026 05:25;
29/07/2026 05:30;
29/07/2026 05:35;
29/07/2026 05:40;
29/07/2026 05:45;
29/07/2026 05:50;
29/07/2026 05:55;
29/07/2026 06:00;
29/07/2026 06:05;
29/07/2026 06:10;
29/07/2026 06:15;
29/07/2026 06:20;
29/07/2026 06:25;
29/07/2026 06:30;
29/07/2026 06:35;
29/07/2026 06:40;
29/07/2026 06:45;
29/07/2026 06:50;
29/07/2026 06:55;
29/07/2026 07:00;
29/07/2026 07:05;
29/07/2026 07:10;
29/07/2026 07:15;
29/07/2026 07:20;
29/07/2026 07:25;
29/07/2026 07:30;
29/07/2026 07:35;
29/07/2026 07:40;
29/07/2026 07:45;
29/07/2026 07:50;
29/07/2026 07:55;
29/07/2026 08:00;
29/07/2026 08:05;
29/07/2026 08:10;
29/07/2026 08:15;
29/07/2026 08:20;
29/07/2026 08:25;
29/07/2026 08:30;
29/07/2026 08:35;
29/07/2026 08:40;
29/07/2026 08:45;
29/07/2026 08:50;
29/07/2026 08:55;
29/07/2026 09:00;
29/07/2026 09:05;
29/07/2026 09:10;
29/07/2026 09:15;
29/07/2026 09:20;
29/07/2026 09:25;
29/07/2026 09:30;
29/07/2026 09:35;
29/07/2026 09:40;
29/07/2026 09:45;
29/07/2026 09:50;
29/07/2026 09:55;
29/07/2026 10:00;
29/07/2026 10:05;
29/07/2026 10:10;
29/07/2026 10:15;
29/07/2026 10:20;
29/07/2026 10:25;
29/07/2026 10:30;
29/07/2026 10:35;
29/07/2026 10:40;
29/07/2026 10:45;
29/07/2026 10:50;
29/07/2026 10:55;
29/07/2026 11:00;
29/07/2026 11:05;
29/07/2026 11:10;
29/07/2026 11:15;
29/07/2026 11:20;
29/07/2026 11:25;
29/07/2026 11:30;
29/07/2026 11:35;
29/07/2026 11:40;
29/07/2026 11:45;
29/07/2026 11:50;
29/07/2026 11:55;
29/07/2026 12:00;
29/07/2026 12:05;
29/07/2026 12:10;
29/07/2026 12:15;
29/07/2026 12:20;
29/07/2026 12:25;
29/07/2026 12:30;
29/07/2026 12:35;
29/07/2026 12:40;
29/07/2026 12:45;
29/07/2026 12:50;
29/07/2026 12:55;
29/07/2026 13:00;
29/07/2026 13:05;
29/07/2026 13:10;
29/07/2026 13:15;
29/07/2026 13:20;
29/07/2026 13:25;
29/07/2026 13:30;
29/07/2026 13:35;
29/07/2026 13:40;
29/07/2026 13:45;
29/07/2026 13:50;
29/07/2026 13:55;
29/07/2026 14:00;
29/07/2026 14:05;
29/07/2026 14:10;
29/07/2026 14:15;
29/07/2026 14:20;
29/07/2026 14:25;
29/07/2026 14:30;
29/07/2026 14:35;
29/07/2026 14:40;
29/07/2026 14:45;
29/07/2026 14:50;
29/07/2026 14:55;
29/07/2026 15:00;
29/07/2026 15:05;
29/07/2026 15:10;
29/07/2026 15:15;
29/07/2026 15:20;
29/07/2026 15:25;
29/07/2026 15:30;
29/07/2026 15:35;
29/07/2026 15:40;
29/07/2026 15:45;
29/07/2026 15:50;
29/07/2026 15:55;
29/07/2026 16:00;
29/07/2026 16:05;
29/07/2026 16:10;
29/07/2026 16:15;
29/07/2026 16:20;
29/07/2026 16:25;
29/07/2026 16:30;
29/07/2026 16:35;
29/07/2026 16:40;
29/07/2026 16:45;
29/07/2026 16:50;
29/07/2026 16:55;
29/07/2026 17:00;
29/07/2026 17:05;
29/07/2026 17:10;
29/07/2026 17:15;
29/07/2026 17:20;
29/07/2026 17:25;
29/07/2026 17:30;
29/07/2026 17:35;
29/07/2026 17:40;
29/07/2026 17:45;
29/07/2026 17:50;
29/07/2026 17:55;
29/07/2026 18:00;
29/07/2026 18:05;
29/07/2026 18:10;
29/07/2026 18:15;
29/07/2026 18:20;
29/07/2026 18:25;
29/07/2026 18:30;
29/07/2026 18:35;
29/07/2026 18:40;
29/07/2026 18:45;
29/07/2026 18:50;
29/07/2026 18:55;
29/07/2026 19:00;
29/07/2026 19:05;
29/07/2026 19:10;
29/07/2026 19:15;
29/07/2026 19:20;
29/07/2026 19:25;
29/07/2026 19:30;
29/07/2026 19:35;
29/07/2026 19:40;
29/07/2026 19:45;
29/07/2026 19:50;
29/07/2026 19:55;
29/07/2026 20:00;
29/07/2026 20:05;
29/07/2026 20:10;
29/07/2026 20:15;
29/07/2026 20:20;
29/07/2026 20:25;
29/07/2026 20:30;
29/07/2026 20:35;
29/07/2026 20:40;
29/07/2026 20:45;
29/07/2026 20:50;
29/07/2026 20:55;
29/07/2026 21:00;
29/07/2026 21:05;
29/07/2026 21:10;
29/07/2026 21:15;
29/07/2026 21:20;
29/07/2026 21:25;
29/07/2026 21:30;
29/07/2026 21:35;
29/07/2026 21:40;
29/07/2026 21:45;
29/07/2026 21:50;
29/07/2026 21:55;
29/07/2026 22:00;
29/07/2026 22:05;
29/07/2026 22:10;
29/07/2026 22:15;
29/07/2026 22:20;
29/07/2026 22:25;
29/07/2026 22:30;
29/07/2026 22:35;
29/07/2026 22:40;
29/07/2026 22:45;
29/07/2026 22:50;
29/07/2026 22:55;
29/07/2026 23:00;
29/07/2026 23:05;
29/07/2026 23:10;
29/07/2026 23:15;
29/07/2026 23:20;
29/07/2026 23:25;
29/07/2026 23:30;
29/07/2026 23:35;
29/07/2026 23:40;
29/07/2026 23:45;
29/07/2026 23:50;
29/07/2026 23:55;
30/07/2026 00:00;
30/07/2026 00:05;
30/07/2026 00:10;
30/07/2026 00:15;
30/07/2026 00:20;
30/07/2026 00:25;
30/07/2026 00:30;
30/07/2026 00:35;
30/07/2026 00:40;
30/07/2026 00:45;
30/07/2026 00:50;
30/07/2026 00:55;
30/07/2026 01:00;
30/07/2026 01:05;
30/07/2026 01:10;
30/07/2026 01:15;
30/07/2026 01:20;
30/07/2026 01:25;
30/07/2026 01:30;
30/07/2026 01:35;
30/07/2026 01:40;
30/07/2026 01:45;
30/07/2026 01:50;
30/07/2026 01:55;
30/07/2026 02:00;
30/07/2026 02:05;
30/07/2026 02:10;
30/07/2026 02:15;
30/07/2026 02:20;
30/07/2026 02:25;
30/07/2026 02:30;
30/07/2026 02:35;
30/07/2026 02:40;
30/07/2026 02:45;
30/07/2026 02:50;
30/07/2026 02:55;
30/07/2026 03:00;
30/07/2026 03:05;
30/07/2026 03:10;
30/07/2026 03:15;
30/07/2026 03:20;
30/07/2026 03:25;
30/07/2026 03:30;
30/07/2026 03:35;
30/07/2026 03:40;
30/07/2026 03:45;
30/07/2026 03:50;
30/07/2026 03:55;
30/07/2026 04:00;
30/07/2026 04:05;
30/07/2026 04:10;
30/07/2026 04:15;
30/07/2026 04:20;
30/07/2026 04:25;
30/07/2026 04:30;
30/07/2026 04:35;
30/07/2026 04:40;
30/07/2026 04:45;
30/07/2026 04:50;
30/07/2026 04:55;
30/07/2026 05:00;
30/07/2026 05:05;
30/07/2026 05:10;
30/07/2026 05:15;
30/07/2026 05:20;
30/07/2026 05:25;
30/07/2026 05:30;
30/07/2026 05:35;
30/07/2026 05:40;
30/07/2026 05:45;
30/07/2026 05:50;
30/07/2026 05:55;
30/07/2026 06:00;
30/07/2026 06:05;
30/07/2026 06:10;
30/07/2026 06:15;
30/07/2026 06:20;
30/07/2026 06:25;
30/07/2026 06:30;
30/07/2026 06:35;
30/07/2026 06:40;
30/07/2026 06:45;
30/07/2026 06:50;
30/07/2026 06:55;
30/07/2026 07:00;
30/07/2026 07:05;
30/07/2026 07:10;
30/07/2026 07:15;
30/07/2026 07:20;
30/07/2026 07:25;
30/07/2026 07:30;
30/07/2026 07:35;
30/07/2026 07:40;
30/07/2026 07:45;
30/07/2026 07:50;
30/07/2026 07:55;
30/07/2026 08:00;
30/07/2026 08:05;
30/07/2026 08:10;
30/07/2026 08:15;
30/07/2026 08:20;
30/07/2026 08:25;
30/07/2026 08:30;
30/07/2026 08:35;
30/07/2026 08:40;
30/07/2026 08:45;
30/07/2026 08:50;
30/07/2026 08:55;
30/07/2026 09:00;
30/07/2026 09:05;
30/07/2026 09:10;
30/07/2026 09:15;
30/07/2026 09:20;
30/07/2026 09:25;
30/07/2026 09:30;
30/07/2026 09:35;
30/07/2026 09:40;
30/07/2026 09:45;
30/07/2026 09:50;
30/07/2026 09:55;
30/07/2026 10:00;
30/07/2026 10:05;
30/07/2026 10:10;
30/07/2026 10:15;
30/07/2026 10:20;
30/07/2026 10:25;
30/07/2026 10:30;
30/07/2026 10:35;
30/07/2026 10:40;
30/07/2026 10:45;
30/07/2026 10:50;
30/07/2026 10:55;
30/07/2026 11:00;
30/07/2026 11:05;
30/07/2026 11:10;
30/07/2026 11:15;
30/07/2026 11:20;
30/07/2026 11:25;
30/07/2026 11:30;
30/07/2026 11:35;
30/07/2026 11:40;
30/07/2026 11:45;
30/07/2026 11:50;
30/07/2026 11:55;
30/07/2026 12:00;
30/07/2026 12:05;
30/07/2026 12:10;
30/07/2026 12:15;
30/07/2026 12:20;
30/07/2026 12:25;
30/07/2026 12:30;
30/07/2026 12:35;
30/07/2026 12:40;
30/07/2026 12:45;
30/07/2026 12:50;
30/07/2026 12:55;
30/07/2026 13:00;
30/07/2026 13:05;
30/07/2026 13:10;
30/07/2026 13:15;
30/07/2026 13:20;
30/07/2026 13:25;
30/07/2026 13:30;
30/07/2026 13:35;
30/07/2026 13:40;
30/07/2026 13:45;
30/07/2026 13:50;
30/07/2026 13:55;
30/07/2026 14:00;
30/07/2026 14:05;
30/07/2026 14:10;
30/07/2026 14:15;
30/07/2026 14:20;
30/07/2026 14:25;
30/07/2026 14:30;
30/07/2026 14:35;
30/07/2026 14:40;
30/07/2026 14:45;
30/07/2026 14:50;
30/07/2026 14:55;
30/07/2026 15:00;
30/07/2026 15:05;
30/07/2026 15:10;
30/07/2026 15:15;
30/07/2026 15:20;
30/07/2026 15:25;
30/07/2026 15:30;
30/07/2026 15:35;
30/07/2026 15:40;
30/07/2026 15:45;
30/07/2026 15:50;
30/07/2026 15:55;
30/07/2026 16:00;
30/07/2026 16:05;
30/07/2026 16:10;
30/07/2026 16:15;
30/07/2026 16:20;
30/07/2026 16:25;
30/07/2026 16:30;
30/07/2026 16:35;
30/07/2026 16:40;
30/07/2026 16:45;
30/07/2026 16:50;
30/07/2026 16:55;
30/07/2026 17:00;
30/07/2026 17:05;
30/07/2026 17:10;
30/07/2026 17:15;
30/07/2026 17:20;
30/07/2026 17:25;
30/07/2026 17:30;
30/07/2026 17:35;
30/07/2026 17:40;
30/07/2026 17:45;
30/07/2026 17:50;
30/07/2026 17:55;
30/07/2026 18:00;
30/07/2026 18:05;
30/07/2026 18:10;
30/07/2026 18:15;
30/07/2026 18:20;
30/07/2026 18:25;
30/07/2026 18:30;
30/07/2026 18:35;
30/07/2026 18:40;
30/07/2026 18:45;
30/07/2026 18:50;
30/07/2026 18:55;
30/07/2026 19:00;
30/07/2026 19:05;
30/07/2026 19:10;
30/07/2026 19:15;
30/07/2026 19:20;
30/07/2026 19:25;
30/07/2026 19:30;
30/07/2026 19:35;
30/07/2026 19:40;
30/07/2026 19:45;
30/07/2026 19:50;
30/07/2026 19:55;
30/07/2026 20:00;
30/07/2026 20:05;
30/07/2026 20:10;
30/07/2026 20:15;
30/07/2026 20:20;
30/07/2026 20:25;
30/07/2026 20:30;
30/07/2026 20:35;
30/07/2026 20:40;
30/07/2026 20:45;
30/07/2026 20:50;
30/07/2026 20:55;
30/07/2026 21:00;
30/07/2026 21:05;
30/07/2026 21:10;
30/07/2026 21:15;
30/07/2026 21:20;
30/07/2026 21:25;
30/07/2026 21:30;
30/07/2026 21:35;
30/07/2026 21:40;
30/07/2026 21:45;
30/07/2026 21:50;
30/07/2026 21:55;
30/07/2026 22:00;
30/07/2026 22:05;
30/07/2026 22:10;
30/07/2026 22:15;
30/07/2026 22:20;
30/07/2026 22:25;
30/07/2026 22:30;
30/07/2026 22:35;
30/07/2026 22:40;
30/07/2026 22:45;
30/07/2026 22:50;
30/07/2026 22:55;
30/07/2026 23:00;
30/07/2026 23:05;
30/07/2026 23:10;
30/07/2026 23:15;
30/07/2026 23:20;
30/07/2026 23:25;
30/07/2026 23:30;
30/07/2026 23:35;
30/07/2026 23:40;
30/07/2026 23:45;
30/07/2026 23:50;
30/07/2026 23:55;
31/07/2026 00:00;
31/07/2026 00:05;
31/07/2026 00:10;
31/07/2026 00:15;
31/07/2026 00:20;
31/07/2026 00:25;
31/07/2026 00:30;
31/07/2026 00:35;
31/07/2026 00:40;
31/07/2026 00:45;
31/07/2026 00:50;
31/07/2026 00:55;
31/07/2026 01:00;
31/07/2026 01:05;
31/07/2026 01:10;
31/07/2026 01:15;
31/07/2026 01:20;
31/07/2026 01:25;
31/07/2026 01:30;
31/07/2026 01:35;
31/07/2026 01:40;
31/07/2026 01:45;
31/07/2026 01:50;
31/07/2026 01:55;
31/07/2026 02:00;
31/07/2026 02:05;
31/07/2026 02:10;
31/07/2026 02:15;
31/07/2026 02:20;
31/07/2026 02:25;
31/07/2026 02:30;
31/07/2026 02:35;
31/07/2026 02:40;
31/07/2026 02:45;
31/07/2026 02:50;
31/07/2026 02:55;
31/07/2026 03:00;
31/07/2026 03:05;
31/07/2026 03:10;
31/07/2026 03:15;
31/07/2026 03:20;
31/07/2026 03:25;
31/07/2026 03:30;
31/07/2026 03:35;
31/07/2026 03:40;
31/07/2026 03:45;
31/07/2026 03:50;
31/07/2026 03:55;
31/07/2026 04:00;
31/07/2026 04:05;
31/07/2026 04:10;
31/07/2026 04:15;
31/07/2026 04:20;
31/07/2026 04:25;
31/07/2026 04:30;
31/07/2026 04:35;
31/07/2026 04:40;
31/07/2026 04:45;
31/07/2026 04:50;
31/07/2026 04:55;
31/07/2026 05:00;
31/07/2026 05:05;
31/07/2026 05:10;
31/07/2026 05:15;
31/07/2026 05:20;
31/07/2026 05:25;
31/07/2026 05:30;
31/07/2026 05:35;
31/07/2026 05:40;
31/07/2026 05:45;
31/07/2026 05:50;
31/07/2026 05:55;
31/07/2026 06:00;
31/07/2026 06:05;
31/07/2026 06:10;
31/07/2026 06:15;
31/07/2026 06:20;
31/07/2026 06:25;
31/07/2026 06:30;
31/07/2026 06:35;
31/07/2026 06:40;
31/07/2026 06:45;
31/07/2026 06:50;
31/07/2026 06:55;
31/07/2026 07:00;
31/07/2026 07:05;
31/07/2026 07:10;
31/07/2026 07:15;
31/07/2026 07:20;
31/07/2026 07:25;
31/07/2026 07:30;
31/07/2026 07:35;
31/07/2026 07:40;
31/07/2026 07:45;
31/07/2026 07:50;
31/07/2026 07:55;
31/07/2026 08:00;
31/07/2026 08:05;
31/07/2026 08:10;
31/07/2026 08:15;
31/07/2026 08:20;
31/07/2026 08:25;
31/07/2026 08:30;
31/07/2026 08:35;
31/07/2026 08:40;
31/07/2026 08:45;
31/07/2026 08:50;
31/07/2026 08:55;
31/07/2026 09:00;
31/07/2026 09:05;
31/07/2026 09:10;
31/07/2026 09:15;
31/07/2026 09:20;
31/07/2026 09:25;
31/07/2026 09:30;
31/07/2026 09:35;
31/07/2026 09:40;
31/07/2026 09:45;
31/07/2026 09:50;
31/07/2026 09:55;
31/07/2026 10:00;
31/07/2026 10:05;
31/07/2026 10:10;
31/07/2026 10:15;
31/07/2026 10:20;
31/07/2026 10:25;
31/07/2026 10:30;
31/07/2026 10:35;
31/07/2026 10:40;
31/07/2026 10:45;
31/07/2026 10:50;
31/07/2026 10:55;
31/07/2026 11:00;
31/07/2026 11:05;
31/07/2026 11:10;
31/07/2026 11:15;
31/07/2026 11:20;
31/07/2026 11:25;
31/07/2026 11:30;
31/07/2026 11:35;
31/07/2026 11:40;
31/07/2026 11:45;
31/07/2026 11:50;
31/07/2026 11:55;
31/07/2026 12:00;
31/07/2026 12:05;
31/07/2026 12:10;
31/07/2026 12:15;
31/07/2026 12:20;
31/07/2026 12:25;
31/07/2026 12:30;
31/07/2026 12:35;
31/07/2026 12:40;
31/07/2026 12:45;
31/07/2026 12:50;
31/07/2026 12:55;
31/07/2026 13:00;
31/07/2026 13:05;
31/07/2026 13:10;
31/07/2026 13:15;
31/07/2026 13:20;
31/07/2026 13:25;
31/07/2026 13:30;
31/07/2026 13:35;
31/07/2026 13:40;
31/07/2026 13:45;
31/07/2026 13:50;
31/07/2026 13:55;
31/07/2026 14:00;
31/07/2026 14:05;
31/07/2026 14:10;
31/07/2026 14:15;
31/07/2026 14:20;
31/07/2026 14:25;
31/07/2026 14:30;
31/07/2026 14:35;
31/07/2026 14:40;
31/07/2026 14:45;
31/07/2026 14:50;
31/07/2026 14:55;
31/07/2026 15:00;
31/07/2026 15:05;
31/07/2026 15:10;
31/07/2026 15:15;
31/07/2026 15:20;
31/07/2026 15:25;
31/07/2026 15:30;
31/07/2026 15:35;
31/07/2026 15:40;
31/07/2026 15:45;
31/07/2026 15:50;
31/07/2026 15:55;
31/07/2026 16:00;
31/07/2026 16:05;
31/07/2026 16:10;
31/07/2026 16:15;
31/07/2026 16:20;
31/07/2026 16:25;
31/07/2026 16:30;
31/07/2026 16:35;
31/07/2026 16:40;
31/07/2026 16:45;
31/07/2026 16:50;
31/07/2026 16:55;
31/07/2026 17:00;
31/07/2026 17:05;
31/07/2026 17:10;
31/07/2026 17:15;
31/07/2026 17:20;
31/07/2026 17:25;
31/07/2026 17:30;
31/07/2026 17:35;
31/07/2026 17:40;
31/07/2026 17:45;
31/07/2026 17:50;
31/07/2026 17:55;
31/07/2026 18:00;
31/07/2026 18:05;
31/07/2026 18:10;
31/07/2026 18:15;
31/07/2026 18:20;
31/07/2026 18:25;
31/07/2026 18:30;
31/07/2026 18:35;
31/07/2026 18:40;
31/07/2026 18:45;
31/07/2026 18:50;
31/07/2026 18:55;
31/07/2026 19:00;
31/07/2026 19:05;
31/07/2026 19:10;
31/07/2026 19:15;
31/07/2026 19:20;
31/07/2026 19:25;
31/07/2026 19:30;
31/07/2026 19:35;
31/07/2026 19:40;
31/07/2026 19:45;
31/07/2026 19:50;
31/07/2026 19:55;
31/07/2026 20:00;
31/07/2026 20:05;
31/07/2026 20:10;
31/07/2026 20:15;
31/07/2026 20:20;
31/07/2026 20:25;
31/07/2026 20:30;
31/07/2026 20:35;
31/07/2026 20:40;
31/07/2026 20:45;
31/07/2026 20:50;
31/07/2026 20:55;
31/07/2026 21:00;
31/07/2026 21:05;
31/07/2026 21:10;
31/07/2026 21:15;
31/07/2026 21:20;
31/07/2026 21:25;
31/07/2026 21:30;
31/07/2026 21:35;
31/07/2026 21:40;
31/07/2026 21:45;
31/07/2026 21:50;
31/07/2026 21:55;
31/07/2026 22:00;
31/07/2026 22:05;
31/07/2026 22:10;
31/07/2026 22:15;
31/07/2026 22:20;
31/07/2026 22:25;
31/07/2026 22:30;
31/07/2026 22:35;
31/07/2026 22:40;
31/07/2026 22:45;
31/07/2026 22:50;
31/07/2026 22:55;
31/07/2026 23:00;
31/07/2026 23:05;
31/07/2026 23:10;
31/07/2026 23:15;
31/07/2026 23:20;
31/07/2026 23:25;
31/07/2026 23:30;
31/07/2026 23:35;
31/07/2026 23:40;
31/07/2026 23:45;
31/07/2026 23:50;
31/07/2026 23:55;
01/08/2026 00:00;
01/08/2026 00:05;
01/08/2026 00:10;
01/08/2026 00:15;
01/08/2026 00:20;
01/08/2026 00:25;
01/08/2026 00:30;
01/08/2026 00:35;
01/08/2026 00:40;
01/08/2026 00:45;
01/08/2026 00:50;
01/08/2026 00:55;
01/08/2026 01:00;
01/08/2026 01:05;
01/08/2026 01:10;
01/08/2026 01:15;
01/08/2026 01:20;
01/08/2026 01:25;
01/08/2026 01:30;
01/08/2026 01:35;
01/08/2026 01:40;
01/08/2026 01:45;
01/08/2026 01:50;
01/08/2026 01:55;
01/08/2026 02:00;
01/08/2026 02:05;
01/08/2026 02:10;
01/08/2026 02:15;
01/08/2026 02:20;
01/08/2026 02:25;
01/08/2026 02:30;
01/08/2026 02:35;
01/08/2026 02:40;
01/08/2026 02:45;
01/08/2026 02:50;
01/08/2026 02:55;
01/08/2026 03:00;
01/08/2026 03:05;
01/08/2026 03:10;
01/08/2026 03:15;
01/08/2026 03:20;
01/08/2026 03:25;
01/08/2026 03:30;
01/08/2026 03:35;
01/08/2026 03:40;
01/08/2026 03:45;
01/08/2026 03:50;
01/08/2026 03:55;
01/08/2026 04:00;
01/08/2026 04:05;
01/08/2026 04:10;
01/08/2026 04:15;
01/08/2026 04:20;
01/08/2026 04:25;
01/08/2026 04:30;
01/08/2026 04:35;
01/08/2026 04:40;
01/08/2026 04:45;
01/08/2026 04:50;
01/08/2026 04:55;
01/08/2026 05:00;
01/08/2026 05:05;
01/08/2026 05:10;
01/08/2026 05:15;
01/08/2026 05:20;
01/08/2026 05:25;
01/08/2026 05:30;
01/08/2026 05:35;
01/08/2026 05:40;
01/08/2026 05:45;
01/08/2026 05:50;
01/08/2026 05:55;
01/08/2026 06:00;
01/08/2026 06:05;
01/08/2026 06:10;
01/08/2026 06:15;
01/08/2026 06:20;
01/08/2026 06:25;
01/08/2026 06:30;
01/08/2026 06:35;
01/08/2026 06:40;
01/08/2026 06:45;
01/08/2026 06:50;
01/08/2026 06:55;
01/08/2026 07:00;
01/08/2026 07:05;
01/08/2026 07:10;
01/08/2026 07:15;
01/08/2026 07:20;
01/08/2026 07:25;
01/08/2026 07:30;
01/08/2026 07:35;
01/08/2026 07:40;
01/08/2026 07:45;
01/08/2026 07:50;
01/08/2026 07:55;
01/08/2026 08:00;
01/08/2026 08:05;
01/08/2026 08:10;
01/08/2026 08:15;
01/08/2026 08:20;
01/08/2026 08:25;
01/08/2026 08:30;
01/08/2026 08:35;
01/08/2026 08:40;
01/08/2026 08:45;
01/08/2026 08:50;
01/08/2026 08:55;
01/08/2026 09:00;
01/08/2026 09:05;
01/08/2026 09:10;
01/08/2026 09:15;
01/08/2026 09:20;
01/08/2026 09:25;
01/08/2026 09:30;
01/08/2026 09:35;
01/08/2026 09:40;
01/08/2026 09:45;
01/08/2026 09:50;
01/08/2026 09:55;
01/08/2026 10:00;
01/08/2026 10:05;
01/08/2026 10:10;
01/08/2026 10:15;
01/08/2026 10:20;
01/08/2026 10:25;
01/08/2026 10:30;
01/08/2026 10:35;
01/08/2026 10:40;
01/08/2026 10:45;
01/08/2026 10:50;
01/08/2026 10:55;
01/08/2026 11:00;
01/08/2026 11:05;
01/08/2026 11:10;
01/08/2026 11:15;
01/08/2026 11:20;
01/08/2026 11:25;
01/08/2026 11:30;
01/08/2026 11:35;
01/08/2026 11:40;
01/08/2026 11:45;
01/08/2026 11:50;
01/08/2026 11:55;
01/08/2026 12:00;
01/08/2026 12:05;
01/08/2026 12:10;
01/08/2026 12:15;
01/08/2026 12:20;
01/08/2026 12:25;
01/08/2026 12:30;
01/08/2026 12:35;
01/08/2026 12:40;
01/08/2026 12:45;
01/08/2026 12:50;
01/08/2026 12:55;
01/08/2026 13:00;
01/08/2026 13:05;
01/08/2026 13:10;
01/08/2026 13:15;
01/08/2026 13:20;
01/08/2026 13:25;
01/08/2026 13:30;
01/08/2026 13:35;
01/08/2026 13:40;
01/08/2026 13:45;
01/08/2026 13:50;
01/08/2026 13:55;
01/08/2026 14:00;
01/08/2026 14:05;
01/08/2026 14:10;
01/08/2026 14:15;
01/08/2026 14:20;
01/08/2026 14:25;
01/08/2026 14:30;
01/08/2026 14:35;
01/08/2026 14:40;
01/08/2026 14:45;
01/08/2026 14:50;
01/08/2026 14:55;
01/08/2026 15:00;
01/08/2026 15:05;
01/08/2026 15:10;
01/08/2026 15:15;
01/08/2026 15:20;
01/08/2026 15:25;
01/08/2026 15:30;
01/08/2026 15:35;
01/08/2026 15:40;
01/08/2026 15:45;
01/08/2026 15:50;
01/08/2026 15:55;
01/08/2026 16:00;
01/08/2026 16:05;
01/08/2026 16:10;
01/08/2026 16:15;
01/08/2026 16:20;
01/08/2026 16:25;
01/08/2026 16:30;
01/08/2026 16:35;
01/08/2026 16:40;
01/08/2026 16:45;
01/08/2026 16:50;
01/08/2026 16:55;
01/08/2026 17:00;
01/08/2026 17:05;
01/08/2026 17:10;
01/08/2026 17:15;
01/08/2026 17:20;
01/08/2026 17:25;
01/08/2026 17:30;
01/08/2026 17:35;
01/08/2026 17:40;
01/08/2026 17:45;
01/08/2026 17:50;
01/08/2026 17:55;
01/08/2026 18:00;
01/08/2026 18:05;
01/08/2026 18:10;
01/08/2026 18:15;
01/08/2026 18:20;
01/08/2026 18:25;
01/08/2026 18:30;
01/08/2026 18:35;
01/08/2026 18:40;
01/08/2026 18:45;
01/08/2026 18:50;
01/08/2026 18:55;
01/08/2026 19:00;
01/08/2026 19:05;
01/08/2026 19:10;
01/08/2026 19:15;
01/08/2026 19:20;
01/08/2026 19:25;
01/08/2026 19:30;
01/08/2026 19:35;
01/08/2026 19:40;
01/08/2026 19:45;
01/08/2026 19:50;
01/08/2026 19:55;
01/08/2026 20:00;
01/08/2026 20:05;
01/08/2026 20:10;
01/08/2026 20:15;
01/08/2026 20:20;
01/08/2026 20:25;
01/08/2026 20:30;
01/08/2026 20:35;
01/08/2026 20:40;
01/08/2026 20:45;
01/08/2026 20:50;
01/08/2026 20:55;
01/08/2026 21:00;
01/08/2026 21:05;
01/08/2026 21:10;
01/08/2026 21:15;
01/08/2026 21:20;
01/08/2026 21:25;
01/08/2026 21:30;
01/08/2026 21:35;
01/08/2026 21:40;
01/08/2026 21:45;
01/08/2026 21:50;
01/08/2026 21:55;
01/08/2026 22:00;
01/08/2026 22:05;
01/08/2026 22:10;
01/08/2026 22:15;
01/08/2026 22:20;
01/08/2026 22:25;
01/08/2026 22:30;
01/08/2026 22:35;
01/08/2026 22:40;
01/08/2026 22:45;
01/08/2026 22:50;
01/08/2026 22:55;
01/08/2026 23:00;
01/08/2026 23:05;
01/08/2026 23:10;
01/08/2026 23:15;
01/08/2026 23:20;
01/08/2026 23:25;
01/08/2026 23:30;
01/08/2026 23:35;
01/08/2026 23:40;
01/08/2026 23:45;
01/08/2026 23:50;
01/08/2026 23:55;
02/08/2026 00:00;
02/08/2026 00:05;
02/08/2026 00:10;
02/08/2026 00:15;
02/08/2026 00:20;
02/08/2026 00:25;
02/08/2026 00:30;
02/08/2026 00:35;
02/08/2026 00:40;
02/08/2026 00:45;
02/08/2026 00:50;
02/08/2026 00:55;
02/08/2026 01:00;
02/08/2026 01:05;
02/08/2026 01:10;
02/08/2026 01:15;
02/08/2026 01:20;
02/08/2026 01:25;
02/08/2026 01:30;
02/08/2026 01:35;
02/08/2026 01:40;
02/08/2026 01:45;
02/08/2026 01:50;
02/08/2026 01:55;
02/08/2026 02:00;
02/08/2026 02:05;
02/08/2026 02:10;
02/08/2026 02:15;
02/08/2026 02:20;
02/08/2026 02:25;
02/08/2026 02:30;
02/08/2026 02:35;
02/08/2026 02:40;
02/08/2026 02:45;
02/08/2026 02:50;
02/08/2026 02:55;
02/08/2026 03:00;
02/08/2026 03:05;
02/08/2026 03:10;
02/08/2026 03:15;
02/08/2026 03:20;
02/08/2026 03:25;
02/08/2026 03:30;
02/08/2026 03:35;
02/08/2026 03:40;
02/08/2026 03:45;
02/08/2026 03:50;
02/08/2026 03:55;
02/08/2026 04:00;
02/08/2026 04:05;
02/08/2026 04:10;
02/08/2026 04:15;
02/08/2026 04:20;
02/08/2026 04:25;
02/08/2026 04:30;
02/08/2026 04:35;
02/08/2026 04:40;
02/08/2026 04:45;
02/08/2026 04:50;
02/08/2026 04:55;
02/08/2026 05:00;
02/08/2026 05:05;
02/08/2026 05:10;
02/08/2026 05:15;
02/08/2026 05:20;
02/08/2026 05:25;
02/08/2026 05:30;
02/08/2026 05:35;
02/08/2026 05:40;
02/08/2026 05:45;
02/08/2026 05:50;
02/08/2026 05:55;
02/08/2026 06:00;
02/08/2026 06:05;
02/08/2026 06:10;
02/08/2026 06:15;
02/08/2026 06:20;
02/08/2026 06:25;
02/08/2026 06:30;
02/08/2026 06:35;
02/08/2026 06:40;
02/08/2026 06:45;
02/08/2026 06:50;
02/08/2026 06:55;
02/08/2026 07:00;
02/08/2026 07:05;
02/08/2026 07:10;
02/08/2026 07:15;
02/08/2026 07:20;
02/08/2026 07:25;
02/08/2026 07:30;
02/08/2026 07:35;
02/08/2026 07:40;
02/08/2026 07:45;
02/08/2026 07:50;
02/08/2026 07:55;
02/08/2026 08:00;
02/08/2026 08:05;
02/08/2026 08:10;
02/08/2026 08:15;
02/08/2026 08:20;
02/08/2026 08:25;
02/08/2026 08:30;
02/08/2026 08:35;
02/08/2026 08:40;
02/08/2026 08:45;
02/08/2026 08:50;
02/08/2026 08:55;
02/08/2026 09:00;
02/08/2026 09:05;
02/08/2026 09:10;
02/08/2026 09:15;
02/08/2026 09:20;
02/08/2026 09:25;
02/08/2026 09:30;
02/08/2026 09:35;
02/08/2026 09:40;
02/08/2026 09:45;
02/08/2026 09:50;
02/08/2026 09:55;
02/08/2026 10:00;
02/08/2026 10:05;
02/08/2026 10:10;
02/08/2026 10:15;
02/08/2026 10:20;
02/08/2026 10:25;
02/08/2026 10:30;
02/08/2026 10:35;
02/08/2026 10:40;
02/08/2026 10:45;
02/08/2026 10:50;
02/08/2026 10:55;
02/08/2026 11:00;
02/08/2026 11:05;
02/08/2026 11:10;
02/08/2026 11:15;
02/08/2026 11:20;
02/08/2026 11:25;
02/08/2026 11:30;
02/08/2026 11:35;
02/08/2026 11:40;
02/08/2026 11:45;
02/08/2026 11:50;
02/08/2026 11:55;
02/08/2026 12:00;
02/08/2026 12:05;
02/08/2026 12:10;
02/08/2026 12:15;
02/08/2026 12:20;
02/08/2026 12:25;
02/08/2026 12:30;
02/08/2026 12:35;
02/08/2026 12:40;
02/08/2026 12:45;
02/08/2026 12:50;
02/08/2026 12:55;
02/08/2026 13:00;
02/08/2026 13:05;
02/08/2026 13:10;
02/08/2026 13:15;
02/08/2026 13:20;
02/08/2026 13:25;
02/08/2026 13:30;
02/08/2026 13:35;
02/08/2026 13:40;
02/08/2026 13:45;
02/08/2026 13:50;
02/08/2026 13:55;
02/08/2026 14:00;
02/08/2026 14:05;
02/08/2026 14:10;
02/08/2026 14:15;
02/08/2026 14:20;
02/08/2026 14:25;
02/08/2026 14:30;
02/08/2026 14:35;
02/08/2026 14:40;
02/08/2026 14:45;
02/08/2026 14:50;
02/08/2026 14:55;
02/08/2026 15:00;
02/08/2026 15:05;
02/08/2026 15:10;
02/08/2026 15:15;
02/08/2026 15:20;
02/08/2026 15:25;
02/08/2026 15:30;
02/08/2026 15:35;
02/08/2026 15:40;
02/08/2026 15:45;
02/08/2026 15:50;
02/08/2026 15:55;
02/08/2026 16:00;
02/08/2026 16:05;
02/08/2026 16:10;
02/08/2026 16:15;
02/08/2026 16:20;
02/08/2026 16:25;
02/08/2026 16:30;
02/08/2026 16:35;
02/08/2026 16:40;
02/08/2026 16:45;
02/08/2026 16:50;
02/08/2026 16:55;
02/08/2026 17:00;
02/08/2026 17:05;
02/08/2026 17:10;
02/08/2026 17:15;
02/08/2026 17:20;
02/08/2026 17:25;
02/08/2026 17:30;
02/08/2026 17:35;
02/08/2026 17:40;
02/08/2026 17:45;
02/08/2026 17:50;
02/08/2026 17:55;
02/08/2026 18:00;
02/08/2026 18:05;
02/08/2026 18:10;
02/08/2026 18:15;
02/08/2026 18:20;
02/08/2026 18:25;
02/08/2026 18:30;
02/08/2026 18:35;
02/08/2026 18:40;
02/08/2026 18:45;
02/08/2026 18:50;
02/08/2026 18:55;
02/08/2026 19:00;
02/08/2026 19:05;
02/08/2026 19:10;
02/08/2026 19:15;
02/08/2026 19:20;
02/08/2026 19:25;
02/08/2026 19:30;
02/08/2026 19:35;
02/08/2026 19:40;
02/08/2026 19:45;
02/08/2026 19:50;
02/08/2026 19:55;
02/08/2026 20:00;
02/08/2026 20:05;
02/08/2026 20:10;
02/08/2026 20:15;
02/08/2026 20:20;
02/08/2026 20:25;
02/08/2026 20:30;
02/08/2026 20:35;
02/08/2026 20:40;
02/08/2026 20:45;
02/08/2026 20:50;
02/08/2026 20:55;
02/08/2026 21:00;
02/08/2026 21:05;
02/08/2026 21:10;
02/08/2026 21:15;
02/08/2026 21:20;
02/08/2026 21:25;
02/08/2026 21:30;
02/08/2026 21:35;
02/08/2026 21:40;
02/08/2026 21:45;
02/08/2026 21:50;
02/08/2026 21:55;
02/08/2026 22:00;
02/08/2026 22:05;
02/08/2026 22:10;
02/08/2026 22:15;
02/08/2026 22:20;
02/08/2026 22:25;
02/08/2026 22:30;
02/08/2026 22:35;
02/08/2026 22:40;
02/08/2026 22:45;
02/08/2026 22:50;
02/08/2026 22:55;
02/08/2026 23:00;
02/08/2026 23:05;
02/08/2026 23:10;
02/08/2026 23:15;
02/08/2026 23:20;
02/08/2026 23:25;
02/08/2026 23:30;
02/08/2026 23:35;
02/08/2026 23:40;
02/08/2026 23:45;
02/08/2026 23:50;
02/08/2026 23:55;
03/08/2026 00:00;
03/08/2026 00:05;
03/08/2026 00:10;
03/08/2026 00:15;
03/08/2026 00:20;
03/08/2026 00:25;
03/08/2026 00:30;
03/08/2026 00:35;
03/08/2026 00:40;
03/08/2026 00:45;
03/08/2026 00:50;
03/08/2026 00:55;
03/08/2026 01:00;
03/08/2026 01:05;
03/08/2026 01:10;
03/08/2026 01:15;
03/08/2026 01:20;
03/08/2026 01:25;
03/08/2026 01:30;
03/08/2026 01:35;
03/08/2026 01:40;
03/08/2026 01:45;
03/08/2026 01:50;
03/08/2026 01:55;
03/08/2026 02:00;
03/08/2026 02:05;
03/08/2026 02:10;
03/08/2026 02:15;
03/08/2026 02:20;
03/08/2026 02:25;
03/08/2026 02:30;
03/08/2026 02:35;
03/08/2026 02:40;
03/08/2026 02:45;
03/08/2026 02:50;
03/08/2026 02:55;
03/08/2026 03:00;
03/08/2026 03:05;
03/08/2026 03:10;
03/08/2026 03:15;
03/08/2026 03:20;
03/08/2026 03:25;
03/08/2026 03:30;
03/08/2026 03:35;
03/08/2026 03:40;
03/08/2026 03:45;
03/08/2026 03:50;
03/08/2026 03:55;
03/08/2026 04:00;
03/08/2026 04:05;
03/08/2026 04:10;
03/08/2026 04:15;
03/08/2026 04:20;
03/08/2026 04:25;
03/08/2026 04:30;
03/08/2026 04:35;
03/08/2026 04:40;
03/08/2026 04:45;
03/08/2026 04:50;
03/08/2026 04:55;
03/08/2026 05:00;
03/08/2026 05:05;
03/08/2026 05:10;
03/08/2026 05:15;
03/08/2026 05:20;
03/08/2026 05:25;
03/08/2026 05:30;
03/08/2026 05:35;
03/08/2026 05:40;
03/08/2026 05:45;
03/08/2026 05:50;
03/08/2026 05:55;
03/08/2026 06:00;
03/08/2026 06:05;
03/08/2026 06:10;
03/08/2026 06:15;
03/08/2026 06:20;
03/08/2026 06:25;
03/08/2026 06:30;
03/08/2026 06:35;
03/08/2026 06:40;
03/08/2026 06:45;
03/08/2026 06:50;
03/08/2026 06:55;
03/08/2026 07:00;
03/08/2026 07:05;
03/08/2026 07:10;
03/08/2026 07:15;
03/08/2026 07:20;
03/08/2026 07:25;
03/08/2026 07:30;
03/08/2026 07:35;
03/08/2026 07:40;
03/08/2026 07:45;
03/08/2026 07:50;
03/08/2026 07:55;
03/08/2026 08:00;
03/08/2026 08:05;
03/08/2026 08:10;
03/08/2026 08:15;
03/08/2026 08:20;
03/08/2026 08:25;
03/08/2026 08:30;
03/08/2026 08:35;
03/08/2026 08:40;
03/08/2026 08:45;
03/08/2026 08:50;
03/08/2026 08:55;
03/08/2026 09:00;
03/08/2026 09:05;
03/08/2026 09:10;
03/08/2026 09:15;
03/08/2026 09:20;
03/08/2026 09:25;
03/08/2026 09:30;
03/08/2026 09:35;
03/08/2026 09:40;
03/08/2026 09:45;
03/08/2026 09:50;
03/08/2026 09:55;
03/08/2026 10:00;
03/08/2026 10:05;
03/08/2026 10:10;
03/08/2026 10:15;
03/08/2026 10:20;
03/08/2026 10:25;
03/08/2026 10:30;
03/08/2026 10:35;
03/08/2026 10:40;
03/08/2026 10:45;
03/08/2026 10:50;
03/08/2026 10:55;
03/08/2026 11:00;
03/08/2026 11:05;
03/08/2026 11:10;
03/08/2026 11:15;
03/08/2026 11:20;
03/08/2026 11:25;
03/08/2026 11:30;
03/08/2026 11:35;
03/08/2026 11:40;
03/08/2026 11:45;
03/08/2026 11:50;
03/08/2026 11:55;
03/08/2026 12:00;
03/08/2026 12:05;
03/08/2026 12:10;
03/08/2026 12:15;
03/08/2026 12:20;
03/08/2026 12:25;
03/08/2026 12:30;
03/08/2026 12:35;
03/08/2026 12:40;
03/08/2026 12:45;
03/08/2026 12:50;
03/08/2026 12:55;
03/08/2026 13:00;
03/08/2026 13:05;
03/08/2026 13:10;
03/08/2026 13:15;
03/08/2026 13:20;
03/08/2026 13:25;
03/08/2026 13:30;
03/08/2026 13:35;
03/08/2026 13:40;
03/08/2026 13:45;
03/08/2026 13:50;
03/08/2026 13:55;
03/08/2026 14:00;
03/08/2026 14:05;
03/08/2026 14:10;
03/08/2026 14:15;
03/08/2026 14:20;
03/08/2026 14:25;
03/08/2026 14:30;
03/08/2026 14:35;
03/08/2026 14:40;
03/08/2026 14:45;
03/08/2026 14:50;
03/08/2026 14:55;
03/08/2026 15:00;
03/08/2026 15:05;
03/08/2026 15:10;
03/08/2026 15:15;
03/08/2026 15:20;
03/08/2026 15:25;
03/08/2026 15:30;
03/08/2026 15:35;
03/08/2026 15:40;
03/08/2026 15:45;
03/08/2026 15:50;
03/08/2026 15:55;
03/08/2026 16:00;
03/08/2026 16:05;
03/08/2026 16:10;
03/08/2026 16:15;
03/08/2026 16:20;
03/08/2026 16:25;
03/08/2026 16:30;
03/08/2026 16:35;
03/08/2026 16:40;
03/08/2026 16:45;
03/08/2026 16:50;
03/08/2026 16:55;
03/08/2026 17:00;
03/08/2026 17:05;
03/08/2026 17:10;
03/08/2026 17:15;
03/08/2026 17:20;
03/08/2026 17:25;
03/08/2026 17:30;
03/08/2026 17:35;
03/08/2026 17:40;
03/08/2026 17:45;
03/08/2026 17:50;
03/08/2026 17:55;
03/08/2026 18:00;
03/08/2026 18:05;
03/08/2026 18:10;
03/08/2026 18:15;
03/08/2026 18:20;
03/08/2026 18:25;
03/08/2026 18:30;
03/08/2026 18:35;
03/08/2026 18:40;
03/08/2026 18:45;
03/08/2026 18:50;
03/08/2026 18:55;
03/08/2026 19:00;
03/08/2026 19:05;
03/08/2026 19:10;
03/08/2026 19:15;
03/08/2026 19:20;
03/08/2026 19:25;
03/08/2026 19:30;
03/08/2026 19:35;
03/08/2026 19:40;
03/08/2026 19:45;
03/08/2026 19:50;
03/08/2026 19:55;
03/08/2026 20:00;
03/08/2026 20:05;
03/08/2026 20:10;
03/08/2026 20:15;
03/08/2026 20:20;
03/08/2026 20:25;
03/08/2026 20:30;
03/08/2026 20:35;
03/08/2026 20:40;
03/08/2026 20:45;
03/08/2026 20:50;
03/08/2026 20:55;
03/08/2026 21:00;
03/08/2026 21:05;
03/08/2026 21:10;
03/08/2026 21:15;
03/08/2026 21:20;
03/08/2026 21:25;
03/08/2026 21:30;
03/08/2026 21:35;
03/08/2026 21:40;
03/08/2026 21:45;
03/08/2026 21:50;
03/08/2026 21:55;
03/08/2026 22:00;
03/08/2026 22:05;
03/08/2026 22:10;
03/08/2026 22:15;
03/08/2026 22:20;
03/08/2026 22:25;
03/08/2026 22:30;
03/08/2026 22:35;
03/08/2026 22:40;
03/08/2026 22:45;
03/08/2026 22:50;
03/08/2026 22:55;
03/08/2026 23:00;
03/08/2026 23:05;
03/08/2026 23:10;
03/08/2026 23:15;
03/08/2026 23:20;
03/08/2026 23:25;
03/08/2026 23:30;
03/08/2026 23:35;
03/08/2026 23:40;
03/08/2026 23:45;
03/08/2026 23:50;
03/08/2026 23:55;
04/08/2026 00:00;
04/08/2026 00:05;
04/08/2026 00:10;
04/08/2026 00:15;
04/08/2026 00:20;
04/08/2026 00:25;
04/08/2026 00:30;
04/08/2026 00:35;
04/08/2026 00:40;
04/08/2026 00:45;
04/08/2026 00:50;
04/08/2026 00:55;
04/08/2026 01:00;
04/08/2026 01:05;
04/08/2026 01:10;
04/08/2026 01:15;
04/08/2026 01:20;
04/08/2026 01:25;
04/08/2026 01:30;
04/08/2026 01:35;
04/08/2026 01:40;
04/08/2026 01:45;
04/08/2026 01:50;
04/08/2026 01:55;
04/08/2026 02:00;
04/08/2026 02:05;
04/08/2026 02:10;
04/08/2026 02:15;
04/08/2026 02:20;
04/08/2026 02:25;
04/08/2026 02:30;
04/08/2026 02:35;
04/08/2026 02:40;
04/08/2026 02:45;
04/08/2026 02:50;
04/08/2026 02:55;
04/08/2026 03:00;
04/08/2026 03:05;
04/08/2026 03:10;
04/08/2026 03:15;
04/08/2026 03:20;
04/08/2026 03:25;
04/08/2026 03:30;
04/08/2026 03:35;
04/08/2026 03:40;
04/08/2026 03:45;
04/08/2026 03:50;
04/08/2026 03:55;
04/08/2026 04:00;
04/08/2026 04:05;
04/08/2026 04:10;
04/08/2026 04:15;
04/08/2026 04:20;
04/08/2026 04:25;
04/08/2026 04:30;
04/08/2026 04:35;
04/08/2026 04:40;
04/08/2026 04:45;
04/08/2026 04:50;
04/08/2026 04:55;
04/08/2026 05:00;
04/08/2026 05:05;
04/08/2026 05:10;
04/08/2026 05:15;
04/08/2026 05:20;
04/08/2026 05:25;
04/08/2026 05:30;
04/08/2026 05:35;
04/08/2026 05:40;
04/08/2026 05:45;
04/08/2026 05:50;
04/08/2026 05:55;
04/08/2026 06:00;
04/08/2026 06:05;
04/08/2026 06:10;
04/08/2026 06:15;
04/08/2026 06:20;
04/08/2026 06:25;
04/08/2026 06:30;
04/08/2026 06:35;
04/08/2026 06:40;
04/08/2026 06:45;
04/08/2026 06:50;
04/08/2026 06:55;
04/08/2026 07:00;
04/08/2026 07:05;
04/08/2026 07:10;
04/08/2026 07:15;
04/08/2026 07:20;
04/08/2026 07:25;
04/08/2026 07:30;
04/08/2026 07:35;
04/08/2026 07:40;
04/08/2026 07:45;
04/08/2026 07:50;
04/08/2026 07:55;
04/08/2026 08:00;
04/08/2026 08:05;
04/08/2026 08:10;
04/08/2026 08:15;
04/08/2026 08:20;
04/08/2026 08:25;
04/08/2026 08:30;
04/08/2026 08:35;
04/08/2026 08:40;
04/08/2026 08:45;
04/08/2026 08:50;
04/08/2026 08:55;
04/08/2026 09:00;
04/08/2026 09:05;
04/08/2026 09:10;
04/08/2026 09:15;
04/08/2026 09:20;
04/08/2026 09:25;
04/08/2026 09:30;
04/08/2026 09:35;
04/08/2026 09:40;
04/08/2026 09:45;
04/08/2026 09:50;
04/08/2026 09:55;
04/08/2026 10:00;
04/08/2026 10:05;
04/08/2026 10:10;
04/08/2026 10:15;
04/08/2026 10:20;
04/08/2026 10:25;
04/08/2026 10:30;
04/08/2026 10:35;
04/08/2026 10:40;
04/08/2026 10:45;
04/08/2026 10:50;
04/08/2026 10:55;
04/08/2026 11:00;
04/08/2026 11:05;
04/08/2026 11:10;
04/08/2026 11:15;
04/08/2026 11:20;
04/08/2026 11:25;
04/08/2026 11:30;
04/08/2026 11:35;
04/08/2026 11:40;
04/08/2026 11:45;
04/08/2026 11:50;
04/08/2026 11:55;
04/08/2026 12:00;
04/08/2026 12:05;
04/08/2026 12:10;
04/08/2026 12:15;
04/08/2026 12:20;
04/08/2026 12:25;
04/08/2026 12:30;
04/08/2026 12:35;
04/08/2026 12:40;
04/08/2026 12:45;
04/08/2026 12:50;
04/08/2026 12:55;
04/08/2026 13:00;
04/08/2026 13:05;
04/08/2026 13:10;
04/08/2026 13:15;
04/08/2026 13:20;
04/08/2026 13:25;
04/08/2026 13:30;
04/08/2026 13:35;
04/08/2026 13:40;
04/08/2026 13:45;
04/08/2026 13:50;
04/08/2026 13:55;
04/08/2026 14:00;
04/08/2026 14:05;
04/08/2026 14:10;
04/08/2026 14:15;
04/08/2026 14:20;
04/08/2026 14:25;
04/08/2026 14:30;
04/08/2026 14:35;
04/08/2026 14:40;
04/08/2026 14:45;
04/08/2026 14:50;
04/08/2026 14:55;
04/08/2026 15:00;
04/08/2026 15:05;
04/08/2026 15:10;
04/08/2026 15:15;
04/08/2026 15:20;
04/08/2026 15:25;
04/08/2026 15:30;
04/08/2026 15:35;
04/08/2026 15:40;
04/08/2026 15:45;
04/08/2026 15:50;
04/08/2026 15:55;
04/08/2026 16:00;
04/08/2026 16:05;
04/08/2026 16:10;
04/08/2026 16:15;
04/08/2026 16:20;
04/08/2026 16:25;
04/08/2026 16:30;
04/08/2026 16:35;
04/08/2026 16:40;
04/08/2026 16:45;
04/08/2026 16:50;
04/08/2026 16:55;
04/08/2026 17:00;
04/08/2026 17:05;
04/08/2026 17:10;
04/08/2026 17:15;
04/08/2026 17:20;
04/08/2026 17:25;
04/08/2026 17:30;
04/08/2026 17:35;
04/08/2026 17:40;
04/08/2026 17:45;
04/08/2026 17:50;
04/08/2026 17:55;
04/08/2026 18:00;
04/08/2026 18:05;
04/08/2026 18:10;
04/08/2026 18:15;
04/08/2026 18:20;
04/08/2026 18:25;
04/08/2026 18:30;
04/08/2026 18:35;
04/08/2026 18:40;
04/08/2026 18:45;
04/08/2026 18:50;
04/08/2026 18:55;
04/08/2026 19:00;
04/08/2026 19:05;
04/08/2026 19:10;
04/08/2026 19:15;
04/08/2026 19:20;
04/08/2026 19:25;
04/08/2026 19:30;
04/08/2026 19:35;
04/08/2026 19:40;
04/08/2026 19:45;
04/08/2026 19:50;
04/08/2026 19:55;
04/08/2026 20:00;
04/08/2026 20:05;
04/08/2026 20:10;
04/08/2026 20:15;
04/08/2026 20:20;
04/08/2026 20:25;
04/08/2026 20:30;
04/08/2026 20:35;
04/08/2026 20:40;
04/08/2026 20:45;
04/08/2026 20:50;
04/08/2026 20:55;
04/08/2026 21:00;
04/08/2026 21:05;
04/08/2026 21:10;
04/08/2026 21:15;
04/08/2026 21:20;
04/08/2026 21:25;
04/08/2026 21:30;
04/08/2026 21:35;
04/08/2026 21:40;
04/08/2026 21:45;
04/08/2026 21:50;
04/08/2026 21:55;
04/08/2026 22:00;
04/08/2026 22:05;
04/08/2026 22:10;
04/08/2026 22:15;
04/08/2026 22:20;
04/08/2026 22:25;
04/08/2026 22:30;
04/08/2026 22:35;
04/08/2026 22:40;
04/08/2026 22:45;
04/08/2026 22:50;
04/08/2026 22:55;
04/08/2026 23:00;
04/08/2026 23:05;
04/08/2026 23:10;
04/08/2026 23:15;
04/08/2026 23:20;
04/08/2026 23:25;
04/08/2026 23:30;
04/08/2026 23:35;
04/08/2026 23:40;
04/08/2026 23:45;
04/08/2026 23:50;
04/08/2026 23:55;
05/08/2026 00:00;
05/08/2026 00:05;
05/08/2026 00:10;
05/08/2026 00:15;
05/08/2026 00:20;
05/08/2026 00:25;
05/08/2026 00:30;
05/08/2026 00:35;
05/08/2026 00:40;
05/08/2026 00:45;
05/08/2026 00:50;
05/08/2026 00:55;
05/08/2026 01:00;
05/08/2026 01:05;
05/08/2026 01:10;
05/08/2026 01:15;
05/08/2026 01:20;
05/08/2026 01:25;
05/08/2026 01:30;
05/08/2026 01:35;
05/08/2026 01:40;
05/08/2026 01:45;
05/08/2026 01:50;
05/08/2026 01:55;
05/08/2026 02:00;
05/08/2026 02:05;
05/08/2026 02:10;
05/08/2026 02:15;
05/08/2026 02:20;
05/08/2026 02:25;
05/08/2026 02:30;
05/08/2026 02:35;
05/08/2026 02:40;
05/08/2026 02:45;
05/08/2026 02:50;
05/08/2026 02:55;
05/08/2026 03:00;
05/08/2026 03:05;
05/08/2026 03:10;
05/08/2026 03:15;
05/08/2026 03:20;
05/08/2026 03:25;
05/08/2026 03:30;
05/08/2026 03:35;
05/08/2026 03:40;
05/08/2026 03:45;
05/08/2026 03:50;
05/08/2026 03:55;
05/08/2026 04:00;
05/08/2026 04:05;
05/08/2026 04:10;
05/08/2026 04:15;
05/08/2026 04:20;
05/08/2026 04:25;
05/08/2026 04:30;
05/08/2026 04:35;
05/08/2026 04:40;
05/08/2026 04:45;
05/08/2026 04:50;
05/08/2026 04:55;
05/08/2026 05:00;
05/08/2026 05:05;
05/08/2026 05:10;
05/08/2026 05:15;
05/08/2026 05:20;
05/08/2026 05:25;
05/08/2026 05:30;
05/08/2026 05:35;
05/08/2026 05:40;
05/08/2026 05:45;
05/08/2026 05:50;
05/08/2026 05:55;
05/08/2026 06:00;
05/08/2026 06:05;
05/08/2026 06:10;
05/08/2026 06:15;
05/08/2026 06:20;
05/08/2026 06:25;
05/08/2026 06:30;
05/08/2026 06:35;
05/08/2026 06:40;
05/08/2026 06:45;
05/08/2026 06:50;
05/08/2026 06:55;
05/08/2026 07:00;
05/08/2026 07:05;
05/08/2026 07:10;
05/08/2026 07:15;
05/08/2026 07:20;
05/08/2026 07:25;
05/08/2026 07:30;
05/08/2026 07:35;
05/08/2026 07:40;
05/08/2026 07:45;
05/08/2026 07:50;
05/08/2026 07:55;
05/08/2026 08:00;
05/08/2026 08:05;
05/08/2026 08:10;
05/08/2026 08:15;
05/08/2026 08:20;
05/08/2026 08:25;
05/08/2026 08:30;
05/08/2026 08:35;
05/08/2026 08:40;
05/08/2026 08:45;
05/08/2026 08:50;
05/08/2026 08:55;
05/08/2026 09:00;
05/08/2026 09:05;
05/08/2026 09:10;
05/08/2026 09:15;
05/08/2026 09:20;
05/08/2026 09:25;
05/08/2026 09:30;
05/08/2026 09:35;
05/08/2026 09:40;
05/08/2026 09:45;
05/08/2026 09:50;
05/08/2026 09:55;
05/08/2026 10:00;
05/08/2026 10:05;
05/08/2026 10:10;
05/08/2026 10:15;
05/08/2026 10:20;
05/08/2026 10:25;
05/08/2026 10:30;
05/08/2026 10:35;
05/08/2026 10:40;
05/08/2026 10:45;
05/08/2026 10:50;
05/08/2026 10:55;
05/08/2026 11:00;
05/08/2026 11:05;
05/08/2026 11:10;
05/08/2026 11:15;
05/08/2026 11:20;
05/08/2026 11:25;
05/08/2026 11:30;
05/08/2026 11:35;
05/08/2026 11:40;
05/08/2026 11:45;
05/08/2026 11:50;
05/08/2026 11:55;
05/08/2026 12:00;
05/08/2026 12:05;
05/08/2026 12:10;
05/08/2026 12:15;
05/08/2026 12:20;
05/08/2026 12:25;
05/08/2026 12:30;
05/08/2026 12:35;
05/08/2026 12:40;
05/08/2026 12:45;
05/08/2026 12:50;
05/08/2026 12:55;
05/08/2026 13:00;
05/08/2026 13:05;
05/08/2026 13:10;
05/08/2026 13:15;
05/08/2026 13:20;
05/08/2026 13:25;
05/08/2026 13:30;
05/08/2026 13:35;
05/08/2026 13:40;
05/08/2026 13:45;
05/08/2026 13:50;
05/08/2026 13:55;
05/08/2026 14:00;
05/08/2026 14:05;
05/08/2026 14:10;
05/08/2026 14:15;
05/08/2026 14:20;
05/08/2026 14:25;
05/08/2026 14:30;
05/08/2026 14:35;
05/08/2026 14:40;
05/08/2026 14:45;
05/08/2026 14:50;
05/08/2026 14:55;
05/08/2026 15:00;
05/08/2026 15:05;
05/08/2026 15:10;
05/08/2026 15:15;
05/08/2026 15:20;
05/08/2026 15:25;
05/08/2026 15:30;
05/08/2026 15:35;
05/08/2026 15:40;
05/08/2026 15:45;
05/08/2026 15:50;
05/08/2026 15:55;
05/08/2026 16:00;
05/08/2026 16:05;
05/08/2026 16:10;
05/08/2026 16:15;
05/08/2026 16:20;
05/08/2026 16:25;
05/08/2026 16:30;
05/08/2026 16:35;
05/08/2026 16:40;
05/08/2026 16:45;
05/08/2026 16:50;
05/08/2026 16:55;
05/08/2026 17:00;
05/08/2026 17:05;
05/08/2026 17:10;
05/08/2026 17:15;
05/08/2026 17:20;
05/08/2026 17:25;
05/08/2026 17:30;
05/08/2026 17:35;
05/08/2026 17:40;
05/08/2026 17:45;
05/08/2026 17:50;
05/08/2026 17:55;
05/08/2026 18:00;
05/08/2026 18:05;
05/08/2026 18:10;
05/08/2026 18:15;
05/08/2026 18:20;
05/08/2026 18:25;
05/08/2026 18:30;
05/08/2026 18:35;
05/08/2026 18:40;
05/08/2026 18:45;
05/08/2026 18:50;
05/08/2026 18:55;
05/08/2026 19:00;
05/08/2026 19:05;
05/08/2026 19:10;
05/08/2026 19:15;
05/08/2026 19:20;
05/08/2026 19:25;
05/08/2026 19:30;
05/08/2026 19:35;
05/08/2026 19:40;
05/08/2026 19:45;
05/08/2026 19:50;
05/08/2026 19:55;
05/08/2026 20:00;
05/08/2026 20:05;
05/08/2026 20:10;
05/08/2026 20:15;
05/08/2026 20:20;
05/08/2026 20:25;
05/08/2026 20:30;
05/08/2026 20:35;
05/08/2026 20:40;
05/08/2026 20:45;
05/08/2026 20:50;
05/08/2026 20:55;
05/08/2026 21:00;
05/08/2026 21:05;
05/08/2026 21:10;
05/08/2026 21:15;
05/08/2026 21:20;
05/08/2026 21:25;
05/08/2026 21:30;
05/08/2026 21:35;
05/08/2026 21:40;
05/08/2026 21:45;
05/08/2026 21:50;
05/08/2026 21:55;
05/08/2026 22:00;
05/08/2026 22:05;
05/08/2026 22:10;
05/08/2026 22:15;
05/08/2026 22:20;
05/08/2026 22:25;
05/08/2026 22:30;
05/08/2026 22:35;
05/08/2026 22:40;
05/08/2026 22:45;
05/08/2026 22:50;
05/08/2026 22:55;
05/08/2026 23:00;
05/08/2026 23:05;
05/08/2026 23:10;
05/08/2026 23:15;
05/08/2026 23:20;
05/08/2026 23:25;
05/08/2026 23:30;
05/08/2026 23:35;
05/08/2026 23:40;
05/08/2026 23:45;
05/08/2026 23:50;
05/08/2026 23:55;
06/08/2026 00:00;
06/08/2026 00:05;
06/08/2026 00:10;
06/08/2026 00:15;
06/08/2026 00:20;
06/08/2026 00:25;
06/08/2026 00:30;
06/08/2026 00:35;
06/08/2026 00:40;
06/08/2026 00:45;
06/08/2026 00:50;
06/08/2026 00:55;
06/08/2026 01:00;
06/08/2026 01:05;
06/08/2026 01:10;
06/08/2026 01:15;
06/08/2026 01:20;
06/08/2026 01:25;
06/08/2026 01:30;
06/08/2026 01:35;
06/08/2026 01:40;
06/08/2026 01:45;
06/08/2026 01:50;
06/08/2026 01:55;
06/08/2026 02:00;
06/08/2026 02:05;
06/08/2026 02:10;
06/08/2026 02:15;
06/08/2026 02:20;
06/08/2026 02:25;
06/08/2026 02:30;
06/08/2026 02:35;
06/08/2026 02:40;
06/08/2026 02:45;
06/08/2026 02:50;
06/08/2026 02:55;
06/08/2026 03:00;
06/08/2026 03:05;
06/08/2026 03:10;
06/08/2026 03:15;
06/08/2026 03:20;
06/08/2026 03:25;
06/08/2026 03:30;
06/08/2026 03:35;
06/08/2026 03:40;
06/08/2026 03:45;
06/08/2026 03:50;
06/08/2026 03:55;
06/08/2026 04:00;
06/08/2026 04:05;
06/08/2026 04:10;
06/08/2026 04:15;
06/08/2026 04:20;
06/08/2026 04:25;
06/08/2026 04:30;
06/08/2026 04:35;
06/08/2026 04:40;
06/08/2026 04:45;
06/08/2026 04:50;
06/08/2026 04:55;
06/08/2026 05:00;
06/08/2026 05:05;
06/08/2026 05:10;
06/08/2026 05:15;
06/08/2026 05:20;
06/08/2026 05:25;
06/08/2026 05:30;
06/08/2026 05:35;
06/08/2026 05:40;
06/08/2026 05:45;
06/08/2026 05:50;
06/08/2026 05:55;
06/08/2026 06:00;
06/08/2026 06:05;
06/08/2026 06:10;
06/08/2026 06:15;
06/08/2026 06:20;
06/08/2026 06:25;
06/08/2026 06:30;
06/08/2026 06:35;
06/08/2026 06:40;
06/08/2026 06:45;
06/08/2026 06:50;
06/08/2026 06:55;
06/08/2026 07:00;
06/08/2026 07:05;
06/08/2026 07:10;
06/08/2026 07:15;
06/08/2026 07:20;
06/08/2026 07:25;
06/08/2026 07:30;
06/08/2026 07:35;
06/08/2026 07:40;
06/08/2026 07:45;
06/08/2026 07:50;
06/08/2026 07:55;
06/08/2026 08:00;
06/08/2026 08:05;
06/08/2026 08:10;
06/08/2026 08:15;
06/08/2026 08:20;
06/08/2026 08:25;
06/08/2026 08:30;
06/08/2026 08:35;
06/08/2026 08:40;
06/08/2026 08:45;
06/08/2026 08:50;
06/08/2026 08:55;
06/08/2026 09:00;
06/08/2026 09:05;
06/08/2026 09:10;
06/08/2026 09:15;
06/08/2026 09:20;
06/08/2026 09:25;
06/08/2026 09:30;
06/08/2026 09:35;
06/08/2026 09:40;
06/08/2026 09:45;
06/08/2026 09:50;
06/08/2026 09:55;
06/08/2026 10:00;
06/08/2026 10:05;
06/08/2026 10:10;
06/08/2026 10:15;
06/08/2026 10:20;
06/08/2026 10:25;
06/08/2026 10:30;
06/08/2026 10:35;
06/08/2026 10:40;
06/08/2026 10:45;
06/08/2026 10:50;
06/08/2026 10:55;
06/08/2026 11:00;
06/08/2026 11:05;
06/08/2026 11:10;
06/08/2026 11:15;
06/08/2026 11:20;
06/08/2026 11:25;
06/08/2026 11:30;
06/08/2026 11:35;6,46
06/08/2026 11:40;6,47
06/08/2026 11:45;6,47
06/08/2026 11:50;6,48
06/08/2026 11:55;6,49
06/08/2026 12:00;6,51
06/08/2026 12:05;6,51
06/08/2026 12:10;6,53
06/08/2026 12:15;6,54
06/08/2026 12:20;6,55
06/08/2026 12:25;6,56
06/08/2026 12:30;6,57
06/08/2026 12:35;6,58
06/08/2026 12:40;6,6
06/08/2026 12:45;6,61
06/08/2026 12:50;6,63
06/08/2026 12:55;6,64
06/08/2026 13:00;6,65
06/08/2026 13:05;6,66
06/08/2026 13:10;6,68
06/08/2026 13:15;6,69
06/08/2026 13:20;6,71
06/08/2026 13:25;6,72
06/08/2026 13:30;6,75
06/08/2026 13:35;6,76
06/08/2026 13:40;6,78
06/08/2026 13:45;6,79
06/08/2026 13:50;6,82
06/08/2026 13:55;6,83
06/08/2026 14:00;6,86
06/08/2026 14:05;6,88
06/08/2026 14:10;6,9
06/08/2026 14:15;6,92
06/08/2026 14:20;6,94
06/08/2026 14:25;6,95
06/08/2026 14:30;6,98
06/08/2026 14:35;7,0
06/08/2026 14:40;7,03
06/08/2026 14:45;7,04
06/08/2026 14:50;7,06
06/08/2026 14:55;7,08
06/08/2026 15:00;7,11
06/08/2026 15:05;7,12
06/08/2026 15:10;7,16
06/08/2026 15:15;7,18
06/08/2026 15:20;7,2
06/08/2026 15:25;7,23
06/08/2026 15:30;7,26
06/08/2026 15:35;7,28
06/08/2026 15:40;7,32
06/08/2026 15:45;7,34
06/08/2026 15:50;7,37
06/08/2026 15:55;7,4
06/08/2026 16:00;7,43
06/08/2026 16:05;7,46
06/08/2026 16:10;7,5
06/08/2026 16:15;7,52
06/08/2026 16:20;7,56
06/08/2026 16:25;7,59
06/08/2026 16:30;7,63
06/08/2026 16:35;7,66
06/08/2026 16:40;7,7
06/08/2026 16:45;7,72
06/08/2026 16:50;7,76
06/08/2026 16:55;7,79
06/08/2026 17:00;7,83
06/08/2026 17:05;7,86
06/08/2026 17:10;7,89
06/08/2026 17:15;7,93
06/08/2026 17:20;7,97
06/08/2026 17:25;7,99
06/08/2026 17:30;8,03
06/08/2026 17:35;8,06
06/08/2026 17:40;8,1
06/08/2026 17:45;8,12
06/08/2026 17:50;8,16
06/08/2026 17:55;8,18
06/08/2026 18:00;8,21
06/08/2026 18:05;8,23
06/08/2026 18:10;8,26
06/08/2026 18:15;8,28
06/08/2026 18:20;8,31
06/08/2026 18:25;8,33
06/08/2026 18:30;8,36
06/08/2026 18:35;8,36
06/08/2026 18:40;8,39
06/08/2026 18:45;8,41
06/08/2026 18:50;8,42
06/08/2026 18:55;8,44
06/08/2026 19:00;8,45
06/08/2026 19:05;8,46
06/08/2026 19:10;8,48
06/08/2026 19:15;8,48
06/08/2026 19:20;8,49
06/08/2026 19:25;8,5
06/08/2026 19:30;8,51
06/08/2026 19:35;8,51
06/08/2026 19:40;8,51
06/08/2026 19:45;8,52
06/08/2026 19:50;8,52
06/08/2026 19:55;8,52
06/08/2026 20:00;8,51
06/08/2026 20:05;8,51
06/08/2026 20:10;8,51
06/08/2026 20:15;8,5
06/08/2026 20:20;8,49
06/08/2026 20:25;8,49
06/08/2026 20:30;8,48
06/08/2026 20:35;8,47
06/08/2026 20:40;8,46
06/08/2026 20:45;8,45
06/08/2026 20:50;8,44
06/08/2026 20:55;8,43
06/08/2026 21:00;8,42
06/08/2026 21:05;8,4
06/08/2026 21:10;8,38
06/08/2026 21:15;8,37
06/08/2026 21:20;8,36
06/08/2026 21:25;8,34
06/08/2026 21:30;8,31
06/08/2026 21:35;8,3
06/08/2026 21:40;8,27
06/08/2026 21:45;8,26
06/08/2026 21:50;8,24
06/08/2026 21:55;8,22
06/08/2026 22:00;8,2
06/08/2026 22:05;8,18
06/08/2026 22:10;8,16
06/08/2026 22:15;8,14
06/08/2026 22:20;8,13
06/08/2026 22:25;8,11
06/08/2026 22:30;8,09
06/08/2026 22:35;8,07
06/08/2026 22:40;8,04
06/08/2026 22:45;8,03
06/08/2026 22:50;8,0
06/08/2026 22:55;7,99
06/08/2026 23:00;7,96
06/08/2026 23:05;7,94
06/08/2026 23:10;7,92
06/08/2026 23:15;7,9
06/08/2026 23:20;7,87
06/08/2026 23:25;7,86
06/08/2026 23:30;7,83
06/08/2026 23:35;7,81
06/08/2026 23:40;7,79
06/08/2026 23:45;7,77
06/08/2026 23:50;7,74
06/08/2026 23:55;7,72
07/08/2026 00:00;7,69
07/08/2026 00:05;7,67
07/08/2026 00:10;7,64
07/08/2026 00:15;7,62
07/08/2026 00:20;7,59
07/08/2026 00:25;7,57
07/08/2026 00:30;7,54
07/08/2026 00:35;7,52
07/08/2026 00:40;7,49
07/08/2026 00:45;7,47
07/08/2026 00:50;7,44
07/08/2026 00:55;7,42
07/08/2026 01:00;7,38
07/08/2026 01:05;7,36
07/08/2026 01:10;7,33
07/08/2026 01:15;7,31
07/08/2026 01:20;7,27
07/08/2026 01:25;7,25
07/08/2026 01:30;7,22
07/08/2026 01:35;7,2
07/08/2026 01:40;7,16
07/08/2026 01:45;7,14
07/08/2026 01:50;7,1
07/08/2026 01:55;7,08
07/08/2026 02:00;7,05
07/08/2026 02:05;7,03
07/08/2026 02:10;6,99
07/08/2026 02:15;6,97
07/08/2026 02:20;6,93
07/08/2026 02:25;6,91
07/08/2026 02:30;6,88
07/08/2026 02:35;6,85
07/08/2026 02:40;6,82
07/08/2026 02:45;6,8
07/08/2026 02:50;6,77
07/08/2026 02:55;6,75
07/08/2026 03:00;6,72
07/08/2026 03:05;6,69
07/08/2026 03:10;6,67
07/08/2026 03:15;6,66
07/08/2026 03:20;6,63
07/08/2026 03:25;6,61
07/08/2026 03:30;6,59
07/08/2026 03:35;6,57
07/08/2026 03:40;6,54
07/08/2026 03:45;6,52
07/08/2026 03:50;6,5
07/08/2026 03:55;6,48
07/08/2026 04:00;6,46
07/08/2026 04:05;6,44
07/08/2026 04:10;6,42
07/08/2026 04:15;6,41
07/08/2026 04:20;6,39
07/08/2026 04:25;6,38
07/08/2026 04:30;6,36
07/08/2026 04:35;6,34
07/08/2026 04:40;6,32
07/08/2026 04:45;6,31
07/08/2026 04:50;6,29
07/08/2026 04:55;6,28
07/08/2026 05:00;6,26
07/08/2026 05:05;6,25
07/08/2026 05:10;6,23
07/08/2026 05:15;6,22
07/08/2026 05:20;6,21
07/08/2026 05:25;6,2
07/08/2026 05:30;6,18
07/08/2026 05:35;6,15
07/08/2026 05:40;6,14
07/08/2026 05:45;6,14
07/08/2026 05:50;6,13
07/08/2026 05:55;6,13
07/08/2026 06:00;6,12
07/08/2026 06:05;6,12
07/08/2026 06:10;6,11
07/08/2026 06:15;6,11
07/08/2026 06:20;6,1
07/08/2026 06:25;6,1
07/08/2026 06:30;6,1
07/08/2026 06:35;6,1
07/08/2026 06:40;6,09
07/08/2026 06:45;6,09
07/08/2026 06:50;6,09
07/08/2026 06:55;6,08
07/08/2026 07:00;6,08
07/08/2026 07:05;6,08
07/08/2026 07:10;6,08
07/08/2026 07:15;6,08
07/08/2026 07:20;6,08
07/08/2026 07:25;6,07
07/08/2026 07:30;6,08
07/08/2026 07:35;6,07
07/08/2026 07:40;6,07
07/08/2026 07:45;6,07
07/08/2026 07:50;6,08
07/08/2026 07:55;6,08
07/08/2026 08:00;6,07
07/08/2026 08:05;6,08
07/08/2026 08:10;6,08
07/08/2026 08:15;6,08
07/08/2026 08:20;6,09
07/08/2026 08:25;6,09
07/08/2026 08:30;6,1
07/08/2026 08:35;6,1
07/08/2026 08:40;6,1
07/08/2026 08:45;6,1
07/08/2026 08:50;6,11
07/08/2026 08:55;6,12
07/08/2026 09:00;6,12
07/08/2026 09:05;6,13
07/08/2026 09:10;6,14
07/08/2026 09:15;6,14
07/08/2026 09:20;6,14
07/08/2026 09:25;6,14
07/08/2026 09:30;6,14
07/08/2026 09:35;6,14
07/08/2026 09:40;6,14
07/08/2026 09:45;6,14
07/08/2026 09:50;6,14
07/08/2026 09:55;6,15
07/08/2026 10:00;6,15
07/08/2026 10:05;6,16
07/08/2026 10:10;6,17
07/08/2026 10:15;6,17
07/08/2026 10:20;6,18
07/08/2026 10:25;6,18
07/08/2026 10:30;6,19
07/08/2026 10:35;6,19
07/08/2026 10:40;6,2
07/08/2026 10:45;6,2
07/08/2026 10:50;6,21
07/08/2026 10:55;6,22
07/08/2026 11:00;6,23
07/08/2026 11:05;6,24
07/08/2026 11:10;6,24
07/08/2026 11:15;6,25
07/08/2026 11:20;6,26
07/08/2026 11:25;6,26
07/08/2026 11:30;6,27
07/08/2026 11:35;6,28
07/08/2026 11:40;6,29
07/08/2026 11:45;6,29
07/08/2026 11:50;6,29
07/08/2026 11:55;6,29
07/08/2026 12:00;6,3
07/08/2026 12:05;6,3
07/08/2026 12:10;6,31
07/08/2026 12:15;6,32
07/08/2026 12:20;6,33
07/08/2026 12:25;6,34
07/08/2026 12:30;6,35
07/08/2026 12:35;6,36
07/08/2026 12:40;6,38
07/08/2026 12:45;6,39
07/08/2026 12:50;6,4
07/08/2026 12:55;6,41
07/08/2026 13:00;6,42
07/08/2026 13:05;6,43
07/08/2026 13:10;6,44
07/08/2026 13:15;6,45
07/08/2026 13:20;6,47
07/08/2026 13:25;6,49
07/08/2026 13:30;6,51
07/08/2026 13:35;6,52
07/08/2026 13:40;6,54
07/08/2026 13:45;6,56
07/08/2026 13:50;6,58
07/08/2026 13:55;6,67
07/08/2026 14:00;6,67
07/08/2026 14:05;6,65
07/08/2026 14:10;6,68
07/08/2026 14:15;6,68
07/08/2026 14:20;6,68
07/08/2026 14:25;6,68
07/08/2026 14:30;6,71
07/08/2026 14:35;6,73
07/08/2026 14:40;6,74
07/08/2026 14:45;6,76
07/08/2026 14:50;6,78
07/08/2026 14:55;6,81
07/08/2026 15:00;6,82
07/08/2026 15:05;6,84
07/08/2026 15:10;6,87
07/08/2026 15:15;6,89
07/08/2026 15:20;6,91
07/08/2026 15:25;6,93
07/08/2026 15:30;6,96
07/08/2026 15:35;6,97
07/08/2026 15:40;7,0
07/08/2026 15:45;7,01
07/08/2026 15:50;7,03
07/08/2026 15:55;7,05
07/08/2026 16:00;7,08
07/08/2026 16:05;7,09
07/08/2026 16:10;7,12
07/08/2026 16:15;7,13
07/08/2026 16:20;7,15
07/08/2026 16:25;7,17
07/08/2026 16:30;7,2
07/08/2026 16:35;7,21
07/08/2026 16:40;7,24
07/08/2026 16:45;7,26
07/08/2026 16:50;7,3
07/08/2026 16:55;7,32
07/08/2026 17:00;7,35
07/08/2026 17:05;7,37
07/08/2026 17:10;7,4
07/08/2026 17:15;7,42
07/08/2026 17:20;7,45
07/08/2026 17:25;7,48
07/08/2026 17:30;7,51
07/08/2026 17:35;7,52
07/08/2026 17:40;7,55
07/08/2026 17:45;7,56
07/08/2026 17:50;7,59
07/08/2026 17:55;7,62
07/08/2026 18:00;7,64
07/08/2026 18:05;7,66
07/08/2026 18:10;7,67
07/08/2026 18:15;7,69
07/08/2026 18:20;7,71
07/08/2026 18:25;7,72
07/08/2026 18:30;7,74
07/08/2026 18:35;7,76
07/08/2026 18:40;7,77
07/08/2026 18:45;7,79
07/08/2026 18:50;7,81
07/08/2026 18:55;7,81
07/08/2026 19:00;7,83
07/08/2026 19:05;7,84
07/08/2026 19:10;7,86
07/08/2026 19:15;7,87
07/08/2026 19:20;7,89
07/08/2026 19:25;7,91
07/08/2026 19:30;7,92
07/08/2026 19:35;7,93
07/08/2026 19:40;7,95
07/08/2026 19:45;7,96
07/08/2026 19:50;7,98
07/08/2026 19:55;7,99
07/08/2026 20:00;8,0
07/08/2026 20:05;8,01
07/08/2026 20:10;8,02
07/08/2026 20:15;8,03
07/08/2026 20:20;8,04
07/08/2026 20:25;8,04
07/08/2026 20:30;8,05
07/08/2026 20:35;8,05
07/08/2026 20:40;8,05
07/08/2026 20:45;8,05
07/08/2026 20:50;8,06
07/08/2026 20:55;8,06
07/08/2026 21:00;8,05
07/08/2026 21:05;8,05
07/08/2026 21:10;8,04
07/08/2026 21:15;8,05
07/08/2026 21:20;8,04
07/08/2026 21:25;8,03
07/08/2026 21:30;8,03
07/08/2026 21:35;8,02
07/08/2026 21:40;8,01
07/08/2026 21:45;8,01
07/08/2026 21:50;8,0
07/08/2026 21:55;7,99
07/08/2026 22:00;7,99
07/08/2026 22:05;7,98
07/08/2026 22:10;7,98
07/08/2026 22:15;7,96
07/08/2026 22:20;7,96
07/08/2026 22:25;7,95
07/08/2026 22:30;7,94
07/08/2026 22:35;7,93
07/08/2026 22:40;7,91
07/08/2026 22:45;7,9
07/08/2026 22:50;7,89
07/08/2026 22:55;7,88
07/08/2026 23:00;7,86
07/08/2026 23:05;7,85
07/08/2026 23:10;7,84
07/08/2026 23:15;7,83
07/08/2026 23:20;7,81
07/08/2026 23:25;7,8
07/08/2026 23:30;7,78
07/08/2026 23:35;7,77
07/08/2026 23:40;7,74
07/08/2026 23:45;7,73
07/08/2026 23:50;7,7
07/08/2026 23:55;7,69
08/08/2026 00:00;7,66
08/08/2026 00:05;7,65
08/08/2026 00:10;7,63
08/08/2026 00:15;7,61
08/08/2026 00:20;7,59
08/08/2026 00:25;7,58
08/08/2026 00:30;7,55
08/08/2026 00:35;7,54
08/08/2026 00:40;7,52
08/08/2026 00:45;7,5
08/08/2026 00:50;7,48
08/08/2026 00:55;7,47
08/08/2026 01:00;7,45
08/08/2026 01:05;7,43
08/08/2026 01:10;7,41
08/08/2026 01:15;7,39
08/08/2026 01:20;7,37
08/08/2026 01:25;7,35
08/08/2026 01:30;7,33
08/08/2026 01:35;7,32
08/08/2026 01:40;7,3
08/08/2026 01:45;7,28
08/08/2026 01:50;7,25
08/08/2026 01:55;7,24
08/08/2026 02:00;7,21
08/08/2026 02:05;7,2
08/08/2026 02:10;7,17
08/08/2026 02:15;7,16
08/08/2026 02:20;7,14
08/08/2026 02:25;7,12
08/08/2026 02:30;7,09
08/08/2026 02:35;7,08
08/08/2026 02:40;7,05
08/08/2026 02:45;7,03
08/08/2026 02:50;7,01
08/08/2026 02:55;7,0
08/08/2026 03:00;6,97
08/08/2026 03:05;6,95
08/08/2026 03:10;6,93
08/08/2026 03:15;6,91
08/08/2026 03:20;6,89
08/08/2026 03:25;6,87
08/08/2026 03:30;6,86
08/08/2026 03:35;6,84
08/08/2026 03:40;6,82
08/08/2026 03:45;6,81
08/08/2026 03:50;6,78
08/08/2026 03:55;6,76
08/08/2026 04:00;6,74
08/08/2026 04:05;6,73
08/08/2026 04:10;6,72
08/08/2026 04:15;6,7
08/08/2026 04:20;6,68
08/08/2026 04:25;6,67
08/08/2026 04:30;6,65
08/08/2026 04:35;6,64
08/08/2026 04:40;6,62
08/08/2026 04:45;6,61
08/08/2026 04:50;6,59
08/08/2026 04:55;6,58
08/08/2026 05:00;6,57
08/08/2026 05:05;6,56
08/08/2026 05:10;6,54
08/08/2026 05:15;6,53
08/08/2026 05:20;6,52
08/08/2026 05:25;6,51
08/08/2026 05:30;6,49
08/08/2026 05:35;6,48
08/08/2026 05:40;6,47
08/08/2026 05:45;6,46
08/08/2026 05:50;6,45
08/08/2026 05:55;6,45
08/08/2026 06:00;6,43
08/08/2026 06:05;6,42
08/08/2026 06:10;6,41
08/08/2026 06:15;6,4
08/08/2026 06:20;6,39
08/08/2026 06:25;6,39
08/08/2026 06:30;6,38
08/08/2026 06:35;6,37
08/08/2026 06:40;6,37
08/08/2026 06:45;6,36
08/08/2026 06:50;6,38
08/08/2026 06:55;6,39
08/08/2026 07:00;6,39
08/08/2026 07:05;6,39
08/08/2026 07:10;6,38
08/08/2026 07:15;6,37
08/08/2026 07:20;6,36
08/08/2026 07:25;6,35
08/08/2026 07:30;6,34
08/08/2026 07:35;6,33
08/08/2026 07:40;6,33
08/08/2026 07:45;6,32
08/08/2026 07:50;6,31
08/08/2026 07:55;6,31
08/08/2026 08:00;6,31
08/08/2026 08:05;6,31
08/08/2026 08:10;6,31
08/08/2026 08:15;6,3
08/08/2026 08:20;6,31
08/08/2026 08:25;6,32
08/08/2026 08:30;6,32
08/08/2026 08:35;6,32
08/08/2026 08:40;6,32
08/08/2026 08:45;6,31
08/08/2026 08:50;6,31
08/08/2026 08:55;6,3
08/08/2026 09:00;6,3
08/08/2026 09:05;6,29
08/08/2026 09:10;6,3
08/08/2026 09:15;6,3
08/08/2026 09:20;6,31
08/08/2026 09:25;6,31
08/08/2026 09:30;6,32
08/08/2026 09:35;6,33
08/08/2026 09:40;6,34
08/08/2026 09:45;6,35
08/08/2026 09:50;6,35
08/08/2026 09:55;6,35
08/08/2026 10:00;6,36
08/08/2026 10:05;6,37
08/08/2026 10:10;6,38
08/08/2026 10:15;6,38
08/08/2026 10:20;6,38
08/08/2026 10:25;6,38
08/08/2026 10:30;6,39
08/08/2026 10:35;6,4
08/08/2026 10:40;6,41
08/08/2026 10:45;6,42
08/08/2026 10:50;6,43
08/08/2026 10:55;6,44
08/08/2026 11:00;6,45
08/08/2026 11:05;6,46
08/08/2026 11:10;6,47
08/08/2026 11:15;6,48
08/08/2026 11:20;6,5
08/08/2026 11:25;6,5
08/08/2026 11:30;6,52
08/08/2026 11:35;6,52
08/08/2026 11:40;6,53
08/08/2026 11:45;6,55
08/08/2026 11:50;6,56
08/08/2026 11:55;6,57
08/08/2026 12:00;6,59
08/08/2026 12:05;6,59
08/08/2026 12:10;6,61
08/08/2026 12:15;6,62
08/08/2026 12:20;6,63
08/08/2026 12:25;6,64
08/08/2026 12:30;6,65
08/08/2026 12:35;6,66
08/08/2026 12:40;6,67
08/08/2026 12:45;6,67
08/08/2026 12:50;6,69
08/08/2026 12:55;6,69
08/08/2026 13:00;6,72
08/08/2026 13:05;6,72
08/08/2026 13:10;6,74
08/08/2026 13:15;6,75
08/08/2026 13:20;6,77
08/08/2026 13:25;6,78
08/08/2026 13:30;6,8
08/08/2026 13:35;6,81
08/08/2026 13:40;6,82
08/08/2026 13:45;6,83
08/08/2026 13:50;6,86
08/08/2026 13:55;6,87
08/08/2026 14:00;6,88
08/08/2026 14:05;6,9
08/08/2026 14:10;6,91
08/08/2026 14:15;6,92
08/08/2026 14:20;6,94
08/08/2026 14:25;6,95
08/08/2026 14:30;6,96
08/08/2026 14:35;6,97
08/08/2026 14:40;6,99
08/08/2026 14:45;6,99
08/08/2026 14:50;7,0
08/08/2026 14:55;7,03
08/08/2026 15:00;7,04
08/08/2026 15:05;7,05
08/08/2026 15:10;7,07
08/08/2026 15:15;7,07
08/08/2026 15:20;7,09
08/08/2026 15:25;7,1
08/08/2026 15:30;7,12
08/08/2026 15:35;7,13
08/08/2026 15:40;7,15
08/08/2026 15:45;7,16
08/08/2026 15:50;7,18
08/08/2026 15:55;7,19
08/08/2026 16:00;7,22
08/08/2026 16:05;7,23
08/08/2026 16:10;7,26
08/08/2026 16:15;7,27
08/08/2026 16:20;7,3
08/08/2026 16:25;7,31
08/08/2026 16:30;7,33
08/08/2026 16:35;7,35
08/08/2026 16:40;7,37
08/08/2026 16:45;7,38
08/08/2026 16:50;7,4
08/08/2026 16:55;7,43
08/08/2026 17:00;7,46
08/08/2026 17:05;7,47
08/08/2026 17:10;7,5
08/08/2026 17:15;7,52
08/08/2026 17:20;7,56
08/08/2026 17:25;7,58
08/08/2026 17:30;7,61
08/08/2026 17:35;7,63
08/08/2026 17:40;7,66
08/08/2026 17:45;7,69
08/08/2026 17:50;7,73
08/08/2026 17:55;7,76
08/08/2026 18:00;7,79
08/08/2026 18:05;7,81
08/08/2026 18:10;7,85
08/08/2026 18:15;7,86
08/08/2026 18:20;7,9
08/08/2026 18:25;7,92
08/08/2026 18:30;7,95
08/08/2026 18:35;7,97
08/08/2026 18:40;8,0
08/08/2026 18:45;8,02
08/08/2026 18:50;8,04
08/08/2026 18:55;8,06
08/08/2026 19:00;8,08
08/08/2026 19:05;8,1
08/08/2026 19:10;8,11
08/08/2026 19:15;8,12
08/08/2026 19:20;8,13
08/08/2026 19:25;8,15
08/08/2026 19:30;8,15
08/08/2026 19:35;8,16
08/08/2026 19:40;8,17
08/08/2026 19:45;8,17
08/08/2026 19:50;8,17
08/08/2026 19:55;8,17
08/08/2026 20:00;8,17
08/08/2026 20:05;8,16
08/08/2026 20:10;8,16
08/08/2026 20:15;8,15
08/08/2026 20:20;8,14
08/08/2026 20:25;8,13
08/08/2026 20:30;8,12
08/08/2026 20:35;8,11
08/08/2026 20:40;8,1
08/08/2026 20:45;8,09
08/08/2026 20:50;8,07
08/08/2026 20:55;8,06
08/08/2026 21:00;8,03
08/08/2026 21:05;8,03
08/08/2026 21:10;8,01
08/08/2026 21:15;7,99
08/08/2026 21:20;7,97
08/08/2026 21:25;7,96
08/08/2026 21:30;7,94
08/08/2026 21:35;7,93
08/08/2026 21:40;7,9
08/08/2026 21:45;7,89
08/08/2026 21:50;7,88
08/08/2026 21:55;7,86
08/08/2026 22:00;7,84
08/08/2026 22:05;7,83
08/08/2026 22:10;7,81
08/08/2026 22:15;7,8
08/08/2026 22:20;7,79
08/08/2026 22:25;7,78
08/08/2026 22:30;7,75
08/08/2026 22:35;7,73
08/08/2026 22:40;7,71
08/08/2026 22:45;7,69
08/08/2026 22:50;7,67
08/08/2026 22:55;7,66
08/08/2026 23:00;7,64
08/08/2026 23:05;7,62
08/08/2026 23:10;7,6
08/08/2026 23:15;7,58
08/08/2026 23:20;7,55
08/08/2026 23:25;7,54
08/08/2026 23:30;7,51
08/08/2026 23:35;7,5
08/08/2026 23:40;7,47
08/08/2026 23:45;7,46
08/08/2026 23:50;7,43
08/08/2026 23:55;7,42
09/08/2026 00:00;7,4
09/08/2026 00:05;7,38
09/08/2026 00:10;7,35
09/08/2026 00:15;7,34
09/08/2026 00:20;7,31
09/08/2026 00:25;7,3
09/08/2026 00:30;7,27
09/08/2026 00:35;7,25
09/08/2026 00:40;7,22
09/08/2026 00:45;7,21
09/08/2026 00:50;7,18
09/08/2026 00:55;7,17
09/08/2026 01:00;7,14
09/08/2026 01:05;7,12
09/08/2026 01:10;7,1
09/08/2026 01:15;7,08
09/08/2026 01:20;7,05
09/08/2026 01:25;7,05
09/08/2026 01:30;7,01
09/08/2026 01:35;6,99
09/08/2026 01:40;6,97
09/08/2026 01:45;6,95
09/08/2026 01:50;6,93
09/08/2026 01:55;6,9
09/08/2026 02:00;6,88
09/08/2026 02:05;6,86
09/08/2026 02:10;6,83
09/08/2026 02:15;6,82
09/08/2026 02:20;6,8
09/08/2026 02:25;6,78
09/08/2026 02:30;6,75
09/08/2026 02:35;6,74
09/08/2026 02:40;6,72
09/08/2026 02:45;6,7
09/08/2026 02:50;6,68
09/08/2026 02:55;6,66
09/08/2026 03:00;6,64
09/08/2026 03:05;6,62
09/08/2026 03:10;6,6
09/08/2026 03:15;6,58
09/08/2026 03:20;6,56
09/08/2026 03:25;6,55
09/08/2026 03:30;6,53
09/08/2026 03:35;6,51
09/08/2026 03:40;6,48
09/08/2026 03:45;6,47
09/08/2026 03:50;6,45
09/08/2026 03:55;6,43
09/08/2026 04:00;6,4
09/08/2026 04:05;6,37
09/08/2026 04:10;6,34
09/08/2026 04:15;6,32
09/08/2026 04:20;6,3
09/08/2026 04:25;6,27
09/08/2026 04:30;6,25
09/08/2026 04:35;6,23
09/08/2026 04:40;6,21
09/08/2026 04:45;6,2
09/08/2026 04:50;6,18
09/08/2026 04:55;6,16
09/08/2026 05:00;6,14
09/08/2026 05:05;6,12
09/08/2026 05:10;6,09
09/08/2026 05:15;6,07
09/08/2026 05:20;6,04
09/08/2026 05:25;6,02
09/08/2026 05:30;5,99
09/08/2026 05:35;5,98
09/08/2026 05:40;5,94
09/08/2026 05:45;5,93
09/08/2026 05:50;5,91
09/08/2026 05:55;5,89
09/08/2026 06:00;5,86
09/08/2026 06:05;5,85
09/08/2026 06:10;5,83
09/08/2026 06:15;5,82
09/08/2026 06:20;5,79
09/08/2026 06:25;5,77
09/08/2026 06:30;5,75
09/08/2026 06:35;5,74
09/08/2026 06:40;5,73
09/08/2026 06:45;5,71
09/08/2026 06:50;5,7
09/08/2026 06:55;5,69
09/08/2026 07:00;5,68
09/08/2026 07:05;5,67
09/08/2026 07:10;5,66
09/08/2026 07:15;5,65
09/08/2026 07:20;5,64
09/08/2026 07:25;5,64
09/08/2026 07:30;5,63
09/08/2026 07:35;5,63
09/08/2026 07:40;5,62
09/08/2026 07:45;5,62
09/08/2026 07:50;5,62
09/08/2026 07:55;5,61
09/08/2026 08:00;5,6
09/08/2026 08:05;5,6
09/08/2026 08:10;5,59
09/08/2026 08:15;5,59
09/08/2026 08:20;5,59
09/08/2026 08:25;5,6
09/08/2026 08:30;5,59
09/08/2026 08:35;5,59
09/08/2026 08:40;5,59
09/08/2026 08:45;5,59
09/08/2026 08:50;5,59
09/08/2026 08:55;5,59
09/08/2026 09:00;5,59
09/08/2026 09:05;5,59
09/08/2026 09:10;5,59
09/08/2026 09:15;5,59
09/08/2026 09:20;5,59
09/08/2026 09:25;5,59
09/08/2026 09:30;5,59
09/08/2026 09:35;5,59
09/08/2026 09:40;5,58
09/08/2026 09:45;5,58
09/08/2026 09:50;5,59
09/08/2026 09:55;5,59
09/08/2026 10:00;5,59
09/08/2026 10:05;5,58
09/08/2026 10:10;5,59
09/08/2026 10:15;5,58
09/08/2026 10:20;5,59
09/08/2026 10:25;5,6
09/08/2026 10:30;5,61
09/08/2026 10:35;5,6
09/08/2026 10:40;5,61
09/08/2026 10:45;5,62
09/08/2026 10:50;5,62
09/08/2026 10:55;5,63
09/08/2026 11:00;5,64
09/08/2026 11:05;5,64
09/08/2026 11:10;5,66
09/08/2026 11:15;5,67
09/08/2026 11:20;5,67
09/08/2026 11:25;5,68
09/08/2026 11:30;5,68
09/08/2026 11:35;5,69
09/08/2026 11:40;5,69
09/08/2026 11:45;5,71
09/08/2026 11:50;5,71
09/08/2026 11:55;5,72
09/08/2026 12:00;5,73
09/08/2026 12:05;5,73
09/08/2026 12:10;5,75
09/08/2026 12:15;5,75
09/08/2026 12:20;5,76
09/08/2026 12:25;5,77
09/08/2026 12:30;5,77
09/08/2026 12:35;5,77
09/08/2026 12:40;5,78
09/08/2026 12:45;5,78
09/08/2026 12:50;5,78
09/08/2026 12:55;5,79
09/08/2026 13:00;5,81
09/08/2026 13:05;5,79
09/08/2026 13:10;5,81
09/08/2026 13:15;5,8
09/08/2026 13:20;5,81
09/08/2026 13:25;5,82
09/08/2026 13:30;5,83
09/08/2026 13:35;5,83
09/08/2026 13:40;5,83
09/08/2026 13:45;5,84
09/08/2026 13:50;5,83
09/08/2026 13:55;5,83
09/08/2026 14:00;5,83
09/08/2026 14:05;5,84
09/08/2026 14:10;5,85
09/08/2026 14:15;5,85
09/08/2026 14:20;5,87
09/08/2026 14:25;5,87
09/08/2026 14:30;5,88
09/08/2026 14:35;5,88
09/08/2026 14:40;5,9
09/08/2026 14:45;5,91
09/08/2026 14:50;5,93
09/08/2026 14:55;5,93
09/08/2026 15:00;5,94
09/08/2026 15:05;5,95
09/08/2026 15:10;5,96
09/08/2026 15:15;5,97
09/08/2026 15:20;5,99
09/08/2026 15:25;6,0
09/08/2026 15:30;6,01
09/08/2026 15:35;6,02
09/08/2026 15:40;6,04
09/08/2026 15:45;6,04
09/08/2026 15:50;6,07
09/08/2026 15:55;6,08
09/08/2026 16:00;6,1
09/08/2026 16:05;6,12
09/08/2026 16:10;6,13
09/08/2026 16:15;6,15
09/08/2026 16:20;6,17
09/08/2026 16:25;6,18
09/08/2026 16:30;6,21
09/08/2026 16:35;6,22
09/08/2026 16:40;6,24
09/08/2026 16:45;6,26
09/08/2026 16:50;6,29
09/08/2026 16:55;6,31
09/08/2026 17:00;6,34
09/08/2026 17:05;6,36
09/08/2026 17:10;6,4
09/08/2026 17:15;6,42
09/08/2026 17:20;6,45
09/08/2026 17:25;6,48
09/08/2026 17:30;6,52
09/08/2026 17:35;6,54
09/08/2026 17:40;6,58
09/08/2026 17:45;6,61
09/08/2026 17:50;6,65
09/08/2026 17:55;6,68
09/08/2026 18:00;6,72
09/08/2026 18:05;6,75
09/08/2026 18:10;6,8
09/08/2026 18:15;6,83
09/08/2026 18:20;6,88
09/08/2026 18:25;6,91
09/08/2026 18:30;6,95
09/08/2026 18:35;6,97
09/08/2026 18:40;7,01
09/08/2026 18:45;7,04
09/08/2026 18:50;7,09
09/08/2026 18:55;7,12
09/08/2026 19:00;7,17
09/08/2026 19:05;7,2
09/08/2026 19:10;7,25
09/08/2026 19:15;7,28
09/08/2026 19:20;7,32
09/08/2026 19:25;7,35
09/08/2026 19:30;7,39
09/08/2026 19:35;7,42
09/08/2026 19:40;7,46
09/08/2026 19:45;7,48
09/08/2026 19:50;7,52
09/08/2026 19:55;7,55
09/08/2026 20:00;7,58
09/08/2026 20:05;7,59
09/08/2026 20:10;7,63
09/08/2026 20:15;7,65
09/08/2026 20:20;7,67
09/08/2026 20:25;7,69
09/08/2026 20:30;7,72
09/08/2026 20:35;7,73
09/08/2026 20:40;7,75
09/08/2026 20:45;7,76
09/08/2026 20:50;7,78
09/08/2026 20:55;7,79
09/08/2026 21:00;7,8
09/08/2026 21:05;7,81
09/08/2026 21:10;7,82
09/08/2026 21:15;7,81
09/08/2026 21:20;7,83
09/08/2026 21:25;7,83
09/08/2026 21:30;7,84
09/08/2026 21:35;7,84
09/08/2026 21:40;7,84
09/08/2026 21:45;7,84
09/08/2026 21:50;7,85
09/08/2026 21:55;7,85
09/08/2026 22:00;7,84
09/08/2026 22:05;7,84
09/08/2026 22:10;7,84
09/08/2026 22:15;7,84
09/08/2026 22:20;7,84
09/08/2026 22:25;7,83
09/08/2026 22:30;7,83
09/08/2026 22:35;7,82
09/08/2026 22:40;7,82
09/08/2026 22:45;7,81
09/08/2026 22:50;7,8
09/08/2026 22:55;7,79
09/08/2026 23:00;7,78
09/08/2026 23:05;7,77
09/08/2026 23:10;7,76
09/08/2026 23:15;7,75
09/08/2026 23:20;7,74
09/08/2026 23:25;7,72
09/08/2026 23:30;7,71
09/08/2026 23:35;7,71
09/08/2026 23:40;7,69
09/08/2026 23:45;7,68
09/08/2026 23:50;7,66
09/08/2026 23:55;7,65
10/08/2026 00:00;7,64
10/08/2026 00:05;7,62
10/08/2026 00:10;7,6
10/08/2026 00:15;7,59
10/08/2026 00:20;7,57
10/08/2026 00:25;7,55
10/08/2026 00:30;7,53
10/08/2026 00:35;7,52
10/08/2026 00:40;7,5
10/08/2026 00:45;7,48
10/08/2026 00:50;7,46
10/08/2026 00:55;7,44
10/08/2026 01:00;7,41
10/08/2026 01:05;7,39
10/08/2026 01:10;7,37
10/08/2026 01:15;7,35
10/08/2026 01:20;7,33
10/08/2026 01:25;7,31
10/08/2026 01:30;7,28
10/08/2026 01:35;7,26
10/08/2026 01:40;7,23
10/08/2026 01:45;7,21
10/08/2026 01:50;7,18
10/08/2026 01:55;7,17
10/08/2026 02:00;7,14
10/08/2026 02:05;7,12
10/08/2026 02:10;7,1
10/08/2026 02:15;7,08
10/08/2026 02:20;7,05
10/08/2026 02:25;7,03
10/08/2026 02:30;7,01
10/08/2026 02:35;7,0
10/08/2026 02:40;6,97
10/08/2026 02:45;6,96
10/08/2026 02:50;6,93
10/08/2026 02:55;6,91
10/08/2026 03:00;6,88
10/08/2026 03:05;6,86
10/08/2026 03:10;6,84
10/08/2026 03:15;6,82
10/08/2026 03:20;6,79
10/08/2026 03:25;6,77
10/08/2026 03:30;6,75
10/08/2026 03:35;6,74
10/08/2026 03:40;6,71
10/08/2026 03:45;6,69
10/08/2026 03:50;6,67
10/08/2026 03:55;6,65
10/08/2026 04:00;6,62
10/08/2026 04:05;6,6
10/08/2026 04:10;6,58
10/08/2026 04:15;6,56
10/08/2026 04:20;6,54
10/08/2026 04:25;6,53
10/08/2026 04:30;6,5
10/08/2026 04:35;6,49
10/08/2026 04:40;6,46
10/08/2026 04:45;6,45
10/08/2026 04:50;6,43
10/08/2026 04:55;6,42
10/08/2026 05:00;6,4
10/08/2026 05:05;6,39
10/08/2026 05:10;6,36
10/08/2026 05:15;6,35
10/08/2026 05:20;6,33
10/08/2026 05:25;6,32
10/08/2026 05:30;6,3
10/08/2026 05:35;6,29
10/08/2026 05:40;6,27
10/08/2026 05:45;6,26
10/08/2026 05:50;6,24
10/08/2026 05:55;6,23
10/08/2026 06:00;6,21
10/08/2026 06:05;6,2
10/08/2026 06:10;6,18
10/08/2026 06:15;6,17
10/08/2026 06:20;6,16
10/08/2026 06:25;6,15
10/08/2026 06:30;6,13
10/08/2026 06:35;6,13
10/08/2026 06:40;6,11
10/08/2026 06:45;6,1
10/08/2026 06:50;6,1
10/08/2026 06:55;6,08
10/08/2026 07:00;6,07
10/08/2026 07:05;6,07
10/08/2026 07:10;6,07
10/08/2026 07:15;6,06
10/08/2026 07:20;6,05
10/08/2026 07:25;6,05
10/08/2026 07:30;6,05
10/08/2026 07:35;6,04
10/08/2026 07:40;6,04
10/08/2026 07:45;6,04
10/08/2026 07:50;6,04
10/08/2026 07:55;6,04
10/08/2026 08:00;6,04
10/08/2026 08:05;6,05
10/08/2026 08:10;6,05
10/08/2026 08:15;6,05
10/08/2026 08:20;6,05
10/08/2026 08:25;6,05
10/08/2026 08:30;6,06
10/08/2026 08:35;6,06
10/08/2026 08:40;6,06
10/08/2026 08:45;6,06
10/08/2026 08:50;6,07
10/08/2026 08:55;6,07
10/08/2026 09:00;6,07
10/08/2026 09:05;6,06
10/08/2026 09:10;6,06
10/08/2026 09:15;6,06
10/08/2026 09:20;6,06
10/08/2026 09:25;6,06
10/08/2026 09:30;6,06
10/08/2026 09:35;6,06
10/08/2026 09:40;6,06
10/08/2026 09:45;6,06
10/08/2026 09:50;6,07
10/08/2026 09:55;6,07
10/08/2026 10:00;6,07
10/08/2026 10:05;6,07
10/08/2026 10:10;6,08
10/08/2026 10:15;6,08
10/08/2026 10:20;6,08
10/08/2026 10:25;6,08
10/08/2026 10:30;6,08
10/08/2026 10:35;6,08
10/08/2026 10:40;6,08
10/08/2026 10:45;6,09
10/08/2026 10:50;6,09
10/08/2026 10:55;6,09
10/08/2026 11:00;6,09
10/08/2026 11:05;6,09
10/08/2026 11:10;6,09
10/08/2026 11:15;6,08
10/08/2026 11:20;6,08
10/08/2026 11:25;6,08
10/08/2026 11:30;6,08
10/08/2026 11:35;6,07
10/08/2026 11:40;6,08
10/08/2026 11:45;6,07
10/08/2026 11:50;6,06
10/08/2026 11:55;6,05
10/08/2026 12:00;6,05
10/08/2026 12:05;6,04
10/08/2026 12:10;6,04
10/08/2026 12:15;6,03
10/08/2026 12:20;6,03
10/08/2026 12:25;6,03
10/08/2026 12:30;6,02
10/08/2026 12:35;6,02
10/08/2026 12:40;6,02
10/08/2026 12:45;6,02
10/08/2026 12:50;6,02
10/08/2026 12:55;6,03
10/08/2026 13:00;6,03
10/08/2026 13:05;6,03
10/08/2026 13:10;6,04
10/08/2026 13:15;6,04
10/08/2026 13:20;6,04
10/08/2026 13:25;6,05
10/08/2026 13:30;6,05
10/08/2026 13:35;6,06
10/08/2026 13:40;6,06
10/08/2026 13:45;6,06
10/08/2026 13:50;6,07
10/08/2026 13:55;6,07
10/08/2026 14:00;6,07
10/08/2026 14:05;6,08
10/08/2026 14:10;6,08
10/08/2026 14:15;6,09
10/08/2026 14:20;6,09
10/08/2026 14:25;6,1
10/08/2026 14:30;6,09
10/08/2026 14:35;6,09
10/08/2026 14:40;6,1
10/08/2026 14:45;6,1
10/08/2026 14:50;6,1
10/08/2026 14:55;6,1
10/08/2026 15:00;6,09
10/08/2026 15:05;6,08
10/08/2026 15:10;6,09
10/08/2026 15:15;6,09
10/08/2026 15:20;6,08
10/08/2026 15:25;6,08
10/08/2026 15:30;6,07
10/08/2026 15:35;6,08
10/08/2026 15:40;6,07
10/08/2026 15:45;6,07
10/08/2026 15:50;6,06
10/08/2026 15:55;6,06
10/08/2026 16:00;6,05
10/08/2026 16:05;6,05
10/08/2026 16:10;6,04
10/08/2026 16:15;6,04
10/08/2026 16:20;6,04
10/08/2026 16:25;6,04
10/08/2026 16:30;6,03
10/08/2026 16:35;6,04
10/08/2026 16:40;6,04
10/08/2026 16:45;6,04
10/08/2026 16:50;6,04
10/08/2026 16:55;6,05
10/08/2026 17:00;6,05
10/08/2026 17:05;6,05
10/08/2026 17:10;6,06
10/08/2026 17:15;6,06
10/08/2026 17:20;6,06
10/08/2026 17:25;6,06
10/08/2026 17:30;6,07
10/08/2026 17:35;6,07
10/08/2026 17:40;6,07
10/08/2026 17:45;6,07
10/08/2026 17:50;6,08
10/08/2026 17:55;6,08
10/08/2026 18:00;6,09
10/08/2026 18:05;6,1
10/08/2026 18:10;6,1
10/08/2026 18:15;6,1
10/08/2026 18:20;6,1
10/08/2026 18:25;6,12
10/08/2026 18:30;6,12
10/08/2026 18:35;6,12
10/08/2026 18:40;6,12
10/08/2026 18:45;6,13
10/08/2026 18:50;6,13
10/08/2026 18:55;6,14
10/08/2026 19:00;6,14
10/08/2026 19:05;6,15
10/08/2026 19:10;6,14
10/08/2026 19:15;6,15
10/08/2026 19:20;6,15
10/08/2026 19:25;6,14
10/08/2026 19:30;6,14
10/08/2026 19:35;6,14
10/08/2026 19:40;6,14
10/08/2026 19:45;6,15
10/08/2026 19:50;6,14
10/08/2026 19:55;6,14
10/08/2026 20:00;6,14
10/08/2026 20:05;6,12
10/08/2026 20:10;6,1
10/08/2026 20:15;6,1
10/08/2026 20:20;6,11
10/08/2026 20:25;6,12
10/08/2026 20:30;6,13
10/08/2026 20:35;6,12
10/08/2026 20:40;6,13
10/08/2026 20:45;6,13
10/08/2026 20:50;6,13
10/08/2026 20:55;6,13
10/08/2026 21:00;6,13
10/08/2026 21:05;6,14
10/08/2026 21:10;6,14
10/08/2026 21:15;6,14
10/08/2026 21:20;6,14
10/08/2026 21:25;6,15
10/08/2026 21:30;6,15
10/08/2026 21:35;6,16
10/08/2026 21:40;6,16
10/08/2026 21:45;6,16
10/08/2026 21:50;6,16
10/08/2026 21:55;6,16
10/08/2026 22:00;6,16
10/08/2026 22:05;6,17
10/08/2026 22:10;6,16
10/08/2026 22:15;6,17
10/08/2026 22:20;6,17
10/08/2026 22:25;6,17
10/08/2026 22:30;6,17
10/08/2026 22:35;6,17
10/08/2026 22:40;6,17
10/08/2026 22:45;6,17
10/08/2026 22:50;6,17
10/08/2026 22:55;6,17
10/08/2026 23:00;6,17
10/08/2026 23:05;6,17
10/08/2026 23:10;6,17
10/08/2026 23:15;6,17
10/08/2026 23:20;6,17
10/08/2026 23:25;6,17
10/08/2026 23:30;6,17
10/08/2026 23:35;6,16
10/08/2026 23:40;6,17
10/08/2026 23:45;6,17
10/08/2026 23:50;6,16
10/08/2026 23:55;6,16
11/08/2026 00:00;6,16
11/08/2026 00:05;6,16
11/08/2026 00:10;6,16
11/08/2026 00:15;6,15
11/08/2026 00:20;6,15
11/08/2026 00:25;6,15
11/08/2026 00:30;6,14
11/08/2026 00:35;6,14
11/08/2026 00:40;6,14
11/08/2026 00:45;6,14
11/08/2026 00:50;6,13
11/08/2026 00:55;6,13
11/08/2026 01:00;6,13
11/08/2026 01:05;6,13
11/08/2026 01:10;6,12
11/08/2026 01:15;6,12
11/08/2026 01:20;6,11
11/08/2026 01:25;6,11
11/08/2026 01:30;6,1
11/08/2026 01:35;6,1
11/08/2026 01:40;6,1
11/08/2026 01:45;6,1
11/08/2026 01:50;6,09
11/08/2026 01:55;6,09
11/08/2026 02:00;6,09
11/08/2026 02:05;6,09
11/08/2026 02:10;6,09
11/08/2026 02:15;6,09
11/08/2026 02:20;6,08
11/08/2026 02:25;6,09
11/08/2026 02:30;6,08
11/08/2026 02:35;6,08
11/08/2026 02:40;6,08
11/08/2026 02:45;6,08
11/08/2026 02:50;6,07
11/08/2026 02:55;6,07
11/08/2026 03:00;6,07
11/08/2026 03:05;6,08
11/08/2026 03:10;6,07
11/08/2026 03:15;6,07
11/08/2026 03:20;6,07
11/08/2026 03:25;6,07
11/08/2026 03:30;6,06
11/08/2026 03:35;6,06
11/08/2026 03:40;6,06
11/08/2026 03:45;6,06
11/08/2026 03:50;6,05
11/08/2026 03:55;6,05
11/08/2026 04:00;6,05
11/08/2026 04:05;6,05
11/08/2026 04:10;6,05
11/08/2026 04:15;6,05
11/08/2026 04:20;6,05
11/08/2026 04:25;6,05
11/08/2026 04:30;6,05
11/08/2026 04:35;6,05
11/08/2026 04:40;6,05
11/08/2026 04:45;6,05
11/08/2026 04:50;6,05
11/08/2026 04:55;6,04
11/08/2026 05:00;6,04
11/08/2026 05:05;6,04
11/08/2026 05:10;6,04
11/08/2026 05:15;6,03
11/08/2026 05:20;6,03
11/08/2026 05:25;6,03
11/08/2026 05:30;6,03
11/08/2026 05:35;6,03
11/08/2026 05:40;6,02
11/08/2026 05:45;6,02
11/08/2026 05:50;6,02
11/08/2026 05:55;6,02
11/08/2026 06:00;6,01
11/08/2026 06:05;6,02
11/08/2026 06:10;6,02
11/08/2026 06:15;6,02
11/08/2026 06:20;6,02
11/08/2026 06:25;6,01
11/08/2026 06:30;6,01
11/08/2026 06:35;6,01
11/08/2026 06:40;6,01
11/08/2026 06:45;6,01
11/08/2026 06:50;6,01
11/08/2026 06:55;6,01
11/08/2026 07:00;6,01
11/08/2026 07:05;6,01
11/08/2026 07:10;6,0
11/08/2026 07:15;6,0
11/08/2026 07:20;6,0
11/08/2026 07:25;6,0
11/08/2026 07:30;6,0
11/08/2026 07:35;6,0
11/08/2026 07:40;6,0
11/08/2026 07:45;6,0
11/08/2026 07:50;6,0
11/08/2026 07:55;6,0
11/08/2026 08:00;6,0
11/08/2026 08:05;6,01
11/08/2026 08:10;6,01
11/08/2026 08:15;6,0
11/08/2026 08:20;6,0
11/08/2026 08:25;6,0
11/08/2026 08:30;6,0
11/08/2026 08:35;6,01
11/08/2026 08:40;6,01
11/08/2026 08:45;6,01
11/08/2026 08:50;6,01
11/08/2026 08:55;6,01
11/08/2026 09:00;6,01
11/08/2026 09:05;6,01
11/08/2026 09:10;6,0
11/08/2026 09:15;6,0
11/08/2026 09:20;6,01
11/08/2026 09:25;6,01
11/08/2026 09:30;6,02
11/08/2026 09:35;6,02
11/08/2026 09:40;6,03
11/08/2026 09:45;6,03
11/08/2026 09:50;6,03
11/08/2026 09:55;6,04
11/08/2026 10:00;6,04
11/08/2026 10:05;6,05
11/08/2026 10:10;6,05
11/08/2026 10:15;6,05
11/08/2026 10:20;6,06
11/08/2026 10:25;6,06
11/08/2026 10:30;6,07
11/08/2026 10:35;6,07
11/08/2026 10:40;6,07
11/08/2026 10:45;6,07
11/08/2026 10:50;6,08
11/08/2026 10:55;6,08
11/08/2026 11:00;6,08
11/08/2026 11:05;6,09
11/08/2026 11:10;6,09
11/08/2026 11:15;6,09
11/08/2026 11:20;6,09
11/08/2026 11:25;6,1
11/08/2026 11:30;6,11
11/08/2026 11:35;6,11
11/08/2026 11:40;6,11
11/08/2026 11:45;6,11
11/08/2026 11:50;6,12
11/08/2026 11:55;6,13
11/08/2026 12:00;6,13
11/08/2026 12:05;6,13
11/08/2026 12:10;6,13
11/08/2026 12:15;6,14
11/08/2026 12:20;6,14
11/08/2026 12:25;6,15
11/08/2026 12:30;6,15
11/08/2026 12:35;6,16
11/08/2026 12:40;6,17
11/08/2026 12:45;6,18
11/08/2026 12:50;6,19
11/08/2026 12:55;6,2
11/08/2026 13:00;6,21
11/08/2026 13:05;6,21
11/08/2026 13:10;6,22
11/08/2026 13:15;6,23
11/08/2026 13:20;6,24
11/08/2026 13:25;6,25
11/08/2026 13:30;6,26
11/08/2026 13:35;6,26
11/08/2026 13:40;6,27
11/08/2026 13:45;6,28
11/08/2026 13:50;6,29
11/08/2026 13:55;6,3
11/08/2026 14:00;6,31
11/08/2026 14:05;6,32
11/08/2026 14:10;6,33
11/08/2026 14:15;6,34
11/08/2026 14:20;6,35
11/08/2026 14:25;6,36
11/08/2026 14:30;6,37
11/08/2026 14:35;6,38
11/08/2026 14:40;6,4
11/08/2026 14:45;6,4
11/08/2026 14:50;6,42
11/08/2026 14:55;6,42
11/08/2026 15:00;6,43
11/08/2026 15:05;6,44
11/08/2026 15:10;6,45
11/08/2026 15:15;6,46
11/08/2026 15:20;6,47
11/08/2026 15:25;6,48
11/08/2026 15:30;6,49
11/08/2026 15:35;6,49
11/08/2026 15:40;6,5
11/08/2026 15:45;6,52
11/08/2026 15:50;6,53
11/08/2026 15:55;6,54
11/08/2026 16:00;6,57
11/08/2026 16:05;6,58
11/08/2026 16:10;6,61
11/08/2026 16:15;6,63
11/08/2026 16:20;6,66
11/08/2026 16:25;6,68
11/08/2026 16:30;6,72
11/08/2026 16:35;6,75
11/08/2026 16:40;6,78
11/08/2026 16:45;6,79
11/08/2026 16:50;6,84
11/08/2026 16:55;6,86
11/08/2026 17:00;6,9
11/08/2026 17:05;6,92
11/08/2026 17:10;6,95
11/08/2026 17:15;6,97
11/08/2026 17:20;6,99
11/08/2026 17:25;7,01
11/08/2026 17:30;7,04
11/08/2026 17:35;7,05
11/08/2026 17:40;7,07
11/08/2026 17:45;7,09
11/08/2026 17:50;7,11
11/08/2026 17:55;7,12
11/08/2026 18:00;7,13
11/08/2026 18:05;7,14
11/08/2026 18:10;7,15
11/08/2026 18:15;7,16
11/08/2026 18:20;7,16
11/08/2026 18:25;7,17
11/08/2026 18:30;7,17
11/08/2026 18:35;7,17
11/08/2026 18:40;7,16
11/08/2026 18:45;7,17
11/08/2026 18:50;7,16
11/08/2026 18:55;7,15
11/08/2026 19:00;7,15
11/08/2026 19:05;7,14
11/08/2026 19:10;7,13
11/08/2026 19:15;7,13
11/08/2026 19:20;7,12
11/08/2026 19:25;7,12
11/08/2026 19:30;7,11
11/08/2026 19:35;7,11
11/08/2026 19:40;7,11
11/08/2026 19:45;7,1
11/08/2026 19:50;7,1
11/08/2026 19:55;7,09
11/08/2026 20:00;7,09
11/08/2026 20:05;7,09
11/08/2026 20:10;7,09
11/08/2026 20:15;7,08
11/08/2026 20:20;7,08
11/08/2026 20:25;7,07
11/08/2026 20:30;7,07
11/08/2026 20:35;7,06
11/08/2026 20:40;7,05
11/08/2026 20:45;7,05
11/08/2026 20:50;7,04
11/08/2026 20:55;7,04
11/08/2026 21:00;7,03
11/08/2026 21:05;7,02
11/08/2026 21:10;7,01
11/08/2026 21:15;7,01
11/08/2026 21:20;7,0
11/08/2026 21:25;6,99
11/08/2026 21:30;6,98
11/08/2026 21:35;6,97
11/08/2026 21:40;6,96
11/08/2026 21:45;6,95
11/08/2026 21:50;6,95
11/08/2026 21:55;6,94
11/08/2026 22:00;6,93
11/08/2026 22:05;6,92
11/08/2026 22:10;6,9
11/08/2026 22:15;6,9
11/08/2026 22:20;6,88
11/08/2026 22:25;6,88
11/08/2026 22:30;6,87
11/08/2026 22:35;6,86
11/08/2026 22:40;6,85
11/08/2026 22:45;6,84
11/08/2026 22:50;6,82
11/08/2026 22:55;6,82
11/08/2026 23:00;6,8
11/08/2026 23:05;6,79
11/08/2026 23:10;6,77
11/08/2026 23:15;6,76
11/08/2026 23:20;6,75
11/08/2026 23:25;6,74
11/08/2026 23:30;6,72
11/08/2026 23:35;6,71
11/08/2026 23:40;6,69
11/08/2026 23:45;6,68
11/08/2026 23:50;6,66
11/08/2026 23:55;6,65
12/08/2026 00:00;6,63
12/08/2026 00:05;6,61
12/08/2026 00:10;6,6
12/08/2026 00:15;6,58
12/08/2026 00:20;6,57
12/08/2026 00:25;6,55
12/08/2026 00:30;6,53
12/08/2026 00:35;6,52
12/08/2026 00:40;6,5
12/08/2026 00:45;6,49
12/08/2026 00:50;6,47
12/08/2026 00:55;6,46
12/08/2026 01:00;6,44
12/08/2026 01:05;6,43
12/08/2026 01:10;6,41
12/08/2026 01:15;6,4
12/08/2026 01:20;6,38
12/08/2026 01:25;6,37
12/08/2026 01:30;6,35
12/08/2026 01:35;6,35
12/08/2026 01:40;6,33
12/08/2026 01:45;6,32
12/08/2026 01:50;6,31
12/08/2026 01:55;6,29
12/08/2026 02:00;6,28
12/08/2026 02:05;6,27
12/08/2026 02:10;6,26
12/08/2026 02:15;6,25
12/08/2026 02:20;6,24
12/08/2026 02:25;6,23
12/08/2026 02:30;6,22
12/08/2026 02:35;6,21
12/08/2026 02:40;6,2
12/08/2026 02:45;6,2
12/08/2026 02:50;6,18
12/08/2026 02:55;6,18
12/08/2026 03:00;6,17
12/08/2026 03:05;6,16
12/08/2026 03:10;6,16
12/08/2026 03:15;6,15
12/08/2026 03:20;6,14
12/08/2026 03:25;6,14
12/08/2026 03:30;6,12
12/08/2026 03:35;6,12
12/08/2026 03:40;6,11
12/08/2026 03:45;6,11
12/08/2026 03:50;6,1
12/08/2026 03:55;6,1
12/08/2026 04:00;6,09
12/08/2026 04:05;6,09
12/08/2026 04:10;6,08
12/08/2026 04:15;6,07
12/08/2026 04:20;6,07
12/08/2026 04:25;6,07
12/08/2026 04:30;6,07
12/08/2026 04:35;6,07
12/08/2026 04:40;6,06
12/08/2026 04:45;6,05
12/08/2026 04:50;6,05
12/08/2026 04:55;6,05
12/08/2026 05:00;6,05
12/08/2026 05:05;6,04
12/08/2026 05:10;6,04
12/08/2026 05:15;6,04
12/08/2026 05:20;6,03
12/08/2026 05:25;6,03
12/08/2026 05:30;6,02
12/08/2026 05:35;6,02
12/08/2026 05:40;6,02
12/08/2026 05:45;6,01
12/08/2026 05:50;6,0
12/08/2026 05:55;6,0
12/08/2026 06:00;6,0
12/08/2026 06:05;6,0
12/08/2026 06:10;6,0
12/08/2026 06:15;6,0
12/08/2026 06:20;5,99
12/08/2026 06:25;5,99
12/08/2026 06:30;5,98
12/08/2026 06:35;5,98
12/08/2026 06:40;5,98
12/08/2026 06:45;5,97
12/08/2026 06:50;5,96
12/08/2026 06:55;5,96
12/08/2026 07:00;5,96
12/08/2026 07:05;5,96
12/08/2026 07:10;5,97
12/08/2026 07:15;5,97
12/08/2026 07:20;5,96
12/08/2026 07:25;5,96
12/08/2026 07:30;5,95
12/08/2026 07:35;5,95
12/08/2026 07:40;5,95
12/08/2026 07:45;5,96
12/08/2026 07:50;5,95
12/08/2026 07:55;5,95
12/08/2026 08:00;5,94
12/08/2026 08:05;5,95
12/08/2026 08:10;5,94
12/08/2026 08:15;5,94
12/08/2026 08:20;5,94
12/08/2026 08:25;5,94
12/08/2026 08:30;5,94
12/08/2026 08:35;5,94
12/08/2026 08:40;5,94
12/08/2026 08:45;5,94
12/08/2026 08:50;5,94
12/08/2026 08:55;5,94
12/08/2026 09:00;5,95
12/08/2026 09:05;5,94
12/08/2026 09:10;5,95
12/08/2026 09:15;5,94
12/08/2026 09:20;5,95
12/08/2026 09:25;5,95
12/08/2026 09:30;5,96
12/08/2026 09:35;5,96
12/08/2026 09:40;5,96
12/08/2026 09:45;5,95
12/08/2026 09:50;5,96
12/08/2026 09:55;5,96
12/08/2026 10:00;5,96
12/08/2026 10:05;5,97
12/08/2026 10:10;5,97
12/08/2026 10:15;5,98
12/08/2026 10:20;5,98
12/08/2026 10:25;5,99
12/08/2026 10:30;6,0
12/08/2026 10:35;6,0
12/08/2026 10:40;6,01
12/08/2026 10:45;6,02
12/08/2026 10:50;6,02
12/08/2026 10:55;6,03
12/08/2026 11:00;6,04
12/08/2026 11:05;6,05
12/08/2026 11:10;6,06
12/08/2026 11:15;6,06
12/08/2026 11:20;6,07
12/08/2026 11:25;6,08
12/08/2026 11:30;6,09
12/08/2026 11:35;6,09
12/08/2026 11:40;6,1
12/08/2026 11:45;6,11
12/08/2026 11:50;6,11
12/08/2026 11:55;6,12
12/08/2026 12:00;6,13
12/08/2026 12:05;6,14
12/08/2026 12:10;6,14
12/08/2026 12:15;6,15
12/08/2026 12:20;6,16
12/08/2026 12:25;6,17
12/08/2026 12:30;6,18
12/08/2026 12:35;6,19
12/08/2026 12:40;6,2
12/08/2026 12:45;6,2
12/08/2026 12:50;6,22
12/08/2026 12:55;6,23
12/08/2026 13:00;6,24
12/08/2026 13:05;6,25
12/08/2026 13:10;6,26
12/08/2026 13:15;6,27
12/08/2026 13:20;6,29
12/08/2026 13:25;6,29
12/08/2026 13:30;6,3
12/08/2026 13:35;6,31
12/08/2026 13:40;6,32
12/08/2026 13:45;6,33
12/08/2026 13:50;6,33
12/08/2026 13:55;6,34
12/08/2026 14:00;6,35
12/08/2026 14:05;6,36
12/08/2026 14:10;6,36
12/08/2026 14:15;6,37
12/08/2026 14:20;6,38
12/08/2026 14:25;6,39
12/08/2026 14:30;6,39
12/08/2026 14:35;6,4
12/08/2026 14:40;6,41
12/08/2026 14:45;6,41
12/08/2026 14:50;6,42
12/08/2026 14:55;6,43
12/08/2026 15:00;6,44
12/08/2026 15:05;6,44
12/08/2026 15:10;6,45
12/08/2026 15:15;6,46
12/08/2026 15:20;6,47
12/08/2026 15:25;6,47
12/08/2026 15:30;6,48
12/08/2026 15:35;6,49
12/08/2026 15:40;6,51
12/08/2026 15:45;6,52
12/08/2026 15:50;6,53
12/08/2026 15:55;6,54
12/08/2026 16:00;6,55
12/08/2026 16:05;6,56
12/08/2026 16:10;6,57
12/08/2026 16:15;6,57
12/08/2026 16:20;6,59
12/08/2026 16:25;6,6
12/08/2026 16:30;6,61
12/08/2026 16:35;6,62
12/08/2026 16:40;6,63
12/08/2026 16:45;6,63
12/08/2026 16:50;6,65
12/08/2026 16:55;6,65
12/08/2026 17:00;6,68
12/08/2026 17:05;6,69
12/08/2026 17:10;6,7
12/08/2026 17:15;6,72
12/08/2026 17:20;6,74
12/08/2026 17:25;6,75
12/08/2026 17:30;6,77
12/08/2026 17:35;6,78
12/08/2026 17:40;6,79
12/08/2026 17:45;6,81
12/08/2026 17:50;6,82
12/08/2026 17:55;6,83
12/08/2026 18:00;6,84
12/08/2026 18:05;6,85
12/08/2026 18:10;6,87
12/08/2026 18:15;6,88
12/08/2026 18:20;6,89
12/08/2026 18:25;6,9
12/08/2026 18:30;6,91
12/08/2026 18:35;6,91
12/08/2026 18:40;6,93
12/08/2026 18:45;6,94
12/08/2026 18:50;6,95
12/08/2026 18:55;6,95
12/08/2026 19:00;6,97
12/08/2026 19:05;6,97
12/08/2026 19:10;6,98
12/08/2026 19:15;6,98
12/08/2026 19:20;6,99
12/08/2026 19:25;7,0
12/08/2026 19:30;7,0
12/08/2026 19:35;7,01
12/08/2026 19:40;7,02
12/08/2026 19:45;7,03
12/08/2026 19:50;7,04
12/08/2026 19:55;7,05
12/08/2026 20:00;7,06
12/08/2026 20:05;7,06
12/08/2026 20:10;7,07
12/08/2026 20:15;7,07
12/08/2026 20:20;7,08
12/08/2026 20:25;7,08
12/08/2026 20:30;7,09
12/08/2026 20:35;7,09
12/08/2026 20:40;7,09
12/08/2026 20:45;7,09
12/08/2026 20:50;7,09
12/08/2026 20:55;7,09
12/08/2026 21:00;7,09
12/08/2026 21:05;7,09
12/08/2026 21:10;7,09
12/08/2026 21:15;7,08
12/08/2026 21:20;7,08
12/08/2026 21:25;7,08
12/08/2026 21:30;7,08
12/08/2026 21:35;7,07
12/08/2026 21:40;7,07
12/08/2026 21:45;7,07
12/08/2026 21:50;7,06
12/08/2026 21:55;7,06
12/08/2026 22:00;7,05
12/08/2026 22:05;7,05
12/08/2026 22:10;7,04
12/08/2026 22:15;7,04
12/08/2026 22:20;7,03
12/08/2026 22:25;7,02
12/08/2026 22:30;7,01
12/08/2026 22:35;7,0
12/08/2026 22:40;6,99
12/08/2026 22:45;6,98
12/08/2026 22:50;6,97
12/08/2026 22:55;6,96
12/08/2026 23:00;6,95
12/08/2026 23:05;6,93
12/08/2026 23:10;6,91
12/08/2026 23:15;6,9
12/08/2026 23:20;6,89
12/08/2026 23:25;6,87
12/08/2026 23:30;6,85
12/08/2026 23:35;6,84
12/08/2026 23:40;6,82
12/08/2026 23:45;6,81
12/08/2026 23:50;6,79
12/08/2026 23:55;6,77
13/08/2026 00:00;6,75
13/08/2026 00:05;6,74
13/08/2026 00:10;6,71
13/08/2026 00:15;6,7
13/08/2026 00:20;6,68
13/08/2026 00:25;6,66
13/08/2026 00:30;6,65
13/08/2026 00:35;6,63
13/08/2026 00:40;6,61
13/08/2026 00:45;6,59
13/08/2026 00:50;6,57
13/08/2026 00:55;6,56
13/08/2026 01:00;6,54
13/08/2026 01:05;6,52
13/08/2026 01:10;6,5
13/08/2026 01:15;6,49
13/08/2026 01:20;6,47
13/08/2026 01:25;6,45
13/08/2026 01:30;6,44
13/08/2026 01:35;6,42
13/08/2026 01:40;6,4
13/08/2026 01:45;6,39
13/08/2026 01:50;6,36
13/08/2026 01:55;6,35
13/08/2026 02:00;6,33
13/08/2026 02:05;6,31
13/08/2026 02:10;6,29
13/08/2026 02:15;6,27
13/08/2026 02:20;6,25
13/08/2026 02:25;6,24
13/08/2026 02:30;6,22
13/08/2026 02:35;6,21
13/08/2026 02:40;6,2
13/08/2026 02:45;6,19
13/08/2026 02:50;6,18
13/08/2026 02:55;6,17
13/08/2026 03:00;6,15
13/08/2026 03:05;6,14
13/08/2026 03:10;6,13
13/08/2026 03:15;6,12
13/08/2026 03:20;6,11
13/08/2026 03:25;6,1
13/08/2026 03:30;6,09
13/08/2026 03:35;6,08
13/08/2026 03:40;6,06
13/08/2026 03:45;6,05
13/08/2026 03:50;6,04
13/08/2026 03:55;6,03
13/08/2026 04:00;6,02
13/08/2026 04:05;6,02
13/08/2026 04:10;6,0
13/08/2026 04:15;6,0
13/08/2026 04:20;5,98
13/08/2026 04:25;5,97
13/08/2026 04:30;5,96
13/08/2026 04:35;5,96
13/08/2026 04:40;5,95
13/08/2026 04:45;5,94
13/08/2026 04:50;5,93
13/08/2026 04:55;5,93
13/08/2026 05:00;5,92
13/08/2026 05:05;5,91
13/08/2026 05:10;5,9
13/08/2026 05:15;5,89
13/08/2026 05:20;5,89
13/08/2026 05:25;5,89
13/08/2026 05:30;5,87
13/08/2026 05:35;5,87
13/08/2026 05:40;5,86
13/08/2026 05:45;5,86
13/08/2026 05:50;5,85
13/08/2026 05:55;5,85
13/08/2026 06:00;5,85
13/08/2026 06:05;5,84
13/08/2026 06:10;5,84
13/08/2026 06:15;5,83
13/08/2026 06:20;5,82
13/08/2026 06:25;5,82
13/08/2026 06:30;5,82
13/08/2026 06:35;5,81
13/08/2026 06:40;5,81
13/08/2026 06:45;5,81
13/08/2026 06:50;5,81
13/08/2026 06:55;5,81
13/08/2026 07:00;5,81
13/08/2026 07:05;5,8
13/08/2026 07:10;5,8
13/08/2026 07:15;5,79
13/08/2026 07:20;5,79
13/08/2026 07:25;5,8
13/08/2026 07:30;5,8
13/08/2026 07:35;5,79
13/08/2026 07:40;5,8
13/08/2026 07:45;5,79
13/08/2026 07:50;5,79
13/08/2026 07:55;5,79
13/08/2026 08:00;5,79
13/08/2026 08:05;5,79
13/08/2026 08:10;5,79
13/08/2026 08:15;5,79
13/08/2026 08:20;5,79
13/08/2026 08:25;5,79
13/08/2026 08:30;5,79
13/08/2026 08:35;5,8
13/08/2026 08:40;5,8
13/08/2026 08:45;5,8
13/08/2026 08:50;5,81
13/08/2026 08:55;5,81
13/08/2026 09:00;5,81
13/08/2026 09:05;5,82
13/08/2026 09:10;5,82
13/08/2026 09:15;5,83
13/08/2026 09:20;5,84
13/08/2026 09:25;5,84
13/08/2026 09:30;5,84
13/08/2026 09:35;5,85
13/08/2026 09:40;5,86
13/08/2026 09:45;5,86
13/08/2026 09:50;5,87
13/08/2026 09:55;5,87
13/08/2026 10:00;5,88
13/08/2026 10:05;5,88
13/08/2026 10:10;5,89
13/08/2026 10:15;5,9
13/08/2026 10:20;5,92
13/08/2026 10:25;5,92
13/08/2026 10:30;5,94
13/08/2026 10:35;5,95
13/08/2026 10:40;5,96
13/08/2026 10:45;5,97
13/08/2026 10:50;5,98
13/08/2026 10:55;5,99
13/08/2026 11:00;6,01
13/08/2026 11:05;6,01
13/08/2026 11:10;6,02
13/08/2026 11:15;6,02
13/08/2026 11:20;6,04
13/08/2026 11:25;6,04
13/08/2026 11:30;6,05
13/08/2026 11:35;6,06
13/08/2026 11:40;6,07
13/08/2026 11:45;6,08
13/08/2026 11:50;6,08
13/08/2026 11:55;6,09
13/08/2026 12:00;6,1
13/08/2026 12:05;6,1
13/08/2026 12:10;6,1
13/08/2026 12:15;6,1
13/08/2026 12:20;6,11
13/08/2026 12:25;6,11
13/08/2026 12:30;6,11
13/08/2026 12:35;6,11
13/08/2026 12:40;6,1
13/08/2026 12:45;6,11
13/08/2026 12:50;6,11
13/08/2026 12:55;6,11
13/08/2026 13:00;6,1
13/08/2026 13:05;6,1
13/08/2026 13:10;6,1
13/08/2026 13:15;6,09
13/08/2026 13:20;6,09
13/08/2026 13:25;6,08
13/08/2026 13:30;6,08
13/08/2026 13:35;6,07
13/08/2026 13:40;6,07
13/08/2026 13:45;6,06
13/08/2026 13:50;6,05
13/08/2026 13:55;6,04
13/08/2026 14:00;6,04
13/08/2026 14:05;6,04
13/08/2026 14:10;6,02
13/08/2026 14:15;6,03
13/08/2026 14:20;6,03
13/08/2026 14:25;6,02
13/08/2026 14:30;6,02
13/08/2026 14:35;6,02
13/08/2026 14:40;6,02
13/08/2026 14:45;6,02
13/08/2026 14:50;6,02
13/08/2026 14:55;6,02
13/08/2026 15:00;6,03
13/08/2026 15:05;6,03
13/08/2026 15:10;6,03
13/08/2026 15:15;6,03
13/08/2026 15:20;6,04
13/08/2026 15:25;6,04
13/08/2026 15:30;6,05
13/08/2026 15:35;6,06
13/08/2026 15:40;6,07
13/08/2026 15:45;6,08
13/08/2026 15:50;6,09
13/08/2026 15:55;6,1
13/08/2026 16:00;6,12
13/08/2026 16:05;6,12
13/08/2026 16:10;6,14
13/08/2026 16:15;6,15
13/08/2026 16:20;6,17
13/08/2026 16:25;6,17
13/08/2026 16:30;6,18
13/08/2026 16:35;6,2
13/08/2026 16:40;6,22
13/08/2026 16:45;6,23
13/08/2026 16:50;6,25
13/08/2026 16:55;6,25
13/08/2026 17:00;6,27
13/08/2026 17:05;6,28
13/08/2026 17:10;6,3
13/08/2026 17:15;6,31
13/08/2026 17:20;6,32
13/08/2026 17:25;6,34
13/08/2026 17:30;6,35
13/08/2026 17:35;6,36
13/08/2026 17:40;6,38
13/08/2026 17:45;6,39
13/08/2026 17:50;6,41
13/08/2026 17:55;6,43
13/08/2026 18:00;6,45
13/08/2026 18:05;6,46
13/08/2026 18:10;6,47
13/08/2026 18:15;6,49
13/08/2026 18:20;6,51
13/08/2026 18:25;6,53
13/08/2026 18:30;6,55
13/08/2026 18:35;6,57
13/08/2026 18:40;6,59
13/08/2026 18:45;6,6
13/08/2026 18:50;6,62
13/08/2026 18:55;6,64
13/08/2026 19:00;6,66
13/08/2026 19:05;6,67
13/08/2026 19:10;6,7
13/08/2026 19:15;6,71
13/08/2026 19:20;6,73
13/08/2026 19:25;6,75
13/08/2026 19:30;6,77
13/08/2026 19:35;6,78
13/08/2026 19:40;6,8
13/08/2026 19:45;6,82
13/08/2026 19:50;6,84
13/08/2026 19:55;6,85
13/08/2026 20:00;6,88
13/08/2026 20:05;6,89
13/08/2026 20:10;6,91
13/08/2026 20:15;6,92
13/08/2026 20:20;6,93
13/08/2026 20:25;6,95
13/08/2026 20:30;6,96
13/08/2026 20:35;6,97
13/08/2026 20:40;6,99
13/08/2026 20:45;6,99
13/08/2026 20:50;7,01
13/08/2026 20:55;7,01
13/08/2026 21:00;7,02
13/08/2026 21:05;7,03
13/08/2026 21:10;7,04
13/08/2026 21:15;7,04
13/08/2026 21:20;7,05
13/08/2026 21:25;7,05
13/08/2026 21:30;7,05
13/08/2026 21:35;7,05
13/08/2026 21:40;7,04
13/08/2026 21:45;7,05
13/08/2026 21:50;7,04
13/08/2026 21:55;7,03
13/08/2026 22:00;7,02
13/08/2026 22:05;7,02
13/08/2026 22:10;7,0
13/08/2026 22:15;7,0
13/08/2026 22:20;6,98
13/08/2026 22:25;6,97
13/08/2026 22:30;6,95
13/08/2026 22:35;6,94
13/08/2026 22:40;6,92
13/08/2026 22:45;6,91
13/08/2026 22:50;6,89
13/08/2026 22:55;6,88
13/08/2026 23:00;6,86
13/08/2026 23:05;6,85
13/08/2026 23:10;6,82
13/08/2026 23:15;6,81
13/08/2026 23:20;6,79
13/08/2026 23:25;6,77
13/08/2026 23:30;6,75
13/08/2026 23:35;6,74
13/08/2026 23:40;6,72
13/08/2026 23:45;6,7
13/08/2026 23:50;6,68
13/08/2026 23:55;6,66
14/08/2026 00:00;6,64
14/08/2026 00:05;6,62
14/08/2026 00:10;6,59
14/08/2026 00:15;6,58
14/08/2026 00:20;6,55
14/08/2026 00:25;6,53
14/08/2026 00:30;6,51
14/08/2026 00:35;6,49
14/08/2026 00:40;6,47
14/08/2026 00:45;6,45
14/08/2026 00:50;6,42
14/08/2026 00:55;6,4
14/08/2026 01:00;6,38
14/08/2026 01:05;6,36
14/08/2026 01:10;6,34
14/08/2026 01:15;6,32
14/08/2026 01:20;6,29
14/08/2026 01:25;6,27
14/08/2026 01:30;6,24
14/08/2026 01:35;6,22
14/08/2026 01:40;6,2
14/08/2026 01:45;6,18
14/08/2026 01:50;6,15
14/08/2026 01:55;6,14
14/08/2026 02:00;6,11
14/08/2026 02:05;6,09
14/08/2026 02:10;6,07
14/08/2026 02:15;6,05
14/08/2026 02:20;6,03
14/08/2026 02:25;6,01
14/08/2026 02:30;5,99
14/08/2026 02:35;5,98
14/08/2026 02:40;5,95
14/08/2026 02:45;5,94
14/08/2026 02:50;5,92
14/08/2026 02:55;5,91
14/08/2026 03:00;5,89
14/08/2026 03:05;5,88
14/08/2026 03:10;5,86
14/08/2026 03:15;5,84
14/08/2026 03:20;5,83
14/08/2026 03:25;5,81
14/08/2026 03:30;5,8
14/08/2026 03:35;5,79
14/08/2026 03:40;5,77
14/08/2026 03:45;5,75
14/08/2026 03:50;5,74
14/08/2026 03:55;5,73
14/08/2026 04:00;5,71
14/08/2026 04:05;5,7
14/08/2026 04:10;5,68
14/08/2026 04:15;5,67
14/08/2026 04:20;5,66
14/08/2026 04:25;5,65
14/08/2026 04:30;5,64
14/08/2026 04:35;5,63
14/08/2026 04:40;5,62
14/08/2026 04:45;5,6
14/08/2026 04:50;5,59
14/08/2026 04:55;5,58
14/08/2026 05:00;5,57
14/08/2026 05:05;5,56
14/08/2026 05:10;5,55
14/08/2026 05:15;5,54
14/08/2026 05:20;5,53
14/08/2026 05:25;5,52
14/08/2026 05:30;5,51
14/08/2026 05:35;5,5
14/08/2026 05:40;5,5
14/08/2026 05:45;5,49
14/08/2026 05:50;5,48
14/08/2026 05:55;5,48
14/08/2026 06:00;5,46
14/08/2026 06:05;5,46
14/08/2026 06:10;5,45
14/08/2026 06:15;5,44
14/08/2026 06:20;5,43
14/08/2026 06:25;5,42
14/08/2026 06:30;5,41
14/08/2026 06:35;5,4
14/08/2026 06:40;5,4
14/08/2026 06:45;5,4
14/08/2026 06:50;5,39
14/08/2026 06:55;5,38
14/08/2026 07:00;5,37
14/08/2026 07:05;5,37
14/08/2026 07:10;5,36
14/08/2026 07:15;5,36
14/08/2026 07:20;5,35
14/08/2026 07:25;5,35
14/08/2026 07:30;5,35
14/08/2026 07:35;5,34
14/08/2026 07:40;5,34
14/08/2026 07:45;5,33
14/08/2026 07:50;5,33
14/08/2026 07:55;5,32
14/08/2026 08:00;5,33
14/08/2026 08:05;5,32
14/08/2026 08:10;5,32
14/08/2026 08:15;5,32
14/08/2026 08:20;5,32
14/08/2026 08:25;5,31
14/08/2026 08:30;5,31
14/08/2026 08:35;5,31
14/08/2026 08:40;5,31
14/08/2026 08:45;5,3
14/08/2026 08:50;5,3
14/08/2026 08:55;5,3
14/08/2026 09:00;5,31
14/08/2026 09:05;5,3
14/08/2026 09:10;5,3
14/08/2026 09:15;5,31
14/08/2026 09:20;5,31
14/08/2026 09:25;5,31
14/08/2026 09:30;5,31
14/08/2026 09:35;5,31
14/08/2026 09:40;5,32
14/08/2026 09:45;5,32
14/08/2026 09:50;5,32
14/08/2026 09:55;5,32
14/08/2026 10:00;5,32
14/08/2026 10:05;5,33
14/08/2026 10:10;5,33
14/08/2026 10:15;5,33
14/08/2026 10:20;5,33
14/08/2026 10:25;5,34
14/08/2026 10:30;5,35
14/08/2026 10:35;5,35
14/08/2026 10:40;5,36
14/08/2026 10:45;5,35
14/08/2026 10:50;5,36
14/08/2026 10:55;5,36
14/08/2026 11:00;5,37
14/08/2026 11:05;5,38
14/08/2026 11:10;5,38
14/08/2026 11:15;5,39
14/08/2026 11:20;5,4
14/08/2026 11:25;5,41
14/08/2026 11:30;5,43
14/08/2026 11:35;5,43
14/08/2026 11:40;5,45
14/08/2026 11:45;5,46
14/08/2026 11:50;5,48
14/08/2026 11:55;5,49
14/08/2026 12:00;5,51
14/08/2026 12:05;5,51
14/08/2026 12:10;5,53
14/08/2026 12:15;5,53
14/08/2026 12:20;5,53
14/08/2026 12:25;5,54
14/08/2026 12:30;5,55
14/08/2026 12:35;5,56
14/08/2026 12:40;5,56
14/08/2026 12:45;5,58
14/08/2026 12:50;5,6
14/08/2026 12:55;5,6
14/08/2026 13:00;5,61
14/08/2026 13:05;5,62
14/08/2026 13:10;5,62
14/08/2026 13:15;5,62
14/08/2026 13:20;5,66
14/08/2026 13:25;5,68
14/08/2026 13:30;5,7
14/08/2026 13:35;5,71
14/08/2026 13:40;5,71
14/08/2026 13:45;5,72
14/08/2026 13:50;5,72
14/08/2026 13:55;5,72
14/08/2026 14:00;5,73
14/08/2026 14:05;5,74
14/08/2026 14:10;5,76
14/08/2026 14:15;5,76
14/08/2026 14:20;5,77
14/08/2026 14:25;5,78
14/08/2026 14:30;5,79
14/08/2026 14:35;5,81
14/08/2026 14:40;5,81
14/08/2026 14:45;5,82
14/08/2026 14:50;5,83
14/08/2026 14:55;5,83
14/08/2026 15:00;5,84
14/08/2026 15:05;5,85
14/08/2026 15:10;5,86
14/08/2026 15:15;5,86
14/08/2026 15:20;5,87
14/08/2026 15:25;5,87
14/08/2026 15:30;5,89
14/08/2026 15:35;5,89
14/08/2026 15:40;5,9
14/08/2026 15:45;5,9
14/08/2026 15:50;5,92
14/08/2026 15:55;5,93
14/08/2026 16:00;5,95
14/08/2026 16:05;5,95
14/08/2026 16:10;5,97
14/08/2026 16:15;5,98
14/08/2026 16:20;6,01
14/08/2026 16:25;6,02
14/08/2026 16:30;6,05
14/08/2026 16:35;6,07
14/08/2026 16:40;6,09
14/08/2026 16:45;6,11
14/08/2026 16:50;6,14
14/08/2026 16:55;6,17
14/08/2026 17:00;6,21
14/08/2026 17:05;6,24
14/08/2026 17:10;6,28
14/08/2026 17:15;6,31
14/08/2026 17:20;6,35
14/08/2026 17:25;6,38
14/08/2026 17:30;6,42
14/08/2026 17:35;6,43
14/08/2026 17:40;6,48
14/08/2026 17:45;6,51
14/08/2026 17:50;6,55
14/08/2026 17:55;6,57
14/08/2026 18:00;6,61
14/08/2026 18:05;6,62
14/08/2026 18:10;6,65
14/08/2026 18:15;6,67
14/08/2026 18:20;6,69
14/08/2026 18:25;6,7
14/08/2026 18:30;6,72
14/08/2026 18:35;6,73
14/08/2026 18:40;6,75
14/08/2026 18:45;6,76
14/08/2026 18:50;6,77
14/08/2026 18:55;6,79
14/08/2026 19:00;6,8
14/08/2026 19:05;6,81
14/08/2026 19:10;6,82
14/08/2026 19:15;6,83
14/08/2026 19:20;6,84
14/08/2026 19:25;6,85
14/08/2026 19:30;6,87
14/08/2026 19:35;6,87
14/08/2026 19:40;6,88
14/08/2026 19:45;6,88
14/08/2026 19:50;6,89
14/08/2026 19:55;6,9
14/08/2026 20:00;6,9
14/08/2026 20:05;6,89
14/08/2026 20:10;6,89
14/08/2026 20:15;6,88
14/08/2026 20:20;6,86
14/08/2026 20:25;6,85
14/08/2026 20:30;6,84
14/08/2026 20:35;6,82
14/08/2026 20:40;6,8
14/08/2026 20:45;6,79
14/08/2026 20:50;6,78
14/08/2026 20:55;6,77
14/08/2026 21:00;6,75
14/08/2026 21:05;6,74
14/08/2026 21:10;6,73
14/08/2026 21:15;6,71
14/08/2026 21:20;6,7
14/08/2026 21:25;6,69
14/08/2026 21:30;6,68
14/08/2026 21:35;6,67
14/08/2026 21:40;6,66
14/08/2026 21:45;6,65
14/08/2026 21:50;6,64
14/08/2026 21:55;6,64
14/08/2026 22:00;6,63
14/08/2026 22:05;6,63
14/08/2026 22:10;6,62
14/08/2026 22:15;6,62
14/08/2026 22:20;6,61
14/08/2026 22:25;6,61
14/08/2026 22:30;6,6
14/08/2026 22:35;6,6
14/08/2026 22:40;6,6
14/08/2026 22:45;6,59
14/08/2026 22:50;6,58
14/08/2026 22:55;6,58
14/08/2026 23:00;6,57
14/08/2026 23:05;6,56
14/08/2026 23:10;6,55
14/08/2026 23:15;6,54
14/08/2026 23:20;6,53
14/08/2026 23:25;6,52
14/08/2026 23:30;6,51
14/08/2026 23:35;6,5
14/08/2026 23:40;6,49
14/08/2026 23:45;6,47
14/08/2026 23:50;6,46
14/08/2026 23:55;6,44
15/08/2026 00:00;6,42
15/08/2026 00:05;6,41
15/08/2026 00:10;6,39
15/08/2026 00:15;6,37
15/08/2026 00:20;6,35
15/08/2026 00:25;6,34
15/08/2026 00:30;6,32
15/08/2026 00:35;6,31
15/08/2026 00:40;6,28
15/08/2026 00:45;6,27
15/08/2026 00:50;6,25
15/08/2026 00:55;6,23
15/08/2026 01:00;6,21
15/08/2026 01:05;6,2
15/08/2026 01:10;6,17
15/08/2026 01:15;6,15
15/08/2026 01:20;6,13
15/08/2026 01:25;6,12
15/08/2026 01:30;6,1
15/08/2026 01:35;6,08
15/08/2026 01:40;6,06
15/08/2026 01:45;6,04
15/08/2026 01:50;6,02
15/08/2026 01:55;6,01
15/08/2026 02:00;5,98
15/08/2026 02:05;5,97
15/08/2026 02:10;5,95
15/08/2026 02:15;5,94
15/08/2026 02:20;5,92
15/08/2026 02:25;5,9
15/08/2026 02:30;5,88
15/08/2026 02:35;5,86
15/08/2026 02:40;5,84
15/08/2026 02:45;5,83
15/08/2026 02:50;5,81
15/08/2026 02:55;5,79
15/08/2026 03:00;5,77
15/08/2026 03:05;5,76
15/08/2026 03:10;5,74
15/08/2026 03:15;5,73
15/08/2026 03:20;5,7
15/08/2026 03:25;5,69
15/08/2026 03:30;5,66
15/08/2026 03:35;5,65
15/08/2026 03:40;5,63
15/08/2026 03:45;5,62
15/08/2026 03:50;5,6
15/08/2026 03:55;5,59
15/08/2026 04:00;5,58
15/08/2026 04:05;5,59
15/08/2026 04:10;5,58
15/08/2026 04:15;5,56
15/08/2026 04:20;5,54
15/08/2026 04:25;5,52
15/08/2026 04:30;5,5
15/08/2026 04:35;5,49
15/08/2026 04:40;5,47
15/08/2026 04:45;5,45
15/08/2026 04:50;5,43
15/08/2026 04:55;5,42
15/08/2026 05:00;5,53
15/08/2026 05:05;5,66
15/08/2026 05:10;5,63
15/08/2026 05:15;5,63
15/08/2026 05:20;5,62
15/08/2026 05:25;5,59
15/08/2026 05:30;5,6
15/08/2026 05:35;5,59
15/08/2026 05:40;5,58
15/08/2026 05:45;5,58
15/08/2026 05:50;5,54
15/08/2026 05:55;5,52
15/08/2026 06:00;5,48
15/08/2026 06:05;5,46
15/08/2026 06:10;5,43
15/08/2026 06:15;5,4
15/08/2026 06:20;5,37
15/08/2026 06:25;5,34
15/08/2026 06:30;5,29
15/08/2026 06:35;5,26
15/08/2026 06:40;5,22
15/08/2026 06:45;5,19
15/08/2026 06:50;5,16
15/08/2026 06:55;5,14
15/08/2026 07:00;5,12
15/08/2026 07:05;5,11
15/08/2026 07:10;5,11
15/08/2026 07:15;5,11
15/08/2026 07:20;5,1
15/08/2026 07:25;5,09
15/08/2026 07:30;5,08
15/08/2026 07:35;5,07
15/08/2026 07:40;5,05
15/08/2026 07:45;5,02
15/08/2026 07:50;5,0
15/08/2026 07:55;4,97
15/08/2026 08:00;4,94
15/08/2026 08:05;4,92
15/08/2026 08:10;4,91
15/08/2026 08:15;4,9
15/08/2026 08:20;4,88
15/08/2026 08:25;4,87
15/08/2026 08:30;4,86
15/08/2026 08:35;4,87
15/08/2026 08:40;4,85
15/08/2026 08:45;4,84
15/08/2026 08:50;4,89
15/08/2026 08:55;4,98
15/08/2026 09:00;5,08
15/08/2026 09:05;5,09
15/08/2026 09:10;5,09
15/08/2026 09:15;5,08
15/08/2026 09:20;5,08
15/08/2026 09:25;5,09
15/08/2026 09:30;5,1
15/08/2026 09:35;5,11
15/08/2026 09:40;5,1
15/08/2026 09:45;5,09
15/08/2026 09:50;5,08
15/08/2026 09:55;5,08
15/08/2026 10:00;5,08
15/08/2026 10:05;5,08
15/08/2026 10:10;5,1
15/08/2026 10:15;5,1
15/08/2026 10:20;5,1
15/08/2026 10:25;5,11
15/08/2026 10:30;5,11
15/08/2026 10:35;5,11
15/08/2026 10:40;5,1
15/08/2026 10:45;5,1
15/08/2026 10:50;5,11
15/08/2026 10:55;5,1
15/08/2026 11:00;5,1
15/08/2026 11:05;5,1
15/08/2026 11:10;5,1
15/08/2026 11:15;5,09
15/08/2026 11:20;5,1
15/08/2026 11:25;5,1
15/08/2026 11:30;5,09
15/08/2026 11:35;5,08
15/08/2026 11:40;5,07
15/08/2026 11:45;5,06
15/08/2026 11:50;5,05
15/08/2026 11:55;5,04
15/08/2026 12:00;5,03
15/08/2026 12:05;5,02
15/08/2026 12:10;5,02
15/08/2026 12:15;5,02
15/08/2026 12:20;5,03
15/08/2026 12:25;5,04
15/08/2026 12:30;5,06
15/08/2026 12:35;5,06
15/08/2026 12:40;5,06
15/08/2026 12:45;5,07
15/08/2026 12:50;5,07
15/08/2026 12:55;5,07
15/08/2026 13:00;5,08
15/08/2026 13:05;5,09
15/08/2026 13:10;5,12
15/08/2026 13:15;5,13
15/08/2026 13:20;5,16
15/08/2026 13:25;5,17
15/08/2026 13:30;5,2
15/08/2026 13:35;5,21
15/08/2026 13:40;5,24
15/08/2026 13:45;5,26
15/08/2026 13:50;5,28
15/08/2026 13:55;5,29
15/08/2026 14:00;5,3
15/08/2026 14:05;5,31
15/08/2026 14:10;5,32
15/08/2026 14:15;5,33
15/08/2026 14:20;5,33
15/08/2026 14:25;5,33
15/08/2026 14:30;5,34
15/08/2026 14:35;5,34
15/08/2026 14:40;5,34
15/08/2026 14:45;5,34
15/08/2026 14:50;5,34
15/08/2026 14:55;5,33
15/08/2026 15:00;5,33
15/08/2026 15:05;5,33
15/08/2026 15:10;5,33
15/08/2026 15:15;5,32
15/08/2026 15:20;5,32
15/08/2026 15:25;5,31
15/08/2026 15:30;5,32
15/08/2026 15:35;5,31
15/08/2026 15:40;5,3
15/08/2026 15:45;5,29
15/08/2026 15:50;5,29
15/08/2026 15:55;5,28
15/08/2026 16:00;5,27
15/08/2026 16:05;5,27
15/08/2026 16:10;5,27
15/08/2026 16:15;5,27
15/08/2026 16:20;5,26
15/08/2026 16:25;5,26
15/08/2026 16:30;5,26
15/08/2026 16:35;5,27
15/08/2026 16:40;5,27
15/08/2026 16:45;5,27
15/08/2026 16:50;5,27
15/08/2026 16:55;5,28
15/08/2026 17:00;5,29
15/08/2026 17:05;5,29
15/08/2026 17:10;5,3
15/08/2026 17:15;5,3
15/08/2026 17:20;5,31
15/08/2026 17:25;5,31
15/08/2026 17:30;5,32
15/08/2026 17:35;5,32
15/08/2026 17:40;5,33
15/08/2026 17:45;5,33
15/08/2026 17:50;5,34
15/08/2026 17:55;5,35
15/08/2026 18:00;5,35
15/08/2026 18:05;5,36
15/08/2026 18:10;5,38
15/08/2026 18:15;5,39
15/08/2026 18:20;5,4
15/08/2026 18:25;5,41
15/08/2026 18:30;5,43
15/08/2026 18:35;5,44
15/08/2026 18:40;5,45
15/08/2026 18:45;5,46
15/08/2026 18:50;5,48
15/08/2026 18:55;5,49
15/08/2026 19:00;5,51
15/08/2026 19:05;5,52
15/08/2026 19:10;5,54
15/08/2026 19:15;5,55
15/08/2026 19:20;5,57
15/08/2026 19:25;5,58
15/08/2026 19:30;5,6
15/08/2026 19:35;5,61
15/08/2026 19:40;5,64
15/08/2026 19:45;5,65
15/08/2026 19:50;5,67
15/08/2026 19:55;5,69
15/08/2026 20:00;5,71
15/08/2026 20:05;5,72
15/08/2026 20:10;5,75
15/08/2026 20:15;5,76
15/08/2026 20:20;5,78
15/08/2026 20:25;5,8
15/08/2026 20:30;5,83
15/08/2026 20:35;5,84
15/08/2026 20:40;5,86
15/08/2026 20:45;5,88
15/08/2026 20:50;5,9
15/08/2026 20:55;5,91
15/08/2026 21:00;5,93
15/08/2026 21:05;5,95
15/08/2026 21:10;5,97
15/08/2026 21:15;5,98
15/08/2026 21:20;5,99
15/08/2026 21:25;6,0
15/08/2026 21:30;6,02
15/08/2026 21:35;6,03
15/08/2026 21:40;6,04
15/08/2026 21:45;6,05
15/08/2026 21:50;6,07
15/08/2026 21:55;6,07
15/08/2026 22:00;6,08
15/08/2026 22:05;6,09
15/08/2026 22:10;6,1
15/08/2026 22:15;6,11
15/08/2026 22:20;6,11
15/08/2026 22:25;6,12
15/08/2026 22:30;6,13
15/08/2026 22:35;6,13
15/08/2026 22:40;6,13
15/08/2026 22:45;6,13
15/08/2026 22:50;6,13
15/08/2026 22:55;6,13
15/08/2026 23:00;6,12
15/08/2026 23:05;6,11
15/08/2026 23:10;6,11
15/08/2026 23:15;6,1
15/08/2026 23:20;6,08
15/08/2026 23:25;6,07
15/08/2026 23:30;6,06
15/08/2026 23:35;6,04
15/08/2026 23:40;6,02
15/08/2026 23:45;6,01
15/08/2026 23:50;5,98
15/08/2026 23:55;5,97
16/08/2026 00:00;5,95
16/08/2026 00:05;5,93
16/08/2026 00:10;5,91
16/08/2026 00:15;5,89
16/08/2026 00:20;5,86
16/08/2026 00:25;5,86
16/08/2026 00:30;5,83
16/08/2026 00:35;5,82
16/08/2026 00:40;5,8
16/08/2026 00:45;5,8
16/08/2026 00:50;5,78
16/08/2026 00:55;5,77
16/08/2026 01:00;5,76
16/08/2026 01:05;5,75
16/08/2026 01:10;5,74
16/08/2026 01:15;5,74
16/08/2026 01:20;5,72
16/08/2026 01:25;5,72
16/08/2026 01:30;5,72
16/08/2026 01:35;5,71
16/08/2026 01:40;5,71
16/08/2026 01:45;5,7
16/08/2026 01:50;5,7
16/08/2026 01:55;5,7
16/08/2026 02:00;5,7
16/08/2026 02:05;5,7
16/08/2026 02:10;5,69
16/08/2026 02:15;5,69
16/08/2026 02:20;5,69
16/08/2026 02:25;5,68
16/08/2026 02:30;5,68
16/08/2026 02:35;5,68
16/08/2026 02:40;5,67
16/08/2026 02:45;5,67
16/08/2026 02:50;5,66
16/08/2026 02:55;5,66
16/08/2026 03:00;5,65
16/08/2026 03:05;5,65
16/08/2026 03:10;5,64
16/08/2026 03:15;5,63
16/08/2026 03:20;5,63
16/08/2026 03:25;5,62
16/08/2026 03:30;5,62
16/08/2026 03:35;5,61
16/08/2026 03:40;5,6
16/08/2026 03:45;5,59
16/08/2026 03:50;5,58
16/08/2026 03:55;5,57
16/08/2026 04:00;5,56
16/08/2026 04:05;5,56
16/08/2026 04:10;5,55
16/08/2026 04:15;5,54
16/08/2026 04:20;5,54
16/08/2026 04:25;5,53
16/08/2026 04:30;5,51
16/08/2026 04:35;5,51
16/08/2026 04:40;5,5
16/08/2026 04:45;5,49
16/08/2026 04:50;5,49
16/08/2026 04:55;5,49
16/08/2026 05:00;5,48
16/08/2026 05:05;5,48
16/08/2026 05:10;5,48
16/08/2026 05:15;5,48
16/08/2026 05:20;5,47
16/08/2026 05:25;5,47
16/08/2026 05:30;5,48
16/08/2026 05:35;5,48
16/08/2026 05:40;5,48
16/08/2026 05:45;5,48
16/08/2026 05:50;5,48
16/08/2026 05:55;5,48
16/08/2026 06:00;5,48
16/08/2026 06:05;5,49
16/08/2026 06:10;5,48
16/08/2026 06:15;5,49
16/08/2026 06:20;5,49
16/08/2026 06:25;5,49
16/08/2026 06:30;5,5
16/08/2026 06:35;5,5
16/08/2026 06:40;5,5
16/08/2026 06:45;5,5
16/08/2026 06:50;5,51
16/08/2026 06:55;5,51
16/08/2026 07:00;5,52
16/08/2026 07:05;5,52
16/08/2026 07:10;5,52
16/08/2026 07:15;5,52
16/08/2026 07:20;5,53
16/08/2026 07:25;5,54
16/08/2026 07:30;5,55
16/08/2026 07:35;5,55
16/08/2026 07:40;5,55
16/08/2026 07:45;5,55
16/08/2026 07:50;5,55
16/08/2026 07:55;5,55
16/08/2026 08:00;5,56
16/08/2026 08:05;5,56
16/08/2026 08:10;5,57
16/08/2026 08:15;5,57
16/08/2026 08:20;5,57
16/08/2026 08:25;5,57
16/08/2026 08:30;5,58
16/08/2026 08:35;5,58
16/08/2026 08:40;5,58
16/08/2026 08:45;5,58
16/08/2026 08:50;5,58
16/08/2026 08:55;5,59
16/08/2026 09:00;5,59
16/08/2026 09:05;5,59
16/08/2026 09:10;5,6
16/08/2026 09:15;5,59
16/08/2026 09:20;5,59
16/08/2026 09:25;5,6
16/08/2026 09:30;5,6
16/08/2026 09:35;5,6
16/08/2026 09:40;5,6
16/08/2026 09:45;5,6
16/08/2026 09:50;5,6
16/08/2026 09:55;5,6
16/08/2026 10:00;5,6
16/08/2026 10:05;5,6
16/08/2026 10:10;5,6
16/08/2026 10:15;5,6
16/08/2026 10:20;5,6
16/08/2026 10:25;5,6
16/08/2026 10:30;5,6
16/08/2026 10:35;5,6
16/08/2026 10:40;5,6
16/08/2026 10:45;5,6
16/08/2026 10:50;5,6
16/08/2026 10:55;5,61
16/08/2026 11:00;5,6
16/08/2026 11:05;5,6
16/08/2026 11:10;5,6
16/08/2026 11:15;5,61
16/08/2026 11:20;5,6
16/08/2026 11:25;5,6
16/08/2026 11:30;5,6
16/08/2026 11:35;5,6
16/08/2026 11:40;5,6
16/08/2026 11:45;5,6
16/08/2026 11:50;5,61
16/08/2026 11:55;5,61
16/08/2026 12:00;5,6
16/08/2026 12:05;5,61
16/08/2026 12:10;5,61
16/08/2026 12:15;5,61
16/08/2026 12:20;5,61
16/08/2026 12:25;5,61
16/08/2026 12:30;5,6
16/08/2026 12:35;5,61
16/08/2026 12:40;5,6
16/08/2026 12:45;5,61
16/08/2026 12:50;5,61
16/08/2026 12:55;5,61
16/08/2026 13:00;5,61
16/08/2026 13:05;5,6
16/08/2026 13:10;5,6
16/08/2026 13:15;5,6
16/08/2026 13:20;5,59
16/08/2026 13:25;5,6
16/08/2026 13:30;5,59
16/08/2026 13:35;5,59
16/08/2026 13:40;5,58
16/08/2026 13:45;5,59
16/08/2026 13:50;5,59
16/08/2026 13:55;5,59
16/08/2026 14:00;5,58
16/08/2026 14:05;5,58
16/08/2026 14:10;5,58
16/08/2026 14:15;5,58
16/08/2026 14:20;5,58
16/08/2026 14:25;5,58
16/08/2026 14:30;5,58
16/08/2026 14:35;5,58
16/08/2026 14:40;5,57
16/08/2026 14:45;5,58
16/08/2026 14:50;5,57
16/08/2026 14:55;5,57
16/08/2026 15:00;5,57
16/08/2026 15:05;5,57
16/08/2026 15:10;5,57
16/08/2026 15:15;5,57
16/08/2026 15:20;5,57
16/08/2026 15:25;5,57
16/08/2026 15:30;5,57
16/08/2026 15:35;5,57
16/08/2026 15:40;5,57
16/08/2026 15:45;5,57
16/08/2026 15:50;5,57
16/08/2026 15:55;5,57
16/08/2026 16:00;5,57
16/08/2026 16:05;5,57
16/08/2026 16:10;5,57
16/08/2026 16:15;5,57
16/08/2026 16:20;5,57
16/08/2026 16:25;5,57
16/08/2026 16:30;5,58
16/08/2026 16:35;5,58
16/08/2026 16:40;5,58
16/08/2026 16:45;5,58
16/08/2026 16:50;5,58
16/08/2026 16:55;5,58
16/08/2026 17:00;5,58
16/08/2026 17:05;5,59
16/08/2026 17:10;5,59
16/08/2026 17:15;5,59
16/08/2026 17:20;5,59
16/08/2026 17:25;5,6
16/08/2026 17:30;5,6
16/08/2026 17:35;5,6
16/08/2026 17:40;5,61
16/08/2026 17:45;5,61
16/08/2026 17:50;5,62
16/08/2026 17:55;5,62
16/08/2026 18:00;5,63
16/08/2026 18:05;5,63
16/08/2026 18:10;5,64
16/08/2026 18:15;5,64
16/08/2026 18:20;5,65
16/08/2026 18:25;5,66
16/08/2026 18:30;5,67
16/08/2026 18:35;5,67
16/08/2026 18:40;5,68
16/08/2026 18:45;5,69
16/08/2026 18:50;5,69
16/08/2026 18:55;5,69
16/08/2026 19:00;5,7
16/08/2026 19:05;5,71
16/08/2026 19:10;5,72
16/08/2026 19:15;5,73
16/08/2026 19:20;5,74
16/08/2026 19:25;5,75
16/08/2026 19:30;5,76
16/08/2026 19:35;5,77
16/08/2026 19:40;5,77
16/08/2026 19:45;5,78
16/08/2026 19:50;5,8
16/08/2026 19:55;5,81
16/08/2026 20:00;5,82
16/08/2026 20:05;5,83
16/08/2026 20:10;5,84
16/08/2026 20:15;5,86
16/08/2026 20:20;5,87
16/08/2026 20:25;5,87
16/08/2026 20:30;5,89
16/08/2026 20:35;5,9
16/08/2026 20:40;5,91
16/08/2026 20:45;5,91
16/08/2026 20:50;5,93
16/08/2026 20:55;5,93
16/08/2026 21:00;5,94
16/08/2026 21:05;5,96
16/08/2026 21:10;5,96
16/08/2026 21:15;5,97
16/08/2026 21:20;5,98
16/08/2026 21:25;5,99
16/08/2026 21:30;6,0
16/08/2026 21:35;6,01
16/08/2026 21:40;6,02
16/08/2026 21:45;6,03
16/08/2026 21:50;6,03
16/08/2026 21:55;6,04
16/08/2026 22:00;6,05
16/08/2026 22:05;6,05
16/08/2026 22:10;6,06
16/08/2026 22:15;6,07
16/08/2026 22:20;6,07
16/08/2026 22:25;6,08
16/08/2026 22:30;6,08
16/08/2026 22:35;6,08
16/08/2026 22:40;6,09
16/08/2026 22:45;6,09
16/08/2026 22:50;6,1
16/08/2026 22:55;6,1
16/08/2026 23:00;6,1
16/08/2026 23:05;6,11
16/08/2026 23:10;6,11
16/08/2026 23:15;6,11
16/08/2026 23:20;6,11
16/08/2026 23:25;6,12
16/08/2026 23:30;6,12
16/08/2026 23:35;6,12
16/08/2026 23:40;6,12
16/08/2026 23:45;6,12
16/08/2026 23:50;6,12
16/08/2026 23:55;6,13
17/08/2026 00:00;6,12
17/08/2026 00:05;6,12
17/08/2026 00:10;6,12
17/08/2026 00:15;6,12
17/08/2026 00:20;6,12
17/08/2026 00:25;6,12
17/08/2026 00:30;6,12
17/08/2026 00:35;6,11
17/08/2026 00:40;6,11
17/08/2026 00:45;6,11
17/08/2026 00:50;6,1
17/08/2026 00:55;6,1
17/08/2026 01:00;6,1
17/08/2026 01:05;6,09
17/08/2026 01:10;6,09
17/08/2026 01:15;6,09
17/08/2026 01:20;6,08
17/08/2026 01:25;6,08
17/08/2026 01:30;6,07
17/08/2026 01:35;6,06
17/08/2026 01:40;6,05
17/08/2026 01:45;6,05
17/08/2026 01:50;6,04
17/08/2026 01:55;6,03
17/08/2026 02:00;6,02
17/08/2026 02:05;6,02
17/08/2026 02:10;6,0
17/08/2026 02:15;5,99
17/08/2026 02:20;5,98
17/08/2026 02:25;5,98
17/08/2026 02:30;5,97
17/08/2026 02:35;5,96
17/08/2026 02:40;5,95
17/08/2026 02:45;5,94
17/08/2026 02:50;5,92
17/08/2026 02:55;5,91
17/08/2026 03:00;5,9
17/08/2026 03:05;5,9
17/08/2026 03:10;5,88
17/08/2026 03:15;5,87
17/08/2026 03:20;5,86
17/08/2026 03:25;5,85
17/08/2026 03:30;5,84
17/08/2026 03:35;5,83
17/08/2026 03:40;5,81
17/08/2026 03:45;5,81
17/08/2026 03:50;5,79
17/08/2026 03:55;5,78
17/08/2026 04:00;5,77
17/08/2026 04:05;5,77
17/08/2026 04:10;5,75
17/08/2026 04:15;5,74
17/08/2026 04:20;5,73
17/08/2026 04:25;5,72
17/08/2026 04:30;5,71
17/08/2026 04:35;5,7
17/08/2026 04:40;5,68
17/08/2026 04:45;5,68
17/08/2026 04:50;5,66
17/08/2026 04:55;5,66
17/08/2026 05:00;5,64
17/08/2026 05:05;5,63
17/08/2026 05:10;5,62
17/08/2026 05:15;5,61
17/08/2026 05:20;5,59
17/08/2026 05:25;5,58
17/08/2026 05:30;5,56
17/08/2026 05:35;5,55
17/08/2026 05:40;5,54
17/08/2026 05:45;5,54
17/08/2026 05:50;5,53
17/08/2026 05:55;5,52
17/08/2026 06:00;5,51
17/08/2026 06:05;5,51
17/08/2026 06:10;5,5
17/08/2026 06:15;5,49
17/08/2026 06:20;5,48
17/08/2026 06:25;5,48
17/08/2026 06:30;5,47
17/08/2026 06:35;5,46
17/08/2026 06:40;5,45
17/08/2026 06:45;5,45
17/08/2026 06:50;5,44
17/08/2026 06:55;5,44
17/08/2026 07:00;5,42
17/08/2026 07:05;5,42
17/08/2026 07:10;5,41
17/08/2026 07:15;5,41
17/08/2026 07:20;5,4
17/08/2026 07:25;5,4
17/08/2026 07:30;5,39
17/08/2026 07:35;5,39
17/08/2026 07:40;5,38
17/08/2026 07:45;5,38
17/08/2026 07:50;5,37
17/08/2026 07:55;5,37
17/08/2026 08:00;5,37
17/08/2026 08:05;5,37
17/08/2026 08:10;5,36
17/08/2026 08:15;5,36
17/08/2026 08:20;5,36
17/08/2026 08:25;5,36
17/08/2026 08:30;5,36
17/08/2026 08:35;5,36
17/08/2026 08:40;5,36
17/08/2026 08:45;5,35
17/08/2026 08:50;5,35
17/08/2026 08:55;5,36
17/08/2026 09:00;5,35
17/08/2026 09:05;5,36
17/08/2026 09:10;5,36
17/08/2026 09:15;5,36
17/08/2026 09:20;5,36
17/08/2026 09:25;5,37
17/08/2026 09:30;5,37
17/08/2026 09:35;5,37
17/08/2026 09:40;5,38
17/08/2026 09:45;5,38
17/08/2026 09:50;5,38
17/08/2026 09:55;5,39
17/08/2026 10:00;5,4
17/08/2026 10:05;5,4
17/08/2026 10:10;5,41
17/08/2026 10:15;5,41
17/08/2026 10:20;5,42
17/08/2026 10:25;5,43
17/08/2026 10:30;5,44
17/08/2026 10:35;5,44
17/08/2026 10:40;5,45
17/08/2026 10:45;5,45
17/08/2026 10:50;5,47
17/08/2026 10:55;5,47
17/08/2026 11:00;5,49
17/08/2026 11:05;5,5
17/08/2026 11:10;5,51
17/08/2026 11:15;5,52
17/08/2026 11:20;5,52
17/08/2026 11:25;5,54
17/08/2026 11:30;5,55
17/08/2026 11:35;5,55
17/08/2026 11:40;5,56
17/08/2026 11:45;5,57
17/08/2026 11:50;5,58
17/08/2026 11:55;5,59
17/08/2026 12:00;5,59
17/08/2026 12:05;5,6
17/08/2026 12:10;5,6
17/08/2026 12:15;5,61
17/08/2026 12:20;5,61
17/08/2026 12:25;5,61
17/08/2026 12:30;5,62
17/08/2026 12:35;5,61
17/08/2026 12:40;5,62
17/08/2026 12:45;5,61
17/08/2026 12:50;5,61
17/08/2026 12:55;5,61
17/08/2026 13:00;5,61
17/08/2026 13:05;5,61
17/08/2026 13:10;5,61
17/08/2026 13:15;5,61
17/08/2026 13:20;5,61
17/08/2026 13:25;5,61
17/08/2026 13:30;5,61
17/08/2026 13:35;5,62
17/08/2026 13:40;5,62
17/08/2026 13:45;5,62
17/08/2026 13:50;5,63
17/08/2026 13:55;5,63
17/08/2026 14:00;5,64
17/08/2026 14:05;5,64
17/08/2026 14:10;5,65
17/08/2026 14:15;5,66
17/08/2026 14:20;5,66
17/08/2026 14:25;5,67
17/08/2026 14:30;5,68
17/08/2026 14:35;5,69
17/08/2026 14:40;5,7
17/08/2026 14:45;5,71
17/08/2026 14:50;5,72
17/08/2026 14:55;5,73
17/08/2026 15:00;5,74
17/08/2026 15:05;5,75
17/08/2026 15:10;5,76
17/08/2026 15:15;5,77
17/08/2026 15:20;5,78
17/08/2026 15:25;5,78
17/08/2026 15:30;5,81
17/08/2026 15:35;5,81
17/08/2026 15:40;5,82
17/08/2026 15:45;5,84
17/08/2026 15:50;5,85
17/08/2026 15:55;5,86
17/08/2026 16:00;5,87
17/08/2026 16:05;5,88
17/08/2026 16:10;5,9
17/08/2026 16:15;5,92
17/08/2026 16:20;5,93
17/08/2026 16:25;5,95
17/08/2026 16:30;5,97
17/08/2026 16:35;5,98
17/08/2026 16:40;6,0
17/08/2026 16:45;6,02
17/08/2026 16:50;6,04
17/08/2026 16:55;6,06
17/08/2026 17:00;6,09
17/08/2026 17:05;6,11
17/08/2026 17:10;6,14
17/08/2026 17:15;6,16
17/08/2026 17:20;6,19
17/08/2026 17:25;6,21
17/08/2026 17:30;6,24
17/08/2026 17:35;6,26
17/08/2026 17:40;6,29
17/08/2026 17:45;6,32
17/08/2026 17:50;6,35
17/08/2026 17:55;6,36
17/08/2026 18:00;6,39
17/08/2026 18:05;6,42
17/08/2026 18:10;6,45
17/08/2026 18:15;6,47
17/08/2026 18:20;6,5
17/08/2026 18:25;6,51
17/08/2026 18:30;6,54
17/08/2026 18:35;6,56
17/08/2026 18:40;6,58
17/08/2026 18:45;6,61
17/08/2026 18:50;6,63
17/08/2026 18:55;6,65
17/08/2026 19:00;6,67
17/08/2026 19:05;6,69
17/08/2026 19:10;6,72
17/08/2026 19:15;6,73
17/08/2026 19:20;6,75
17/08/2026 19:25;6,77
17/08/2026 19:30;6,78
17/08/2026 19:35;6,79
17/08/2026 19:40;6,81
17/08/2026 19:45;6,82
17/08/2026 19:50;6,83
17/08/2026 19:55;6,84
17/08/2026 20:00;6,85
17/08/2026 20:05;6,86
17/08/2026 20:10;6,87
17/08/2026 20:15;6,87
17/08/2026 20:20;6,88
17/08/2026 20:25;6,89
17/08/2026 20:30;6,89
17/08/2026 20:35;6,9
17/08/2026 20:40;6,9
17/08/2026 20:45;6,9
17/08/2026 20:50;6,9
17/08/2026 20:55;6,9
17/08/2026 21:00;6,9
17/08/2026 21:05;6,9
17/08/2026 21:10;6,9
17/08/2026 21:15;6,9
17/08/2026 21:20;6,89
17/08/2026 21:25;6,89
17/08/2026 21:30;6,88
17/08/2026 21:35;6,88
17/08/2026 21:40;6,87
17/08/2026 21:45;6,87
17/08/2026 21:50;6,86
17/08/2026 21:55;6,85
17/08/2026 22:00;6,84
17/08/2026 22:05;6,83
17/08/2026 22:10;6,82
17/08/2026 22:15;6,81
17/08/2026 22:20;6,8
17/08/2026 22:25;6,79
17/08/2026 22:30;6,78
17/08/2026 22:35;6,76
17/08/2026 22:40;6,75
17/08/2026 22:45;6,74
17/08/2026 22:50;6,72
17/08/2026 22:55;6,71
17/08/2026 23:00;6,69
17/08/2026 23:05;6,69
17/08/2026 23:10;6,66
17/08/2026 23:15;6,65
17/08/2026 23:20;6,63
17/08/2026 23:25;6,62
17/08/2026 23:30;6,6
17/08/2026 23:35;6,59
17/08/2026 23:40;6,56
17/08/2026 23:45;6,56
17/08/2026 23:50;6,54
17/08/2026 23:55;6,53
18/08/2026 00:00;6,5
18/08/2026 00:05;6,49
18/08/2026 00:10;6,46
18/08/2026 00:15;6,45
18/08/2026 00:20;6,43
18/08/2026 00:25;6,43
18/08/2026 00:30;6,4
18/08/2026 00:35;6,39
18/08/2026 00:40;6,38
18/08/2026 00:45;6,37
18/08/2026 00:50;6,34
18/08/2026 00:55;6,33
18/08/2026 01:00;6,31
18/08/2026 01:05;6,31
18/08/2026 01:10;6,29
18/08/2026 01:15;6,28
18/08/2026 01:20;6,26
18/08/2026 01:25;6,25
18/08/2026 01:30;6,23
18/08/2026 01:35;6,22
18/08/2026 01:40;6,21
18/08/2026 01:45;6,2
18/08/2026 01:50;6,18
18/08/2026 01:55;6,17
18/08/2026 02:00;6,16
18/08/2026 02:05;6,15
18/08/2026 02:10;6,14
18/08/2026 02:15;6,14
18/08/2026 02:20;6,12
18/08/2026 02:25;6,12
18/08/2026 02:30;6,11
18/08/2026 02:35;6,1
18/08/2026 02:40;6,09
18/08/2026 02:45;6,08
18/08/2026 02:50;6,07
18/08/2026 02:55;6,07
18/08/2026 03:00;6,06
18/08/2026 03:05;6,06
18/08/2026 03:10;6,05
18/08/2026 03:15;6,04
18/08/2026 03:20;6,03
18/08/2026 03:25;6,03
18/08/2026 03:30;6,02
18/08/2026 03:35;6,02
18/08/2026 03:40;6,01
18/08/2026 03:45;6,01
18/08/2026 03:50;6,01
18/08/2026 03:55;6,01
18/08/2026 04:00;6,0
18/08/2026 04:05;6,0
18/08/2026 04:10;5,99
18/08/2026 04:15;5,99
18/08/2026 04:20;5,98
18/08/2026 04:25;5,99
18/08/2026 04:30;5,98
18/08/2026 04:35;5,98
18/08/2026 04:40;5,97
18/08/2026 04:45;5,97
18/08/2026 04:50;5,97
18/08/2026 04:55;5,97
18/08/2026 05:00;5,96
18/08/2026 05:05;5,96
18/08/2026 05:10;5,96
18/08/2026 05:15;5,95
18/08/2026 05:20;5,95
18/08/2026 05:25;5,95
18/08/2026 05:30;5,93
18/08/2026 05:35;5,93
18/08/2026 05:40;5,92
18/08/2026 05:45;5,92
18/08/2026 05:50;5,92
18/08/2026 05:55;5,92
18/08/2026 06:00;5,91
18/08/2026 06:05;5,91
18/08/2026 06:10;5,9
18/08/2026 06:15;5,9
18/08/2026 06:20;5,89
18/08/2026 06:25;5,89
18/08/2026 06:30;5,89
18/08/2026 06:35;5,88
18/08/2026 06:40;5,89
18/08/2026 06:45;5,88
18/08/2026 06:50;5,88
18/08/2026 06:55;5,88
18/08/2026 07:00;5,88
18/08/2026 07:05;5,88
18/08/2026 07:10;5,87
18/08/2026 07:15;5,87
18/08/2026 07:20;5,87
18/08/2026 07:25;5,87
18/08/2026 07:30;5,87
18/08/2026 07:35;5,87
18/08/2026 07:40;5,86
18/08/2026 07:45;5,86
18/08/2026 07:50;5,86
18/08/2026 07:55;5,86
18/08/2026 08:00;5,86
18/08/2026 08:05;5,86
18/08/2026 08:10;5,85
18/08/2026 08:15;5,85
18/08/2026 08:20;5,85
18/08/2026 08:25;5,85
18/08/2026 08:30;5,84
18/08/2026 08:35;5,85
18/08/2026 08:40;5,84
18/08/2026 08:45;5,83
18/08/2026 08:50;5,83
18/08/2026 08:55;5,83
18/08/2026 09:00;5,83
18/08/2026 09:05;5,83
18/08/2026 09:10;5,83
18/08/2026 09:15;5,83
18/08/2026 09:20;5,83
18/08/2026 09:25;5,83
18/08/2026 09:30;5,82
18/08/2026 09:35;5,82
18/08/2026 09:40;5,82
18/08/2026 09:45;5,83
18/08/2026 09:50;5,83
18/08/2026 09:55;5,83
18/08/2026 10:00;5,82
18/08/2026 10:05;5,83
18/08/2026 10:10;5,83
18/08/2026 10:15;5,82
18/08/2026 10:20;5,82
18/08/2026 10:25;5,82
18/08/2026 10:30;5,82
18/08/2026 10:35;5,82
18/08/2026 10:40;5,82
18/08/2026 10:45;5,82
18/08/2026 10:50;5,82
18/08/2026 10:55;5,82
18/08/2026 11:00;5,82
18/08/2026 11:05;5,82
18/08/2026 11:10;5,82
18/08/2026 11:15;5,82
18/08/2026 11:20;5,82
18/08/2026 11:25;5,82
18/08/2026 11:30;5,83
18/08/2026 11:35;5,83
18/08/2026 11:40;5,83
18/08/2026 11:45;5,83
18/08/2026 11:50;5,83
18/08/2026 11:55;5,83
18/08/2026 12:00;5,83
18/08/2026 12:05;5,84
18/08/2026 12:10;5,84
18/08/2026 12:15;5,84
18/08/2026 12:20;5,84
18/08/2026 12:25;5,85
18/08/2026 12:30;5,85
18/08/2026 12:35;5,85
18/08/2026 12:40;5,86
18/08/2026 12:45;5,86
18/08/2026 12:50;5,86
18/08/2026 12:55;5,87
18/08/2026 13:00;5,87
18/08/2026 13:05;5,87
18/08/2026 13:10;5,88
18/08/2026 13:15;5,88
18/08/2026 13:20;5,87
18/08/2026 13:25;5,88
18/08/2026 13:30;5,88
18/08/2026 13:35;5,88
18/08/2026 13:40;5,88
18/08/2026 13:45;5,89
18/08/2026 13:50;5,89
18/08/2026 13:55;5,89
18/08/2026 14:00;5,89
18/08/2026 14:05;5,89
18/08/2026 14:10;5,89
18/08/2026 14:15;5,9
18/08/2026 14:20;5,9
18/08/2026 14:25;5,91
18/08/2026 14:30;5,91
18/08/2026 14:35;5,91
18/08/2026 14:40;5,92
18/08/2026 14:45;5,92
18/08/2026 14:50;5,92
18/08/2026 14:55;5,93
18/08/2026 15:00;5,93
18/08/2026 15:05;5,94
18/08/2026 15:10;5,95
18/08/2026 15:15;5,95
18/08/2026 15:20;5,96
18/08/2026 15:25;5,96
18/08/2026 15:30;5,97
18/08/2026 15:35;5,99
18/08/2026 15:40;5,99
18/08/2026 15:45;6,0
18/08/2026 15:50;6,02
18/08/2026 15:55;6,03
18/08/2026 16:00;6,04
18/08/2026 16:05;6,06
18/08/2026 16:10;6,07
18/08/2026 16:15;6,09
18/08/2026 16:20;6,1
18/08/2026 16:25;6,12
18/08/2026 16:30;6,14
18/08/2026 16:35;6,15
18/08/2026 16:40;6,16
18/08/2026 16:45;6,17
18/08/2026 16:50;6,19
18/08/2026 16:55;6,2
18/08/2026 17:00;6,23
18/08/2026 17:05;6,25
18/08/2026 17:10;6,28
18/08/2026 17:15;6,31
18/08/2026 17:20;6,33
18/08/2026 17:25;6,35
18/08/2026 17:30;6,37
18/08/2026 17:35;6,4
18/08/2026 17:40;6,41
18/08/2026 17:45;6,43
18/08/2026 17:50;6,46
18/08/2026 17:55;6,47
18/08/2026 18:00;6,5
18/08/2026 18:05;6,51
18/08/2026 18:10;6,54
18/08/2026 18:15;6,55
18/08/2026 18:20;6,57
18/08/2026 18:25;6,59
18/08/2026 18:30;6,62
18/08/2026 18:35;6,63
18/08/2026 18:40;6,66
18/08/2026 18:45;6,67
18/08/2026 18:50;6,69
18/08/2026 18:55;6,71
18/08/2026 19:00;6,72
18/08/2026 19:05;6,74
18/08/2026 19:10;6,76
18/08/2026 19:15;6,77
18/08/2026 19:20;6,79
18/08/2026 19:25;6,81
18/08/2026 19:30;6,82
18/08/2026 19:35;6,83
18/08/2026 19:40;6,84
18/08/2026 19:45;6,86
18/08/2026 19:50;6,87
18/08/2026 19:55;6,88
18/08/2026 20:00;6,9
18/08/2026 20:05;6,91
18/08/2026 20:10;6,92
18/08/2026 20:15;6,93
18/08/2026 20:20;6,95
18/08/2026 20:25;6,96
18/08/2026 20:30;6,97
18/08/2026 20:35;6,98
18/08/2026 20:40;6,99
18/08/2026 20:45;7,0
18/08/2026 20:50;7,01
18/08/2026 20:55;7,01
18/08/2026 21:00;7,02
18/08/2026 21:05;7,03
18/08/2026 21:10;7,03
18/08/2026 21:15;7,03
18/08/2026 21:20;7,04
18/08/2026 21:25;7,05
18/08/2026 21:30;7,05
18/08/2026 21:35;7,05
18/08/2026 21:40;7,06
18/08/2026 21:45;7,06
18/08/2026 21:50;7,07
18/08/2026 21:55;7,07
18/08/2026 22:00;7,07
18/08/2026 22:05;7,08
18/08/2026 22:10;7,07
18/08/2026 22:15;7,07
18/08/2026 22:20;7,07
18/08/2026 22:25;7,06
18/08/2026 22:30;7,06
18/08/2026 22:35;7,06
18/08/2026 22:40;7,05
18/08/2026 22:45;7,05
18/08/2026 22:50;7,04
18/08/2026 22:55;7,04
18/08/2026 23:00;7,04
18/08/2026 23:05;7,03
18/08/2026 23:10;7,03
18/08/2026 23:15;7,02
18/08/2026 23:20;7,02
18/08/2026 23:25;7,02
18/08/2026 23:30;7,01
18/08/2026 23:35;7,01
18/08/2026 23:40;7,0
18/08/2026 23:45;6,99
18/08/2026 23:50;6,98
18/08/2026 23:55;6,97
19/08/2026 00:00;6,96
19/08/2026 00:05;6,95
19/08/2026 00:10;6,94
19/08/2026 00:15;6,93
19/08/2026 00:20;6,92
19/08/2026 00:25;6,91
19/08/2026 00:30;6,89
19/08/2026 00:35;6,88
19/08/2026 00:40;6,87
19/08/2026 00:45;6,86
19/08/2026 00:50;6,84
19/08/2026 00:55;6,83
19/08/2026 01:00;6,81
19/08/2026 01:05;6,8
19/08/2026 01:10;6,78
19/08/2026 01:15;6,77
19/08/2026 01:20;6,75
19/08/2026 01:25;6,73
19/08/2026 01:30;6,71
19/08/2026 01:35;6,7
19/08/2026 01:40;6,68
19/08/2026 01:45;6,66
19/08/2026 01:50;6,63
19/08/2026 01:55;6,62
19/08/2026 02:00;6,6
19/08/2026 02:05;6,58
19/08/2026 02:10;6,56
19/08/2026 02:15;6,56
19/08/2026 02:20;6,52
19/08/2026 02:25;6,51
19/08/2026 02:30;6,49
19/08/2026 02:35;6,47
19/08/2026 02:40;6,45
19/08/2026 02:45;6,45
19/08/2026 02:50;6,42
19/08/2026 02:55;6,41
19/08/2026 03:00;6,39
19/08/2026 03:05;6,37
19/08/2026 03:10;6,35
19/08/2026 03:15;6,35
19/08/2026 03:20;6,32
19/08/2026 03:25;6,32
19/08/2026 03:30;6,3
19/08/2026 03:35;6,28
19/08/2026 03:40;6,27
19/08/2026 03:45;6,26
19/08/2026 03:50;6,24
19/08/2026 03:55;6,23
19/08/2026 04:00;6,21
19/08/2026 04:05;6,2
19/08/2026 04:10;6,19
19/08/2026 04:15;6,18
19/08/2026 04:20;6,17
19/08/2026 04:25;6,16
19/08/2026 04:30;6,14
19/08/2026 04:35;6,13
19/08/2026 04:40;6,11
19/08/2026 04:45;6,11
19/08/2026 04:50;6,09
19/08/2026 04:55;6,08
19/08/2026 05:00;6,07
19/08/2026 05:05;6,06
19/08/2026 05:10;6,05
19/08/2026 05:15;6,04
19/08/2026 05:20;6,03
19/08/2026 05:25;6,03
19/08/2026 05:30;6,01
19/08/2026 05:35;6,0
19/08/2026 05:40;5,99
19/08/2026 05:45;5,98
19/08/2026 05:50;5,97
19/08/2026 05:55;5,96
19/08/2026 06:00;5,95
19/08/2026 06:05;5,95
19/08/2026 06:10;5,94
19/08/2026 06:15;5,93
19/08/2026 06:20;5,92
19/08/2026 06:25;5,92
19/08/2026 06:30;5,9
19/08/2026 06:35;5,9
19/08/2026 06:40;5,88
19/08/2026 06:45;5,88
19/08/2026 06:50;5,87
19/08/2026 06:55;5,87
19/08/2026 07:00;5,87
19/08/2026 07:05;5,86
19/08/2026 07:10;5,86
19/08/2026 07:15;5,85
19/08/2026 07:20;5,85
19/08/2026 07:25;5,84
19/08/2026 07:30;5,84
19/08/2026 07:35;5,83
19/08/2026 07:40;5,83
19/08/2026 07:45;5,83
19/08/2026 07:50;5,82
19/08/2026 07:55;5,82
19/08/2026 08:00;5,81
19/08/2026 08:05;5,81
19/08/2026 08:10;5,81
19/08/2026 08:15;5,81
19/08/2026 08:20;5,81
19/08/2026 08:25;5,8
19/08/2026 08:30;5,8
19/08/2026 08:35;5,79
19/08/2026 08:40;5,79
19/08/2026 08:45;5,79
19/08/2026 08:50;5,79
19/08/2026 08:55;5,79
19/08/2026 09:00;5,79
19/08/2026 09:05;5,79
19/08/2026 09:10;5,79
19/08/2026 09:15;5,79
19/08/2026 09:20;5,79
19/08/2026 09:25;5,79
19/08/2026 09:30;5,8
19/08/2026 09:35;5,79
19/08/2026 09:40;5,79
19/08/2026 09:45;5,79
19/08/2026 09:50;5,79
19/08/2026 09:55;5,79
19/08/2026 10:00;5,8
19/08/2026 10:05;5,8
19/08/2026 10:10;5,8
19/08/2026 10:15;5,81
19/08/2026 10:20;5,81
19/08/2026 10:25;5,81
19/08/2026 10:30;5,81
19/08/2026 10:35;5,81
19/08/2026 10:40;5,81
19/08/2026 10:45;5,81
19/08/2026 10:50;5,81
19/08/2026 10:55;5,82
19/08/2026 11:00;5,82
19/08/2026 11:05;5,82
19/08/2026 11:10;5,82
19/08/2026 11:15;5,82
19/08/2026 11:20;5,82
19/08/2026 11:25;5,82
19/08/2026 11:30;5,82
19/08/2026 11:35;5,82
19/08/2026 11:40;5,82
19/08/2026 11:45;5,83
19/08/2026 11:50;5,82
19/08/2026 11:55;5,82
19/08/2026 12:00;5,82
19/08/2026 12:05;5,82
19/08/2026 12:10;5,81
19/08/2026 12:15;5,81
19/08/2026 12:20;5,81
19/08/2026 12:25;5,81
19/08/2026 12:30;5,8
19/08/2026 12:35;5,81
19/08/2026 12:40;5,81
19/08/2026 12:45;5,81
19/08/2026 12:50;5,8
19/08/2026 12:55;5,8
19/08/2026 13:00;5,8
19/08/2026 13:05;5,81
19/08/2026 13:10;5,8
19/08/2026 13:15;5,8
19/08/2026 13:20;5,8
19/08/2026 13:25;5,8
19/08/2026 13:30;5,8
19/08/2026 13:35;5,79
19/08/2026 13:40;5,79
19/08/2026 13:45;5,79
19/08/2026 13:50;5,79
19/08/2026 13:55;5,79
19/08/2026 14:00;5,79
19/08/2026 14:05;5,78
19/08/2026 14:10;5,78
19/08/2026 14:15;5,78
19/08/2026 14:20;5,78
19/08/2026 14:25;5,78
19/08/2026 14:30;5,78
19/08/2026 14:35;5,78
19/08/2026 14:40;5,78
19/08/2026 14:45;5,77
19/08/2026 14:50;5,77
19/08/2026 14:55;5,77
19/08/2026 15:00;5,76
19/08/2026 15:05;5,77
19/08/2026 15:10;5,77
19/08/2026 15:15;5,76
19/08/2026 15:20;5,76
19/08/2026 15:25;5,75
19/08/2026 15:30;5,75
19/08/2026 15:35;5,76
19/08/2026 15:40;5,75
19/08/2026 15:45;5,74
19/08/2026 15:50;5,74
19/08/2026 15:55;5,74
19/08/2026 16:00;5,73
19/08/2026 16:05;5,73
19/08/2026 16:10;5,73
19/08/2026 16:15;5,73
19/08/2026 16:20;5,73
19/08/2026 16:25;5,72
19/08/2026 16:30;5,72
19/08/2026 16:35;5,72
19/08/2026 16:40;5,72
19/08/2026 16:45;5,72
19/08/2026 16:50;5,72
19/08/2026 16:55;5,72
19/08/2026 17:00;5,72
19/08/2026 17:05;5,73
19/08/2026 17:10;5,73
19/08/2026 17:15;5,73
19/08/2026 17:20;5,74
19/08/2026 17:25;5,74
19/08/2026 17:30;5,75
19/08/2026 17:35;5,76
19/08/2026 17:40;5,76
19/08/2026 17:45;5,77
19/08/2026 17:50;5,77
19/08/2026 17:55;5,78
19/08/2026 18:00;5,78
19/08/2026 18:05;5,79
19/08/2026 18:10;5,81
19/08/2026 18:15;5,82
19/08/2026 18:20;5,84
19/08/2026 18:25;5,86
19/08/2026 18:30;5,88
19/08/2026 18:35;5,89
19/08/2026 18:40;5,91
19/08/2026 18:45;5,92
19/08/2026 18:50;5,94
19/08/2026 18:55;5,96
19/08/2026 19:00;5,98
19/08/2026 19:05;6,0
19/08/2026 19:10;6,02
19/08/2026 19:15;6,04
19/08/2026 19:20;6,06
19/08/2026 19:25;6,08
19/08/2026 19:30;6,11
19/08/2026 19:35;6,13
19/08/2026 19:40;6,15
19/08/2026 19:45;6,17
19/08/2026 19:50;6,19
19/08/2026 19:55;6,21
19/08/2026 20:00;6,24
19/08/2026 20:05;6,26
19/08/2026 20:10;6,28
19/08/2026 20:15;6,3
19/08/2026 20:20;6,33
19/08/2026 20:25;6,35
19/08/2026 20:30;6,38
19/08/2026 20:35;6,39
19/08/2026 20:40;6,42
19/08/2026 20:45;6,44
19/08/2026 20:50;6,47
19/08/2026 20:55;6,48
19/08/2026 21:00;6,51
19/08/2026 21:05;6,53
19/08/2026 21:10;6,55
19/08/2026 21:15;6,56
19/08/2026 21:20;6,58
19/08/2026 21:25;6,6
19/08/2026 21:30;6,62
19/08/2026 21:35;6,63
19/08/2026 21:40;6,65
19/08/2026 21:45;6,67
19/08/2026 21:50;6,68
19/08/2026 21:55;6,7
19/08/2026 22:00;6,72
19/08/2026 22:05;6,73
19/08/2026 22:10;6,74
19/08/2026 22:15;6,75
19/08/2026 22:20;6,77
19/08/2026 22:25;6,78
19/08/2026 22:30;6,79
19/08/2026 22:35;6,8
19/08/2026 22:40;6,82
19/08/2026 22:45;6,82
19/08/2026 22:50;6,83
19/08/2026 22:55;6,85
19/08/2026 23:00;6,85
19/08/2026 23:05;6,86
19/08/2026 23:10;6,86
19/08/2026 23:15;6,87
19/08/2026 23:20;6,88
19/08/2026 23:25;6,88
19/08/2026 23:30;6,89
19/08/2026 23:35;6,89
19/08/2026 23:40;6,89
19/08/2026 23:45;6,9
19/08/2026 23:50;6,9
19/08/2026 23:55;6,89
20/08/2026 00:00;6,89
20/08/2026 00:05;6,9
20/08/2026 00:10;6,9
20/08/2026 00:15;6,89
20/08/2026 00:20;6,89
20/08/2026 00:25;6,89
20/08/2026 00:30;6,88
20/08/2026 00:35;6,88
20/08/2026 00:40;6,87
20/08/2026 00:45;6,87
20/08/2026 00:50;6,86
20/08/2026 00:55;6,85
20/08/2026 01:00;6,85
20/08/2026 01:05;6,84
20/08/2026 01:10;6,83
20/08/2026 01:15;6,83
20/08/2026 01:20;6,82
20/08/2026 01:25;6,81
20/08/2026 01:30;6,81
20/08/2026 01:35;6,8
20/08/2026 01:40;6,79
20/08/2026 01:45;6,78
20/08/2026 01:50;6,77
20/08/2026 01:55;6,76
20/08/2026 02:00;6,75
20/08/2026 02:05;6,74
20/08/2026 02:10;6,73
20/08/2026 02:15;6,71
20/08/2026 02:20;6,7
20/08/2026 02:25;6,69
20/08/2026 02:30;6,67
20/08/2026 02:35;6,66
20/08/2026 02:40;6,64
20/08/2026 02:45;6,63
20/08/2026 02:50;6,61
20/08/2026 02:55;6,59
20/08/2026 03:00;6,58
20/08/2026 03:05;6,57
20/08/2026 03:10;6,55
20/08/2026 03:15;6,54
20/08/2026 03:20;6,52
20/08/2026 03:25;6,5
20/08/2026 03:30;6,48
20/08/2026 03:35;6,47
20/08/2026 03:40;6,46
20/08/2026 03:45;6,45
20/08/2026 03:50;6,43
20/08/2026 03:55;6,42
20/08/2026 04:00;6,4
20/08/2026 04:05;6,39
20/08/2026 04:10;6,37
20/08/2026 04:15;6,37
20/08/2026 04:20;6,35
20/08/2026 04:25;6,34
20/08/2026 04:30;6,33
20/08/2026 04:35;6,32
20/08/2026 04:40;6,3
20/08/2026 04:45;6,29
20/08/2026 04:50;6,28
20/08/2026 04:55;6,27
20/08/2026 05:00;6,26
20/08/2026 05:05;6,25
20/08/2026 05:10;6,23
20/08/2026 05:15;6,22
20/08/2026 05:20;6,21
20/08/2026 05:25;6,2
20/08/2026 05:30;6,19
20/08/2026 05:35;6,18
20/08/2026 05:40;6,17
20/08/2026 05:45;6,16
20/08/2026 05:50;6,15
20/08/2026 05:55;6,14
20/08/2026 06:00;6,13
20/08/2026 06:05;6,11
20/08/2026 06:10;6,1
20/08/2026 06:15;6,09
20/08/2026 06:20;6,08
20/08/2026 06:25;6,07
20/08/2026 06:30;6,07
20/08/2026 06:35;6,06
20/08/2026 06:40;6,05
20/08/2026 06:45;6,04
20/08/2026 06:50;6,03
20/08/2026 06:55;6,03
20/08/2026 07:00;6,02
20/08/2026 07:05;6,02
20/08/2026 07:10;6,01
20/08/2026 07:15;6,0
20/08/2026 07:20;6,0
20/08/2026 07:25;5,99
20/08/2026 07:30;5,98
20/08/2026 07:35;5,98
20/08/2026 07:40;5,97
20/08/2026 07:45;5,97
20/08/2026 07:50;5,96
20/08/2026 07:55;5,96
20/08/2026 08:00;5,96
20/08/2026 08:05;5,96
20/08/2026 08:10;5,95
20/08/2026 08:15;5,95
20/08/2026 08:20;5,94
20/08/2026 08:25;5,94
20/08/2026 08:30;5,93
20/08/2026 08:35;5,92
20/08/2026 08:40;5,91
20/08/2026 08:45;5,91
20/08/2026 08:50;5,9
20/08/2026 08:55;5,9
20/08/2026 09:00;5,89
20/08/2026 09:05;5,89
20/08/2026 09:10;5,88
20/08/2026 09:15;5,88
20/08/2026 09:20;5,87
20/08/2026 09:25;5,87
20/08/2026 09:30;5,86
20/08/2026 09:35;5,86
20/08/2026 09:40;5,86
20/08/2026 09:45;5,85
20/08/2026 09:50;5,85
20/08/2026 09:55;5,85
20/08/2026 10:00;5,84
20/08/2026 10:05;5,85
20/08/2026 10:10;5,84
20/08/2026 10:15;5,84
20/08/2026 10:20;5,85
20/08/2026 10:25;5,85
20/08/2026 10:30;5,84
20/08/2026 10:35;5,85
20/08/2026 10:40;5,84
20/08/2026 10:45;5,85
20/08/2026 10:50;5,84
20/08/2026 10:55;5,85
20/08/2026 11:00;5,84
20/08/2026 11:05;5,85
20/08/2026 11:10;5,85
20/08/2026 11:15;5,85
20/08/2026 11:20;5,85
20/08/2026 11:25;5,86
20/08/2026 11:30;5,86
20/08/2026 11:35;5,86
20/08/2026 11:40;5,86
20/08/2026 11:45;5,87
20/08/2026 11:50;5,87
20/08/2026 11:55;5,87
20/08/2026 12:00;5,87
20/08/2026 12:05;5,87
20/08/2026 12:10;5,87
20/08/2026 12:15;5,87
20/08/2026 12:20;5,88
20/08/2026 12:25;5,88
20/08/2026 12:30;5,88
20/08/2026 12:35;5,88
20/08/2026 12:40;5,88
20/08/2026 12:45;5,88
20/08/2026 12:50;5,88
20/08/2026 12:55;5,89
20/08/2026 13:00;5,89
20/08/2026 13:05;5,89
20/08/2026 13:10;5,89
20/08/2026 13:15;5,9
20/08/2026 13:20;5,9
20/08/2026 13:25;5,91
20/08/2026 13:30;5,91
20/08/2026 13:35;5,92
20/08/2026 13:40;5,92
20/08/2026 13:45;5,92
20/08/2026 13:50;5,92
20/08/2026 13:55;5,93
20/08/2026 14:00;5,93
20/08/2026 14:05;5,93
20/08/2026 14:10;5,93
20/08/2026 14:15;5,93
20/08/2026 14:20;5,94
20/08/2026 14:25;5,94
20/08/2026 14:30;5,94
20/08/2026 14:35;5,94
20/08/2026 14:40;5,95
20/08/2026 14:45;5,95
20/08/2026 14:50;5,96
20/08/2026 14:55;5,95
20/08/2026 15:00;5,96
20/08/2026 15:05;5,96
20/08/2026 15:10;5,96
20/08/2026 15:15;5,97
20/08/2026 15:20;5,96
20/08/2026 15:25;5,96
20/08/2026 15:30;5,95
20/08/2026 15:35;5,95
20/08/2026 15:40;5,96
20/08/2026 15:45;5,96
20/08/2026 15:50;5,98
20/08/2026 15:55;5,98
20/08/2026 16:00;5,99
20/08/2026 16:05;6,0
20/08/2026 16:10;6,0
20/08/2026 16:15;6,01
20/08/2026 16:20;6,01
20/08/2026 16:25;6,02
20/08/2026 16:30;6,03
20/08/2026 16:35;6,03
20/08/2026 16:40;6,04
20/08/2026 16:45;6,05
20/08/2026 16:50;6,05
20/08/2026 16:55;6,06
20/08/2026 17:00;6,07
20/08/2026 17:05;6,08
20/08/2026 17:10;6,09
20/08/2026 17:15;6,1
20/08/2026 17:20;6,11
20/08/2026 17:25;6,13
20/08/2026 17:30;6,14
20/08/2026 17:35;6,15
20/08/2026 17:40;6,18
20/08/2026 17:45;6,19
20/08/2026 17:50;6,21
20/08/2026 17:55;6,23
20/08/2026 18:00;6,25
20/08/2026 18:05;6,27
20/08/2026 18:10;6,29
20/08/2026 18:15;6,31
20/08/2026 18:20;6,34
20/08/2026 18:25;6,34
20/08/2026 18:30;6,38
20/08/2026 18:35;6,39
20/08/2026 18:40;6,42
20/08/2026 18:45;6,44
20/08/2026 18:50;6,46
20/08/2026 18:55;6,47
20/08/2026 19:00;6,49
20/08/2026 19:05;6,51
20/08/2026 19:10;6,55
20/08/2026 19:15;6,57
20/08/2026 19:20;6,59
20/08/2026 19:25;6,61
20/08/2026 19:30;6,64
20/08/2026 19:35;6,65
20/08/2026 19:40;6,68
20/08/2026 19:45;6,69
20/08/2026 19:50;6,71
20/08/2026 19:55;6,72
20/08/2026 20:00;6,74
20/08/2026 20:05;6,76
20/08/2026 20:10;6,78
20/08/2026 20:15;6,79
20/08/2026 20:20;6,8
20/08/2026 20:25;6,81
20/08/2026 20:30;6,83
20/08/2026 20:35;6,84
20/08/2026 20:40;6,85
20/08/2026 20:45;6,86
20/08/2026 20:50;6,87
20/08/2026 20:55;6,89
20/08/2026 21:00;6,89
20/08/2026 21:05;6,9
20/08/2026 21:10;6,91
20/08/2026 21:15;6,92
20/08/2026 21:20;6,93
20/08/2026 21:25;6,93
20/08/2026 21:30;6,94
20/08/2026 21:35;6,94
20/08/2026 21:40;6,95
20/08/2026 21:45;6,95
20/08/2026 21:50;6,96
20/08/2026 21:55;6,96
20/08/2026 22:00;6,96
20/08/2026 22:05;6,96
20/08/2026 22:10;6,97
20/08/2026 22:15;6,97
20/08/2026 22:20;6,97
20/08/2026 22:25;6,98
20/08/2026 22:30;6,97
20/08/2026 22:35;6,98
20/08/2026 22:40;6,97
20/08/2026 22:45;6,97
20/08/2026 22:50;6,96
20/08/2026 22:55;6,96
20/08/2026 23:00;6,96
20/08/2026 23:05;6,96
20/08/2026 23:10;6,96
20/08/2026 23:15;6,96
20/08/2026 23:20;6,95
20/08/2026 23:25;6,95
20/08/2026 23:30;6,94
20/08/2026 23:35;6,94
20/08/2026 23:40;6,94
20/08/2026 23:45;6,94
20/08/2026 23:50;6,93
20/08/2026 23:55;6,93
21/08/2026 00:00;6,91
21/08/2026 00:05;6,92
21/08/2026 00:10;6,91
21/08/2026 00:15;6,91
21/08/2026 00:20;6,9
21/08/2026 00:25;6,9
21/08/2026 00:30;6,88
21/08/2026 00:35;6,88
21/08/2026 00:40;6,87
21/08/2026 00:45;6,87
21/08/2026 00:50;6,86
21/08/2026 00:55;6,86
21/08/2026 01:00;6,85
21/08/2026 01:05;6,84
21/08/2026 01:10;6,83
21/08/2026 01:15;6,82
21/08/2026 01:20;6,81
21/08/2026 01:25;6,81
21/08/2026 01:30;6,79
21/08/2026 01:35;6,78
21/08/2026 01:40;6,77
21/08/2026 01:45;6,76
21/08/2026 01:50;6,75
21/08/2026 01:55;6,73
21/08/2026 02:00;6,72
21/08/2026 02:05;6,7
21/08/2026 02:10;6,68
21/08/2026 02:15;6,67
21/08/2026 02:20;6,65
21/08/2026 02:25;6,63
21/08/2026 02:30;6,61
21/08/2026 02:35;6,59
21/08/2026 02:40;6,57
21/08/2026 02:45;6,55
21/08/2026 02:50;6,52
21/08/2026 02:55;6,5
21/08/2026 03:00;6,47
21/08/2026 03:05;6,45
21/08/2026 03:10;6,43
21/08/2026 03:15;6,41
21/08/2026 03:20;6,38
21/08/2026 03:25;6,36
21/08/2026 03:30;6,33
21/08/2026 03:35;6,32
21/08/2026 03:40;6,29
21/08/2026 03:45;6,27
21/08/2026 03:50;6,25
21/08/2026 03:55;6,23
21/08/2026 04:00;6,21
21/08/2026 04:05;6,2
21/08/2026 04:10;6,18
21/08/2026 04:15;6,17
21/08/2026 04:20;6,15
21/08/2026 04:25;6,14
21/08/2026 04:30;6,12
21/08/2026 04:35;6,12
21/08/2026 04:40;6,1
21/08/2026 04:45;6,09
21/08/2026 04:50;6,08
21/08/2026 04:55;6,08
21/08/2026 05:00;6,06
21/08/2026 05:05;6,06
21/08/2026 05:10;6,04
21/08/2026 05:15;6,03
21/08/2026 05:20;6,02
21/08/2026 05:25;6,02
21/08/2026 05:30;6,0
21/08/2026 05:35;5,99
21/08/2026 05:40;5,97
21/08/2026 05:45;5,97
21/08/2026 05:50;5,95
21/08/2026 05:55;5,94
21/08/2026 06:00;5,93
21/08/2026 06:05;5,92
21/08/2026 06:10;5,9
21/08/2026 06:15;5,89
21/08/2026 06:20;5,88
21/08/2026 06:25;5,88
21/08/2026 06:30;5,86
21/08/2026 06:35;5,85
21/08/2026 06:40;5,84
21/08/2026 06:45;5,84
21/08/2026 06:50;5,83
21/08/2026 06:55;5,82
21/08/2026 07:00;5,81
21/08/2026 07:05;5,8
21/08/2026 07:10;5,8
21/08/2026 07:15;5,79
21/08/2026 07:20;5,78
21/08/2026 07:25;5,78
21/08/2026 07:30;5,77
21/08/2026 07:35;5,76
21/08/2026 07:40;5,75
21/08/2026 07:45;5,75
21/08/2026 07:50;5,74
21/08/2026 07:55;5,74
21/08/2026 08:00;5,74
21/08/2026 08:05;5,73
21/08/2026 08:10;5,72
21/08/2026 08:15;5,72
21/08/2026 08:20;5,71
21/08/2026 08:25;5,71
21/08/2026 08:30;5,7
21/08/2026 08:35;5,7
21/08/2026 08:40;5,7
21/08/2026 08:45;5,7
21/08/2026 08:50;5,7
21/08/2026 08:55;5,7
21/08/2026 09:00;5,7
21/08/2026 09:05;5,7
21/08/2026 09:10;5,7
21/08/2026 09:15;5,7
21/08/2026 09:20;5,7
21/08/2026 09:25;5,7
21/08/2026 09:30;5,7
21/08/2026 09:35;5,7
21/08/2026 09:40;5,7
21/08/2026 09:45;5,7
21/08/2026 09:50;5,71
21/08/2026 09:55;5,71
21/08/2026 10:00;5,71
21/08/2026 10:05;5,71
21/08/2026 10:10;5,71
21/08/2026 10:15;5,71
21/08/2026 10:20;5,72
21/08/2026 10:25;5,72
21/08/2026 10:30;5,72
21/08/2026 10:35;5,72
21/08/2026 10:40;5,72
21/08/2026 10:45;5,72
21/08/2026 10:50;5,72
21/08/2026 10:55;5,72
21/08/2026 11:00;5,73
21/08/2026 11:05;5,73
21/08/2026 11:10;5,74
21/08/2026 11:15;5,74
21/08/2026 11:20;5,75
21/08/2026 11:25;5,75
21/08/2026 11:30;5,75
21/08/2026 11:35;5,76
21/08/2026 11:40;5,76
21/08/2026 11:45;5,76
21/08/2026 11:50;5,77
21/08/2026 11:55;5,77
21/08/2026 12:00;5,78
21/08/2026 12:05;5,78
21/08/2026 12:10;5,78
21/08/2026 12:15;5,78
21/08/2026 12:20;5,79
21/08/2026 12:25;5,79
21/08/2026 12:30;5,79
21/08/2026 12:35;5,79
21/08/2026 12:40;5,8
21/08/2026 12:45;5,8
21/08/2026 12:50;5,81
21/08/2026 12:55;5,81
21/08/2026 13:00;5,81
21/08/2026 13:05;5,81
21/08/2026 13:10;5,81
21/08/2026 13:15;5,81
21/08/2026 13:20;5,81
21/08/2026 13:25;5,81
21/08/2026 13:30;5,81
21/08/2026 13:35;5,81
21/08/2026 13:40;5,81
21/08/2026 13:45;5,81
21/08/2026 13:50;5,81
21/08/2026 13:55;5,81
21/08/2026 14:00;5,82
21/08/2026 14:05;5,82
21/08/2026 14:10;5,82
21/08/2026 14:15;5,82
21/08/2026 14:20;5,82
21/08/2026 14:25;5,82
21/08/2026 14:30;5,82
21/08/2026 14:35;5,83
21/08/2026 14:40;5,83
21/08/2026 14:45;5,83
21/08/2026 14:50;5,83
21/08/2026 14:55;5,84
21/08/2026 15:00;5,84
21/08/2026 15:05;5,84
21/08/2026 15:10;5,84
21/08/2026 15:15;5,84
21/08/2026 15:20;5,83
21/08/2026 15:25;5,83
21/08/2026 15:30;5,84
21/08/2026 15:35;5,84
21/08/2026 15:40;5,84
21/08/2026 15:45;5,84
21/08/2026 15:50;5,85
21/08/2026 15:55;5,84
21/08/2026 16:00;5,85
21/08/2026 16:05;5,85
21/08/2026 16:10;5,86
21/08/2026 16:15;5,86
21/08/2026 16:20;5,87
21/08/2026 16:25;5,88
21/08/2026 16:30;5,88
21/08/2026 16:35;5,89
21/08/2026 16:40;5,9
21/08/2026 16:45;5,91
21/08/2026 16:50;5,92
21/08/2026 16:55;5,93
21/08/2026 17:00;5,95
21/08/2026 17:05;5,96
21/08/2026 17:10;5,98
21/08/2026 17:15;6,0
21/08/2026 17:20;6,02
21/08/2026 17:25;6,03
21/08/2026 17:30;6,06
21/08/2026 17:35;6,08
21/08/2026 17:40;6,11
21/08/2026 17:45;6,13
21/08/2026 17:50;6,17
21/08/2026 17:55;6,19
21/08/2026 18:00;6,23
21/08/2026 18:05;6,25
21/08/2026 18:10;6,29
21/08/2026 18:15;6,32
21/08/2026 18:20;6,37
21/08/2026 18:25;6,39
21/08/2026 18:30;6,44
21/08/2026 18:35;6,47
21/08/2026 18:40;6,51
21/08/2026 18:45;6,54
21/08/2026 18:50;6,59
21/08/2026 18:55;6,62
21/08/2026 19:00;6,66
21/08/2026 19:05;6,69
21/08/2026 19:10;6,73
21/08/2026 19:15;6,76
21/08/2026 19:20;6,8
21/08/2026 19:25;6,83
21/08/2026 19:30;6,87
21/08/2026 19:35;6,9
21/08/2026 19:40;6,94
21/08/2026 19:45;6,96
21/08/2026 19:50;7,01
21/08/2026 19:55;7,03
21/08/2026 20:00;7,06
21/08/2026 20:05;7,08
21/08/2026 20:10;7,11
21/08/2026 20:15;7,13
21/08/2026 20:20;7,16
21/08/2026 20:25;7,18
21/08/2026 20:30;7,21
21/08/2026 20:35;7,22
21/08/2026 20:40;7,24
21/08/2026 20:45;7,26
21/08/2026 20:50;7,28
21/08/2026 20:55;7,29
21/08/2026 21:00;7,31
21/08/2026 21:05;7,32
21/08/2026 21:10;7,33
21/08/2026 21:15;7,33
21/08/2026 21:20;7,34
21/08/2026 21:25;7,35
21/08/2026 21:30;7,35
21/08/2026 21:35;7,35
21/08/2026 21:40;7,35
21/08/2026 21:45;7,35
21/08/2026 21:50;7,35
21/08/2026 21:55;7,35
21/08/2026 22:00;7,35
21/08/2026 22:05;7,34
21/08/2026 22:10;7,34
21/08/2026 22:15;7,33
21/08/2026 22:20;7,32
21/08/2026 22:25;7,32
21/08/2026 22:30;7,31
21/08/2026 22:35;7,31
21/08/2026 22:40;7,3
21/08/2026 22:45;7,29
21/08/2026 22:50;7,28
21/08/2026 22:55;7,28
21/08/2026 23:00;7,27
21/08/2026 23:05;7,26
21/08/2026 23:10;7,25
21/08/2026 23:15;7,24
21/08/2026 23:20;7,23
21/08/2026 23:25;7,22
21/08/2026 23:30;7,21
21/08/2026 23:35;7,2
21/08/2026 23:40;7,19
21/08/2026 23:45;7,18
21/08/2026 23:50;7,16
21/08/2026 23:55;7,16
22/08/2026 00:00;7,15
22/08/2026 00:05;7,13
22/08/2026 00:10;7,12
22/08/2026 00:15;7,11
22/08/2026 00:20;7,1
22/08/2026 00:25;7,08
22/08/2026 00:30;7,07
22/08/2026 00:35;7,05
22/08/2026 00:40;7,05
22/08/2026 00:45;7,03
22/08/2026 00:50;7,02
22/08/2026 00:55;7,01
22/08/2026 01:00;6,99
22/08/2026 01:05;6,98
22/08/2026 01:10;6,97
22/08/2026 01:15;6,96
22/08/2026 01:20;6,94
22/08/2026 01:25;6,93
22/08/2026 01:30;6,91
22/08/2026 01:35;6,9
22/08/2026 01:40;6,89
22/08/2026 01:45;6,88
22/08/2026 01:50;6,86
22/08/2026 01:55;6,85
22/08/2026 02:00;6,84
22/08/2026 02:05;6,82
22/08/2026 02:10;6,81
22/08/2026 02:15;6,8
22/08/2026 02:20;6,78
22/08/2026 02:25;6,77
22/08/2026 02:30;6,76
22/08/2026 02:35;6,75
22/08/2026 02:40;6,73
22/08/2026 02:45;6,72
22/08/2026 02:50;6,71
22/08/2026 02:55;6,69
22/08/2026 03:00;6,68
22/08/2026 03:05;6,67
22/08/2026 03:10;6,66
22/08/2026 03:15;6,65
22/08/2026 03:20;6,63
22/08/2026 03:25;6,62
22/08/2026 03:30;6,6
22/08/2026 03:35;6,59
22/08/2026 03:40;6,58
22/08/2026 03:45;6,57
22/08/2026 03:50;6,56
22/08/2026 03:55;6,55
22/08/2026 04:00;6,53
22/08/2026 04:05;6,52
22/08/2026 04:10;6,51
22/08/2026 04:15;6,5
22/08/2026 04:20;6,49
22/08/2026 04:25;6,48
22/08/2026 04:30;6,46
22/08/2026 04:35;6,46
22/08/2026 04:40;6,44
22/08/2026 04:45;6,43
22/08/2026 04:50;6,42
22/08/2026 04:55;6,41
22/08/2026 05:00;6,4
22/08/2026 05:05;6,39
22/08/2026 05:10;6,38
22/08/2026 05:15;6,37
22/08/2026 05:20;6,36
22/08/2026 05:25;6,35
22/08/2026 05:30;6,33
22/08/2026 05:35;6,32
22/08/2026 05:40;6,32
22/08/2026 05:45;6,3
22/08/2026 05:50;6,29
22/08/2026 05:55;6,28
22/08/2026 06:00;6,27
22/08/2026 06:05;6,26
22/08/2026 06:10;6,26
22/08/2026 06:15;6,25
22/08/2026 06:20;6,24
22/08/2026 06:25;6,23
22/08/2026 06:30;6,22
22/08/2026 06:35;6,22
22/08/2026 06:40;6,2
22/08/2026 06:45;6,19
22/08/2026 06:50;6,18
22/08/2026 06:55;6,18
22/08/2026 07:00;6,17
22/08/2026 07:05;6,17
22/08/2026 07:10;6,16
22/08/2026 07:15;6,15
22/08/2026 07:20;6,15
22/08/2026 07:25;6,14
22/08/2026 07:30;6,14
22/08/2026 07:35;6,14
22/08/2026 07:40;6,14
22/08/2026 07:45;6,13
22/08/2026 07:50;6,13
22/08/2026 07:55;6,12
22/08/2026 08:00;6,12
22/08/2026 08:05;6,12
22/08/2026 08:10;6,12
22/08/2026 08:15;6,12
22/08/2026 08:20;6,12
22/08/2026 08:25;6,12
22/08/2026 08:30;6,11
22/08/2026 08:35;6,12
22/08/2026 08:40;6,12
22/08/2026 08:45;6,11
22/08/2026 08:50;6,11
22/08/2026 08:55;6,11
22/08/2026 09:00;6,11
22/08/2026 09:05;6,11
22/08/2026 09:10;6,11
22/08/2026 09:15;6,11
22/08/2026 09:20;6,11
22/08/2026 09:25;6,09
22/08/2026 09:30;6,08
22/08/2026 09:35;6,09
22/08/2026 09:40;6,11
22/08/2026 09:45;6,12
22/08/2026 09:50;6,13
22/08/2026 09:55;6,13
22/08/2026 10:00;6,14
22/08/2026 10:05;6,15
22/08/2026 10:10;6,14
22/08/2026 10:15;6,14
22/08/2026 10:20;6,15
22/08/2026 10:25;6,16
22/08/2026 10:30;6,17
22/08/2026 10:35;6,17
22/08/2026 10:40;6,18
22/08/2026 10:45;6,18
22/08/2026 10:50;6,18
22/08/2026 10:55;6,18
22/08/2026 11:00;6,19
22/08/2026 11:05;6,19
22/08/2026 11:10;6,2
22/08/2026 11:15;6,2
22/08/2026 11:20;6,2
22/08/2026 11:25;6,2
22/08/2026 11:30;6,21
22/08/2026 11:35;6,21
22/08/2026 11:40;6,22
22/08/2026 11:45;6,22
22/08/2026 11:50;6,22
22/08/2026 11:55;6,22
22/08/2026 12:00;6,23
22/08/2026 12:05;6,23
22/08/2026 12:10;6,23
22/08/2026 12:15;6,24
22/08/2026 12:20;6,24
22/08/2026 12:25;6,25
22/08/2026 12:30;6,26
22/08/2026 12:35;6,26
22/08/2026 12:40;6,28
22/08/2026 12:45;6,28
22/08/2026 12:50;6,28
22/08/2026 12:55;6,29
22/08/2026 13:00;6,29
22/08/2026 13:05;6,3
22/08/2026 13:10;6,3
22/08/2026 13:15;6,31
22/08/2026 13:20;6,32
22/08/2026 13:25;6,32
22/08/2026 13:30;6,33
22/08/2026 13:35;6,33
22/08/2026 13:40;6,33
22/08/2026 13:45;6,34
22/08/2026 13:50;6,34
22/08/2026 13:55;6,34
22/08/2026 14:00;6,34
22/08/2026 14:05;6,34
22/08/2026 14:10;6,34
22/08/2026 14:15;6,34
22/08/2026 14:20;6,35
22/08/2026 14:25;6,36
22/08/2026 14:30;6,36
22/08/2026 14:35;6,36
22/08/2026 14:40;6,37
22/08/2026 14:45;6,38
22/08/2026 14:50;6,38
22/08/2026 14:55;6,38
22/08/2026 15:00;6,39
22/08/2026 15:05;6,39
22/08/2026 15:10;6,4
22/08/2026 15:15;6,41
22/08/2026 15:20;6,41
22/08/2026 15:25;6,42
22/08/2026 15:30;6,42
22/08/2026 15:35;6,43
22/08/2026 15:40;6,43
22/08/2026 15:45;6,44
22/08/2026 15:50;6,45
22/08/2026 15:55;6,46
22/08/2026 16:00;6,47
22/08/2026 16:05;6,48
22/08/2026 16:10;6,49
22/08/2026 16:15;6,5
22/08/2026 16:20;6,51
22/08/2026 16:25;6,52
22/08/2026 16:30;6,53
22/08/2026 16:35;6,54
22/08/2026 16:40;6,55
22/08/2026 16:45;6,55
22/08/2026 16:50;6,57
22/08/2026 16:55;6,57
22/08/2026 17:00;6,59
22/08/2026 17:05;6,6
22/08/2026 17:10;6,62
22/08/2026 17:15;6,63
22/08/2026 17:20;6,64
22/08/2026 17:25;6,65
22/08/2026 17:30;6,65
22/08/2026 17:35;6,66
22/08/2026 17:40;6,67
22/08/2026 17:45;6,68
22/08/2026 17:50;6,7
22/08/2026 17:55;6,71
22/08/2026 18:00;6,72
22/08/2026 18:05;6,73
22/08/2026 18:10;6,75
22/08/2026 18:15;6,76
22/08/2026 18:20;6,77
22/08/2026 18:25;6,78
22/08/2026 18:30;6,79
22/08/2026 18:35;6,79
22/08/2026 18:40;6,81
22/08/2026 18:45;6,83
22/08/2026 18:50;6,85
22/08/2026 18:55;6,87
22/08/2026 19:00;6,89
22/08/2026 19:05;6,9
22/08/2026 19:10;6,92
22/08/2026 19:15;6,93
22/08/2026 19:20;6,96
22/08/2026 19:25;6,98
22/08/2026 19:30;6,99
22/08/2026 19:35;7,01
22/08/2026 19:40;7,02
22/08/2026 19:45;7,03
22/08/2026 19:50;7,04
22/08/2026 19:55;7,06
22/08/2026 20:00;7,07
22/08/2026 20:05;7,09
22/08/2026 20:10;7,1
22/08/2026 20:15;7,11
22/08/2026 20:20;7,12
22/08/2026 20:25;7,13
22/08/2026 20:30;7,15
22/08/2026 20:35;7,16
22/08/2026 20:40;7,18
22/08/2026 20:45;7,19
22/08/2026 20:50;7,2
22/08/2026 20:55;7,21
22/08/2026 21:00;7,23
22/08/2026 21:05;7,24
22/08/2026 21:10;7,26
22/08/2026 21:15;7,26
22/08/2026 21:20;7,28
22/08/2026 21:25;7,29
22/08/2026 21:30;7,31
22/08/2026 21:35;7,32
22/08/2026 21:40;7,32
22/08/2026 21:45;7,33
22/08/2026 21:50;7,35
22/08/2026 21:55;7,35
22/08/2026 22:00;7,37
22/08/2026 22:05;7,36
22/08/2026 22:10;7,38
22/08/2026 22:15;7,38
22/08/2026 22:20;7,39
22/08/2026 22:25;7,4
22/08/2026 22:30;7,4
22/08/2026 22:35;7,4
22/08/2026 22:40;7,41
22/08/2026 22:45;7,41
22/08/2026 22:50;7,42
22/08/2026 22:55;7,42
22/08/2026 23:00;7,41
22/08/2026 23:05;7,42
22/08/2026 23:10;7,42
22/08/2026 23:15;7,42
22/08/2026 23:20;7,43
22/08/2026 23:25;7,43
22/08/2026 23:30;7,42
22/08/2026 23:35;7,42
22/08/2026 23:40;7,42
22/08/2026 23:45;7,42
22/08/2026 23:50;7,41
22/08/2026 23:55;7,42
23/08/2026 00:00;7,41
23/08/2026 00:05;7,41
23/08/2026 00:10;7,41
23/08/2026 00:15;7,41
23/08/2026 00:20;7,41
23/08/2026 00:25;7,39
23/08/2026 00:30;7,4
23/08/2026 00:35;7,39
23/08/2026 00:40;7,39
23/08/2026 00:45;7,39
23/08/2026 00:50;7,38
23/08/2026 00:55;7,38
23/08/2026 01:00;7,37
23/08/2026 01:05;7,37
23/08/2026 01:10;7,36
23/08/2026 01:15;7,35
23/08/2026 01:20;7,35
23/08/2026 01:25;7,34
23/08/2026 01:30;7,33
23/08/2026 01:35;7,32
23/08/2026 01:40;7,31
23/08/2026 01:45;7,3
23/08/2026 01:50;7,29
23/08/2026 01:55;7,28
23/08/2026 02:00;7,26
23/08/2026 02:05;7,25
23/08/2026 02:10;7,24
23/08/2026 02:15;7,22
23/08/2026 02:20;7,21
23/08/2026 02:25;7,2
23/08/2026 02:30;7,18
23/08/2026 02:35;7,16
23/08/2026 02:40;7,15
23/08/2026 02:45;7,14
23/08/2026 02:50;7,12
23/08/2026 02:55;7,1
23/08/2026 03:00;7,08
23/08/2026 03:05;7,07
23/08/2026 03:10;7,05
23/08/2026 03:15;7,04
23/08/2026 03:20;7,01
23/08/2026 03:25;7,0
23/08/2026 03:30;6,98
23/08/2026 03:35;6,96
23/08/2026 03:40;6,94
23/08/2026 03:45;6,93
23/08/2026 03:50;6,91
23/08/2026 03:55;6,89
23/08/2026 04:00;6,87
23/08/2026 04:05;6,86
23/08/2026 04:10;6,84
23/08/2026 04:15;6,82
23/08/2026 04:20;6,8
23/08/2026 04:25;6,79
23/08/2026 04:30;6,77
23/08/2026 04:35;6,76
23/08/2026 04:40;6,75
23/08/2026 04:45;6,73
23/08/2026 04:50;6,71
23/08/2026 04:55;6,7
23/08/2026 05:00;6,69
23/08/2026 05:05;6,67
23/08/2026 05:10;6,66
23/08/2026 05:15;6,65
23/08/2026 05:20;6,63
23/08/2026 05:25;6,62
23/08/2026 05:30;6,61
23/08/2026 05:35;6,59
23/08/2026 05:40;6,58
23/08/2026 05:45;6,57
23/08/2026 05:50;6,55
23/08/2026 05:55;6,55
23/08/2026 06:00;6,53
23/08/2026 06:05;6,52
23/08/2026 06:10;6,5
23/08/2026 06:15;6,5
23/08/2026 06:20;6,48
23/08/2026 06:25;6,47
23/08/2026 06:30;6,45
23/08/2026 06:35;6,45
23/08/2026 06:40;6,44
23/08/2026 06:45;6,43
23/08/2026 06:50;6,41
23/08/2026 06:55;6,4
23/08/2026 07:00;6,39
23/08/2026 07:05;6,39
23/08/2026 07:10;6,38
23/08/2026 07:15;6,37
23/08/2026 07:20;6,36
23/08/2026 07:25;6,36
23/08/2026 07:30;6,35
23/08/2026 07:35;6,34
23/08/2026 07:40;6,34
23/08/2026 07:45;6,34
23/08/2026 07:50;6,33
23/08/2026 07:55;6,33
23/08/2026 08:00;6,32
23/08/2026 08:05;6,33
23/08/2026 08:10;6,32
23/08/2026 08:15;6,32
23/08/2026 08:20;6,32
23/08/2026 08:25;6,32
23/08/2026 08:30;6,32
23/08/2026 08:35;6,32
23/08/2026 08:40;6,32
23/08/2026 08:45;6,31
23/08/2026 08:50;6,31
23/08/2026 08:55;6,31
23/08/2026 09:00;6,31
23/08/2026 09:05;6,31
23/08/2026 09:10;6,31
23/08/2026 09:15;6,31
23/08/2026 09:20;6,32
23/08/2026 09:25;6,32
23/08/2026 09:30;6,33
23/08/2026 09:35;6,32
23/08/2026 09:40;6,33
23/08/2026 09:45;6,33
23/08/2026 09:50;6,34
23/08/2026 09:55;6,34
23/08/2026 10:00;6,34
23/08/2026 10:05;6,35
23/08/2026 10:10;6,35
23/08/2026 10:15;6,35
23/08/2026 10:20;6,36
23/08/2026 10:25;6,37
23/08/2026 10:30;6,37
23/08/2026 10:35;6,37
23/08/2026 10:40;6,38
23/08/2026 10:45;6,38
23/08/2026 10:50;6,38
23/08/2026 10:55;6,38
23/08/2026 11:00;6,39
23/08/2026 11:05;6,39
23/08/2026 11:10;6,39
23/08/2026 11:15;6,39
23/08/2026 11:20;6,4
23/08/2026 11:25;6,39
23/08/2026 11:30;6,4
23/08/2026 11:35;6,4
23/08/2026 11:40;6,41
23/08/2026 11:45;6,41
23/08/2026 11:50;6,41
23/08/2026 11:55;6,42
23/08/2026 12:00;6,42
23/08/2026 12:05;6,43
23/08/2026 12:10;6,43
23/08/2026 12:15;6,44
23/08/2026 12:20;6,44
23/08/2026 12:25;6,44
23/08/2026 12:30;6,45
23/08/2026 12:35;6,45
23/08/2026 12:40;6,46
23/08/2026 12:45;6,46
23/08/2026 12:50;6,47
23/08/2026 12:55;6,47
23/08/2026 13:00;6,47
23/08/2026 13:05;6,48
23/08/2026 13:10;6,48
23/08/2026 13:15;6,48
23/08/2026 13:20;6,48
23/08/2026 13:25;6,49
23/08/2026 13:30;6,49
23/08/2026 13:35;6,49
23/08/2026 13:40;6,49
23/08/2026 13:45;6,5
23/08/2026 13:50;6,49
23/08/2026 13:55;6,5
23/08/2026 14:00;6,49
23/08/2026 14:05;6,5
23/08/2026 14:10;6,5
23/08/2026 14:15;6,5
23/08/2026 14:20;6,5
23/08/2026 14:25;6,51
23/08/2026 14:30;6,52
23/08/2026 14:35;6,52
23/08/2026 14:40;6,51
23/08/2026 14:45;6,52
23/08/2026 14:50;6,53
23/08/2026 14:55;6,53
23/08/2026 15:00;6,54
23/08/2026 15:05;6,54
23/08/2026 15:10;6,54
23/08/2026 15:15;6,54
23/08/2026 15:20;6,55
23/08/2026 15:25;6,56
23/08/2026 15:30;6,57
23/08/2026 15:35;6,58
23/08/2026 15:40;6,58
23/08/2026 15:45;6,59
23/08/2026 15:50;6,6
23/08/2026 15:55;6,61
23/08/2026 16:00;6,62
23/08/2026 16:05;6,63
23/08/2026 16:10;6,64
23/08/2026 16:15;6,65
23/08/2026 16:20;6,67
23/08/2026 16:25;6,68
23/08/2026 16:30;6,71
23/08/2026 16:35;6,72
23/08/2026 16:40;6,73
23/08/2026 16:45;6,75
23/08/2026 16:50;6,77
23/08/2026 16:55;6,78
23/08/2026 17:00;6,81
23/08/2026 17:05;6,82
23/08/2026 17:10;6,85
23/08/2026 17:15;6,87
23/08/2026 17:20;6,91
23/08/2026 17:25;6,92
23/08/2026 17:30;6,96
23/08/2026 17:35;6,98
23/08/2026 17:40;7,02
23/08/2026 17:45;7,04
23/08/2026 17:50;7,07
23/08/2026 17:55;7,09
23/08/2026 18:00;7,13
23/08/2026 18:05;7,15
23/08/2026 18:10;7,18
23/08/2026 18:15;7,2
23/08/2026 18:20;7,24
23/08/2026 18:25;7,27
23/08/2026 18:30;7,3
23/08/2026 18:35;7,32
23/08/2026 18:40;7,35
23/08/2026 18:45;7,38
23/08/2026 18:50;7,41
23/08/2026 18:55;7,43
23/08/2026 19:00;7,47
23/08/2026 19:05;7,49
23/08/2026 19:10;7,51
23/08/2026 19:15;7,53
23/08/2026 19:20;7,56
23/08/2026 19:25;7,57
23/08/2026 19:30;7,6
23/08/2026 19:35;7,62
23/08/2026 19:40;7,64
23/08/2026 19:45;7,65
23/08/2026 19:50;7,67
23/08/2026 19:55;7,68
23/08/2026 20:00;7,7
23/08/2026 20:05;7,71
23/08/2026 20:10;7,73
23/08/2026 20:15;7,74
23/08/2026 20:20;7,75
23/08/2026 20:25;7,76
23/08/2026 20:30;7,77
23/08/2026 20:35;7,77
23/08/2026 20:40;7,78
23/08/2026 20:45;7,79
23/08/2026 20:50;7,79
23/08/2026 20:55;7,8
23/08/2026 21:00;7,79
23/08/2026 21:05;7,79
23/08/2026 21:10;7,79
23/08/2026 21:15;7,79
23/08/2026 21:20;7,79
23/08/2026 21:25;7,78
23/08/2026 21:30;7,78
23/08/2026 21:35;7,78
23/08/2026 21:40;7,77
23/08/2026 21:45;7,76
23/08/2026 21:50;7,75
23/08/2026 21:55;7,74
23/08/2026 22:00;7,73
23/08/2026 22:05;7,72
23/08/2026 22:10;7,72
23/08/2026 22:15;7,71
23/08/2026 22:20;7,69
23/08/2026 22:25;7,69
23/08/2026 22:30;7,68
23/08/2026 22:35;7,67
23/08/2026 22:40;7,67
23/08/2026 22:45;7,66
23/08/2026 22:50;7,65
23/08/2026 22:55;7,65
23/08/2026 23:00;7,64
23/08/2026 23:05;7,64
23/08/2026 23:10;7,62
23/08/2026 23:15;7,62
23/08/2026 23:20;7,61
23/08/2026 23:25;7,61
23/08/2026 23:30;7,6
23/08/2026 23:35;7,59
23/08/2026 23:40;7,58
23/08/2026 23:45;7,57
23/08/2026 23:50;7,56
23/08/2026 23:55;7,56
24/08/2026 00:00;7,55
24/08/2026 00:05;7,54
24/08/2026 00:10;7,52
24/08/2026 00:15;7,52
24/08/2026 00:20;7,51
24/08/2026 00:25;7,5
24/08/2026 00:30;7,49
24/08/2026 00:35;7,48
24/08/2026 00:40;7,47
24/08/2026 00:45;7,46
24/08/2026 00:50;7,44
24/08/2026 00:55;7,44
24/08/2026 01:00;7,42
24/08/2026 01:05;7,41
24/08/2026 01:10;7,4
24/08/2026 01:15;7,39
24/08/2026 01:20;7,38
24/08/2026 01:25;7,37
24/08/2026 01:30;7,34
24/08/2026 01:35;7,33
24/08/2026 01:40;7,32
24/08/2026 01:45;7,31
24/08/2026 01:50;7,28
24/08/2026 01:55;7,28
24/08/2026 02:00;7,26
24/08/2026 02:05;7,24
24/08/2026 02:10;7,22
24/08/2026 02:15;7,21
24/08/2026 02:20;7,19
24/08/2026 02:25;7,18
24/08/2026 02:30;7,16
24/08/2026 02:35;7,14
24/08/2026 02:40;7,12
24/08/2026 02:45;7,11
24/08/2026 02:50;7,08
24/08/2026 02:55;7,07
24/08/2026 03:00;7,05
24/08/2026 03:05;7,03
24/08/2026 03:10;7,01
24/08/2026 03:15;7,0
24/08/2026 03:20;6,98
24/08/2026 03:25;6,96
24/08/2026 03:30;6,94
24/08/2026 03:35;6,93
24/08/2026 03:40;6,9
24/08/2026 03:45;6,89
24/08/2026 03:50;6,87
24/08/2026 03:55;6,86
24/08/2026 04:00;6,84
24/08/2026 04:05;6,83
24/08/2026 04:10;6,81
24/08/2026 04:15;6,8
24/08/2026 04:20;6,78
24/08/2026 04:25;6,77
24/08/2026 04:30;6,76
24/08/2026 04:35;6,74
24/08/2026 04:40;6,72
24/08/2026 04:45;6,71
24/08/2026 04:50;6,69
24/08/2026 04:55;6,68
24/08/2026 05:00;6,66
24/08/2026 05:05;6,66
24/08/2026 05:10;6,63
24/08/2026 05:15;6,63
24/08/2026 05:20;6,61
24/08/2026 05:25;6,6
24/08/2026 05:30;6,58
24/08/2026 05:35;6,57
24/08/2026 05:40;6,55
24/08/2026 05:45;6,54
24/08/2026 05:50;6,53
24/08/2026 05:55;6,52
24/08/2026 06:00;6,5
24/08/2026 06:05;6,49
24/08/2026 06:10;6,47
24/08/2026 06:15;6,46
24/08/2026 06:20;6,45
24/08/2026 06:25;6,43
24/08/2026 06:30;6,42
24/08/2026 06:35;6,41
24/08/2026 06:40;6,39
24/08/2026 06:45;6,38
24/08/2026 06:50;6,37
24/08/2026 06:55;6,35
24/08/2026 07:00;6,35
24/08/2026 07:05;6,33
24/08/2026 07:10;6,32
24/08/2026 07:15;6,32
24/08/2026 07:20;6,3
24/08/2026 07:25;6,3
24/08/2026 07:30;6,29
24/08/2026 07:35;6,28
24/08/2026 07:40;6,27
24/08/2026 07:45;6,27
24/08/2026 07:50;6,27
24/08/2026 07:55;6,26
24/08/2026 08:00;6,25
24/08/2026 08:05;6,25
24/08/2026 08:10;6,25
24/08/2026 08:15;6,24
24/08/2026 08:20;6,24
24/08/2026 08:25;6,24
24/08/2026 08:30;6,24
24/08/2026 08:35;6,25
24/08/2026 08:40;6,25
24/08/2026 08:45;6,24
24/08/2026 08:50;6,24
24/08/2026 08:55;6,24
24/08/2026 09:00;6,24
24/08/2026 09:05;6,25
24/08/2026 09:10;6,24
24/08/2026 09:15;6,24
24/08/2026 09:20;6,24
24/08/2026 09:25;6,24
24/08/2026 09:30;6,24
24/08/2026 09:35;6,24
24/08/2026 09:40;6,25
24/08/2026 09:45;6,25
24/08/2026 09:50;6,25
24/08/2026 09:55;6,25
24/08/2026 10:00;6,25
24/08/2026 10:05;6,25
24/08/2026 10:10;6,25
24/08/2026 10:15;6,26
24/08/2026 10:20;6,26
24/08/2026 10:25;6,26
24/08/2026 10:30;6,26
24/08/2026 10:35;6,26
24/08/2026 10:40;6,26
24/08/2026 10:45;6,25
24/08/2026 10:50;6,24
24/08/2026 10:55;6,24
24/08/2026 11:00;6,25
24/08/2026 11:05;6,24
24/08/2026 11:10;6,25
24/08/2026 11:15;6,25
24/08/2026 11:20;6,25
24/08/2026 11:25;6,25
24/08/2026 11:30;6,26
24/08/2026 11:35;6,26
24/08/2026 11:40;6,26
24/08/2026 11:45;6,26
24/08/2026 11:50;6,26
24/08/2026 11:55;
24/08/2026 12:00;6,26
24/08/2026 12:05;6,26
24/08/2026 12:10;6,26
24/08/2026 12:15;6,26
24/08/2026 12:20;6,26
24/08/2026 12:25;6,26
24/08/2026 12:30;6,26
24/08/2026 12:35;6,27
24/08/2026 12:40;6,27
24/08/2026 12:45;6,27
24/08/2026 12:50;6,27
24/08/2026 12:55;6,28
24/08/2026 13:00;6,28
24/08/2026 13:05;6,28
24/08/2026 13:10;6,29
24/08/2026 13:15;6,29
24/08/2026 13:20;6,29
24/08/2026 13:25;6,3
24/08/2026 13:30;6,3
24/08/2026 13:35;6,31
24/08/2026 13:40;6,31
24/08/2026 13:45;6,31
24/08/2026 13:50;6,32
24/08/2026 13:55;6,31
24/08/2026 14:00;6,33
24/08/2026 14:05;6,33
24/08/2026 14:10;6,33
24/08/2026 14:15;6,34
24/08/2026 14:20;6,34
24/08/2026 14:25;6,35
24/08/2026 14:30;6,36
24/08/2026 14:35;6,36
24/08/2026 14:40;6,37
24/08/2026 14:45;6,37
24/08/2026 14:50;6,38
24/08/2026 14:55;6,38
24/08/2026 15:00;6,4
24/08/2026 15:05;6,4
24/08/2026 15:10;6,41
24/08/2026 15:15;6,42
24/08/2026 15:20;6,43
24/08/2026 15:25;6,44
24/08/2026 15:30;6,46
24/08/2026 15:35;6,46
24/08/2026 15:40;6,48
24/08/2026 15:45;6,48
24/08/2026 15:50;6,5
24/08/2026 15:55;6,51
24/08/2026 16:00;6,53
24/08/2026 16:05;6,54
24/08/2026 16:10;6,56
24/08/2026 16:15;6,57
24/08/2026 16:20;6,58
24/08/2026 16:25;6,6
24/08/2026 16:30;6,62
24/08/2026 16:35;6,63
24/08/2026 16:40;6,66
24/08/2026 16:45;6,68
24/08/2026 16:50;6,7
24/08/2026 16:55;6,72
24/08/2026 17:00;6,75
24/08/2026 17:05;6,77
24/08/2026 17:10;6,79
24/08/2026 17:15;6,81
24/08/2026 17:20;6,85
24/08/2026 17:25;6,87
24/08/2026 17:30;6,9
24/08/2026 17:35;6,92
24/08/2026 17:40;6,94
24/08/2026 17:45;6,97
24/08/2026 17:50;6,99
24/08/2026 17:55;7,01
24/08/2026 18:00;7,04
24/08/2026 18:05;7,06
24/08/2026 18:10;7,09
24/08/2026 18:15;7,11
24/08/2026 18:20;7,13
24/08/2026 18:25;7,15
24/08/2026 18:30;7,17
24/08/2026 18:35;7,19
24/08/2026 18:40;7,21
24/08/2026 18:45;7,22
24/08/2026 18:50;7,24
24/08/2026 18:55;7,25
24/08/2026 19:00;7,27
24/08/2026 19:05;7,28
24/08/2026 19:10;7,3
24/08/2026 19:15;7,31
24/08/2026 19:20;7,33
24/08/2026 19:25;7,34
24/08/2026 19:30;7,35
24/08/2026 19:35;7,36
24/08/2026 19:40;7,37
24/08/2026 19:45;7,38
24/08/2026 19:50;7,39
24/08/2026 19:55;7,4
24/08/2026 20:00;7,42
24/08/2026 20:05;7,42
24/08/2026 20:10;7,43
24/08/2026 20:15;7,44
24/08/2026 20:20;7,44
24/08/2026 20:25;7,45
24/08/2026 20:30;7,45
24/08/2026 20:35;7,46
24/08/2026 20:40;7,46
24/08/2026 20:45;7,46
24/08/2026 20:50;7,46
24/08/2026 20:55;7,46
24/08/2026 21:00;7,46
24/08/2026 21:05;7,46
24/08/2026 21:10;7,46
24/08/2026 21:15;7,46
24/08/2026 21:20;7,46
24/08/2026 21:25;7,46
24/08/2026 21:30;7,46
24/08/2026 21:35;7,45
24/08/2026 21:40;7,45
24/08/2026 21:45;7,45
24/08/2026 21:50;7,45
24/08/2026 21:55;7,45
24/08/2026 22:00;7,44
24/08/2026 22:05;7,44
24/08/2026 22:10;7,44
24/08/2026 22:15;7,44
24/08/2026 22:20;7,43
24/08/2026 22:25;7,43
24/08/2026 22:30;7,42
24/08/2026 22:35;7,42
24/08/2026 22:40;7,41
24/08/2026 22:45;7,41
24/08/2026 22:50;7,4
24/08/2026 22:55;7,4
24/08/2026 23:00;7,39
24/08/2026 23:05;7,38
24/08/2026 23:10;7,37
24/08/2026 23:15;7,37
24/08/2026 23:20;7,36
24/08/2026 23:25;7,35
24/08/2026 23:30;7,34
24/08/2026 23:35;7,34
24/08/2026 23:40;7,33
24/08/2026 23:45;7,31
24/08/2026 23:50;7,31
24/08/2026 23:55;7,3
25/08/2026 00:00;7,29
25/08/2026 00:05;7,28
25/08/2026 00:10;7,27
25/08/2026 00:15;7,26
25/08/2026 00:20;7,25
25/08/2026 00:25;7,23
25/08/2026 00:30;7,22
25/08/2026 00:35;7,21
25/08/2026 00:40;7,2
25/08/2026 00:45;7,18
25/08/2026 00:50;7,17
25/08/2026 00:55;7,16
25/08/2026 01:00;7,15
25/08/2026 01:05;7,13
25/08/2026 01:10;7,11
25/08/2026 01:15;7,1
25/08/2026 01:20;7,08
25/08/2026 01:25;7,07
25/08/2026 01:30;7,06
25/08/2026 01:35;7,04
25/08/2026 01:40;7,03
25/08/2026 01:45;7,02
25/08/2026 01:50;7,0
25/08/2026 01:55;6,98
25/08/2026 02:00;6,96
25/08/2026 02:05;6,95
25/08/2026 02:10;6,93
25/08/2026 02:15;6,92
25/08/2026 02:20;6,9
25/08/2026 02:25;6,88
25/08/2026 02:30;6,87
25/08/2026 02:35;6,85
25/08/2026 02:40;6,84
25/08/2026 02:45;6,82
25/08/2026 02:50;6,8
25/08/2026 02:55;6,79
25/08/2026 03:00;6,77
25/08/2026 03:05;6,76
25/08/2026 03:10;6,74
25/08/2026 03:15;6,73
25/08/2026 03:20;6,71
25/08/2026 03:25;6,7
25/08/2026 03:30;6,68
25/08/2026 03:35;6,67
25/08/2026 03:40;6,66
25/08/2026 03:45;6,64
25/08/2026 03:50;6,63
25/08/2026 03:55;6,62
25/08/2026 04:00;6,61
25/08/2026 04:05;6,6
25/08/2026 04:10;6,58
25/08/2026 04:15;6,58
25/08/2026 04:20;6,57
25/08/2026 04:25;6,55
25/08/2026 04:30;6,54
25/08/2026 04:35;6,53
25/08/2026 04:40;6,53
25/08/2026 04:45;6,52
25/08/2026 04:50;6,51
25/08/2026 04:55;6,5
25/08/2026 05:00;6,49
25/08/2026 05:05;6,48
25/08/2026 05:10;6,48
25/08/2026 05:15;6,47
25/08/2026 05:20;6,46
25/08/2026 05:25;6,46
25/08/2026 05:30;6,45
25/08/2026 05:35;6,44
25/08/2026 05:40;6,44
25/08/2026 05:45;6,43
25/08/2026 05:50;6,42
25/08/2026 05:55;6,41
25/08/2026 06:00;6,4
25/08/2026 06:05;6,4
25/08/2026 06:10;6,4
25/08/2026 06:15;6,39
25/08/2026 06:20;6,38
25/08/2026 06:25;6,38
25/08/2026 06:30;6,37
25/08/2026 06:35;6,37
25/08/2026 06:40;6,37
25/08/2026 06:45;6,36
25/08/2026 06:50;6,36
25/08/2026 06:55;6,35
25/08/2026 07:00;6,35
25/08/2026 07:05;6,35
25/08/2026 07:10;6,34
25/08/2026 07:15;6,35
25/08/2026 07:20;6,34
25/08/2026 07:25;6,34
25/08/2026 07:30;6,34
25/08/2026 07:35;6,34
25/08/2026 07:40;6,34
25/08/2026 07:45;6,34
25/08/2026 07:50;6,34
25/08/2026 07:55;6,34
25/08/2026 08:00;6,34
25/08/2026 08:05;6,34
25/08/2026 08:10;6,33
25/08/2026 08:15;6,33
25/08/2026 08:20;6,33
25/08/2026 08:25;6,34
25/08/2026 08:30;6,33
25/08/2026 08:35;6,33
25/08/2026 08:40;6,33
25/08/2026 08:45;6,33
25/08/2026 08:50;6,33
25/08/2026 08:55;6,33
25/08/2026 09:00;6,33
25/08/2026 09:05;6,34
25/08/2026 09:10;6,35
25/08/2026 09:15;6,34
25/08/2026 09:20;6,34
25/08/2026 09:25;6,34
25/08/2026 09:30;6,34
25/08/2026 09:35;6,34
25/08/2026 09:40;6,33
25/08/2026 09:45;6,34
25/08/2026 09:50;6,33
25/08/2026 09:55;6,34
25/08/2026 10:00;6,34
25/08/2026 10:05;6,34
25/08/2026 10:10;6,34
25/08/2026 10:15;6,35
25/08/2026 10:20;6,35
25/08/2026 10:25;6,35
25/08/2026 10:30;6,36
25/08/2026 10:35;6,35
25/08/2026 10:40;6,36
25/08/2026 10:45;6,35
25/08/2026 10:50;
25/08/2026 10:55;6,36
25/08/2026 11:00;6,35
25/08/2026 11:05;6,35
25/08/2026 11:10;6,36
25/08/2026 11:15;6,36
25/08/2026 11:20;6,36
25/08/2026 11:25;6,37
25/08/2026 11:30;6,37
25/08/2026 11:35;6,37
25/08/2026 11:40;6,37
25/08/2026 11:45;6,37
25/08/2026 11:50;6,37
25/08/2026 11:55;6,38
25/08/2026 12:00;6,38
25/08/2026 12:05;6,38
25/08/2026 12:10;6,38
25/08/2026 12:15;6,39
25/08/2026 12:20;6,4
25/08/2026 12:25;6,41
25/08/2026 12:30;6,41
25/08/2026 12:35;6,42
25/08/2026 12:40;6,43
25/08/2026 12:45;6,43
25/08/2026 12:50;6,43
25/08/2026 12:55;6,44
25/08/2026 13:00;6,44
25/08/2026 13:05;6,44
25/08/2026 13:10;6,45
25/08/2026 13:15;6,45
25/08/2026 13:20;6,46
25/08/2026 13:25;6,46
25/08/2026 13:30;6,47
25/08/2026 13:35;6,47
25/08/2026 13:40;6,48
25/08/2026 13:45;6,48
25/08/2026 13:50;6,49
25/08/2026 13:55;6,5
25/08/2026 14:00;6,5
25/08/2026 14:05;6,51
25/08/2026 14:10;6,51
25/08/2026 14:15;6,52
25/08/2026 14:20;6,52
25/08/2026 14:25;6,52
25/08/2026 14:30;6,53
25/08/2026 14:35;6,53
25/08/2026 14:40;6,54
25/08/2026 14:45;6,54
25/08/2026 14:50;6,55
25/08/2026 14:55;6,56
25/08/2026 15:00;6,56
25/08/2026 15:05;6,56
25/08/2026 15:10;6,57
25/08/2026 15:15;6,58
25/08/2026 15:20;6,59
25/08/2026 15:25;6,59
25/08/2026 15:30;6,59
25/08/2026 15:35;6,6
25/08/2026 15:40;6,61
25/08/2026 15:45;6,61
25/08/2026 15:50;6,62
25/08/2026 15:55;6,63
25/08/2026 16:00;6,64
25/08/2026 16:05;6,64
25/08/2026 16:10;6,66
25/08/2026 16:15;6,66
25/08/2026 16:20;6,68
25/08/2026 16:25;6,68
25/08/2026 16:30;6,7
25/08/2026 16:35;6,71
25/08/2026 16:40;6,72
25/08/2026 16:45;6,73
25/08/2026 16:50;6,75
25/08/2026 16:55;6,75
25/08/2026 17:00;6,77
25/08/2026 17:05;6,78
25/08/2026 17:10;6,8
25/08/2026 17:15;6,81
25/08/2026 17:20;6,83
25/08/2026 17:25;6,84
25/08/2026 17:30;6,85
25/08/2026 17:35;6,87
25/08/2026 17:40;6,88
25/08/2026 17:45;6,89
25/08/2026 17:50;6,91
25/08/2026 17:55;6,92
25/08/2026 18:00;6,93
25/08/2026 18:05;6,95
25/08/2026 18:10;6,96
25/08/2026 18:15;6,97
25/08/2026 18:20;6,98
25/08/2026 18:25;7,0
25/08/2026 18:30;7,02
25/08/2026 18:35;7,04
25/08/2026 18:40;7,05
25/08/2026 18:45;7,07
25/08/2026 18:50;7,08
25/08/2026 18:55;7,1
25/08/2026 19:00;7,12
25/08/2026 19:05;7,13
25/08/2026 19:10;7,14
25/08/2026 19:15;7,16
25/08/2026 19:20;7,17
25/08/2026 19:25;7,19
25/08/2026 19:30;7,2
25/08/2026 19:35;7,22
25/08/2026 19:40;7,23
25/08/2026 19:45;7,24
25/08/2026 19:50;7,26
25/08/2026 19:55;7,26
25/08/2026 20:00;7,27
25/08/2026 20:05;7,29
25/08/2026 20:10;7,29
25/08/2026 20:15;7,3
25/08/2026 20:20;7,31
25/08/2026 20:25;7,32
25/08/2026 20:30;7,33
25/08/2026 20:35;7,34
25/08/2026 20:40;7,34
25/08/2026 20:45;7,35
25/08/2026 20:50;7,36
25/08/2026 20:55;7,36
25/08/2026 21:00;7,37
25/08/2026 21:05;7,37
25/08/2026 21:10;7,38
25/08/2026 21:15;7,38
25/08/2026 21:20;7,39
25/08/2026 21:25;7,4
25/08/2026 21:30;7,4
25/08/2026 21:35;7,4
25/08/2026 21:40;7,4
25/08/2026 21:45;7,41
25/08/2026 21:50;7,41
25/08/2026 21:55;7,41
25/08/2026 22:00;7,42
25/08/2026 22:05;7,42
25/08/2026 22:10;7,42
25/08/2026 22:15;7,42
25/08/2026 22:20;7,42
25/08/2026 22:25;7,42
25/08/2026 22:30;7,42
25/08/2026 22:35;7,42
25/08/2026 22:40;7,42
25/08/2026 22:45;7,42
25/08/2026 22:50;7,41
25/08/2026 22:55;7,41
25/08/2026 23:00;7,41
25/08/2026 23:05;7,4
25/08/2026 23:10;7,4
25/08/2026 23:15;7,4
25/08/2026 23:20;7,39
25/08/2026 23:25;7,39
25/08/2026 23:30;7,38
25/08/2026 23:35;7,37
25/08/2026 23:40;7,36
25/08/2026 23:45;7,36
25/08/2026 23:50;7,35
25/08/2026 23:55;7,35
26/08/2026 00:00;7,33
26/08/2026 00:05;7,33
26/08/2026 00:10;7,31
26/08/2026 00:15;7,31
26/08/2026 00:20;7,29
26/08/2026 00:25;7,28
26/08/2026 00:30;7,27
26/08/2026 00:35;7,26
26/08/2026 00:40;7,24
26/08/2026 00:45;7,23
26/08/2026 00:50;7,22
26/08/2026 00:55;7,21
26/08/2026 01:00;7,19
26/08/2026 01:05;7,17
26/08/2026 01:10;7,16
26/08/2026 01:15;7,14
26/08/2026 01:20;7,12
26/08/2026 01:25;7,11
26/08/2026 01:30;7,09
26/08/2026 01:35;7,07
26/08/2026 01:40;7,06
26/08/2026 01:45;7,05
26/08/2026 01:50;7,03
26/08/2026 01:55;7,02
26/08/2026 02:00;7,0
26/08/2026 02:05;6,98
26/08/2026 02:10;6,96
26/08/2026 02:15;6,95
26/08/2026 02:20;6,93
26/08/2026 02:25;6,92
26/08/2026 02:30;6,89
26/08/2026 02:35;6,88
26/08/2026 02:40;6,86
26/08/2026 02:45;6,85
26/08/2026 02:50;6,82
26/08/2026 02:55;6,81
26/08/2026 03:00;6,79
26/08/2026 03:05;6,78
26/08/2026 03:10;6,76
26/08/2026 03:15;6,74
26/08/2026 03:20;6,72
26/08/2026 03:25;6,71
26/08/2026 03:30;6,69
26/08/2026 03:35;6,68
26/08/2026 03:40;6,66
26/08/2026 03:45;6,64
26/08/2026 03:50;6,62
26/08/2026 03:55;6,61
26/08/2026 04:00;6,59
26/08/2026 04:05;6,58
26/08/2026 04:10;6,57
26/08/2026 04:15;6,55
26/08/2026 04:20;6,54
26/08/2026 04:25;6,53
26/08/2026 04:30;6,51
26/08/2026 04:35;6,5
26/08/2026 04:40;6,48
26/08/2026 04:45;6,47
26/08/2026 04:50;6,46
26/08/2026 04:55;6,44
26/08/2026 05:00;6,43
26/08/2026 05:05;6,42
26/08/2026 05:10;6,41
26/08/2026 05:15;6,4
26/08/2026 05:20;6,38
26/08/2026 05:25;6,37
26/08/2026 05:30;6,36
26/08/2026 05:35;6,35
26/08/2026 05:40;6,34
26/08/2026 05:45;6,34
26/08/2026 05:50;6,32
26/08/2026 05:55;6,33
26/08/2026 06:00;6,31
26/08/2026 06:05;6,3
26/08/2026 06:10;6,28
26/08/2026 06:15;6,28
26/08/2026 06:20;6,27
26/08/2026 06:25;6,27
26/08/2026 06:30;6,26
26/08/2026 06:35;6,25
26/08/2026 06:40;6,24
26/08/2026 06:45;6,24
26/08/2026 06:50;6,24
26/08/2026 06:55;6,23
26/08/2026 07:00;6,23
26/08/2026 07:05;6,22
26/08/2026 07:10;6,22
26/08/2026 07:15;6,21
26/08/2026 07:20;6,21
26/08/2026 07:25;6,2
26/08/2026 07:30;6,2
26/08/2026 07:35;6,2
26/08/2026 07:40;6,19
26/08/2026 07:45;6,19
26/08/2026 07:50;6,18
26/08/2026 07:55;6,18
26/08/2026 08:00;6,18
26/08/2026 08:05;6,18
26/08/2026 08:10;6,17
26/08/2026 08:15;6,17
26/08/2026 08:20;6,17
26/08/2026 08:25;6,17
26/08/2026 08:30;6,16
26/08/2026 08:35;6,16
26/08/2026 08:40;6,16
26/08/2026 08:45;6,16
26/08/2026 08:50;6,16
26/08/2026 08:55;6,17
26/08/2026 09:00;6,16
26/08/2026 09:05;6,16
26/08/2026 09:10;6,16
26/08/2026 09:15;6,17
26/08/2026 09:20;6,17
26/08/2026 09:25;6,17
26/08/2026 09:30;6,18
26/08/2026 09:35;6,18
26/08/2026 09:40;6,18
26/08/2026 09:45;6,18
26/08/2026 09:50;6,18
26/08/2026 09:55;6,18
26/08/2026 10:00;6,19
26/08/2026 10:05;6,19
26/08/2026 10:10;6,19
26/08/2026 10:15;6,2
26/08/2026 10:20;6,21
26/08/2026 10:25;6,21
26/08/2026 10:30;6,21
26/08/2026 10:35;6,21
26/08/2026 10:40;6,22
26/08/2026 10:45;6,22
26/08/2026 10:50;6,23
26/08/2026 10:55;6,23
26/08/2026 11:00;6,23
26/08/2026 11:05;6,24
26/08/2026 11:10;6,25
26/08/2026 11:15;6,25
26/08/2026 11:20;6,26
26/08/2026 11:25;6,26
26/08/2026 11:30;6,27
26/08/2026 11:35;6,27
26/08/2026 11:40;6,27
26/08/2026 11:45;6,28
26/08/2026 11:50;6,28
26/08/2026 11:55;6,28
26/08/2026 12:00;6,29
26/08/2026 12:05;6,3
26/08/2026 12:10;6,3
26/08/2026 12:15;6,3
26/08/2026 12:20;6,31
26/08/2026 12:25;6,31
26/08/2026 12:30;6,31
26/08/2026 12:35;6,32
26/08/2026 12:40;6,33
26/08/2026 12:45;6,33
26/08/2026 12:50;6,34
26/08/2026 12:55;6,34
26/08/2026 13:00;6,34
26/08/2026 13:05;6,34
26/08/2026 13:10;6,35
26/08/2026 13:15;6,35
26/08/2026 13:20;6,35
26/08/2026 13:25;6,36
26/08/2026 13:30;6,36
26/08/2026 13:35;6,37
26/08/2026 13:40;6,38
26/08/2026 13:45;6,37
26/08/2026 13:50;6,38
26/08/2026 13:55;6,38
26/08/2026 14:00;6,38
26/08/2026 14:05;6,39
26/08/2026 14:10;6,39
26/08/2026 14:15;6,39
26/08/2026 14:20;6,4
26/08/2026 14:25;6,4
26/08/2026 14:30;6,4
26/08/2026 14:35;6,4
26/08/2026 14:40;6,4
26/08/2026 14:45;6,41
26/08/2026 14:50;6,4
26/08/2026 14:55;6,41
26/08/2026 15:00;6,41
26/08/2026 15:05;6,41
26/08/2026 15:10;6,41
26/08/2026 15:15;6,41
26/08/2026 15:20;6,42
26/08/2026 15:25;6,41
26/08/2026 15:30;6,42
26/08/2026 15:35;6,42
26/08/2026 15:40;6,42
26/08/2026 15:45;6,43
26/08/2026 15:50;6,43
26/08/2026 15:55;6,43
26/08/2026 16:00;6,44
26/08/2026 16:05;6,45
26/08/2026 16:10;6,45
26/08/2026 16:15;6,46
26/08/2026 16:20;6,46
26/08/2026 16:25;6,47
26/08/2026 16:30;6,47
26/08/2026 16:35;6,48
26/08/2026 16:40;6,48
26/08/2026 16:45;6,49
26/08/2026 16:50;6,5
26/08/2026 16:55;6,51
26/08/2026 17:00;6,52
26/08/2026 17:05;6,52
26/08/2026 17:10;6,54
26/08/2026 17:15;6,54
26/08/2026 17:20;6,55
26/08/2026 17:25;6,57
26/08/2026 17:30;6,58
26/08/2026 17:35;6,58
26/08/2026 17:40;6,61
26/08/2026 17:45;6,62
26/08/2026 17:50;6,64
26/08/2026 17:55;6,65
26/08/2026 18:00;6,67
26/08/2026 18:05;6,68
26/08/2026 18:10;6,7
26/08/2026 18:15;6,72
26/08/2026 18:20;6,75
26/08/2026 18:25;6,76
26/08/2026 18:30;6,79
26/08/2026 18:35;6,81
26/08/2026 18:40;6,84
26/08/2026 18:45;6,86
26/08/2026 18:50;6,88
26/08/2026 18:55;6,9
26/08/2026 19:00;6,93
26/08/2026 19:05;6,96
26/08/2026 19:10;6,98
26/08/2026 19:15;7,0
26/08/2026 19:20;7,04
26/08/2026 19:25;7,06
26/08/2026 19:30;7,09
26/08/2026 19:35;7,1
26/08/2026 19:40;7,13
26/08/2026 19:45;7,15
26/08/2026 19:50;7,17
26/08/2026 19:55;7,19
26/08/2026 20:00;7,22
26/08/2026 20:05;7,24
26/08/2026 20:10;7,26
26/08/2026 20:15;7,28
26/08/2026 20:20;7,31
26/08/2026 20:25;7,33
26/08/2026 20:30;7,36
26/08/2026 20:35;7,37
26/08/2026 20:40;7,4
26/08/2026 20:45;7,4
26/08/2026 20:50;7,44
26/08/2026 20:55;7,45
26/08/2026 21:00;7,47
26/08/2026 21:05;7,48
26/08/2026 21:10;7,51
26/08/2026 21:15;7,51
26/08/2026 21:20;7,53
26/08/2026 21:25;7,54
26/08/2026 21:30;7,56
26/08/2026 21:35;7,57
26/08/2026 21:40;7,58
26/08/2026 21:45;7,59
26/08/2026 21:50;7,6
26/08/2026 21:55;7,61
26/08/2026 22:00;7,62
26/08/2026 22:05;7,63
26/08/2026 22:10;7,63
26/08/2026 22:15;7,64
26/08/2026 22:20;7,65
26/08/2026 22:25;7,65
26/08/2026 22:30;7,65
26/08/2026 22:35;7,66
26/08/2026 22:40;7,66
26/08/2026 22:45;7,66
26/08/2026 22:50;7,66
26/08/2026 22:55;7,66
26/08/2026 23:00;7,66
26/08/2026 23:05;7,66
26/08/2026 23:10;7,66
26/08/2026 23:15;7,66
26/08/2026 23:20;7,66
26/08/2026 23:25;7,65
26/08/2026 23:30;7,65
26/08/2026 23:35;7,65
26/08/2026 23:40;7,64
26/08/2026 23:45;7,64
26/08/2026 23:50;7,63
26/08/2026 23:55;7,62
27/08/2026 00:00;7,62
27/08/2026 00:05;7,61
27/08/2026 00:10;7,6
27/08/2026 00:15;7,59
27/08/2026 00:20;7,58
27/08/2026 00:25;7,57
27/08/2026 00:30;7,56
27/08/2026 00:35;7,55
27/08/2026 00:40;7,54
27/08/2026 00:45;7,54
27/08/2026 00:50;7,52
27/08/2026 00:55;7,51
27/08/2026 01:00;7,5
27/08/2026 01:05;7,49
27/08/2026 01:10;7,47
27/08/2026 01:15;7,46
27/08/2026 01:20;7,44
27/08/2026 01:25;7,43
27/08/2026 01:30;7,42
27/08/2026 01:35;7,4
27/08/2026 01:40;7,38
27/08/2026 01:45;7,37
27/08/2026 01:50;7,35
27/08/2026 01:55;7,34
27/08/2026 02:00;7,32
27/08/2026 02:05;7,31
27/08/2026 02:10;7,28
27/08/2026 02:15;7,27
27/08/2026 02:20;7,25
27/08/2026 02:25;7,23
27/08/2026 02:30;7,21
27/08/2026 02:35;7,2
27/08/2026 02:40;7,17
27/08/2026 02:45;7,15
27/08/2026 02:50;7,13
27/08/2026 02:55;7,12
27/08/2026 03:00;7,08
27/08/2026 03:05;7,07
27/08/2026 03:10;7,04
27/08/2026 03:15;7,03
27/08/2026 03:20;7,0
27/08/2026 03:25;6,98
27/08/2026 03:30;6,95
27/08/2026 03:35;6,94
27/08/2026 03:40;6,91
27/08/2026 03:45;6,89
27/08/2026 03:50;6,86
27/08/2026 03:55;6,85
27/08/2026 04:00;6,82
27/08/2026 04:05;6,8
27/08/2026 04:10;6,77
27/08/2026 04:15;6,76
27/08/2026 04:20;6,73
27/08/2026 04:25;6,72
27/08/2026 04:30;6,69
27/08/2026 04:35;6,67
27/08/2026 04:40;6,65
27/08/2026 04:45;6,63
27/08/2026 04:50;6,61
27/08/2026 04:55;6,59
27/08/2026 05:00;6,57
27/08/2026 05:05;6,56
27/08/2026 05:10;6,54
27/08/2026 05:15;6,52
27/08/2026 05:20;6,5
27/08/2026 05:25;6,48
27/08/2026 05:30;6,46
27/08/2026 05:35;6,45
27/08/2026 05:40;6,43
27/08/2026 05:45;6,42
27/08/2026 05:50;6,39
27/08/2026 05:55;6,38
27/08/2026 06:00;6,36
27/08/2026 06:05;6,35
27/08/2026 06:10;6,33
27/08/2026 06:15;6,32
27/08/2026 06:20;6,31
27/08/2026 06:25;6,3
27/08/2026 06:30;6,29
27/08/2026 06:35;6,27
27/08/2026 06:40;6,26
27/08/2026 06:45;6,25
27/08/2026 06:50;6,24
27/08/2026 06:55;6,23
27/08/2026 07:00;6,22
27/08/2026 07:05;6,21
27/08/2026 07:10;6,2
27/08/2026 07:15;6,2
27/08/2026 07:20;6,19
27/08/2026 07:25;6,18
27/08/2026 07:30;6,17
27/08/2026 07:35;6,17
27/08/2026 07:40;6,16
27/08/2026 07:45;6,16
27/08/2026 07:50;6,15
27/08/2026 07:55;6,15
27/08/2026 08:00;6,14
27/08/2026 08:05;6,13
27/08/2026 08:10;6,13
27/08/2026 08:15;6,13
27/08/2026 08:20;6,12
27/08/2026 08:25;6,12
27/08/2026 08:30;6,12
27/08/2026 08:35;6,12
27/08/2026 08:40;6,11
27/08/2026 08:45;6,11
27/08/2026 08:50;6,12
27/08/2026 08:55;6,12
27/08/2026 09:00;6,11
27/08/2026 09:05;6,11
27/08/2026 09:10;6,12
27/08/2026 09:15;6,12
27/08/2026 09:20;6,11
27/08/2026 09:25;6,11
27/08/2026 09:30;6,11
27/08/2026 09:35;6,12
27/08/2026 09:40;6,11
27/08/2026 09:45;6,11
27/08/2026 09:50;6,11
27/08/2026 09:55;6,11
27/08/2026 10:00;6,11
27/08/2026 10:05;6,11
27/08/2026 10:10;6,11
27/08/2026 10:15;6,11
27/08/2026 10:20;6,11
27/08/2026 10:25;6,1
27/08/2026 10:30;6,11
27/08/2026 10:35;6,11
27/08/2026 10:40;6,11
27/08/2026 10:45;6,11
27/08/2026 10:50;6,11
27/08/2026 10:55;6,11
27/08/2026 11:00;6,1
27/08/2026 11:05;6,11
27/08/2026 11:10;6,11
27/08/2026 11:15;6,1
27/08/2026 11:20;6,11
27/08/2026 11:25;6,11
27/08/2026 11:30;6,11
27/08/2026 11:35;6,12
27/08/2026 11:40;6,12
27/08/2026 11:45;6,13
27/08/2026 11:50;6,13
27/08/2026 11:55;
27/08/2026 12:00;6,14
27/08/2026 12:05;6,14
27/08/2026 12:10;6,14
27/08/2026 12:15;6,15
27/08/2026 12:20;6,15
27/08/2026 12:25;6,15
27/08/2026 12:30;6,15
27/08/2026 12:35;6,16
27/08/2026 12:40;6,16
27/08/2026 12:45;6,17
27/08/2026 12:50;6,18
27/08/2026 12:55;6,18
27/08/2026 13:00;6,18
27/08/2026 13:05;6,19
27/08/2026 13:10;6,19
27/08/2026 13:15;6,2
27/08/2026 13:20;6,21
27/08/2026 13:25;6,22
27/08/2026 13:30;6,23
27/08/2026 13:35;6,24
27/08/2026 13:40;6,24
27/08/2026 13:45;6,25
27/08/2026 13:50;6,25
27/08/2026 13:55;6,28
27/08/2026 14:00;6,28
27/08/2026 14:05;6,28
27/08/2026 14:10;6,28
27/08/2026 14:15;6,28
27/08/2026 14:20;6,29
27/08/2026 14:25;6,29
27/08/2026 14:30;6,3
27/08/2026 14:35;6,31
27/08/2026 14:40;6,31
27/08/2026 14:45;6,32
27/08/2026 14:50;6,33
27/08/2026 14:55;6,34
27/08/2026 15:00;6,34
27/08/2026 15:05;6,36
27/08/2026 15:10;6,36
27/08/2026 15:15;6,38
27/08/2026 15:20;6,39
27/08/2026 15:25;6,4
27/08/2026 15:30;6,42
27/08/2026 15:35;6,42
27/08/2026 15:40;6,44
27/08/2026 15:45;6,45
27/08/2026 15:50;6,46
27/08/2026 15:55;6,47
27/08/2026 16:00;6,49
27/08/2026 16:05;6,5
27/08/2026 16:10;6,52
27/08/2026 16:15;6,54
27/08/2026 16:20;6,56
27/08/2026 16:25;6,57
27/08/2026 16:30;6,6
27/08/2026 16:35;6,62
27/08/2026 16:40;6,64
27/08/2026 16:45;6,66
27/08/2026 16:50;6,69
27/08/2026 16:55;6,7
27/08/2026 17:00;6,73
27/08/2026 17:05;6,75
27/08/2026 17:10;6,78
27/08/2026 17:15;6,8
27/08/2026 17:20;6,83
27/08/2026 17:25;6,85
27/08/2026 17:30;6,88
27/08/2026 17:35;6,91
27/08/2026 17:40;6,95
27/08/2026 17:45;6,97
27/08/2026 17:50;7,0
27/08/2026 17:55;7,02
27/08/2026 18:00;7,04
27/08/2026 18:05;7,06
27/08/2026 18:10;7,11
27/08/2026 18:15;7,13
27/08/2026 18:20;7,17
27/08/2026 18:25;7,19
27/08/2026 18:30;7,22
27/08/2026 18:35;7,24
27/08/2026 18:40;7,27
27/08/2026 18:45;7,29
27/08/2026 18:50;7,31
27/08/2026 18:55;7,33
27/08/2026 19:00;7,36
27/08/2026 19:05;7,39
27/08/2026 19:10;7,41
27/08/2026 19:15;7,43
27/08/2026 19:20;7,45
27/08/2026 19:25;7,47
27/08/2026 19:30;7,49
27/08/2026 19:35;7,5
27/08/2026 19:40;7,53
27/08/2026 19:45;7,54
27/08/2026 19:50;7,55
27/08/2026 19:55;7,56
27/08/2026 20:00;7,58
27/08/2026 20:05;7,59
27/08/2026 20:10;7,6
27/08/2026 20:15;7,61
27/08/2026 20:20;7,62
27/08/2026 20:25;7,63
27/08/2026 20:30;7,64
27/08/2026 20:35;7,64
27/08/2026 20:40;7,65
27/08/2026 20:45;7,66
27/08/2026 20:50;7,66
27/08/2026 20:55;7,67
27/08/2026 21:00;7,67
27/08/2026 21:05;7,67
27/08/2026 21:10;7,68
27/08/2026 21:15;7,68
27/08/2026 21:20;7,68
27/08/2026 21:25;7,67
27/08/2026 21:30;7,68
27/08/2026 21:35;7,67
27/08/2026 21:40;7,67
27/08/2026 21:45;7,67
27/08/2026 21:50;7,67
27/08/2026 21:55;7,66
27/08/2026 22:00;7,66
27/08/2026 22:05;7,66
27/08/2026 22:10;7,65
27/08/2026 22:15;7,65
27/08/2026 22:20;7,64
27/08/2026 22:25;7,64
27/08/2026 22:30;7,63
27/08/2026 22:35;7,63
27/08/2026 22:40;7,62
27/08/2026 22:45;7,61
27/08/2026 22:50;7,6
27/08/2026 22:55;7,59
27/08/2026 23:00;7,59
27/08/2026 23:05;7,58
27/08/2026 23:10;7,56
27/08/2026 23:15;7,56
27/08/2026 23:20;7,54
27/08/2026 23:25;7,54
27/08/2026 23:30;7,52
27/08/2026 23:35;7,51
27/08/2026 23:40;7,5
27/08/2026 23:45;7,49
27/08/2026 23:50;7,47
27/08/2026 23:55;7,46
28/08/2026 00:00;7,45
28/08/2026 00:05;7,44
28/08/2026 00:10;7,42
28/08/2026 00:15;7,41
28/08/2026 00:20;7,4
28/08/2026 00:25;7,39
28/08/2026 00:30;7,37
28/08/2026 00:35;7,36
28/08/2026 00:40;7,34
28/08/2026 00:45;7,33
28/08/2026 00:50;7,31
28/08/2026 00:55;7,3
28/08/2026 01:00;7,28
28/08/2026 01:05;7,27
28/08/2026 01:10;7,25
28/08/2026 01:15;7,23
28/08/2026 01:20;7,21
28/08/2026 01:25;7,2
28/08/2026 01:30;7,18
28/08/2026 01:35;7,16
28/08/2026 01:40;7,14
28/08/2026 01:45;7,13
28/08/2026 01:50;7,1
28/08/2026 01:55;7,09
28/08/2026 02:00;7,06
28/08/2026 02:05;7,04
28/08/2026 02:10;7,02
28/08/2026 02:15;7,01
28/08/2026 02:20;6,98
28/08/2026 02:25;6,97
28/08/2026 02:30;6,94
28/08/2026 02:35;6,92
28/08/2026 02:40;6,9
28/08/2026 02:45;6,88
28/08/2026 02:50;6,85
28/08/2026 02:55;6,84
28/08/2026 03:00;6,81
28/08/2026 03:05;6,79
28/08/2026 03:10;6,76
28/08/2026 03:15;6,75
28/08/2026 03:20;6,72
28/08/2026 03:25;6,7
28/08/2026 03:30;6,68
28/08/2026 03:35;6,66
28/08/2026 03:40;6,62
28/08/2026 03:45;6,6
28/08/2026 03:50;6,57
28/08/2026 03:55;6,56
28/08/2026 04:00;6,53
28/08/2026 04:05;6,51
28/08/2026 04:10;6,49
28/08/2026 04:15;6,48
28/08/2026 04:20;6,45
28/08/2026 04:25;6,44
28/08/2026 04:30;6,41
28/08/2026 04:35;6,4
28/08/2026 04:40;6,38
28/08/2026 04:45;6,36
28/08/2026 04:50;6,35
28/08/2026 04:55;6,33
28/08/2026 05:00;6,31
28/08/2026 05:05;6,3
28/08/2026 05:10;6,28
28/08/2026 05:15;6,27
28/08/2026 05:20;6,26
28/08/2026 05:25;6,24
28/08/2026 05:30;6,23
28/08/2026 05:35;6,22
28/08/2026 05:40;6,2
28/08/2026 05:45;6,19
28/08/2026 05:50;6,17
28/08/2026 05:55;6,16
28/08/2026 06:00;6,15
28/08/2026 06:05;6,14
28/08/2026 06:10;6,12
28/08/2026 06:15;6,11
28/08/2026 06:20;6,09
28/08/2026 06:25;6,08
28/08/2026 06:30;6,07
28/08/2026 06:35;6,06
28/08/2026 06:40;6,05
28/08/2026 06:45;6,04
28/08/2026 06:50;6,02
28/08/2026 06:55;6,02
28/08/2026 07:00;6,0
28/08/2026 07:05;6,0
28/08/2026 07:10;5,99
28/08/2026 07:15;5,98
28/08/2026 07:20;5,96
28/08/2026 07:25;5,96
28/08/2026 07:30;5,95
28/08/2026 07:35;5,94
28/08/2026 07:40;5,93
28/08/2026 07:45;5,93
28/08/2026 07:50;5,93
28/08/2026 07:55;5,92
28/08/2026 08:00;5,91
28/08/2026 08:05;5,91
28/08/2026 08:10;5,91
28/08/2026 08:15;5,91
28/08/2026 08:20;5,9
28/08/2026 08:25;5,9
28/08/2026 08:30;5,9
28/08/2026 08:35;5,89
28/08/2026 08:40;5,9
28/08/2026 08:45;5,89
28/08/2026 08:50;5,89
28/08/2026 08:55;5,89
28/08/2026 09:00;5,89
28/08/2026 09:05;5,89
28/08/2026 09:10;5,89
28/08/2026 09:15;5,89
28/08/2026 09:20;5,89
28/08/2026 09:25;5,9
28/08/2026 09:30;5,9
28/08/2026 09:35;5,9
28/08/2026 09:40;5,9
28/08/2026 09:45;5,91
28/08/2026 09:50;5,91
28/08/2026 09:55;5,91
28/08/2026 10:00;5,91
28/08/2026 10:05;5,92
28/08/2026 10:10;5,92
28/08/2026 10:15;5,93
28/08/2026 10:20;5,94
28/08/2026 10:25;5,94
28/08/2026 10:30;5,94
28/08/2026 10:35;5,95
28/08/2026 10:40;5,94
28/08/2026 10:45;5,95
28/08/2026 10:50;5,95
28/08/2026 10:55;5,96
28/08/2026 11:00;5,96
28/08/2026 11:05;5,96
28/08/2026 11:10;5,97
28/08/2026 11:15;5,97
28/08/2026 11:20;5,97
28/08/2026 11:25;5,96
28/08/2026 11:30;5,96
28/08/2026 11:35;5,96
28/08/2026 11:40;5,96
28/08/2026 11:45;5,97
28/08/2026 11:50;5,98
28/08/2026 11:55;5,98
28/08/2026 12:00;5,99
28/08/2026 12:05;5,99
28/08/2026 12:10;5,99
28/08/2026 12:15;6,0
28/08/2026 12:20;6,01
28/08/2026 12:25;6,01
28/08/2026 12:30;6,01
28/08/2026 12:35;6,02
28/08/2026 12:40;6,02
28/08/2026 12:45;6,02
28/08/2026 12:50;6,02
28/08/2026 12:55;6,03
28/08/2026 13:00;6,03
28/08/2026 13:05;6,04
28/08/2026 13:10;6,05
28/08/2026 13:15;6,05
28/08/2026 13:20;6,05
28/08/2026 13:25;6,06
28/08/2026 13:30;6,07
28/08/2026 13:35;6,08
28/08/2026 13:40;6,08
28/08/2026 13:45;6,09
28/08/2026 13:50;6,1
28/08/2026 13:55;6,11
28/08/2026 14:00;6,11
28/08/2026 14:05;6,12
28/08/2026 14:10;6,13
28/08/2026 14:15;6,14
28/08/2026 14:20;6,15
28/08/2026 14:25;6,16
28/08/2026 14:30;6,17
28/08/2026 14:35;6,18
28/08/2026 14:40;6,19
28/08/2026 14:45;6,2
28/08/2026 14:50;6,21
28/08/2026 14:55;6,22
28/08/2026 15:00;6,22
28/08/2026 15:05;6,24
28/08/2026 15:10;6,25
28/08/2026 15:15;6,27
28/08/2026 15:20;6,28
28/08/2026 15:25;6,29
28/08/2026 15:30;6,31
28/08/2026 15:35;6,31
28/08/2026 15:40;6,33
28/08/2026 15:45;6,35
28/08/2026 15:50;6,36
28/08/2026 15:55;6,38
28/08/2026 16:00;6,39
28/08/2026 16:05;6,41
28/08/2026 16:10;6,43
28/08/2026 16:15;6,45
28/08/2026 16:20;6,47
28/08/2026 16:25;6,49
28/08/2026 16:30;6,52
28/08/2026 16:35;6,55
28/08/2026 16:40;6,58
28/08/2026 16:45;6,6
28/08/2026 16:50;6,63
28/08/2026 16:55;6,66
28/08/2026 17:00;6,69
28/08/2026 17:05;6,72
28/08/2026 17:10;6,76
28/08/2026 17:15;6,79
28/08/2026 17:20;6,84
28/08/2026 17:25;6,87
28/08/2026 17:30;6,91
28/08/2026 17:35;6,94
28/08/2026 17:40;6,98
28/08/2026 17:45;7,01
28/08/2026 17:50;7,06
28/08/2026 17:55;7,09
28/08/2026 18:00;7,14
28/08/2026 18:05;7,16
28/08/2026 18:10;7,2
28/08/2026 18:15;7,23
28/08/2026 18:20;7,28
28/08/2026 18:25;7,31
28/08/2026 18:30;7,35
28/08/2026 18:35;7,37
28/08/2026 18:40;7,42
28/08/2026 18:45;7,45
28/08/2026 18:50;7,48
28/08/2026 18:55;7,51
28/08/2026 19:00;7,54
28/08/2026 19:05;7,57
28/08/2026 19:10;7,6
28/08/2026 19:15;7,62
28/08/2026 19:20;7,65
28/08/2026 19:25;7,67
28/08/2026 19:30;7,68
28/08/2026 19:35;7,7
28/08/2026 19:40;7,72
28/08/2026 19:45;7,72
28/08/2026 19:50;7,74
28/08/2026 19:55;7,75
28/08/2026 20:00;7,77
28/08/2026 20:05;7,78
28/08/2026 20:10;7,78
28/08/2026 20:15;7,79
28/08/2026 20:20;7,8
28/08/2026 20:25;7,8
28/08/2026 20:30;7,81
28/08/2026 20:35;7,81
28/08/2026 20:40;7,81
28/08/2026 20:45;7,82
28/08/2026 20:50;7,81
28/08/2026 20:55;7,81
28/08/2026 21:00;7,81
28/08/2026 21:05;7,81
28/08/2026 21:10;7,8
28/08/2026 21:15;7,81
28/08/2026 21:20;7,81
28/08/2026 21:25;7,8
28/08/2026 21:30;7,79
28/08/2026 21:35;7,79
28/08/2026 21:40;7,78
28/08/2026 21:45;7,76
28/08/2026 21:50;7,76
28/08/2026 21:55;7,74
28/08/2026 22:00;7,73
28/08/2026 22:05;7,73
28/08/2026 22:10;7,71
28/08/2026 22:15;7,7
28/08/2026 22:20;7,69
28/08/2026 22:25;7,67
28/08/2026 22:30;7,66
28/08/2026 22:35;7,65
28/08/2026 22:40;7,63
28/08/2026 22:45;
28/08/2026 22:50;7,6
28/08/2026 22:55;7,59
28/08/2026 23:00;7,57
28/08/2026 23:05;7,55
28/08/2026 23:10;7,53
28/08/2026 23:15;7,52
28/08/2026 23:20;7,49
28/08/2026 23:25;7,48
28/08/2026 23:30;7,46
28/08/2026 23:35;7,45
28/08/2026 23:40;7,42
28/08/2026 23:45;7,41
28/08/2026 23:50;7,38
28/08/2026 23:55;7,37
29/08/2026 00:00;7,35
29/08/2026 00:05;7,33
29/08/2026 00:10;7,32
29/08/2026 00:15;7,3
29/08/2026 00:20;7,28
29/08/2026 00:25;7,26
29/08/2026 00:30;7,24
29/08/2026 00:35;7,22
29/08/2026 00:40;7,2
29/08/2026 00:45;7,18
29/08/2026 00:50;7,16
29/08/2026 00:55;7,15
29/08/2026 01:00;7,12
29/08/2026 01:05;7,1
29/08/2026 01:10;7,08
29/08/2026 01:15;7,06
29/08/2026 01:20;7,04
29/08/2026 01:25;7,02
29/08/2026 01:30;6,99
29/08/2026 01:35;6,98
29/08/2026 01:40;6,95
29/08/2026 01:45;6,94
29/08/2026 01:50;6,91
29/08/2026 01:55;6,89
29/08/2026 02:00;6,87
29/08/2026 02:05;6,86
29/08/2026 02:10;6,83
29/08/2026 02:15;6,82
29/08/2026 02:20;6,79
29/08/2026 02:25;6,78
29/08/2026 02:30;6,75
29/08/2026 02:35;6,74
29/08/2026 02:40;6,71
29/08/2026 02:45;6,69
29/08/2026 02:50;6,67
29/08/2026 02:55;6,65
29/08/2026 03:00;6,63
29/08/2026 03:05;6,61
29/08/2026 03:10;6,58
29/08/2026 03:15;6,57
29/08/2026 03:20;6,54
29/08/2026 03:25;6,52
29/08/2026 03:30;6,5
29/08/2026 03:35;6,48
29/08/2026 03:40;6,45
29/08/2026 03:45;6,44
29/08/2026 03:50;6,41
29/08/2026 03:55;6,4
29/08/2026 04:00;6,37
29/08/2026 04:05;6,35
29/08/2026 04:10;6,32
29/08/2026 04:15;6,31
29/08/2026 04:20;6,29
29/08/2026 04:25;6,27
29/08/2026 04:30;6,24
29/08/2026 04:35;6,23
29/08/2026 04:40;6,21
29/08/2026 04:45;6,2
29/08/2026 04:50;6,18
29/08/2026 04:55;6,17
29/08/2026 05:00;6,15
29/08/2026 05:05;6,13
29/08/2026 05:10;6,11
29/08/2026 05:15;6,1
29/08/2026 05:20;6,09
29/08/2026 05:25;6,08
29/08/2026 05:30;6,06
29/08/2026 05:35;6,05
29/08/2026 05:40;6,03
29/08/2026 05:45;6,02
29/08/2026 05:50;6,01
29/08/2026 05:55;6,0
29/08/2026 06:00;5,98
29/08/2026 06:05;5,97
29/08/2026 06:10;5,96
29/08/2026 06:15;5,95
29/08/2026 06:20;5,93
29/08/2026 06:25;5,92
29/08/2026 06:30;5,91
29/08/2026 06:35;5,9
29/08/2026 06:40;5,88
29/08/2026 06:45;5,87
29/08/2026 06:50;5,86
29/08/2026 06:55;5,85
29/08/2026 07:00;5,84
29/08/2026 07:05;5,83
29/08/2026 07:10;5,82
29/08/2026 07:15;5,81
29/08/2026 07:20;5,8
29/08/2026 07:25;5,8
29/08/2026 07:30;5,79
29/08/2026 07:35;5,79
29/08/2026 07:40;5,78
29/08/2026 07:45;5,77
29/08/2026 07:50;5,77
29/08/2026 07:55;5,77
29/08/2026 08:00;5,76
29/08/2026 08:05;5,76
29/08/2026 08:10;5,75
29/08/2026 08:15;5,75
29/08/2026 08:20;5,76
29/08/2026 08:25;5,75
29/08/2026 08:30;5,75
29/08/2026 08:35;5,75
29/08/2026 08:40;5,75
29/08/2026 08:45;5,75
29/08/2026 08:50;5,75
29/08/2026 08:55;5,75
29/08/2026 09:00;5,75
29/08/2026 09:05;5,75
29/08/2026 09:10;5,76
29/08/2026 09:15;5,76
29/08/2026 09:20;5,76
29/08/2026 09:25;5,76
29/08/2026 09:30;5,76
29/08/2026 09:35;5,77
29/08/2026 09:40;5,77
29/08/2026 09:45;5,77
29/08/2026 09:50;5,78
29/08/2026 09:55;5,78
29/08/2026 10:00;5,78
29/08/2026 10:05;5,78
29/08/2026 10:10;5,79
29/08/2026 10:15;5,79
29/08/2026 10:20;5,8
29/08/2026 10:25;5,8
29/08/2026 10:30;5,8
29/08/2026 10:35;5,8
29/08/2026 10:40;5,8
29/08/2026 10:45;5,81
29/08/2026 10:50;5,8
29/08/2026 10:55;5,82
29/08/2026 11:00;5,82
29/08/2026 11:05;5,82
29/08/2026 11:10;5,83
29/08/2026 11:15;5,84
29/08/2026 11:20;5,84
29/08/2026 11:25;5,85
29/08/2026 11:30;5,86
29/08/2026 11:35;5,86
29/08/2026 11:40;5,88
29/08/2026 11:45;5,88
29/08/2026 11:50;5,89
29/08/2026 11:55;5,9
29/08/2026 12:00;5,91
29/08/2026 12:05;5,9
29/08/2026 12:10;5,91
29/08/2026 12:15;5,92
29/08/2026 12:20;5,93
29/08/2026 12:25;5,93
29/08/2026 12:30;5,93
29/08/2026 12:35;5,93
29/08/2026 12:40;5,94
29/08/2026 12:45;5,95
29/08/2026 12:50;5,95
29/08/2026 12:55;5,95
29/08/2026 13:00;5,96
29/08/2026 13:05;5,97
29/08/2026 13:10;5,97
29/08/2026 13:15;5,98
29/08/2026 13:20;5,99
29/08/2026 13:25;6,0
29/08/2026 13:30;6,01
29/08/2026 13:35;6,01
29/08/2026 13:40;6,03
29/08/2026 13:45;6,03
29/08/2026 13:50;6,05
29/08/2026 13:55;6,06
29/08/2026 14:00;6,07
29/08/2026 14:05;6,07
29/08/2026 14:10;6,08
29/08/2026 14:15;6,1
29/08/2026 14:20;6,09
29/08/2026 14:25;6,11
29/08/2026 14:30;6,11
29/08/2026 14:35;6,12
29/08/2026 14:40;6,13
29/08/2026 14:45;6,14
29/08/2026 14:50;6,15
29/08/2026 14:55;6,16
29/08/2026 15:00;6,17
29/08/2026 15:05;6,17
29/08/2026 15:10;6,18
29/08/2026 15:15;6,19
29/08/2026 15:20;6,2
29/08/2026 15:25;6,21
29/08/2026 15:30;6,21
29/08/2026 15:35;6,21
29/08/2026 15:40;6,23
29/08/2026 15:45;6,24
29/08/2026 15:50;6,26
29/08/2026 15:55;6,27
29/08/2026 16:00;6,29
29/08/2026 16:05;6,3
29/08/2026 16:10;6,32
29/08/2026 16:15;6,34
29/08/2026 16:20;6,36
29/08/2026 16:25;6,38
29/08/2026 16:30;6,4
29/08/2026 16:35;6,43
29/08/2026 16:40;6,45
29/08/2026 16:45;6,48
29/08/2026 16:50;6,5
29/08/2026 16:55;6,53
29/08/2026 17:00;6,56
29/08/2026 17:05;6,57
29/08/2026 17:10;6,62
29/08/2026 17:15;6,65
29/08/2026 17:20;6,69
29/08/2026 17:25;6,71
29/08/2026 17:30;6,74
29/08/2026 17:35;6,76
29/08/2026 17:40;6,81
29/08/2026 17:45;6,83
29/08/2026 17:50;6,88
29/08/2026 17:55;6,9
29/08/2026 18:00;6,94
29/08/2026 18:05;6,97
29/08/2026 18:10;7,0
29/08/2026 18:15;7,03
29/08/2026 18:20;7,06
29/08/2026 18:25;7,09
29/08/2026 18:30;7,12
29/08/2026 18:35;7,15
29/08/2026 18:40;7,19
29/08/2026 18:45;7,22
29/08/2026 18:50;7,25
29/08/2026 18:55;7,28
29/08/2026 19:00;7,32
29/08/2026 19:05;7,34
29/08/2026 19:10;7,36
29/08/2026 19:15;7,4
29/08/2026 19:20;7,43
29/08/2026 19:25;7,45
29/08/2026 19:30;7,48
29/08/2026 19:35;7,5
29/08/2026 19:40;7,53
29/08/2026 19:45;7,55
29/08/2026 19:50;7,56
29/08/2026 19:55;7,58
29/08/2026 20:00;7,59
29/08/2026 20:05;7,6
29/08/2026 20:10;7,62
29/08/2026 20:15;7,64
29/08/2026 20:20;7,65
29/08/2026 20:25;7,66
29/08/2026 20:30;7,67
29/08/2026 20:35;7,69
29/08/2026 20:40;7,69
29/08/2026 20:45;7,7
29/08/2026 20:50;7,7
29/08/2026 20:55;7,72
29/08/2026 21:00;7,71
29/08/2026 21:05;7,72
29/08/2026 21:10;7,71
29/08/2026 21:15;7,71
29/08/2026 21:20;7,71
29/08/2026 21:25;7,71
29/08/2026 21:30;7,7
29/08/2026 21:35;7,7
29/08/2026 21:40;7,69
29/08/2026 21:45;7,68
29/08/2026 21:50;7,67
29/08/2026 21:55;7,66
29/08/2026 22:00;7,65
29/08/2026 22:05;7,64
29/08/2026 22:10;7,62
29/08/2026 22:15;7,61
29/08/2026 22:20;7,6
29/08/2026 22:25;7,58
29/08/2026 22:30;7,57
29/08/2026 22:35;7,56
29/08/2026 22:40;7,54
29/08/2026 22:45;7,53
29/08/2026 22:50;7,51
29/08/2026 22:55;7,5
29/08/2026 23:00;7,48
29/08/2026 23:05;7,47
29/08/2026 23:10;7,45
29/08/2026 23:15;7,44
29/08/2026 23:20;7,42
29/08/2026 23:25;7,41
29/08/2026 23:30;7,38
29/08/2026 23:35;7,37
29/08/2026 23:40;7,35
29/08/2026 23:45;7,34
29/08/2026 23:50;7,32
29/08/2026 23:55;7,3
30/08/2026 00:00;7,28
30/08/2026 00:05;7,26
30/08/2026 00:10;7,23
30/08/2026 00:15;7,21
30/08/2026 00:20;7,19
30/08/2026 00:25;7,17
30/08/2026 00:30;7,14
30/08/2026 00:35;7,13
30/08/2026 00:40;7,1
30/08/2026 00:45;7,08
30/08/2026 00:50;7,05
30/08/2026 00:55;7,03
30/08/2026 01:00;7,01
30/08/2026 01:05;6,99
30/08/2026 01:10;6,96
30/08/2026 01:15;6,94
30/08/2026 01:20;6,92
30/08/2026 01:25;6,9
30/08/2026 01:30;6,88
30/08/2026 01:35;6,85
30/08/2026 01:40;6,83
30/08/2026 01:45;6,81
30/08/2026 01:50;6,78
30/08/2026 01:55;6,77
30/08/2026 02:00;6,74
30/08/2026 02:05;6,73
30/08/2026 02:10;6,7
30/08/2026 02:15;6,68
30/08/2026 02:20;6,66
30/08/2026 02:25;6,63
30/08/2026 02:30;6,61
30/08/2026 02:35;6,59
30/08/2026 02:40;6,57
30/08/2026 02:45;6,55
30/08/2026 02:50;6,51
30/08/2026 02:55;6,5
30/08/2026 03:00;6,47
30/08/2026 03:05;6,45
30/08/2026 03:10;6,42
30/08/2026 03:15;6,4
30/08/2026 03:20;6,37
30/08/2026 03:25;6,35
30/08/2026 03:30;6,32
30/08/2026 03:35;6,3
30/08/2026 03:40;6,27
30/08/2026 03:45;6,25
30/08/2026 03:50;6,23
30/08/2026 03:55;6,21
30/08/2026 04:00;6,18
30/08/2026 04:05;6,17
30/08/2026 04:10;6,14
30/08/2026 04:15;6,13
30/08/2026 04:20;6,1
30/08/2026 04:25;6,08
30/08/2026 04:30;6,06
30/08/2026 04:35;6,05
30/08/2026 04:40;6,03
30/08/2026 04:45;6,02
30/08/2026 04:50;6,0
30/08/2026 04:55;5,99
30/08/2026 05:00;5,97
30/08/2026 05:05;5,96
30/08/2026 05:10;5,94
30/08/2026 05:15;5,93
30/08/2026 05:20;5,91
30/08/2026 05:25;5,9
30/08/2026 05:30;5,88
30/08/2026 05:35;5,88
30/08/2026 05:40;5,86
30/08/2026 05:45;5,85
30/08/2026 05:50;5,83
30/08/2026 05:55;5,82
30/08/2026 06:00;5,81
30/08/2026 06:05;5,8
30/08/2026 06:10;5,78
30/08/2026 06:15;5,78
30/08/2026 06:20;5,77
30/08/2026 06:25;5,76
30/08/2026 06:30;5,74
30/08/2026 06:35;5,74
30/08/2026 06:40;5,72
30/08/2026 06:45;5,71
30/08/2026 06:50;5,7
30/08/2026 06:55;5,7
30/08/2026 07:00;5,68
30/08/2026 07:05;5,68
30/08/2026 07:10;5,67
30/08/2026 07:15;5,67
30/08/2026 07:20;5,65
30/08/2026 07:25;5,65
30/08/2026 07:30;5,65
30/08/2026 07:35;5,65
30/08/2026 07:40;5,63
30/08/2026 07:45;5,63
30/08/2026 07:50;5,62
30/08/2026 07:55;5,62
30/08/2026 08:00;5,62
30/08/2026 08:05;5,62
30/08/2026 08:10;5,61
30/08/2026 08:15;5,61
30/08/2026 08:20;5,61
30/08/2026 08:25;5,61
30/08/2026 08:30;5,61
30/08/2026 08:35;5,61
30/08/2026 08:40;5,61
30/08/2026 08:45;5,62
30/08/2026 08:50;5,62
30/08/2026 08:55;5,63
30/08/2026 09:00;5,63
30/08/2026 09:05;5,63
30/08/2026 09:10;5,63
30/08/2026 09:15;5,64
30/08/2026 09:20;5,64
30/08/2026 09:25;5,65
30/08/2026 09:30;5,65
30/08/2026 09:35;5,66
30/08/2026 09:40;5,67
30/08/2026 09:45;5,67
30/08/2026 09:50;5,68
30/08/2026 09:55;5,68
30/08/2026 10:00;5,7
30/08/2026 10:05;5,7
30/08/2026 10:10;5,71
30/08/2026 10:15;5,72
30/08/2026 10:20;5,73
30/08/2026 10:25;5,73
30/08/2026 10:30;5,74
30/08/2026 10:35;5,74
30/08/2026 10:40;5,75
30/08/2026 10:45;5,75
30/08/2026 10:50;5,76
30/08/2026 10:55;5,76
30/08/2026 11:00;5,77
30/08/2026 11:05;5,78
30/08/2026 11:10;5,78
30/08/2026 11:15;5,79
30/08/2026 11:20;5,79
30/08/2026 11:25;5,79
30/08/2026 11:30;5,8
30/08/2026 11:35;5,8
30/08/2026 11:40;5,8
30/08/2026 11:45;5,8
30/08/2026 11:50;5,81
30/08/2026 11:55;5,82
30/08/2026 12:00;5,83
30/08/2026 12:05;5,84
30/08/2026 12:10;5,85
30/08/2026 12:15;5,86
30/08/2026 12:20;5,86
30/08/2026 12:25;5,87
30/08/2026 12:30;5,88
30/08/2026 12:35;5,89
30/08/2026 12:40;5,9
30/08/2026 12:45;5,9
30/08/2026 12:50;5,91
30/08/2026 12:55;5,91
30/08/2026 13:00;5,93
30/08/2026 13:05;5,93
30/08/2026 13:10;5,94
30/08/2026 13:15;5,94
30/08/2026 13:20;5,95
30/08/2026 13:25;5,96
30/08/2026 13:30;5,96
30/08/2026 13:35;5,98
30/08/2026 13:40;5,99
30/08/2026 13:45;5,99
30/08/2026 13:50;6,0
30/08/2026 13:55;6,01
30/08/2026 14:00;6,03
30/08/2026 14:05;6,04
30/08/2026 14:10;6,05
30/08/2026 14:15;6,06
30/08/2026 14:20;6,08
30/08/2026 14:25;6,09
30/08/2026 14:30;6,09
30/08/2026 14:35;6,1
30/08/2026 14:40;6,11
30/08/2026 14:45;6,12
30/08/2026 14:50;6,13
30/08/2026 14:55;6,14
30/08/2026 15:00;6,16
30/08/2026 15:05;6,16
30/08/2026 15:10;6,17
30/08/2026 15:15;6,19
30/08/2026 15:20;6,2
30/08/2026 15:25;6,21
30/08/2026 15:30;6,2
30/08/2026 15:35;6,27
30/08/2026 15:40;6,37
30/08/2026 15:45;6,36
30/08/2026 15:50;6,38
30/08/2026 15:55;6,4
30/08/2026 16:00;6,43
30/08/2026 16:05;6,45
30/08/2026 16:10;6,49
30/08/2026 16:15;6,55
30/08/2026 16:20;6,62
30/08/2026 16:25;6,66
30/08/2026 16:30;6,68
30/08/2026 16:35;6,7
30/08/2026 16:40;6,72
30/08/2026 16:45;6,72
30/08/2026 16:50;6,74
30/08/2026 16:55;6,75
30/08/2026 17:00;6,77
30/08/2026 17:05;6,79
30/08/2026 17:10;6,8
30/08/2026 17:15;6,82
30/08/2026 17:20;6,82
30/08/2026 17:25;6,83
30/08/2026 17:30;6,85
30/08/2026 17:35;6,85
30/08/2026 17:40;6,88
30/08/2026 17:45;6,9
30/08/2026 17:50;6,93
30/08/2026 17:55;6,94
30/08/2026 18:00;6,98
30/08/2026 18:05;7,0
30/08/2026 18:10;7,03
30/08/2026 18:15;7,05
30/08/2026 18:20;7,09
30/08/2026 18:25;7,11
30/08/2026 18:30;7,14
30/08/2026 18:35;7,16
30/08/2026 18:40;7,18
30/08/2026 18:45;7,2
30/08/2026 18:50;7,22
30/08/2026 18:55;7,24
30/08/2026 19:00;7,25
30/08/2026 19:05;7,27
30/08/2026 19:10;7,28
30/08/2026 19:15;7,29
30/08/2026 19:20;7,29
30/08/2026 19:25;7,3
30/08/2026 19:30;7,31
30/08/2026 19:35;7,3
30/08/2026 19:40;7,3
30/08/2026 19:45;7,3
30/08/2026 19:50;7,3
30/08/2026 19:55;7,3
30/08/2026 20:00;7,29
30/08/2026 20:05;7,3
30/08/2026 20:10;7,29
30/08/2026 20:15;7,29
30/08/2026 20:20;7,28
30/08/2026 20:25;7,28
30/08/2026 20:30;7,28
30/08/2026 20:35;7,27
30/08/2026 20:40;7,26
30/08/2026 20:45;7,26
30/08/2026 20:50;7,24
30/08/2026 20:55;7,24
30/08/2026 21:00;7,22
30/08/2026 21:05;7,22
30/08/2026 21:10;7,2
30/08/2026 21:15;7,19
30/08/2026 21:20;7,17
30/08/2026 21:25;7,15
30/08/2026 21:30;7,13
30/08/2026 21:35;7,11
30/08/2026 21:40;7,09
30/08/2026 21:45;7,08
30/08/2026 21:50;7,05
30/08/2026 21:55;7,03
30/08/2026 22:00;7,0
30/08/2026 22:05;6,98
30/08/2026 22:10;6,95
30/08/2026 22:15;6,93
30/08/2026 22:20;6,89
30/08/2026 22:25;6,86
30/08/2026 22:30;6,82
30/08/2026 22:35;6,8
30/08/2026 22:40;6,74
30/08/2026 22:45;6,72
30/08/2026 22:50;6,67
30/08/2026 22:55;6,63
30/08/2026 23:00;6,58
30/08/2026 23:05;6,55
30/08/2026 23:10;6,5
30/08/2026 23:15;6,45
30/08/2026 23:20;6,4
30/08/2026 23:25;6,36
30/08/2026 23:30;6,31
30/08/2026 23:35;6,27
30/08/2026 23:40;6,22
30/08/2026 23:45;6,18
30/08/2026 23:50;6,13
30/08/2026 23:55;6,1
31/08/2026 00:00;6,05
