Entidade responsável: CETESB | Dados validados até 22/08/2026 09:00
Data hora;pH
01/06/2026 00:00;6,08
01/06/2026 00:05;6,03
01/06/2026 00:10;6,13
01/06/2026 00:15;6,03
01/06/2026 00:20;6,09
01/06/2026 00:25;5,98
01/06/2026 00:30;
01/06/2026 00:35;6,17
01/06/2026 00:40;6,14
01/06/2026 00:45;
01/06/2026 00:50;6,1
01/06/2026 00:55;5,98
01/06/2026 01:00;6,15
01/06/2026 01:05;
01/06/2026 01:10;6,03
01/06/2026 01:15;
01/06/2026 01:20;6,15
01/06/2026 01:25;
01/06/2026 01:30;6,08
01/06/2026 01:35;
01/06/2026 01:40;6,15
01/06/2026 01:45;
01/06/2026 01:50;
01/06/2026 01:55;
01/06/2026 02:00;6,07
01/06/2026 02:05;6,04
01/06/2026 02:10;6,06
01/06/2026 02:15;6,07
01/06/2026 02:20;6,15
01/06/2026 02:25;6,16
01/06/2026 02:30;6,05
01/06/2026 02:35;6,13
01/06/2026 02:40;
01/06/2026 02:45;
01/06/2026 02:50;6,12
01/06/2026 02:55;6,12
01/06/2026 03:00;6,04
01/06/2026 03:05;
01/06/2026 03:10;
01/06/2026 03:15;
01/06/2026 03:20;
01/06/2026 03:25;
01/06/2026 03:30;
01/06/2026 03:35;6,13
01/06/2026 03:40;
01/06/2026 03:45;6,04
01/06/2026 03:50;
01/06/2026 03:55;
01/06/2026 04:00;
01/06/2026 04:05;6,11
01/06/2026 04:10;6,12
01/06/2026 04:15;
01/06/2026 04:20;6,12
01/06/2026 04:25;
01/06/2026 04:30;6,15
01/06/2026 04:35;
01/06/2026 04:40;
01/06/2026 04:45;
01/06/2026 04:50;6,1
01/06/2026 04:55;
01/06/2026 05:00;
01/06/2026 05:05;
01/06/2026 05:10;
01/06/2026 05:15;
01/06/2026 05:20;6,1
01/06/2026 05:25;6,15
01/06/2026 05:30;
01/06/2026 05:35;
01/06/2026 05:40;
01/06/2026 05:45;
01/06/2026 05:50;6,12
01/06/2026 05:55;
01/06/2026 06:00;
01/06/2026 06:05;
01/06/2026 06:10;6,13
01/06/2026 06:15;
01/06/2026 06:20;6,16
01/06/2026 06:25;6,06
01/06/2026 06:30;6,12
01/06/2026 06:35;
01/06/2026 06:40;
01/06/2026 06:45;
01/06/2026 06:50;6,1
01/06/2026 06:55;
01/06/2026 07:00;6,13
01/06/2026 07:05;6,16
01/06/2026 07:10;
01/06/2026 07:15;6,16
01/06/2026 07:20;6,08
01/06/2026 07:25;
01/06/2026 07:30;
01/06/2026 07:35;6,17
01/06/2026 07:40;6,07
01/06/2026 07:45;
01/06/2026 07:50;6,15
01/06/2026 07:55;
01/06/2026 08:00;
01/06/2026 08:05;6,09
01/06/2026 08:10;6,04
01/06/2026 08:15;
01/06/2026 08:20;
01/06/2026 08:25;6,12
01/06/2026 08:30;
01/06/2026 08:35;
01/06/2026 08:40;
01/06/2026 08:45;6,04
01/06/2026 08:50;
01/06/2026 08:55;
01/06/2026 09:00;6,16
01/06/2026 09:05;6,12
01/06/2026 09:10;
01/06/2026 09:15;6,04
01/06/2026 09:20;
01/06/2026 09:25;6,1
01/06/2026 09:30;
01/06/2026 09:35;
01/06/2026 09:40;6,08
01/06/2026 09:45;
01/06/2026 09:50;
01/06/2026 09:55;
01/06/2026 10:00;6,05
01/06/2026 10:05;5,97
01/06/2026 10:10;
01/06/2026 10:15;
01/06/2026 10:20;5,98
01/06/2026 10:25;5,99
01/06/2026 10:30;
01/06/2026 10:35;6,03
01/06/2026 10:40;
01/06/2026 10:45;
01/06/2026 10:50;6,0
01/06/2026 10:55;5,99
01/06/2026 11:00;
01/06/2026 11:05;
01/06/2026 11:10;6,01
01/06/2026 11:15;
01/06/2026 11:20;
01/06/2026 11:25;6,01
01/06/2026 11:30;
01/06/2026 11:35;
01/06/2026 11:40;
01/06/2026 11:45;
01/06/2026 11:50;
01/06/2026 11:55;6,02
01/06/2026 12:00;
01/06/2026 12:05;
01/06/2026 12:10;
01/06/2026 12:15;6,08
01/06/2026 12:20;
01/06/2026 12:25;
01/06/2026 12:30;
01/06/2026 12:35;
01/06/2026 12:40;
01/06/2026 12:45;6,06
01/06/2026 12:50;
01/06/2026 12:55;6,0
01/06/2026 13:00;
01/06/2026 13:05;6,03
01/06/2026 13:10;
01/06/2026 13:15;
01/06/2026 13:20;6,03
01/06/2026 13:25;
01/06/2026 13:30;5,99
01/06/2026 13:35;5,98
01/06/2026 13:40;
01/06/2026 13:45;
01/06/2026 13:50;
01/06/2026 13:55;
01/06/2026 14:00;
01/06/2026 14:05;6,09
01/06/2026 14:10;5,97
01/06/2026 14:15;
01/06/2026 14:20;
01/06/2026 14:25;
01/06/2026 14:30;
01/06/2026 14:35;6,05
01/06/2026 14:40;6,03
01/06/2026 14:45;6,05
01/06/2026 14:50;5,99
01/06/2026 14:55;6,03
01/06/2026 15:00;
01/06/2026 15:05;6,04
01/06/2026 15:10;6,08
01/06/2026 15:15;
01/06/2026 15:20;6,07
01/06/2026 15:25;
01/06/2026 15:30;6,07
01/06/2026 15:35;
01/06/2026 15:40;
01/06/2026 15:45;
01/06/2026 15:50;6,01
01/06/2026 15:55;
01/06/2026 16:00;
01/06/2026 16:05;
01/06/2026 16:10;
01/06/2026 16:15;6,11
01/06/2026 16:20;
01/06/2026 16:25;
01/06/2026 16:30;6,06
01/06/2026 16:35;
01/06/2026 16:40;
01/06/2026 16:45;
01/06/2026 16:50;
01/06/2026 16:55;6,04
01/06/2026 17:00;6,07
01/06/2026 17:05;
01/06/2026 17:10;6,07
01/06/2026 17:15;
01/06/2026 17:20;6,07
01/06/2026 17:25;
01/06/2026 17:30;
01/06/2026 17:35;6,02
01/06/2026 17:40;6,11
01/06/2026 17:45;6,01
01/06/2026 17:50;
01/06/2026 17:55;6,08
01/06/2026 18:00;
01/06/2026 18:05;6,01
01/06/2026 18:10;6,01
01/06/2026 18:15;
01/06/2026 18:20;
01/06/2026 18:25;6,0
01/06/2026 18:30;6,04
01/06/2026 18:35;6,03
01/06/2026 18:40;6,07
01/06/2026 18:45;5,98
01/06/2026 18:50;
01/06/2026 18:55;
01/06/2026 19:00;6,01
01/06/2026 19:05;6,08
01/06/2026 19:10;
01/06/2026 19:15;6,07
01/06/2026 19:20;
01/06/2026 19:25;
01/06/2026 19:30;
01/06/2026 19:35;6,04
01/06/2026 19:40;
01/06/2026 19:45;
01/06/2026 19:50;6,0
01/06/2026 19:55;6,02
01/06/2026 20:00;
01/06/2026 20:05;5,97
01/06/2026 20:10;
01/06/2026 20:15;6,05
01/06/2026 20:20;
01/06/2026 20:25;
01/06/2026 20:30;6,03
01/06/2026 20:35;
01/06/2026 20:40;
01/06/2026 20:45;6,04
01/06/2026 20:50;
01/06/2026 20:55;
01/06/2026 21:00;
01/06/2026 21:05;
01/06/2026 21:10;
01/06/2026 21:15;6,08
01/06/2026 21:20;6,1
01/06/2026 21:25;
01/06/2026 21:30;6,1
01/06/2026 21:35;6,04
01/06/2026 21:40;
01/06/2026 21:45;
01/06/2026 21:50;
01/06/2026 21:55;6,02
01/06/2026 22:00;
01/06/2026 22:05;
01/06/2026 22:10;
01/06/2026 22:15;
01/06/2026 22:20;
01/06/2026 22:25;6,09
01/06/2026 22:30;5,98
01/06/2026 22:35;
01/06/2026 22:40;
01/06/2026 22:45;6,07
01/06/2026 22:50;
01/06/2026 22:55;6,12
01/06/2026 23:00;6,15
01/06/2026 23:05;
01/06/2026 23:10;6,09
01/06/2026 23:15;
01/06/2026 23:20;
01/06/2026 23:25;
01/06/2026 23:30;
01/06/2026 23:35;
01/06/2026 23:40;5,98
01/06/2026 23:45;6,09
01/06/2026 23:50;
01/06/2026 23:55;6,1
02/06/2026 00:00;6,1
02/06/2026 00:05;5,98
02/06/2026 00:10;
02/06/2026 00:15;
02/06/2026 00:20;
02/06/2026 00:25;
02/06/2026 00:30;6,03
02/06/2026 00:35;6,07
02/06/2026 00:40;5,98
02/06/2026 00:45;
02/06/2026 00:50;6,02
02/06/2026 00:55;
02/06/2026 01:00;
02/06/2026 01:05;6,12
02/06/2026 01:10;6,0
02/06/2026 01:15;6,02
02/06/2026 01:20;
02/06/2026 01:25;
02/06/2026 01:30;6,0
02/06/2026 01:35;
02/06/2026 01:40;6,1
02/06/2026 01:45;
02/06/2026 01:50;5,97
02/06/2026 01:55;6,09
02/06/2026 02:00;
02/06/2026 02:05;
02/06/2026 02:10;5,97
02/06/2026 02:15;
02/06/2026 02:20;
02/06/2026 02:25;
02/06/2026 02:30;6,06
02/06/2026 02:35;
02/06/2026 02:40;6,1
02/06/2026 02:45;5,97
02/06/2026 02:50;
02/06/2026 02:55;6,1
02/06/2026 03:00;
02/06/2026 03:05;5,97
02/06/2026 03:10;
02/06/2026 03:15;
02/06/2026 03:20;6,11
02/06/2026 03:25;6,11
02/06/2026 03:30;6,03
02/06/2026 03:35;6,01
02/06/2026 03:40;6,07
02/06/2026 03:45;6,12
02/06/2026 03:50;
02/06/2026 03:55;
02/06/2026 04:00;
02/06/2026 04:05;6,01
02/06/2026 04:10;6,06
02/06/2026 04:15;
02/06/2026 04:20;
02/06/2026 04:25;
02/06/2026 04:30;6,06
02/06/2026 04:35;
02/06/2026 04:40;
02/06/2026 04:45;6,08
02/06/2026 04:50;
02/06/2026 04:55;
02/06/2026 05:00;
02/06/2026 05:05;
02/06/2026 05:10;6,13
02/06/2026 05:15;
02/06/2026 05:20;6,09
02/06/2026 05:25;5,97
02/06/2026 05:30;
02/06/2026 05:35;
02/06/2026 05:40;
02/06/2026 05:45;
02/06/2026 05:50;6,09
02/06/2026 05:55;
02/06/2026 06:00;
02/06/2026 06:05;6,08
02/06/2026 06:10;
02/06/2026 06:15;6,12
02/06/2026 06:20;6,08
02/06/2026 06:25;6,04
02/06/2026 06:30;
02/06/2026 06:35;6,09
02/06/2026 06:40;6,09
02/06/2026 06:45;6,07
02/06/2026 06:50;6,12
02/06/2026 06:55;
02/06/2026 07:00;
02/06/2026 07:05;
02/06/2026 07:10;6,05
02/06/2026 07:15;6,02
02/06/2026 07:20;
02/06/2026 07:25;
02/06/2026 07:30;6,04
02/06/2026 07:35;
02/06/2026 07:40;6,1
02/06/2026 07:45;6,03
02/06/2026 07:50;
02/06/2026 07:55;5,97
02/06/2026 08:00;6,08
02/06/2026 08:05;
02/06/2026 08:10;
02/06/2026 08:15;
02/06/2026 08:20;6,05
02/06/2026 08:25;
02/06/2026 08:30;
02/06/2026 08:35;
02/06/2026 08:40;6,02
02/06/2026 08:45;
02/06/2026 08:50;
02/06/2026 08:55;6,04
02/06/2026 09:00;
02/06/2026 09:05;
02/06/2026 09:10;
02/06/2026 09:15;6,05
02/06/2026 09:20;
02/06/2026 09:25;
02/06/2026 09:30;6,1
02/06/2026 09:35;
02/06/2026 09:40;6,06
02/06/2026 09:45;
02/06/2026 09:50;
02/06/2026 09:55;
02/06/2026 10:00;6,04
02/06/2026 10:05;
02/06/2026 10:10;
02/06/2026 10:15;6,05
02/06/2026 10:20;
02/06/2026 10:25;
02/06/2026 10:30;6,1
02/06/2026 10:35;
02/06/2026 10:40;
02/06/2026 10:45;6,01
02/06/2026 10:50;
02/06/2026 10:55;
02/06/2026 11:00;
02/06/2026 11:05;6,06
02/06/2026 11:10;6,1
02/06/2026 11:15;6,04
02/06/2026 11:20;
02/06/2026 11:25;6,08
02/06/2026 11:30;
02/06/2026 11:35;
02/06/2026 11:40;
02/06/2026 11:45;6,08
02/06/2026 11:50;
02/06/2026 11:55;
02/06/2026 12:00;
02/06/2026 12:05;6,04
02/06/2026 12:10;6,09
02/06/2026 12:15;5,99
02/06/2026 12:20;
02/06/2026 12:25;
02/06/2026 12:30;6,11
02/06/2026 12:35;6,08
02/06/2026 12:40;
02/06/2026 12:45;
02/06/2026 12:50;
02/06/2026 12:55;
02/06/2026 13:00;6,09
02/06/2026 13:05;
02/06/2026 13:10;5,97
02/06/2026 13:15;
02/06/2026 13:20;
02/06/2026 13:25;
02/06/2026 13:30;
02/06/2026 13:35;
02/06/2026 13:40;
02/06/2026 13:45;6,08
02/06/2026 13:50;
02/06/2026 13:55;
02/06/2026 14:00;6,05
02/06/2026 14:05;
02/06/2026 14:10;
02/06/2026 14:15;6,1
02/06/2026 14:20;
02/06/2026 14:25;
02/06/2026 14:30;6,08
02/06/2026 14:35;
02/06/2026 14:40;
02/06/2026 14:45;
02/06/2026 14:50;
02/06/2026 14:55;5,98
02/06/2026 15:00;6,12
02/06/2026 15:05;6,05
02/06/2026 15:10;
02/06/2026 15:15;
02/06/2026 15:20;6,1
02/06/2026 15:25;
02/06/2026 15:30;
02/06/2026 15:35;5,97
02/06/2026 15:40;6,08
02/06/2026 15:45;
02/06/2026 15:50;
02/06/2026 15:55;
02/06/2026 16:00;6,08
02/06/2026 16:05;
02/06/2026 16:10;
02/06/2026 16:15;
02/06/2026 16:20;
02/06/2026 16:25;
02/06/2026 16:30;6,02
02/06/2026 16:35;
02/06/2026 16:40;
02/06/2026 16:45;5,99
02/06/2026 16:50;
02/06/2026 16:55;6,01
02/06/2026 17:00;
02/06/2026 17:05;6,11
02/06/2026 17:10;
02/06/2026 17:15;
02/06/2026 17:20;6,04
02/06/2026 17:25;6,1
02/06/2026 17:30;6,0
02/06/2026 17:35;
02/06/2026 17:40;6,0
02/06/2026 17:45;6,02
02/06/2026 17:50;
02/06/2026 17:55;
02/06/2026 18:00;6,14
02/06/2026 18:05;6,09
02/06/2026 18:10;
02/06/2026 18:15;6,07
02/06/2026 18:20;
02/06/2026 18:25;
02/06/2026 18:30;
02/06/2026 18:35;6,06
02/06/2026 18:40;
02/06/2026 18:45;
02/06/2026 18:50;
02/06/2026 18:55;
02/06/2026 19:00;6,04
02/06/2026 19:05;6,13
02/06/2026 19:10;
02/06/2026 19:15;
02/06/2026 19:20;
02/06/2026 19:25;6,15
02/06/2026 19:30;
02/06/2026 19:35;
02/06/2026 19:40;6,02
02/06/2026 19:45;
02/06/2026 19:50;6,13
02/06/2026 19:55;
02/06/2026 20:00;
02/06/2026 20:05;
02/06/2026 20:10;
02/06/2026 20:15;
02/06/2026 20:20;6,14
02/06/2026 20:25;
02/06/2026 20:30;
02/06/2026 20:35;
02/06/2026 20:40;
02/06/2026 20:45;
02/06/2026 20:50;
02/06/2026 20:55;6,02
02/06/2026 21:00;
02/06/2026 21:05;6,06
02/06/2026 21:10;
02/06/2026 21:15;6,12
02/06/2026 21:20;6,04
02/06/2026 21:25;6,13
02/06/2026 21:30;
02/06/2026 21:35;5,97
02/06/2026 21:40;
02/06/2026 21:45;
02/06/2026 21:50;6,05
02/06/2026 21:55;
02/06/2026 22:00;
02/06/2026 22:05;6,03
02/06/2026 22:10;6,05
02/06/2026 22:15;6,16
02/06/2026 22:20;6,15
02/06/2026 22:25;6,14
02/06/2026 22:30;
02/06/2026 22:35;6,08
02/06/2026 22:40;
02/06/2026 22:45;
02/06/2026 22:50;
02/06/2026 22:55;
02/06/2026 23:00;
02/06/2026 23:05;6,04
02/06/2026 23:10;
02/06/2026 23:15;
02/06/2026 23:20;
02/06/2026 23:25;
02/06/2026 23:30;6,09
02/06/2026 23:35;6,13
02/06/2026 23:40;
02/06/2026 23:45;
02/06/2026 23:50;6,06
02/06/2026 23:55;6,12
03/06/2026 00:00;
03/06/2026 00:05;6,11
03/06/2026 00:10;
03/06/2026 00:15;
03/06/2026 00:20;6,11
03/06/2026 00:25;
03/06/2026 00:30;6,08
03/06/2026 00:35;6,09
03/06/2026 00:40;6,0
03/06/2026 00:45;6,01
03/06/2026 00:50;6,01
03/06/2026 00:55;
03/06/2026 01:00;5,99
03/06/2026 01:05;
03/06/2026 01:10;
03/06/2026 01:15;
03/06/2026 01:20;6,03
03/06/2026 01:25;6,03
03/06/2026 01:30;
03/06/2026 01:35;6,04
03/06/2026 01:40;
03/06/2026 01:45;6,01
03/06/2026 01:50;
03/06/2026 01:55;
03/06/2026 02:00;6,02
03/06/2026 02:05;6,09
03/06/2026 02:10;
03/06/2026 02:15;6,11
03/06/2026 02:20;
03/06/2026 02:25;
03/06/2026 02:30;6,06
03/06/2026 02:35;6,09
03/06/2026 02:40;6,11
03/06/2026 02:45;6,04
03/06/2026 02:50;
03/06/2026 02:55;6,1
03/06/2026 03:00;
03/06/2026 03:05;6,03
03/06/2026 03:10;
03/06/2026 03:15;
03/06/2026 03:20;6,05
03/06/2026 03:25;6,09
03/06/2026 03:30;5,99
03/06/2026 03:35;6,08
03/06/2026 03:40;
03/06/2026 03:45;6,07
03/06/2026 03:50;
03/06/2026 03:55;6,01
03/06/2026 04:00;6,05
03/06/2026 04:05;6,09
03/06/2026 04:10;6,02
03/06/2026 04:15;6,02
03/06/2026 04:20;
03/06/2026 04:25;
03/06/2026 04:30;
03/06/2026 04:35;6,05
03/06/2026 04:40;
03/06/2026 04:45;
03/06/2026 04:50;
03/06/2026 04:55;6,05
03/06/2026 05:00;
03/06/2026 05:05;
03/06/2026 05:10;
03/06/2026 05:15;6,08
03/06/2026 05:20;
03/06/2026 05:25;6,01
03/06/2026 05:30;6,11
03/06/2026 05:35;6,02
03/06/2026 05:40;6,0
03/06/2026 05:45;6,08
03/06/2026 05:50;
03/06/2026 05:55;
03/06/2026 06:00;6,12
03/06/2026 06:05;6,05
03/06/2026 06:10;
03/06/2026 06:15;
03/06/2026 06:20;6,06
03/06/2026 06:25;6,12
03/06/2026 06:30;6,03
03/06/2026 06:35;6,06
03/06/2026 06:40;
03/06/2026 06:45;
03/06/2026 06:50;6,02
03/06/2026 06:55;6,01
03/06/2026 07:00;
03/06/2026 07:05;6,08
03/06/2026 07:10;
03/06/2026 07:15;
03/06/2026 07:20;5,99
03/06/2026 07:25;
03/06/2026 07:30;6,01
03/06/2026 07:35;
03/06/2026 07:40;5,98
03/06/2026 07:45;
03/06/2026 07:50;
03/06/2026 07:55;
03/06/2026 08:00;
03/06/2026 08:05;6,05
03/06/2026 08:10;6,03
03/06/2026 08:15;
03/06/2026 08:20;
03/06/2026 08:25;6,0
03/06/2026 08:30;
03/06/2026 08:35;5,99
03/06/2026 08:40;6,06
03/06/2026 08:45;
03/06/2026 08:50;
03/06/2026 08:55;
03/06/2026 09:00;6,06
03/06/2026 09:05;
03/06/2026 09:10;6,0
03/06/2026 09:15;6,03
03/06/2026 09:20;
03/06/2026 09:25;5,97
03/06/2026 09:30;5,97
03/06/2026 09:35;6,08
03/06/2026 09:40;
03/06/2026 09:45;
03/06/2026 09:50;5,99
03/06/2026 09:55;6,07
03/06/2026 10:00;6,01
03/06/2026 10:05;
03/06/2026 10:10;
03/06/2026 10:15;6,05
03/06/2026 10:20;
03/06/2026 10:25;
03/06/2026 10:30;6,09
03/06/2026 10:35;
03/06/2026 10:40;6,1
03/06/2026 10:45;6,06
03/06/2026 10:50;6,03
03/06/2026 10:55;
03/06/2026 11:00;
03/06/2026 11:05;
03/06/2026 11:10;
03/06/2026 11:15;
03/06/2026 11:20;6,07
03/06/2026 11:25;6,06
03/06/2026 11:30;
03/06/2026 11:35;6,04
03/06/2026 11:40;
03/06/2026 11:45;
03/06/2026 11:50;6,04
03/06/2026 11:55;6,03
03/06/2026 12:00;
03/06/2026 12:05;
03/06/2026 12:10;
03/06/2026 12:15;6,05
03/06/2026 12:20;6,1
03/06/2026 12:25;6,1
03/06/2026 12:30;
03/06/2026 12:35;6,07
03/06/2026 12:40;
03/06/2026 12:45;6,11
03/06/2026 12:50;
03/06/2026 12:55;5,99
03/06/2026 13:00;
03/06/2026 13:05;
03/06/2026 13:10;
03/06/2026 13:15;
03/06/2026 13:20;
03/06/2026 13:25;
03/06/2026 13:30;
03/06/2026 13:35;
03/06/2026 13:40;6,03
03/06/2026 13:45;
03/06/2026 13:50;6,01
03/06/2026 13:55;
03/06/2026 14:00;
03/06/2026 14:05;5,97
03/06/2026 14:10;
03/06/2026 14:15;
03/06/2026 14:20;
03/06/2026 14:25;
03/06/2026 14:30;
03/06/2026 14:35;
03/06/2026 14:40;
03/06/2026 14:45;
03/06/2026 14:50;5,99
03/06/2026 14:55;
03/06/2026 15:00;6,05
03/06/2026 15:05;
03/06/2026 15:10;5,98
03/06/2026 15:15;
03/06/2026 15:20;6,07
03/06/2026 15:25;
03/06/2026 15:30;6,11
03/06/2026 15:35;
03/06/2026 15:40;6,07
03/06/2026 15:45;
03/06/2026 15:50;
03/06/2026 15:55;
03/06/2026 16:00;6,03
03/06/2026 16:05;
03/06/2026 16:10;
03/06/2026 16:15;
03/06/2026 16:20;6,07
03/06/2026 16:25;
03/06/2026 16:30;
03/06/2026 16:35;
03/06/2026 16:40;6,05
03/06/2026 16:45;
03/06/2026 16:50;6,08
03/06/2026 16:55;
03/06/2026 17:00;
03/06/2026 17:05;
03/06/2026 17:10;
03/06/2026 17:15;
03/06/2026 17:20;6,1
03/06/2026 17:25;
03/06/2026 17:30;
03/06/2026 17:35;6,09
03/06/2026 17:40;6,09
03/06/2026 17:45;6,08
03/06/2026 17:50;5,99
03/06/2026 17:55;6,1
03/06/2026 18:00;6,09
03/06/2026 18:05;
03/06/2026 18:10;
03/06/2026 18:15;
03/06/2026 18:20;5,98
03/06/2026 18:25;6,11
03/06/2026 18:30;6,0
03/06/2026 18:35;5,97
03/06/2026 18:40;
03/06/2026 18:45;6,0
03/06/2026 18:50;
03/06/2026 18:55;
03/06/2026 19:00;
03/06/2026 19:05;
03/06/2026 19:10;6,07
03/06/2026 19:15;
03/06/2026 19:20;6,08
03/06/2026 19:25;
03/06/2026 19:30;5,99
03/06/2026 19:35;
03/06/2026 19:40;6,05
03/06/2026 19:45;
03/06/2026 19:50;
03/06/2026 19:55;
03/06/2026 20:00;
03/06/2026 20:05;6,11
03/06/2026 20:10;6,06
03/06/2026 20:15;6,05
03/06/2026 20:20;
03/06/2026 20:25;6,02
03/06/2026 20:30;6,09
03/06/2026 20:35;
03/06/2026 20:40;
03/06/2026 20:45;
03/06/2026 20:50;
03/06/2026 20:55;6,05
03/06/2026 21:00;6,06
03/06/2026 21:05;
03/06/2026 21:10;6,11
03/06/2026 21:15;
03/06/2026 21:20;
03/06/2026 21:25;5,98
03/06/2026 21:30;6,08
03/06/2026 21:35;
03/06/2026 21:40;
03/06/2026 21:45;6,11
03/06/2026 21:50;
03/06/2026 21:55;
03/06/2026 22:00;
03/06/2026 22:05;6,07
03/06/2026 22:10;
03/06/2026 22:15;6,1
03/06/2026 22:20;
03/06/2026 22:25;6,04
03/06/2026 22:30;
03/06/2026 22:35;
03/06/2026 22:40;
03/06/2026 22:45;6,0
03/06/2026 22:50;
03/06/2026 22:55;6,09
03/06/2026 23:00;
03/06/2026 23:05;5,97
03/06/2026 23:10;
03/06/2026 23:15;6,05
03/06/2026 23:20;
03/06/2026 23:25;
03/06/2026 23:30;
03/06/2026 23:35;
03/06/2026 23:40;
03/06/2026 23:45;6,02
03/06/2026 23:50;
03/06/2026 23:55;6,1
04/06/2026 00:00;
04/06/2026 00:05;6,06
04/06/2026 00:10;
04/06/2026 00:15;6,03
04/06/2026 00:20;
04/06/2026 00:25;
04/06/2026 00:30;
04/06/2026 00:35;6,05
04/06/2026 00:40;6,05
04/06/2026 00:45;
04/06/2026 00:50;
04/06/2026 00:55;6,1
04/06/2026 01:00;
04/06/2026 01:05;6,08
04/06/2026 01:10;
04/06/2026 01:15;
04/06/2026 01:20;
04/06/2026 01:25;6,08
04/06/2026 01:30;6,07
04/06/2026 01:35;
04/06/2026 01:40;5,99
04/06/2026 01:45;
04/06/2026 01:50;6,03
04/06/2026 01:55;
04/06/2026 02:00;
04/06/2026 02:05;
04/06/2026 02:10;
04/06/2026 02:15;6,09
04/06/2026 02:20;6,01
04/06/2026 02:25;
04/06/2026 02:30;
04/06/2026 02:35;
04/06/2026 02:40;
04/06/2026 02:45;
04/06/2026 02:50;
04/06/2026 02:55;5,97
04/06/2026 03:00;
04/06/2026 03:05;
04/06/2026 03:10;
04/06/2026 03:15;6,07
04/06/2026 03:20;
04/06/2026 03:25;6,07
04/06/2026 03:30;
04/06/2026 03:35;6,08
04/06/2026 03:40;
04/06/2026 03:45;5,99
04/06/2026 03:50;
04/06/2026 03:55;6,08
04/06/2026 04:00;
04/06/2026 04:05;6,04
04/06/2026 04:10;
04/06/2026 04:15;
04/06/2026 04:20;6,08
04/06/2026 04:25;
04/06/2026 04:30;
04/06/2026 04:35;6,08
04/06/2026 04:40;
04/06/2026 04:45;6,03
04/06/2026 04:50;
04/06/2026 04:55;
04/06/2026 05:00;
04/06/2026 05:05;6,04
04/06/2026 05:10;
04/06/2026 05:15;
04/06/2026 05:20;6,05
04/06/2026 05:25;
04/06/2026 05:30;
04/06/2026 05:35;
04/06/2026 05:40;6,0
04/06/2026 05:45;
04/06/2026 05:50;
04/06/2026 05:55;6,03
04/06/2026 06:00;6,05
04/06/2026 06:05;
04/06/2026 06:10;6,05
04/06/2026 06:15;
04/06/2026 06:20;5,97
04/06/2026 06:25;
04/06/2026 06:30;
04/06/2026 06:35;
04/06/2026 06:40;6,05
04/06/2026 06:45;6,04
04/06/2026 06:50;
04/06/2026 06:55;6,1
04/06/2026 07:00;
04/06/2026 07:05;
04/06/2026 07:10;6,01
04/06/2026 07:15;
04/06/2026 07:20;6,05
04/06/2026 07:25;
04/06/2026 07:30;
04/06/2026 07:35;6,01
04/06/2026 07:40;6,01
04/06/2026 07:45;
04/06/2026 07:50;
04/06/2026 07:55;
04/06/2026 08:00;
04/06/2026 08:05;
04/06/2026 08:10;
04/06/2026 08:15;
04/06/2026 08:20;6,02
04/06/2026 08:25;
04/06/2026 08:30;6,02
04/06/2026 08:35;
04/06/2026 08:40;
04/06/2026 08:45;
04/06/2026 08:50;
04/06/2026 08:55;
04/06/2026 09:00;
04/06/2026 09:05;
04/06/2026 09:10;6,04
04/06/2026 09:15;
04/06/2026 09:20;
04/06/2026 09:25;
04/06/2026 09:30;6,04
04/06/2026 09:35;
04/06/2026 09:40;6,06
04/06/2026 09:45;6,05
04/06/2026 09:50;
04/06/2026 09:55;
04/06/2026 10:00;6,04
04/06/2026 10:05;
04/06/2026 10:10;
04/06/2026 10:15;
04/06/2026 10:20;6,04
04/06/2026 10:25;
04/06/2026 10:30;
04/06/2026 10:35;
04/06/2026 10:40;6,01
04/06/2026 10:45;
04/06/2026 10:50;6,07
04/06/2026 10:55;
04/06/2026 11:00;
04/06/2026 11:05;6,09
04/06/2026 11:10;
04/06/2026 11:15;
04/06/2026 11:20;5,94
04/06/2026 11:25;5,9
04/06/2026 11:30;6,07
04/06/2026 11:35;
04/06/2026 11:40;6,06
04/06/2026 11:45;
04/06/2026 11:50;6,0
04/06/2026 11:55;
04/06/2026 12:00;
04/06/2026 12:05;6,04
04/06/2026 12:10;5,92
04/06/2026 12:15;
04/06/2026 12:20;
04/06/2026 12:25;5,91
04/06/2026 12:30;5,93
04/06/2026 12:35;5,98
04/06/2026 12:40;5,97
04/06/2026 12:45;
04/06/2026 12:50;5,89
04/06/2026 12:55;6,08
04/06/2026 13:00;5,98
04/06/2026 13:05;
04/06/2026 13:10;
04/06/2026 13:15;6,08
04/06/2026 13:20;
04/06/2026 13:25;5,99
04/06/2026 13:30;
04/06/2026 13:35;6,08
04/06/2026 13:40;
04/06/2026 13:45;
04/06/2026 13:50;5,92
04/06/2026 13:55;
04/06/2026 14:00;
04/06/2026 14:05;5,99
04/06/2026 14:10;
04/06/2026 14:15;5,92
04/06/2026 14:20;
04/06/2026 14:25;
04/06/2026 14:30;
04/06/2026 14:35;5,98
04/06/2026 14:40;
04/06/2026 14:45;6,06
04/06/2026 14:50;
04/06/2026 14:55;5,98
04/06/2026 15:00;
04/06/2026 15:05;6,08
04/06/2026 15:10;
04/06/2026 15:15;6,02
04/06/2026 15:20;
04/06/2026 15:25;6,01
04/06/2026 15:30;
04/06/2026 15:35;6,05
04/06/2026 15:40;
04/06/2026 15:45;
04/06/2026 15:50;
04/06/2026 15:55;5,99
04/06/2026 16:00;
04/06/2026 16:05;6,09
04/06/2026 16:10;
04/06/2026 16:15;
04/06/2026 16:20;5,9
04/06/2026 16:25;6,03
04/06/2026 16:30;
04/06/2026 16:35;
04/06/2026 16:40;
04/06/2026 16:45;
04/06/2026 16:50;5,94
04/06/2026 16:55;
04/06/2026 17:00;
04/06/2026 17:05;
04/06/2026 17:10;
04/06/2026 17:15;
04/06/2026 17:20;6,04
04/06/2026 17:25;
04/06/2026 17:30;
04/06/2026 17:35;6,11
04/06/2026 17:40;
04/06/2026 17:45;
04/06/2026 17:50;
04/06/2026 17:55;
04/06/2026 18:00;
04/06/2026 18:05;6,03
04/06/2026 18:10;6,0
04/06/2026 18:15;5,96
04/06/2026 18:20;
04/06/2026 18:25;
04/06/2026 18:30;5,96
04/06/2026 18:35;
04/06/2026 18:40;
04/06/2026 18:45;
04/06/2026 18:50;6,03
04/06/2026 18:55;
04/06/2026 19:00;6,1
04/06/2026 19:05;
04/06/2026 19:10;
04/06/2026 19:15;
04/06/2026 19:20;6,03
04/06/2026 19:25;
04/06/2026 19:30;5,9
04/06/2026 19:35;
04/06/2026 19:40;6,06
04/06/2026 19:45;
04/06/2026 19:50;6,11
04/06/2026 19:55;
04/06/2026 20:00;
04/06/2026 20:05;
04/06/2026 20:10;6,0
04/06/2026 20:15;
04/06/2026 20:20;6,15
04/06/2026 20:25;
04/06/2026 20:30;
04/06/2026 20:35;5,97
04/06/2026 20:40;6,09
04/06/2026 20:45;5,98
04/06/2026 20:50;5,96
04/06/2026 20:55;5,9
04/06/2026 21:00;6,15
04/06/2026 21:05;
04/06/2026 21:10;
04/06/2026 21:15;
04/06/2026 21:20;
04/06/2026 21:25;
04/06/2026 21:30;6,09
04/06/2026 21:35;
04/06/2026 21:40;6,13
04/06/2026 21:45;5,91
04/06/2026 21:50;
04/06/2026 21:55;6,07
04/06/2026 22:00;
04/06/2026 22:05;6,13
04/06/2026 22:10;6,15
04/06/2026 22:15;6,08
04/06/2026 22:20;
04/06/2026 22:25;6,14
04/06/2026 22:30;
04/06/2026 22:35;
04/06/2026 22:40;5,91
04/06/2026 22:45;6,1
04/06/2026 22:50;
04/06/2026 22:55;6,07
04/06/2026 23:00;
04/06/2026 23:05;
04/06/2026 23:10;
04/06/2026 23:15;6,11
04/06/2026 23:20;6,15
04/06/2026 23:25;
04/06/2026 23:30;5,98
04/06/2026 23:35;
04/06/2026 23:40;
04/06/2026 23:45;
04/06/2026 23:50;6,06
04/06/2026 23:55;6,13
05/06/2026 00:00;
05/06/2026 00:05;
05/06/2026 00:10;
05/06/2026 00:15;
05/06/2026 00:20;6,14
05/06/2026 00:25;
05/06/2026 00:30;
05/06/2026 00:35;6,08
05/06/2026 00:40;5,84
05/06/2026 00:45;6,02
05/06/2026 00:50;
05/06/2026 00:55;5,89
05/06/2026 01:00;
05/06/2026 01:05;
05/06/2026 01:10;5,99
05/06/2026 01:15;5,86
05/06/2026 01:20;6,0
05/06/2026 01:25;
05/06/2026 01:30;5,97
05/06/2026 01:35;
05/06/2026 01:40;5,87
05/06/2026 01:45;
05/06/2026 01:50;5,91
05/06/2026 01:55;5,87
05/06/2026 02:00;5,91
05/06/2026 02:05;
05/06/2026 02:10;
05/06/2026 02:15;5,89
05/06/2026 02:20;5,87
05/06/2026 02:25;
05/06/2026 02:30;5,89
05/06/2026 02:35;
05/06/2026 02:40;
05/06/2026 02:45;
05/06/2026 02:50;5,93
05/06/2026 02:55;
05/06/2026 03:00;5,98
05/06/2026 03:05;
05/06/2026 03:10;5,89
05/06/2026 03:15;
05/06/2026 03:20;5,87
05/06/2026 03:25;
05/06/2026 03:30;5,85
05/06/2026 03:35;
05/06/2026 03:40;
05/06/2026 03:45;5,89
05/06/2026 03:50;5,85
05/06/2026 03:55;
05/06/2026 04:00;
05/06/2026 04:05;
05/06/2026 04:10;
05/06/2026 04:15;
05/06/2026 04:20;
05/06/2026 04:25;5,84
05/06/2026 04:30;
05/06/2026 04:35;
05/06/2026 04:40;
05/06/2026 04:45;5,87
05/06/2026 04:50;
05/06/2026 04:55;5,92
05/06/2026 05:00;
05/06/2026 05:05;
05/06/2026 05:10;
05/06/2026 05:15;
05/06/2026 05:20;
05/06/2026 05:25;
05/06/2026 05:30;
05/06/2026 05:35;
05/06/2026 05:40;
05/06/2026 05:45;
05/06/2026 05:50;
05/06/2026 05:55;
05/06/2026 06:00;5,94
05/06/2026 06:05;
05/06/2026 06:10;5,92
05/06/2026 06:15;
05/06/2026 06:20;
05/06/2026 06:25;5,86
05/06/2026 06:30;
05/06/2026 06:35;
05/06/2026 06:40;
05/06/2026 06:45;5,9
05/06/2026 06:50;
05/06/2026 06:55;
05/06/2026 07:00;
05/06/2026 07:05;
05/06/2026 07:10;
05/06/2026 07:15;
05/06/2026 07:20;
05/06/2026 07:25;
05/06/2026 07:30;
05/06/2026 07:35;
05/06/2026 07:40;
05/06/2026 07:45;5,94
05/06/2026 07:50;
05/06/2026 07:55;
05/06/2026 08:00;
05/06/2026 08:05;
05/06/2026 08:10;
05/06/2026 08:15;
05/06/2026 08:20;
05/06/2026 08:25;
05/06/2026 08:30;
05/06/2026 08:35;
05/06/2026 08:40;
05/06/2026 08:45;
05/06/2026 08:50;
05/06/2026 08:55;
05/06/2026 09:00;
05/06/2026 09:05;5,85
05/06/2026 09:10;
05/06/2026 09:15;
05/06/2026 09:20;
05/06/2026 09:25;
05/06/2026 09:30;
05/06/2026 09:35;
05/06/2026 09:40;5,92
05/06/2026 09:45;
05/06/2026 09:50;5,85
05/06/2026 09:55;
05/06/2026 10:00;
05/06/2026 10:05;
05/06/2026 10:10;5,9
05/06/2026 10:15;
05/06/2026 10:20;
05/06/2026 10:25;
05/06/2026 10:30;
05/06/2026 10:35;
05/06/2026 10:40;
05/06/2026 10:45;
05/06/2026 10:50;5,97
05/06/2026 10:55;
05/06/2026 11:00;5,94
05/06/2026 11:05;
05/06/2026 11:10;5,87
05/06/2026 11:15;
05/06/2026 11:20;5,81
05/06/2026 11:25;
05/06/2026 11:30;5,87
05/06/2026 11:35;
05/06/2026 11:40;
05/06/2026 11:45;
05/06/2026 11:50;
05/06/2026 11:55;
05/06/2026 12:00;
05/06/2026 12:05;
05/06/2026 12:10;
05/06/2026 12:15;
05/06/2026 12:20;
05/06/2026 12:25;
05/06/2026 12:30;
05/06/2026 12:35;5,93
05/06/2026 12:40;
05/06/2026 12:45;5,91
05/06/2026 12:50;
05/06/2026 12:55;5,84
05/06/2026 13:00;
05/06/2026 13:05;
05/06/2026 13:10;
05/06/2026 13:15;5,89
05/06/2026 13:20;
05/06/2026 13:25;
05/06/2026 13:30;
05/06/2026 13:35;5,82
05/06/2026 13:40;
05/06/2026 13:45;
05/06/2026 13:50;
05/06/2026 13:55;
05/06/2026 14:00;
05/06/2026 14:05;
05/06/2026 14:10;5,94
05/06/2026 14:15;5,83
05/06/2026 14:20;
05/06/2026 14:25;
05/06/2026 14:30;
05/06/2026 14:35;
05/06/2026 14:40;
05/06/2026 14:45;5,8
05/06/2026 14:50;
05/06/2026 14:55;5,82
05/06/2026 15:00;5,82
05/06/2026 15:05;
05/06/2026 15:10;
05/06/2026 15:15;
05/06/2026 15:20;
05/06/2026 15:25;5,92
05/06/2026 15:30;
05/06/2026 15:35;
05/06/2026 15:40;
05/06/2026 15:45;
05/06/2026 15:50;
05/06/2026 15:55;
05/06/2026 16:00;
05/06/2026 16:05;
05/06/2026 16:10;
05/06/2026 16:15;
05/06/2026 16:20;5,76
05/06/2026 16:25;5,76
05/06/2026 16:30;
05/06/2026 16:35;5,88
05/06/2026 16:40;5,83
05/06/2026 16:45;5,89
05/06/2026 16:50;
05/06/2026 16:55;5,82
05/06/2026 17:00;5,77
05/06/2026 17:05;5,84
05/06/2026 17:10;
05/06/2026 17:15;
05/06/2026 17:20;5,79
05/06/2026 17:25;
05/06/2026 17:30;
05/06/2026 17:35;5,94
05/06/2026 17:40;
05/06/2026 17:45;5,86
05/06/2026 17:50;
05/06/2026 17:55;
05/06/2026 18:00;
05/06/2026 18:05;5,81
05/06/2026 18:10;
05/06/2026 18:15;5,76
05/06/2026 18:20;5,83
05/06/2026 18:25;5,9
05/06/2026 18:30;
05/06/2026 18:35;5,88
05/06/2026 18:40;
05/06/2026 18:45;
05/06/2026 18:50;5,87
05/06/2026 18:55;
05/06/2026 19:00;
05/06/2026 19:05;
05/06/2026 19:10;6,01
05/06/2026 19:15;6,04
05/06/2026 19:20;
05/06/2026 19:25;5,94
05/06/2026 19:30;5,81
05/06/2026 19:35;
05/06/2026 19:40;
05/06/2026 19:45;5,87
05/06/2026 19:50;5,81
05/06/2026 19:55;5,83
05/06/2026 20:00;
05/06/2026 20:05;5,87
05/06/2026 20:10;
05/06/2026 20:15;6,0
05/06/2026 20:20;5,83
05/06/2026 20:25;5,96
05/06/2026 20:30;5,81
05/06/2026 20:35;5,76
05/06/2026 20:40;5,97
05/06/2026 20:45;5,92
05/06/2026 20:50;
05/06/2026 20:55;5,96
05/06/2026 21:00;6,02
05/06/2026 21:05;
05/06/2026 21:10;5,91
05/06/2026 21:15;5,99
05/06/2026 21:20;5,86
05/06/2026 21:25;
05/06/2026 21:30;5,98
05/06/2026 21:35;5,91
05/06/2026 21:40;5,99
05/06/2026 21:45;5,84
05/06/2026 21:50;5,99
05/06/2026 21:55;
05/06/2026 22:00;5,96
05/06/2026 22:05;
05/06/2026 22:10;
05/06/2026 22:15;6,02
05/06/2026 22:20;5,94
05/06/2026 22:25;5,9
05/06/2026 22:30;
05/06/2026 22:35;
05/06/2026 22:40;
05/06/2026 22:45;5,91
05/06/2026 22:50;
05/06/2026 22:55;5,85
05/06/2026 23:00;5,89
05/06/2026 23:05;
05/06/2026 23:10;5,78
05/06/2026 23:15;
05/06/2026 23:20;5,8
05/06/2026 23:25;
05/06/2026 23:30;
05/06/2026 23:35;5,88
05/06/2026 23:40;
05/06/2026 23:45;5,86
05/06/2026 23:50;5,79
05/06/2026 23:55;
06/06/2026 00:00;5,91
06/06/2026 00:05;5,86
06/06/2026 00:10;5,87
06/06/2026 00:15;
06/06/2026 00:20;5,87
06/06/2026 00:25;5,85
06/06/2026 00:30;
06/06/2026 00:35;5,76
06/06/2026 00:40;5,81
06/06/2026 00:45;5,79
06/06/2026 00:50;5,89
06/06/2026 00:55;
06/06/2026 01:00;5,8
06/06/2026 01:05;
06/06/2026 01:10;
06/06/2026 01:15;5,83
06/06/2026 01:20;
06/06/2026 01:25;
06/06/2026 01:30;
06/06/2026 01:35;
06/06/2026 01:40;
06/06/2026 01:45;
06/06/2026 01:50;
06/06/2026 01:55;
06/06/2026 02:00;
06/06/2026 02:05;5,8
06/06/2026 02:10;
06/06/2026 02:15;
06/06/2026 02:20;
06/06/2026 02:25;5,79
06/06/2026 02:30;
06/06/2026 02:35;5,78
06/06/2026 02:40;5,81
06/06/2026 02:45;5,76
06/06/2026 02:50;
06/06/2026 02:55;5,83
06/06/2026 03:00;
06/06/2026 03:05;5,81
06/06/2026 03:10;5,82
06/06/2026 03:15;5,77
06/06/2026 03:20;5,77
06/06/2026 03:25;
06/06/2026 03:30;
06/06/2026 03:35;
06/06/2026 03:40;
06/06/2026 03:45;5,84
06/06/2026 03:50;
06/06/2026 03:55;
06/06/2026 04:00;5,84
06/06/2026 04:05;
06/06/2026 04:10;
06/06/2026 04:15;
06/06/2026 04:20;
06/06/2026 04:25;5,92
06/06/2026 04:30;
06/06/2026 04:35;
06/06/2026 04:40;
06/06/2026 04:45;
06/06/2026 04:50;5,8
06/06/2026 04:55;
06/06/2026 05:00;5,82
06/06/2026 05:05;
06/06/2026 05:10;
06/06/2026 05:15;5,78
06/06/2026 05:20;
06/06/2026 05:25;
06/06/2026 05:30;5,78
06/06/2026 05:35;
06/06/2026 05:40;5,76
06/06/2026 05:45;
06/06/2026 05:50;5,82
06/06/2026 05:55;
06/06/2026 06:00;
06/06/2026 06:05;5,87
06/06/2026 06:10;
06/06/2026 06:15;
06/06/2026 06:20;5,8
06/06/2026 06:25;5,8
06/06/2026 06:30;
06/06/2026 06:35;
06/06/2026 06:40;5,82
06/06/2026 06:45;
06/06/2026 06:50;5,83
06/06/2026 06:55;
06/06/2026 07:00;
06/06/2026 07:05;5,92
06/06/2026 07:10;5,78
06/06/2026 07:15;5,78
06/06/2026 07:20;
06/06/2026 07:25;5,77
06/06/2026 07:30;
06/06/2026 07:35;
06/06/2026 07:40;5,76
06/06/2026 07:45;
06/06/2026 07:50;5,87
06/06/2026 07:55;
06/06/2026 08:00;
06/06/2026 08:05;
06/06/2026 08:10;5,76
06/06/2026 08:15;
06/06/2026 08:20;
06/06/2026 08:25;
06/06/2026 08:30;5,82
06/06/2026 08:35;
06/06/2026 08:40;
06/06/2026 08:45;5,86
06/06/2026 08:50;5,84
06/06/2026 08:55;5,77
06/06/2026 09:00;
06/06/2026 09:05;
06/06/2026 09:10;5,86
06/06/2026 09:15;
06/06/2026 09:20;
06/06/2026 09:25;5,77
06/06/2026 09:30;
06/06/2026 09:35;
06/06/2026 09:40;
06/06/2026 09:45;
06/06/2026 09:50;5,78
06/06/2026 09:55;
06/06/2026 10:00;
06/06/2026 10:05;
06/06/2026 10:10;5,86
06/06/2026 10:15;
06/06/2026 10:20;5,78
06/06/2026 10:25;5,78
06/06/2026 10:30;5,84
06/06/2026 10:35;
06/06/2026 10:40;5,94
06/06/2026 10:45;5,84
06/06/2026 10:50;
06/06/2026 10:55;
06/06/2026 11:00;
06/06/2026 11:05;
06/06/2026 11:10;5,78
06/06/2026 11:15;
06/06/2026 11:20;
06/06/2026 11:25;5,85
06/06/2026 11:30;5,85
06/06/2026 11:35;5,85
06/06/2026 11:40;
06/06/2026 11:45;
06/06/2026 11:50;5,79
06/06/2026 11:55;5,89
06/06/2026 12:00;5,83
06/06/2026 12:05;
06/06/2026 12:10;
06/06/2026 12:15;5,89
06/06/2026 12:20;
06/06/2026 12:25;5,9
06/06/2026 12:30;5,8
06/06/2026 12:35;5,76
06/06/2026 12:40;
06/06/2026 12:45;5,84
06/06/2026 12:50;
06/06/2026 12:55;5,86
06/06/2026 13:00;
06/06/2026 13:05;5,85
06/06/2026 13:10;5,88
06/06/2026 13:15;
06/06/2026 13:20;
06/06/2026 13:25;5,85
06/06/2026 13:30;
06/06/2026 13:35;5,9
06/06/2026 13:40;
06/06/2026 13:45;5,93
06/06/2026 13:50;
06/06/2026 13:55;
06/06/2026 14:00;
06/06/2026 14:05;
06/06/2026 14:10;
06/06/2026 14:15;5,9
06/06/2026 14:20;
06/06/2026 14:25;5,89
06/06/2026 14:30;5,79
06/06/2026 14:35;
06/06/2026 14:40;
06/06/2026 14:45;5,84
06/06/2026 14:50;
06/06/2026 14:55;
06/06/2026 15:00;
06/06/2026 15:05;
06/06/2026 15:10;
06/06/2026 15:15;5,91
06/06/2026 15:20;
06/06/2026 15:25;5,97
06/06/2026 15:30;
06/06/2026 15:35;5,87
06/06/2026 15:40;5,95
06/06/2026 15:45;
06/06/2026 15:50;
06/06/2026 15:55;5,88
06/06/2026 16:00;
06/06/2026 16:05;
06/06/2026 16:10;
06/06/2026 16:15;5,85
06/06/2026 16:20;
06/06/2026 16:25;5,83
06/06/2026 16:30;
06/06/2026 16:35;5,92
06/06/2026 16:40;
06/06/2026 16:45;
06/06/2026 16:50;
06/06/2026 16:55;5,89
06/06/2026 17:00;5,92
06/06/2026 17:05;
06/06/2026 17:10;5,98
06/06/2026 17:15;
06/06/2026 17:20;5,82
06/06/2026 17:25;5,93
06/06/2026 17:30;
06/06/2026 17:35;5,87
06/06/2026 17:40;
06/06/2026 17:45;5,84
06/06/2026 17:50;5,78
06/06/2026 17:55;
06/06/2026 18:00;5,76
06/06/2026 18:05;5,86
06/06/2026 18:10;
06/06/2026 18:15;
06/06/2026 18:20;5,84
06/06/2026 18:25;5,86
06/06/2026 18:30;
06/06/2026 18:35;5,85
06/06/2026 18:40;
06/06/2026 18:45;
06/06/2026 18:50;5,77
06/06/2026 18:55;5,95
06/06/2026 19:00;
06/06/2026 19:05;5,87
06/06/2026 19:10;5,88
06/06/2026 19:15;5,79
06/06/2026 19:20;
06/06/2026 19:25;5,96
06/06/2026 19:30;
06/06/2026 19:35;
06/06/2026 19:40;
06/06/2026 19:45;
06/06/2026 19:50;5,97
06/06/2026 19:55;6,0
06/06/2026 20:00;
06/06/2026 20:05;
06/06/2026 20:10;5,97
06/06/2026 20:15;5,84
06/06/2026 20:20;
06/06/2026 20:25;5,93
06/06/2026 20:30;5,83
06/06/2026 20:35;
06/06/2026 20:40;5,98
06/06/2026 20:45;
06/06/2026 20:50;5,95
06/06/2026 20:55;5,97
06/06/2026 21:00;
06/06/2026 21:05;5,83
06/06/2026 21:10;5,8
06/06/2026 21:15;5,94
06/06/2026 21:20;
06/06/2026 21:25;5,76
06/06/2026 21:30;
06/06/2026 21:35;5,95
06/06/2026 21:40;
06/06/2026 21:45;6,05
06/06/2026 21:50;
06/06/2026 21:55;5,96
06/06/2026 22:00;
06/06/2026 22:05;5,99
06/06/2026 22:10;
06/06/2026 22:15;6,03
06/06/2026 22:20;
06/06/2026 22:25;5,93
06/06/2026 22:30;
06/06/2026 22:35;6,01
06/06/2026 22:40;6,0
06/06/2026 22:45;5,79
06/06/2026 22:50;5,76
06/06/2026 22:55;5,88
06/06/2026 23:00;5,79
06/06/2026 23:05;
06/06/2026 23:10;
06/06/2026 23:15;6,0
06/06/2026 23:20;
06/06/2026 23:25;5,98
06/06/2026 23:30;5,8
06/06/2026 23:35;5,98
06/06/2026 23:40;
06/06/2026 23:45;5,99
06/06/2026 23:50;5,89
06/06/2026 23:55;
07/06/2026 00:00;5,94
07/06/2026 00:05;5,96
07/06/2026 00:10;
07/06/2026 00:15;
07/06/2026 00:20;5,96
07/06/2026 00:25;5,96
07/06/2026 00:30;5,91
07/06/2026 00:35;
07/06/2026 00:40;5,96
07/06/2026 00:45;
07/06/2026 00:50;5,96
07/06/2026 00:55;5,88
07/06/2026 01:00;
07/06/2026 01:05;
07/06/2026 01:10;5,87
07/06/2026 01:15;5,85
07/06/2026 01:20;
07/06/2026 01:25;
07/06/2026 01:30;
07/06/2026 01:35;
07/06/2026 01:40;5,97
07/06/2026 01:45;
07/06/2026 01:50;5,92
07/06/2026 01:55;5,91
07/06/2026 02:00;5,84
07/06/2026 02:05;
07/06/2026 02:10;5,87
07/06/2026 02:15;
07/06/2026 02:20;5,99
07/06/2026 02:25;
07/06/2026 02:30;5,98
07/06/2026 02:35;
07/06/2026 02:40;5,83
07/06/2026 02:45;
07/06/2026 02:50;5,95
07/06/2026 02:55;6,06
07/06/2026 03:00;
07/06/2026 03:05;
07/06/2026 03:10;5,79
07/06/2026 03:15;5,92
07/06/2026 03:20;
07/06/2026 03:25;
07/06/2026 03:30;
07/06/2026 03:35;
07/06/2026 03:40;
07/06/2026 03:45;5,87
07/06/2026 03:50;5,82
07/06/2026 03:55;5,95
07/06/2026 04:00;5,98
07/06/2026 04:05;5,87
07/06/2026 04:10;
07/06/2026 04:15;6,01
07/06/2026 04:20;6,02
07/06/2026 04:25;6,04
07/06/2026 04:30;5,98
07/06/2026 04:35;
07/06/2026 04:40;
07/06/2026 04:45;
07/06/2026 04:50;
07/06/2026 04:55;
07/06/2026 05:00;5,76
07/06/2026 05:05;5,81
07/06/2026 05:10;
07/06/2026 05:15;
07/06/2026 05:20;
07/06/2026 05:25;5,9
07/06/2026 05:30;
07/06/2026 05:35;5,92
07/06/2026 05:40;5,99
07/06/2026 05:45;
07/06/2026 05:50;6,02
07/06/2026 05:55;5,95
07/06/2026 06:00;
07/06/2026 06:05;5,96
07/06/2026 06:10;
07/06/2026 06:15;5,9
07/06/2026 06:20;
07/06/2026 06:25;5,8
07/06/2026 06:30;5,91
07/06/2026 06:35;5,91
07/06/2026 06:40;
07/06/2026 06:45;
07/06/2026 06:50;5,95
07/06/2026 06:55;
07/06/2026 07:00;
07/06/2026 07:05;
07/06/2026 07:10;5,94
07/06/2026 07:15;
07/06/2026 07:20;5,94
07/06/2026 07:25;5,91
07/06/2026 07:30;
07/06/2026 07:35;6,04
07/06/2026 07:40;5,97
07/06/2026 07:45;
07/06/2026 07:50;5,98
07/06/2026 07:55;
07/06/2026 08:00;
07/06/2026 08:05;
07/06/2026 08:10;5,78
07/06/2026 08:15;5,98
07/06/2026 08:20;5,95
07/06/2026 08:25;
07/06/2026 08:30;5,88
07/06/2026 08:35;
07/06/2026 08:40;5,83
07/06/2026 08:45;
07/06/2026 08:50;5,95
07/06/2026 08:55;5,78
07/06/2026 09:00;5,81
07/06/2026 09:05;
07/06/2026 09:10;5,97
07/06/2026 09:15;
07/06/2026 09:20;
07/06/2026 09:25;5,94
07/06/2026 09:30;5,97
07/06/2026 09:35;
07/06/2026 09:40;5,95
07/06/2026 09:45;
07/06/2026 09:50;5,94
07/06/2026 09:55;
07/06/2026 10:00;5,9
07/06/2026 10:05;
07/06/2026 10:10;5,79
07/06/2026 10:15;5,87
07/06/2026 10:20;5,91
07/06/2026 10:25;
07/06/2026 10:30;5,9
07/06/2026 10:35;5,88
07/06/2026 10:40;5,94
07/06/2026 10:45;5,97
07/06/2026 10:50;5,88
07/06/2026 10:55;
07/06/2026 11:00;5,92
07/06/2026 11:05;
07/06/2026 11:10;
07/06/2026 11:15;
07/06/2026 11:20;5,91
07/06/2026 11:25;
07/06/2026 11:30;
07/06/2026 11:35;
07/06/2026 11:40;
07/06/2026 11:45;
07/06/2026 11:50;5,82
07/06/2026 11:55;
07/06/2026 12:00;5,9
07/06/2026 12:05;5,84
07/06/2026 12:10;5,9
07/06/2026 12:15;
07/06/2026 12:20;5,93
07/06/2026 12:25;
07/06/2026 12:30;
07/06/2026 12:35;
07/06/2026 12:40;
07/06/2026 12:45;
07/06/2026 12:50;6,02
07/06/2026 12:55;5,94
07/06/2026 13:00;5,94
07/06/2026 13:05;
07/06/2026 13:10;
07/06/2026 13:15;5,96
07/06/2026 13:20;
07/06/2026 13:25;5,81
07/06/2026 13:30;
07/06/2026 13:35;5,89
07/06/2026 13:40;
07/06/2026 13:45;5,94
07/06/2026 13:50;
07/06/2026 13:55;
07/06/2026 14:00;
07/06/2026 14:05;5,99
07/06/2026 14:10;5,89
07/06/2026 14:15;5,95
07/06/2026 14:20;
07/06/2026 14:25;6,01
07/06/2026 14:30;
07/06/2026 14:35;5,94
07/06/2026 14:40;
07/06/2026 14:45;5,95
07/06/2026 14:50;
07/06/2026 14:55;5,95
07/06/2026 15:00;5,98
07/06/2026 15:05;
07/06/2026 15:10;5,92
07/06/2026 15:15;5,94
07/06/2026 15:20;
07/06/2026 15:25;5,86
07/06/2026 15:30;5,93
07/06/2026 15:35;5,77
07/06/2026 15:40;5,92
07/06/2026 15:45;5,92
07/06/2026 15:50;5,93
07/06/2026 15:55;5,9
07/06/2026 16:00;5,98
07/06/2026 16:05;5,91
07/06/2026 16:10;
07/06/2026 16:15;6,03
07/06/2026 16:20;5,98
07/06/2026 16:25;
07/06/2026 16:30;5,97
07/06/2026 16:35;
07/06/2026 16:40;
07/06/2026 16:45;5,96
07/06/2026 16:50;5,8
07/06/2026 16:55;5,99
07/06/2026 17:00;
07/06/2026 17:05;
07/06/2026 17:10;5,89
07/06/2026 17:15;
07/06/2026 17:20;
07/06/2026 17:25;
07/06/2026 17:30;
07/06/2026 17:35;
07/06/2026 17:40;
07/06/2026 17:45;
07/06/2026 17:50;
07/06/2026 17:55;
07/06/2026 18:00;5,84
07/06/2026 18:05;
07/06/2026 18:10;5,89
07/06/2026 18:15;6,03
07/06/2026 18:20;
07/06/2026 18:25;5,92
07/06/2026 18:30;6,0
07/06/2026 18:35;5,94
07/06/2026 18:40;
07/06/2026 18:45;5,96
07/06/2026 18:50;
07/06/2026 18:55;
07/06/2026 19:00;
07/06/2026 19:05;6,0
07/06/2026 19:10;
07/06/2026 19:15;5,88
07/06/2026 19:20;
07/06/2026 19:25;6,02
07/06/2026 19:30;
07/06/2026 19:35;6,03
07/06/2026 19:40;
07/06/2026 19:45;
07/06/2026 19:50;5,89
07/06/2026 19:55;
07/06/2026 20:00;
07/06/2026 20:05;
07/06/2026 20:10;
07/06/2026 20:15;5,97
07/06/2026 20:20;6,02
07/06/2026 20:25;
07/06/2026 20:30;6,0
07/06/2026 20:35;
07/06/2026 20:40;
07/06/2026 20:45;
07/06/2026 20:50;
07/06/2026 20:55;6,04
07/06/2026 21:00;5,98
07/06/2026 21:05;
07/06/2026 21:10;6,03
07/06/2026 21:15;
07/06/2026 21:20;
07/06/2026 21:25;6,0
07/06/2026 21:30;5,99
07/06/2026 21:35;
07/06/2026 21:40;6,03
07/06/2026 21:45;
07/06/2026 21:50;5,97
07/06/2026 21:55;
07/06/2026 22:00;
07/06/2026 22:05;5,92
07/06/2026 22:10;
07/06/2026 22:15;
07/06/2026 22:20;5,97
07/06/2026 22:25;
07/06/2026 22:30;6,0
07/06/2026 22:35;5,89
07/06/2026 22:40;6,04
07/06/2026 22:45;
07/06/2026 22:50;
07/06/2026 22:55;6,03
07/06/2026 23:00;
07/06/2026 23:05;6,05
07/06/2026 23:10;6,06
07/06/2026 23:15;
07/06/2026 23:20;5,88
07/06/2026 23:25;
07/06/2026 23:30;6,08
07/06/2026 23:35;6,0
07/06/2026 23:40;
07/06/2026 23:45;5,99
07/06/2026 23:50;6,07
07/06/2026 23:55;6,04
08/06/2026 00:00;5,99
08/06/2026 00:05;5,96
08/06/2026 00:10;
08/06/2026 00:15;
08/06/2026 00:20;5,99
08/06/2026 00:25;5,99
08/06/2026 00:30;6,03
08/06/2026 00:35;
08/06/2026 00:40;6,02
08/06/2026 00:45;5,92
08/06/2026 00:50;6,09
08/06/2026 00:55;
08/06/2026 01:00;6,02
08/06/2026 01:05;
08/06/2026 01:10;
08/06/2026 01:15;
08/06/2026 01:20;
08/06/2026 01:25;
08/06/2026 01:30;6,05
08/06/2026 01:35;5,96
08/06/2026 01:40;5,89
08/06/2026 01:45;
08/06/2026 01:50;
08/06/2026 01:55;5,93
08/06/2026 02:00;
08/06/2026 02:05;
08/06/2026 02:10;
08/06/2026 02:15;5,96
08/06/2026 02:20;6,09
08/06/2026 02:25;
08/06/2026 02:30;
08/06/2026 02:35;5,88
08/06/2026 02:40;
08/06/2026 02:45;5,93
08/06/2026 02:50;
08/06/2026 02:55;5,95
08/06/2026 03:00;6,02
08/06/2026 03:05;5,98
08/06/2026 03:10;6,07
08/06/2026 03:15;
08/06/2026 03:20;
08/06/2026 03:25;
08/06/2026 03:30;6,06
08/06/2026 03:35;
08/06/2026 03:40;
08/06/2026 03:45;5,94
08/06/2026 03:50;5,94
08/06/2026 03:55;
08/06/2026 04:00;6,04
08/06/2026 04:05;
08/06/2026 04:10;5,91
08/06/2026 04:15;
08/06/2026 04:20;
08/06/2026 04:25;
08/06/2026 04:30;6,07
08/06/2026 04:35;6,02
08/06/2026 04:40;5,92
08/06/2026 04:45;6,02
08/06/2026 04:50;
08/06/2026 04:55;5,98
08/06/2026 05:00;5,92
08/06/2026 05:05;
08/06/2026 05:10;5,94
08/06/2026 05:15;5,89
08/06/2026 05:20;6,03
08/06/2026 05:25;5,95
08/06/2026 05:30;
08/06/2026 05:35;
08/06/2026 05:40;6,02
08/06/2026 05:45;6,01
08/06/2026 05:50;
08/06/2026 05:55;6,05
08/06/2026 06:00;
08/06/2026 06:05;
08/06/2026 06:10;5,9
08/06/2026 06:15;5,88
08/06/2026 06:20;
08/06/2026 06:25;6,02
08/06/2026 06:30;6,06
08/06/2026 06:35;5,93
08/06/2026 06:40;
08/06/2026 06:45;
08/06/2026 06:50;6,05
08/06/2026 06:55;
08/06/2026 07:00;
08/06/2026 07:05;6,04
08/06/2026 07:10;
08/06/2026 07:15;6,04
08/06/2026 07:20;6,05
08/06/2026 07:25;6,05
08/06/2026 07:30;6,01
08/06/2026 07:35;6,06
08/06/2026 07:40;6,02
08/06/2026 07:45;
08/06/2026 07:50;6,02
08/06/2026 07:55;
08/06/2026 08:00;
08/06/2026 08:05;
08/06/2026 08:10;
08/06/2026 08:15;
08/06/2026 08:20;
08/06/2026 08:25;
08/06/2026 08:30;6,0
08/06/2026 08:35;6,03
08/06/2026 08:40;5,99
08/06/2026 08:45;5,88
08/06/2026 08:50;5,88
08/06/2026 08:55;
08/06/2026 09:00;
08/06/2026 09:05;
08/06/2026 09:10;6,05
08/06/2026 09:15;5,91
08/06/2026 09:20;5,98
08/06/2026 09:25;
08/06/2026 09:30;
08/06/2026 09:35;
08/06/2026 09:40;
08/06/2026 09:45;
08/06/2026 09:50;5,89
08/06/2026 09:55;
08/06/2026 10:00;
08/06/2026 10:05;
08/06/2026 10:10;
08/06/2026 10:15;
08/06/2026 10:20;
08/06/2026 10:25;
08/06/2026 10:30;5,9
08/06/2026 10:35;
08/06/2026 10:40;5,88
08/06/2026 10:45;
08/06/2026 10:50;
08/06/2026 10:55;
08/06/2026 11:00;5,99
08/06/2026 11:05;
08/06/2026 11:10;5,98
08/06/2026 11:15;
08/06/2026 11:20;6,02
08/06/2026 11:25;
08/06/2026 11:30;6,01
08/06/2026 11:35;6,05
08/06/2026 11:40;6,01
08/06/2026 11:45;
08/06/2026 11:50;
08/06/2026 11:55;5,94
08/06/2026 12:00;
08/06/2026 12:05;5,97
08/06/2026 12:10;
08/06/2026 12:15;
08/06/2026 12:20;
08/06/2026 12:25;
08/06/2026 12:30;5,89
08/06/2026 12:35;
08/06/2026 12:40;5,96
08/06/2026 12:45;
08/06/2026 12:50;6,03
08/06/2026 12:55;
08/06/2026 13:00;5,96
08/06/2026 13:05;
08/06/2026 13:10;
08/06/2026 13:15;
08/06/2026 13:20;
08/06/2026 13:25;
08/06/2026 13:30;5,89
08/06/2026 13:35;
08/06/2026 13:40;
08/06/2026 13:45;
08/06/2026 13:50;
08/06/2026 13:55;
08/06/2026 14:00;
08/06/2026 14:05;
08/06/2026 14:10;5,94
08/06/2026 14:15;
08/06/2026 14:20;5,94
08/06/2026 14:25;
08/06/2026 14:30;
08/06/2026 14:35;
08/06/2026 14:40;
08/06/2026 14:45;5,92
08/06/2026 14:50;
08/06/2026 14:55;6,04
08/06/2026 15:00;
08/06/2026 15:05;
08/06/2026 15:10;
08/06/2026 15:15;
08/06/2026 15:20;
08/06/2026 15:25;
08/06/2026 15:30;
08/06/2026 15:35;
08/06/2026 15:40;
08/06/2026 15:45;6,0
08/06/2026 15:50;
08/06/2026 15:55;5,93
08/06/2026 16:00;
08/06/2026 16:05;6,01
08/06/2026 16:10;
08/06/2026 16:15;6,08
08/06/2026 16:20;
08/06/2026 16:25;
08/06/2026 16:30;
08/06/2026 16:35;6,02
08/06/2026 16:40;
08/06/2026 16:45;5,97
08/06/2026 16:50;
08/06/2026 16:55;5,92
08/06/2026 17:00;5,98
08/06/2026 17:05;5,95
08/06/2026 17:10;
08/06/2026 17:15;6,09
08/06/2026 17:20;
08/06/2026 17:25;5,99
08/06/2026 17:30;6,06
08/06/2026 17:35;
08/06/2026 17:40;6,13
08/06/2026 17:45;
08/06/2026 17:50;
08/06/2026 17:55;
08/06/2026 18:00;6,03
08/06/2026 18:05;
08/06/2026 18:10;
08/06/2026 18:15;
08/06/2026 18:20;
08/06/2026 18:25;6,0
08/06/2026 18:30;
08/06/2026 18:35;6,09
08/06/2026 18:40;5,94
08/06/2026 18:45;5,93
08/06/2026 18:50;
08/06/2026 18:55;5,96
08/06/2026 19:00;
08/06/2026 19:05;6,03
08/06/2026 19:10;6,04
08/06/2026 19:15;
08/06/2026 19:20;
08/06/2026 19:25;
08/06/2026 19:30;
08/06/2026 19:35;
08/06/2026 19:40;
08/06/2026 19:45;
08/06/2026 19:50;
08/06/2026 19:55;
08/06/2026 20:00;
08/06/2026 20:05;
08/06/2026 20:10;
08/06/2026 20:15;
08/06/2026 20:20;5,98
08/06/2026 20:25;
08/06/2026 20:30;
08/06/2026 20:35;
08/06/2026 20:40;
08/06/2026 20:45;
08/06/2026 20:50;
08/06/2026 20:55;
08/06/2026 21:00;
08/06/2026 21:05;
08/06/2026 21:10;
08/06/2026 21:15;
08/06/2026 21:20;5,96
08/06/2026 21:25;
08/06/2026 21:30;5,99
08/06/2026 21:35;
08/06/2026 21:40;
08/06/2026 21:45;
08/06/2026 21:50;5,98
08/06/2026 21:55;6,05
08/06/2026 22:00;
08/06/2026 22:05;
08/06/2026 22:10;5,9
08/06/2026 22:15;
08/06/2026 22:20;
08/06/2026 22:25;
08/06/2026 22:30;
08/06/2026 22:35;6,02
08/06/2026 22:40;5,91
08/06/2026 22:45;5,96
08/06/2026 22:50;
08/06/2026 22:55;
08/06/2026 23:00;
08/06/2026 23:05;
08/06/2026 23:10;
08/06/2026 23:15;
08/06/2026 23:20;5,94
08/06/2026 23:25;
08/06/2026 23:30;
08/06/2026 23:35;
08/06/2026 23:40;5,98
08/06/2026 23:45;
08/06/2026 23:50;
08/06/2026 23:55;
09/06/2026 00:00;5,9
09/06/2026 00:05;
09/06/2026 00:10;
09/06/2026 00:15;5,97
09/06/2026 00:20;
09/06/2026 00:25;
09/06/2026 00:30;5,95
09/06/2026 00:35;
09/06/2026 00:40;5,95
09/06/2026 00:45;
09/06/2026 00:50;5,98
09/06/2026 00:55;
09/06/2026 01:00;5,98
09/06/2026 01:05;
09/06/2026 01:10;5,98
09/06/2026 01:15;
09/06/2026 01:20;5,95
09/06/2026 01:25;
09/06/2026 01:30;5,93
09/06/2026 01:35;
09/06/2026 01:40;
09/06/2026 01:45;
09/06/2026 01:50;5,95
09/06/2026 01:55;
09/06/2026 02:00;5,93
09/06/2026 02:05;5,94
09/06/2026 02:10;5,97
09/06/2026 02:15;5,98
09/06/2026 02:20;
09/06/2026 02:25;
09/06/2026 02:30;
09/06/2026 02:35;5,94
09/06/2026 02:40;5,94
09/06/2026 02:45;5,95
09/06/2026 02:50;
09/06/2026 02:55;
09/06/2026 03:00;
09/06/2026 03:05;
09/06/2026 03:10;
09/06/2026 03:15;
09/06/2026 03:20;
09/06/2026 03:25;5,9
09/06/2026 03:30;
09/06/2026 03:35;5,99
09/06/2026 03:40;
09/06/2026 03:45;5,97
09/06/2026 03:50;
09/06/2026 03:55;5,92
09/06/2026 04:00;
09/06/2026 04:05;5,95
09/06/2026 04:10;5,93
09/06/2026 04:15;5,97
09/06/2026 04:20;
09/06/2026 04:25;
09/06/2026 04:30;
09/06/2026 04:35;5,98
09/06/2026 04:40;5,94
09/06/2026 04:45;6,01
09/06/2026 04:50;
09/06/2026 04:55;
09/06/2026 05:00;
09/06/2026 05:05;5,99
09/06/2026 05:10;
09/06/2026 05:15;6,01
09/06/2026 05:20;
09/06/2026 05:25;
09/06/2026 05:30;5,91
09/06/2026 05:35;5,91
09/06/2026 05:40;
09/06/2026 05:45;
09/06/2026 05:50;
09/06/2026 05:55;5,9
09/06/2026 06:00;5,96
09/06/2026 06:05;5,99
09/06/2026 06:10;5,92
09/06/2026 06:15;6,02
09/06/2026 06:20;
09/06/2026 06:25;
09/06/2026 06:30;
09/06/2026 06:35;
09/06/2026 06:40;
09/06/2026 06:45;6,01
09/06/2026 06:50;
09/06/2026 06:55;5,96
09/06/2026 07:00;
09/06/2026 07:05;
09/06/2026 07:10;
09/06/2026 07:15;5,97
09/06/2026 07:20;
09/06/2026 07:25;
09/06/2026 07:30;
09/06/2026 07:35;
09/06/2026 07:40;
09/06/2026 07:45;
09/06/2026 07:50;
09/06/2026 07:55;
09/06/2026 08:00;
09/06/2026 08:05;
09/06/2026 08:10;
09/06/2026 08:15;5,93
09/06/2026 08:20;5,99
09/06/2026 08:25;
09/06/2026 08:30;
09/06/2026 08:35;6,01
09/06/2026 08:40;
09/06/2026 08:45;
09/06/2026 08:50;
09/06/2026 08:55;5,96
09/06/2026 09:00;5,91
09/06/2026 09:05;5,91
09/06/2026 09:10;
09/06/2026 09:15;
09/06/2026 09:20;
09/06/2026 09:25;
09/06/2026 09:30;
09/06/2026 09:35;
09/06/2026 09:40;5,95
09/06/2026 09:45;
09/06/2026 09:50;
09/06/2026 09:55;
09/06/2026 10:00;
09/06/2026 10:05;5,96
09/06/2026 10:10;6,01
09/06/2026 10:15;
09/06/2026 10:20;
09/06/2026 10:25;5,88
09/06/2026 10:30;5,98
09/06/2026 10:35;5,92
09/06/2026 10:40;5,89
09/06/2026 10:45;
09/06/2026 10:50;
09/06/2026 10:55;
09/06/2026 11:00;5,92
09/06/2026 11:05;
09/06/2026 11:10;
09/06/2026 11:15;
09/06/2026 11:20;5,95
09/06/2026 11:25;5,99
09/06/2026 11:30;
09/06/2026 11:35;
09/06/2026 11:40;5,93
09/06/2026 11:45;
09/06/2026 11:50;5,91
09/06/2026 11:55;
09/06/2026 12:00;5,89
09/06/2026 12:05;
09/06/2026 12:10;
09/06/2026 12:15;
09/06/2026 12:20;
09/06/2026 12:25;
09/06/2026 12:30;
09/06/2026 12:35;
09/06/2026 12:40;
09/06/2026 12:45;5,99
09/06/2026 12:50;
09/06/2026 12:55;5,95
09/06/2026 13:00;
09/06/2026 13:05;
09/06/2026 13:10;
09/06/2026 13:15;
09/06/2026 13:20;5,88
09/06/2026 13:25;
09/06/2026 13:30;
09/06/2026 13:35;
09/06/2026 13:40;
09/06/2026 13:45;
09/06/2026 13:50;
09/06/2026 13:55;5,97
09/06/2026 14:00;
09/06/2026 14:05;
09/06/2026 14:10;5,97
09/06/2026 14:15;6,02
09/06/2026 14:20;
09/06/2026 14:25;5,93
09/06/2026 14:30;5,96
09/06/2026 14:35;
09/06/2026 14:40;
09/06/2026 14:45;
09/06/2026 14:50;
09/06/2026 14:55;5,99
09/06/2026 15:00;
09/06/2026 15:05;
09/06/2026 15:10;
09/06/2026 15:15;
09/06/2026 15:20;5,94
09/06/2026 15:25;
09/06/2026 15:30;
09/06/2026 15:35;
09/06/2026 15:40;5,96
09/06/2026 15:45;
09/06/2026 15:50;
09/06/2026 15:55;5,89
09/06/2026 16:00;
09/06/2026 16:05;6,01
09/06/2026 16:10;6,01
09/06/2026 16:15;
09/06/2026 16:20;
09/06/2026 16:25;5,91
09/06/2026 16:30;
09/06/2026 16:35;
09/06/2026 16:40;
09/06/2026 16:45;
09/06/2026 16:50;
09/06/2026 16:55;6,0
09/06/2026 17:00;
09/06/2026 17:05;
09/06/2026 17:10;
09/06/2026 17:15;
09/06/2026 17:20;5,91
09/06/2026 17:25;
09/06/2026 17:30;
09/06/2026 17:35;
09/06/2026 17:40;
09/06/2026 17:45;5,89
09/06/2026 17:50;5,9
09/06/2026 17:55;
09/06/2026 18:00;
09/06/2026 18:05;
09/06/2026 18:10;5,9
09/06/2026 18:15;6,02
09/06/2026 18:20;
09/06/2026 18:25;5,98
09/06/2026 18:30;
09/06/2026 18:35;
09/06/2026 18:40;
09/06/2026 18:45;5,93
09/06/2026 18:50;
09/06/2026 18:55;
09/06/2026 19:00;5,94
09/06/2026 19:05;5,95
09/06/2026 19:10;5,93
09/06/2026 19:15;6,04
09/06/2026 19:20;5,93
09/06/2026 19:25;
09/06/2026 19:30;
09/06/2026 19:35;5,96
09/06/2026 19:40;
09/06/2026 19:45;
09/06/2026 19:50;
09/06/2026 19:55;
09/06/2026 20:00;
09/06/2026 20:05;
09/06/2026 20:10;
09/06/2026 20:15;5,98
09/06/2026 20:20;
09/06/2026 20:25;
09/06/2026 20:30;6,0
09/06/2026 20:35;
09/06/2026 20:40;
09/06/2026 20:45;
09/06/2026 20:50;6,08
09/06/2026 20:55;5,95
09/06/2026 21:00;6,0
09/06/2026 21:05;
09/06/2026 21:10;
09/06/2026 21:15;5,94
09/06/2026 21:20;
09/06/2026 21:25;
09/06/2026 21:30;
09/06/2026 21:35;
09/06/2026 21:40;5,92
09/06/2026 21:45;6,04
09/06/2026 21:50;
09/06/2026 21:55;
09/06/2026 22:00;5,98
09/06/2026 22:05;
09/06/2026 22:10;
09/06/2026 22:15;5,93
09/06/2026 22:20;
09/06/2026 22:25;
09/06/2026 22:30;6,08
09/06/2026 22:35;5,92
09/06/2026 22:40;5,99
09/06/2026 22:45;
09/06/2026 22:50;6,05
09/06/2026 22:55;
09/06/2026 23:00;6,03
09/06/2026 23:05;
09/06/2026 23:10;6,06
09/06/2026 23:15;6,01
09/06/2026 23:20;
09/06/2026 23:25;
09/06/2026 23:30;5,96
09/06/2026 23:35;
09/06/2026 23:40;5,91
09/06/2026 23:45;
09/06/2026 23:50;
09/06/2026 23:55;6,0
10/06/2026 00:00;
10/06/2026 00:05;
10/06/2026 00:10;6,0
10/06/2026 00:15;5,98
10/06/2026 00:20;
10/06/2026 00:25;
10/06/2026 00:30;
10/06/2026 00:35;
10/06/2026 00:40;
10/06/2026 00:45;
10/06/2026 00:50;
10/06/2026 00:55;
10/06/2026 01:00;
10/06/2026 01:05;
10/06/2026 01:10;5,93
10/06/2026 01:15;
10/06/2026 01:20;
10/06/2026 01:25;5,96
10/06/2026 01:30;5,98
10/06/2026 01:35;
10/06/2026 01:40;
10/06/2026 01:45;
10/06/2026 01:50;6,01
10/06/2026 01:55;
10/06/2026 02:00;5,91
10/06/2026 02:05;
10/06/2026 02:10;
10/06/2026 02:15;
10/06/2026 02:20;
10/06/2026 02:25;5,9
10/06/2026 02:30;5,93
10/06/2026 02:35;
10/06/2026 02:40;5,93
10/06/2026 02:45;
10/06/2026 02:50;
10/06/2026 02:55;
10/06/2026 03:00;
10/06/2026 03:05;5,9
10/06/2026 03:10;
10/06/2026 03:15;
10/06/2026 03:20;
10/06/2026 03:25;
10/06/2026 03:30;
10/06/2026 03:35;
10/06/2026 03:40;
10/06/2026 03:45;
10/06/2026 03:50;5,92
10/06/2026 03:55;5,93
10/06/2026 04:00;
10/06/2026 04:05;
10/06/2026 04:10;
10/06/2026 04:15;5,89
10/06/2026 04:20;
10/06/2026 04:25;
10/06/2026 04:30;
10/06/2026 04:35;
10/06/2026 04:40;
10/06/2026 04:45;
10/06/2026 04:50;5,91
10/06/2026 04:55;
10/06/2026 05:00;
10/06/2026 05:05;
10/06/2026 05:10;
10/06/2026 05:15;
10/06/2026 05:20;
10/06/2026 05:25;
10/06/2026 05:30;
10/06/2026 05:35;
10/06/2026 05:40;
10/06/2026 05:45;5,94
10/06/2026 05:50;
10/06/2026 05:55;5,91
10/06/2026 06:00;
10/06/2026 06:05;
10/06/2026 06:10;
10/06/2026 06:15;
10/06/2026 06:20;
10/06/2026 06:25;5,89
10/06/2026 06:30;
10/06/2026 06:35;
10/06/2026 06:40;
10/06/2026 06:45;
10/06/2026 06:50;5,94
10/06/2026 06:55;
10/06/2026 07:00;
10/06/2026 07:05;
10/06/2026 07:10;
10/06/2026 07:15;5,9
10/06/2026 07:20;5,92
10/06/2026 07:25;5,92
10/06/2026 07:30;
10/06/2026 07:35;
10/06/2026 07:40;
10/06/2026 07:45;
10/06/2026 07:50;5,95
10/06/2026 07:55;5,93
10/06/2026 08:00;5,94
10/06/2026 08:05;
10/06/2026 08:10;
10/06/2026 08:15;5,91
10/06/2026 08:20;5,99
10/06/2026 08:25;5,93
10/06/2026 08:30;5,98
10/06/2026 08:35;5,94
10/06/2026 08:40;
10/06/2026 08:45;5,88
10/06/2026 08:50;
10/06/2026 08:55;5,86
10/06/2026 09:00;
10/06/2026 09:05;
10/06/2026 09:10;5,88
10/06/2026 09:15;
10/06/2026 09:20;
10/06/2026 09:25;
10/06/2026 09:30;
10/06/2026 09:35;5,89
10/06/2026 09:40;
10/06/2026 09:45;
10/06/2026 09:50;
10/06/2026 09:55;
10/06/2026 10:00;
10/06/2026 10:05;5,95
10/06/2026 10:10;5,89
10/06/2026 10:15;
10/06/2026 10:20;5,87
10/06/2026 10:25;5,83
10/06/2026 10:30;
10/06/2026 10:35;
10/06/2026 10:40;5,92
10/06/2026 10:45;
10/06/2026 10:50;
10/06/2026 10:55;
10/06/2026 11:00;5,9
10/06/2026 11:05;5,92
10/06/2026 11:10;
10/06/2026 11:15;5,89
10/06/2026 11:20;
10/06/2026 11:25;
10/06/2026 11:30;
10/06/2026 11:35;
10/06/2026 11:40;
10/06/2026 11:45;5,89
10/06/2026 11:50;
10/06/2026 11:55;
10/06/2026 12:00;
10/06/2026 12:05;5,92
10/06/2026 12:10;5,91
10/06/2026 12:15;
10/06/2026 12:20;5,86
10/06/2026 12:25;5,93
10/06/2026 12:30;
10/06/2026 12:35;5,93
10/06/2026 12:40;5,91
10/06/2026 12:45;
10/06/2026 12:50;
10/06/2026 12:55;
10/06/2026 13:00;
10/06/2026 13:05;
10/06/2026 13:10;
10/06/2026 13:15;
10/06/2026 13:20;5,88
10/06/2026 13:25;
10/06/2026 13:30;5,87
10/06/2026 13:35;
10/06/2026 13:40;
10/06/2026 13:45;
10/06/2026 13:50;5,99
10/06/2026 13:55;5,9
10/06/2026 14:00;5,98
10/06/2026 14:05;
10/06/2026 14:10;5,93
10/06/2026 14:15;5,89
10/06/2026 14:20;5,87
10/06/2026 14:25;
10/06/2026 14:30;5,95
10/06/2026 14:35;5,89
10/06/2026 14:40;5,97
10/06/2026 14:45;
10/06/2026 14:50;6,0
10/06/2026 14:55;5,91
10/06/2026 15:00;5,94
10/06/2026 15:05;
10/06/2026 15:10;5,97
10/06/2026 15:15;
10/06/2026 15:20;5,92
10/06/2026 15:25;
10/06/2026 15:30;5,93
10/06/2026 15:35;
10/06/2026 15:40;
10/06/2026 15:45;
10/06/2026 15:50;
10/06/2026 15:55;
10/06/2026 16:00;
10/06/2026 16:05;5,98
10/06/2026 16:10;5,93
10/06/2026 16:15;
10/06/2026 16:20;5,94
10/06/2026 16:25;
10/06/2026 16:30;5,93
10/06/2026 16:35;
10/06/2026 16:40;5,97
10/06/2026 16:45;6,01
10/06/2026 16:50;5,91
10/06/2026 16:55;5,95
10/06/2026 17:00;
10/06/2026 17:05;
10/06/2026 17:10;5,91
10/06/2026 17:15;
10/06/2026 17:20;5,91
10/06/2026 17:25;
10/06/2026 17:30;5,93
10/06/2026 17:35;
10/06/2026 17:40;5,96
10/06/2026 17:45;5,97
10/06/2026 17:50;
10/06/2026 17:55;5,9
10/06/2026 18:00;
10/06/2026 18:05;
10/06/2026 18:10;5,92
10/06/2026 18:15;
10/06/2026 18:20;
10/06/2026 18:25;
10/06/2026 18:30;5,93
10/06/2026 18:35;
10/06/2026 18:40;6,02
10/06/2026 18:45;5,95
10/06/2026 18:50;
10/06/2026 18:55;
10/06/2026 19:00;5,96
10/06/2026 19:05;5,9
10/06/2026 19:10;5,92
10/06/2026 19:15;5,87
10/06/2026 19:20;
10/06/2026 19:25;
10/06/2026 19:30;5,93
10/06/2026 19:35;
10/06/2026 19:40;5,91
10/06/2026 19:45;
10/06/2026 19:50;
10/06/2026 19:55;
10/06/2026 20:00;
10/06/2026 20:05;5,9
10/06/2026 20:10;
10/06/2026 20:15;
10/06/2026 20:20;5,99
10/06/2026 20:25;
10/06/2026 20:30;5,97
10/06/2026 20:35;
10/06/2026 20:40;5,96
10/06/2026 20:45;
10/06/2026 20:50;6,02
10/06/2026 20:55;
10/06/2026 21:00;6,04
10/06/2026 21:05;
10/06/2026 21:10;
10/06/2026 21:15;
10/06/2026 21:20;5,91
10/06/2026 21:25;
10/06/2026 21:30;6,05
10/06/2026 21:35;
10/06/2026 21:40;
10/06/2026 21:45;
10/06/2026 21:50;6,02
10/06/2026 21:55;5,92
10/06/2026 22:00;
10/06/2026 22:05;
10/06/2026 22:10;6,05
10/06/2026 22:15;5,97
10/06/2026 22:20;
10/06/2026 22:25;
10/06/2026 22:30;6,08
10/06/2026 22:35;5,86
10/06/2026 22:40;6,03
10/06/2026 22:45;
10/06/2026 22:50;5,98
10/06/2026 22:55;
10/06/2026 23:00;6,07
10/06/2026 23:05;
10/06/2026 23:10;5,98
10/06/2026 23:15;6,04
10/06/2026 23:20;5,99
10/06/2026 23:25;5,91
10/06/2026 23:30;6,08
10/06/2026 23:35;6,07
10/06/2026 23:40;
10/06/2026 23:45;5,95
10/06/2026 23:50;
10/06/2026 23:55;5,89
11/06/2026 00:00;
11/06/2026 00:05;
11/06/2026 00:10;
11/06/2026 00:15;5,97
11/06/2026 00:20;6,06
11/06/2026 00:25;
11/06/2026 00:30;5,94
11/06/2026 00:35;5,99
11/06/2026 00:40;
11/06/2026 00:45;
11/06/2026 00:50;5,92
11/06/2026 00:55;5,88
11/06/2026 01:00;
11/06/2026 01:05;
11/06/2026 01:10;
11/06/2026 01:15;6,02
11/06/2026 01:20;6,0
11/06/2026 01:25;5,93
11/06/2026 01:30;5,87
11/06/2026 01:35;6,01
11/06/2026 01:40;
11/06/2026 01:45;5,94
11/06/2026 01:50;
11/06/2026 01:55;5,94
11/06/2026 02:00;
11/06/2026 02:05;6,06
11/06/2026 02:10;
11/06/2026 02:15;5,86
11/06/2026 02:20;
11/06/2026 02:25;5,93
11/06/2026 02:30;5,99
11/06/2026 02:35;
11/06/2026 02:40;6,03
11/06/2026 02:45;
11/06/2026 02:50;6,04
11/06/2026 02:55;
11/06/2026 03:00;6,02
11/06/2026 03:05;
11/06/2026 03:10;5,99
11/06/2026 03:15;
11/06/2026 03:20;
11/06/2026 03:25;
11/06/2026 03:30;5,99
11/06/2026 03:35;
11/06/2026 03:40;6,06
11/06/2026 03:45;
11/06/2026 03:50;
11/06/2026 03:55;
11/06/2026 04:00;6,0
11/06/2026 04:05;
11/06/2026 04:10;6,0
11/06/2026 04:15;
11/06/2026 04:20;6,03
11/06/2026 04:25;
11/06/2026 04:30;6,03
11/06/2026 04:35;
11/06/2026 04:40;
11/06/2026 04:45;5,94
11/06/2026 04:50;
11/06/2026 04:55;5,88
11/06/2026 05:00;5,97
11/06/2026 05:05;
11/06/2026 05:10;6,06
11/06/2026 05:15;
11/06/2026 05:20;
11/06/2026 05:25;
11/06/2026 05:30;5,9
11/06/2026 05:35;6,08
11/06/2026 05:40;
11/06/2026 05:45;6,07
11/06/2026 05:50;6,06
11/06/2026 05:55;
11/06/2026 06:00;6,07
11/06/2026 06:05;
11/06/2026 06:10;6,07
11/06/2026 06:15;
11/06/2026 06:20;
11/06/2026 06:25;
11/06/2026 06:30;6,03
11/06/2026 06:35;
11/06/2026 06:40;5,97
11/06/2026 06:45;5,96
11/06/2026 06:50;
11/06/2026 06:55;
11/06/2026 07:00;
11/06/2026 07:05;
11/06/2026 07:10;
11/06/2026 07:15;5,89
11/06/2026 07:20;
11/06/2026 07:25;
11/06/2026 07:30;5,89
11/06/2026 07:35;
11/06/2026 07:40;
11/06/2026 07:45;5,96
11/06/2026 07:50;5,9
11/06/2026 07:55;
11/06/2026 08:00;5,88
11/06/2026 08:05;
11/06/2026 08:10;
11/06/2026 08:15;5,94
11/06/2026 08:20;
11/06/2026 08:25;
11/06/2026 08:30;5,87
11/06/2026 08:35;
11/06/2026 08:40;
11/06/2026 08:45;
11/06/2026 08:50;5,92
11/06/2026 08:55;
11/06/2026 09:00;
11/06/2026 09:05;
11/06/2026 09:10;5,89
11/06/2026 09:15;
11/06/2026 09:20;5,94
11/06/2026 09:25;
11/06/2026 09:30;5,95
11/06/2026 09:35;5,97
11/06/2026 09:40;
11/06/2026 09:45;5,93
11/06/2026 09:50;
11/06/2026 09:55;
11/06/2026 10:00;5,95
11/06/2026 10:05;
11/06/2026 10:10;
11/06/2026 10:15;
11/06/2026 10:20;
11/06/2026 10:25;
11/06/2026 10:30;5,91
11/06/2026 10:35;
11/06/2026 10:40;
11/06/2026 10:45;5,95
11/06/2026 10:50;
11/06/2026 10:55;5,91
11/06/2026 11:00;
11/06/2026 11:05;
11/06/2026 11:10;5,97
11/06/2026 11:15;
11/06/2026 11:20;5,87
11/06/2026 11:25;
11/06/2026 11:30;
11/06/2026 11:35;
11/06/2026 11:40;5,9
11/06/2026 11:45;
11/06/2026 11:50;
11/06/2026 11:55;5,91
11/06/2026 12:00;5,91
11/06/2026 12:05;
11/06/2026 12:10;5,94
11/06/2026 12:15;
11/06/2026 12:20;
11/06/2026 12:25;
11/06/2026 12:30;
11/06/2026 12:35;
11/06/2026 12:40;5,92
11/06/2026 12:45;
11/06/2026 12:50;
11/06/2026 12:55;
11/06/2026 13:00;5,89
11/06/2026 13:05;5,94
11/06/2026 13:10;
11/06/2026 13:15;5,97
11/06/2026 13:20;
11/06/2026 13:25;5,9
11/06/2026 13:30;
11/06/2026 13:35;5,91
11/06/2026 13:40;
11/06/2026 13:45;
11/06/2026 13:50;5,95
11/06/2026 13:55;5,94
11/06/2026 14:00;
11/06/2026 14:05;5,91
11/06/2026 14:10;
11/06/2026 14:15;5,9
11/06/2026 14:20;
11/06/2026 14:25;6,0
11/06/2026 14:30;
11/06/2026 14:35;
11/06/2026 14:40;5,91
11/06/2026 14:45;5,98
11/06/2026 14:50;
11/06/2026 14:55;5,92
11/06/2026 15:00;5,87
11/06/2026 15:05;5,99
11/06/2026 15:10;
11/06/2026 15:15;5,93
11/06/2026 15:20;5,92
11/06/2026 15:25;
11/06/2026 15:30;
11/06/2026 15:35;5,92
11/06/2026 15:40;
11/06/2026 15:45;
11/06/2026 15:50;
11/06/2026 15:55;5,9
11/06/2026 16:00;
11/06/2026 16:05;5,98
11/06/2026 16:10;
11/06/2026 16:15;5,88
11/06/2026 16:20;5,86
11/06/2026 16:25;
11/06/2026 16:30;
11/06/2026 16:35;5,99
11/06/2026 16:40;6,01
11/06/2026 16:45;
11/06/2026 16:50;6,0
11/06/2026 16:55;
11/06/2026 17:00;
11/06/2026 17:05;
11/06/2026 17:10;
11/06/2026 17:15;
11/06/2026 17:20;5,9
11/06/2026 17:25;
11/06/2026 17:30;
11/06/2026 17:35;6,0
11/06/2026 17:40;5,91
11/06/2026 17:45;
11/06/2026 17:50;
11/06/2026 17:55;
11/06/2026 18:00;5,96
11/06/2026 18:05;5,92
11/06/2026 18:10;
11/06/2026 18:15;
11/06/2026 18:20;5,95
11/06/2026 18:25;
11/06/2026 18:30;5,95
11/06/2026 18:35;
11/06/2026 18:40;
11/06/2026 18:45;6,01
11/06/2026 18:50;
11/06/2026 18:55;
11/06/2026 19:00;5,86
11/06/2026 19:05;
11/06/2026 19:10;
11/06/2026 19:15;5,87
11/06/2026 19:20;
11/06/2026 19:25;
11/06/2026 19:30;
11/06/2026 19:35;
11/06/2026 19:40;
11/06/2026 19:45;5,86
11/06/2026 19:50;5,92
11/06/2026 19:55;
11/06/2026 20:00;5,95
11/06/2026 20:05;5,97
11/06/2026 20:10;
11/06/2026 20:15;
11/06/2026 20:20;6,0
11/06/2026 20:25;5,91
11/06/2026 20:30;5,95
11/06/2026 20:35;
11/06/2026 20:40;5,91
11/06/2026 20:45;
11/06/2026 20:50;5,91
11/06/2026 20:55;5,94
11/06/2026 21:00;
11/06/2026 21:05;
11/06/2026 21:10;5,95
11/06/2026 21:15;5,97
11/06/2026 21:20;6,01
11/06/2026 21:25;5,91
11/06/2026 21:30;
11/06/2026 21:35;
11/06/2026 21:40;
11/06/2026 21:45;
11/06/2026 21:50;5,93
11/06/2026 21:55;
11/06/2026 22:00;5,98
11/06/2026 22:05;
11/06/2026 22:10;
11/06/2026 22:15;5,89
11/06/2026 22:20;5,88
11/06/2026 22:25;
11/06/2026 22:30;5,94
11/06/2026 22:35;5,87
11/06/2026 22:40;6,01
11/06/2026 22:45;
11/06/2026 22:50;5,99
11/06/2026 22:55;
11/06/2026 23:00;6,0
11/06/2026 23:05;
11/06/2026 23:10;6,05
11/06/2026 23:15;5,95
11/06/2026 23:20;5,94
11/06/2026 23:25;
11/06/2026 23:30;5,88
11/06/2026 23:35;
11/06/2026 23:40;5,99
11/06/2026 23:45;
11/06/2026 23:50;5,92
11/06/2026 23:55;
12/06/2026 00:00;5,95
12/06/2026 00:05;5,94
12/06/2026 00:10;
12/06/2026 00:15;
12/06/2026 00:20;5,88
12/06/2026 00:25;
12/06/2026 00:30;6,03
12/06/2026 00:35;
12/06/2026 00:40;6,0
12/06/2026 00:45;
12/06/2026 00:50;5,99
12/06/2026 00:55;5,96
12/06/2026 01:00;6,03
12/06/2026 01:05;
12/06/2026 01:10;
12/06/2026 01:15;6,04
12/06/2026 01:20;5,97
12/06/2026 01:25;6,05
12/06/2026 01:30;6,03
12/06/2026 01:35;5,94
12/06/2026 01:40;5,95
12/06/2026 01:45;6,03
12/06/2026 01:50;
12/06/2026 01:55;5,98
12/06/2026 02:00;
12/06/2026 02:05;6,0
12/06/2026 02:10;
12/06/2026 02:15;5,95
12/06/2026 02:20;5,86
12/06/2026 02:25;
12/06/2026 02:30;
12/06/2026 02:35;5,94
12/06/2026 02:40;5,97
12/06/2026 02:45;6,0
12/06/2026 02:50;
12/06/2026 02:55;5,99
12/06/2026 03:00;
12/06/2026 03:05;5,95
12/06/2026 03:10;
12/06/2026 03:15;
12/06/2026 03:20;
12/06/2026 03:25;5,99
12/06/2026 03:30;
12/06/2026 03:35;6,01
12/06/2026 03:40;
12/06/2026 03:45;5,91
12/06/2026 03:50;5,98
12/06/2026 03:55;
12/06/2026 04:00;
12/06/2026 04:05;6,04
12/06/2026 04:10;
12/06/2026 04:15;
12/06/2026 04:20;
12/06/2026 04:25;5,97
12/06/2026 04:30;
12/06/2026 04:35;6,03
12/06/2026 04:40;
12/06/2026 04:45;6,0
12/06/2026 04:50;
12/06/2026 04:55;5,93
12/06/2026 05:00;6,03
12/06/2026 05:05;5,86
12/06/2026 05:10;5,99
12/06/2026 05:15;
12/06/2026 05:20;
12/06/2026 05:25;
12/06/2026 05:30;5,98
12/06/2026 05:35;
12/06/2026 05:40;5,98
12/06/2026 05:45;
12/06/2026 05:50;
12/06/2026 05:55;
12/06/2026 06:00;
12/06/2026 06:05;5,97
12/06/2026 06:10;
12/06/2026 06:15;5,88
12/06/2026 06:20;5,94
12/06/2026 06:25;
12/06/2026 06:30;
12/06/2026 06:35;
12/06/2026 06:40;5,91
12/06/2026 06:45;
12/06/2026 06:50;
12/06/2026 06:55;5,92
12/06/2026 07:00;
12/06/2026 07:05;
12/06/2026 07:10;5,98
12/06/2026 07:15;
12/06/2026 07:20;5,92
12/06/2026 07:25;
12/06/2026 07:30;
12/06/2026 07:35;
12/06/2026 07:40;5,89
12/06/2026 07:45;
12/06/2026 07:50;
12/06/2026 07:55;5,98
12/06/2026 08:00;
12/06/2026 08:05;5,98
12/06/2026 08:10;
12/06/2026 08:15;
12/06/2026 08:20;
12/06/2026 08:25;5,98
12/06/2026 08:30;
12/06/2026 08:35;5,97
12/06/2026 08:40;
12/06/2026 08:45;
12/06/2026 08:50;
12/06/2026 08:55;
12/06/2026 09:00;
12/06/2026 09:05;
12/06/2026 09:10;
12/06/2026 09:15;
12/06/2026 09:20;
12/06/2026 09:25;
12/06/2026 09:30;
12/06/2026 09:35;
12/06/2026 09:40;
12/06/2026 09:45;5,95
12/06/2026 09:50;
12/06/2026 09:55;5,9
12/06/2026 10:00;
12/06/2026 10:05;6,02
12/06/2026 10:10;
12/06/2026 10:15;5,94
12/06/2026 10:20;5,86
12/06/2026 10:25;5,94
12/06/2026 10:30;
12/06/2026 10:35;5,99
12/06/2026 10:40;
12/06/2026 10:45;
12/06/2026 10:50;
12/06/2026 10:55;5,92
12/06/2026 11:00;
12/06/2026 11:05;5,99
12/06/2026 11:10;
12/06/2026 11:15;5,95
12/06/2026 11:20;
12/06/2026 11:25;
12/06/2026 11:30;5,86
12/06/2026 11:35;5,99
12/06/2026 11:40;
12/06/2026 11:45;5,9
12/06/2026 11:50;
12/06/2026 11:55;6,04
12/06/2026 12:00;
12/06/2026 12:05;5,95
12/06/2026 12:10;5,86
12/06/2026 12:15;6,03
12/06/2026 12:20;
12/06/2026 12:25;
12/06/2026 12:30;
12/06/2026 12:35;5,94
12/06/2026 12:40;
12/06/2026 12:45;5,98
12/06/2026 12:50;
12/06/2026 12:55;
12/06/2026 13:00;
12/06/2026 13:05;5,99
12/06/2026 13:10;
12/06/2026 13:15;
12/06/2026 13:20;
12/06/2026 13:25;5,97
12/06/2026 13:30;
12/06/2026 13:35;
12/06/2026 13:40;
12/06/2026 13:45;6,0
12/06/2026 13:50;
12/06/2026 13:55;6,0
12/06/2026 14:00;
12/06/2026 14:05;5,99
12/06/2026 14:10;
12/06/2026 14:15;6,03
12/06/2026 14:20;
12/06/2026 14:25;5,99
12/06/2026 14:30;5,89
12/06/2026 14:35;
12/06/2026 14:40;
12/06/2026 14:45;6,04
12/06/2026 14:50;
12/06/2026 14:55;5,97
12/06/2026 15:00;
12/06/2026 15:05;6,01
12/06/2026 15:10;
12/06/2026 15:15;6,02
12/06/2026 15:20;
12/06/2026 15:25;5,96
12/06/2026 15:30;
12/06/2026 15:35;6,0
12/06/2026 15:40;
12/06/2026 15:45;6,0
12/06/2026 15:50;
12/06/2026 15:55;
12/06/2026 16:00;
12/06/2026 16:05;5,94
12/06/2026 16:10;
12/06/2026 16:15;
12/06/2026 16:20;5,96
12/06/2026 16:25;5,99
12/06/2026 16:30;
12/06/2026 16:35;6,05
12/06/2026 16:40;
12/06/2026 16:45;
12/06/2026 16:50;
12/06/2026 16:55;5,98
12/06/2026 17:00;
12/06/2026 17:05;
12/06/2026 17:10;
12/06/2026 17:15;
12/06/2026 17:20;
12/06/2026 17:25;
12/06/2026 17:30;
12/06/2026 17:35;
12/06/2026 17:40;6,02
12/06/2026 17:45;
12/06/2026 17:50;6,05
12/06/2026 17:55;
12/06/2026 18:00;6,0
12/06/2026 18:05;
12/06/2026 18:10;6,04
12/06/2026 18:15;
12/06/2026 18:20;6,02
12/06/2026 18:25;
12/06/2026 18:30;
12/06/2026 18:35;
12/06/2026 18:40;
12/06/2026 18:45;
12/06/2026 18:50;
12/06/2026 18:55;6,07
12/06/2026 19:00;
12/06/2026 19:05;6,0
12/06/2026 19:10;
12/06/2026 19:15;6,07
12/06/2026 19:20;
12/06/2026 19:25;6,06
12/06/2026 19:30;
12/06/2026 19:35;6,07
12/06/2026 19:40;
12/06/2026 19:45;
12/06/2026 19:50;
12/06/2026 19:55;5,92
12/06/2026 20:00;
12/06/2026 20:05;6,04
12/06/2026 20:10;
12/06/2026 20:15;
12/06/2026 20:20;
12/06/2026 20:25;5,9
12/06/2026 20:30;6,09
12/06/2026 20:35;
12/06/2026 20:40;6,05
12/06/2026 20:45;
12/06/2026 20:50;6,07
12/06/2026 20:55;
12/06/2026 21:00;6,06
12/06/2026 21:05;
12/06/2026 21:10;
12/06/2026 21:15;
12/06/2026 21:20;
12/06/2026 21:25;
12/06/2026 21:30;
12/06/2026 21:35;6,1
12/06/2026 21:40;
12/06/2026 21:45;6,08
12/06/2026 21:50;
12/06/2026 21:55;6,1
12/06/2026 22:00;
12/06/2026 22:05;
12/06/2026 22:10;
12/06/2026 22:15;6,02
12/06/2026 22:20;
12/06/2026 22:25;6,11
12/06/2026 22:30;
12/06/2026 22:35;
12/06/2026 22:40;
12/06/2026 22:45;5,91
12/06/2026 22:50;
12/06/2026 22:55;6,11
12/06/2026 23:00;
12/06/2026 23:05;
12/06/2026 23:10;6,07
12/06/2026 23:15;5,98
12/06/2026 23:20;
12/06/2026 23:25;
12/06/2026 23:30;
12/06/2026 23:35;5,99
12/06/2026 23:40;
12/06/2026 23:45;5,99
12/06/2026 23:50;
12/06/2026 23:55;5,89
13/06/2026 00:00;
13/06/2026 00:05;
13/06/2026 00:10;
13/06/2026 00:15;
13/06/2026 00:20;5,92
13/06/2026 00:25;
13/06/2026 00:30;6,0
13/06/2026 00:35;
13/06/2026 00:40;
13/06/2026 00:45;
13/06/2026 00:50;5,87
13/06/2026 00:55;
13/06/2026 01:00;
13/06/2026 01:05;
13/06/2026 01:10;5,92
13/06/2026 01:15;
13/06/2026 01:20;
13/06/2026 01:25;
13/06/2026 01:30;
13/06/2026 01:35;
13/06/2026 01:40;5,97
13/06/2026 01:45;5,89
13/06/2026 01:50;5,97
13/06/2026 01:55;
13/06/2026 02:00;
13/06/2026 02:05;
13/06/2026 02:10;5,9
13/06/2026 02:15;
13/06/2026 02:20;
13/06/2026 02:25;
13/06/2026 02:30;5,91
13/06/2026 02:35;
13/06/2026 02:40;5,94
13/06/2026 02:45;
13/06/2026 02:50;5,92
13/06/2026 02:55;
13/06/2026 03:00;5,96
13/06/2026 03:05;5,95
13/06/2026 03:10;
13/06/2026 03:15;
13/06/2026 03:20;
13/06/2026 03:25;
13/06/2026 03:30;5,91
13/06/2026 03:35;
13/06/2026 03:40;
13/06/2026 03:45;
13/06/2026 03:50;5,9
13/06/2026 03:55;5,91
13/06/2026 04:00;
13/06/2026 04:05;5,89
13/06/2026 04:10;
13/06/2026 04:15;5,91
13/06/2026 04:20;
13/06/2026 04:25;
13/06/2026 04:30;
13/06/2026 04:35;5,94
13/06/2026 04:40;
13/06/2026 04:45;5,94
13/06/2026 04:50;5,92
13/06/2026 04:55;
13/06/2026 05:00;5,91
13/06/2026 05:05;
13/06/2026 05:10;
13/06/2026 05:15;5,92
13/06/2026 05:20;5,93
13/06/2026 05:25;
13/06/2026 05:30;
13/06/2026 05:35;
13/06/2026 05:40;
13/06/2026 05:45;5,94
13/06/2026 05:50;
13/06/2026 05:55;
13/06/2026 06:00;5,86
13/06/2026 06:05;5,95
13/06/2026 06:10;
13/06/2026 06:15;
13/06/2026 06:20;
13/06/2026 06:25;
13/06/2026 06:30;
13/06/2026 06:35;
13/06/2026 06:40;5,92
13/06/2026 06:45;5,89
13/06/2026 06:50;5,89
13/06/2026 06:55;
13/06/2026 07:00;5,91
13/06/2026 07:05;
13/06/2026 07:10;5,98
13/06/2026 07:15;5,97
13/06/2026 07:20;5,97
13/06/2026 07:25;
13/06/2026 07:30;5,87
13/06/2026 07:35;
13/06/2026 07:40;5,94
13/06/2026 07:45;5,91
13/06/2026 07:50;5,89
13/06/2026 07:55;
13/06/2026 08:00;
13/06/2026 08:05;
13/06/2026 08:10;5,96
13/06/2026 08:15;
13/06/2026 08:20;5,89
13/06/2026 08:25;
13/06/2026 08:30;5,93
13/06/2026 08:35;
13/06/2026 08:40;
13/06/2026 08:45;5,94
13/06/2026 08:50;
13/06/2026 08:55;
13/06/2026 09:00;
13/06/2026 09:05;5,96
13/06/2026 09:10;
13/06/2026 09:15;
13/06/2026 09:20;5,86
13/06/2026 09:25;5,99
13/06/2026 09:30;
13/06/2026 09:35;
13/06/2026 09:40;
13/06/2026 09:45;
13/06/2026 09:50;
13/06/2026 09:55;
13/06/2026 10:00;
13/06/2026 10:05;
13/06/2026 10:10;
13/06/2026 10:15;
13/06/2026 10:20;
13/06/2026 10:25;
13/06/2026 10:30;
13/06/2026 10:35;6,01
13/06/2026 10:40;5,97
13/06/2026 10:45;5,89
13/06/2026 10:50;5,86
13/06/2026 10:55;5,86
13/06/2026 11:00;
13/06/2026 11:05;
13/06/2026 11:10;
13/06/2026 11:15;
13/06/2026 11:20;5,89
13/06/2026 11:25;5,96
13/06/2026 11:30;
13/06/2026 11:35;6,02
13/06/2026 11:40;
13/06/2026 11:45;6,03
13/06/2026 11:50;
13/06/2026 11:55;
13/06/2026 12:00;
13/06/2026 12:05;6,04
13/06/2026 12:10;
13/06/2026 12:15;6,0
13/06/2026 12:20;
13/06/2026 12:25;6,04
13/06/2026 12:30;
13/06/2026 12:35;5,92
13/06/2026 12:40;
13/06/2026 12:45;6,03
13/06/2026 12:50;5,94
13/06/2026 12:55;5,99
13/06/2026 13:00;5,98
13/06/2026 13:05;6,02
13/06/2026 13:10;6,01
13/06/2026 13:15;6,02
13/06/2026 13:20;5,99
13/06/2026 13:25;6,02
13/06/2026 13:30;6,04
13/06/2026 13:35;
13/06/2026 13:40;6,02
13/06/2026 13:45;5,95
13/06/2026 13:50;5,99
13/06/2026 13:55;6,0
13/06/2026 14:00;6,02
13/06/2026 14:05;
13/06/2026 14:10;
13/06/2026 14:15;
13/06/2026 14:20;6,03
13/06/2026 14:25;5,99
13/06/2026 14:30;6,04
13/06/2026 14:35;
13/06/2026 14:40;6,06
13/06/2026 14:45;6,04
13/06/2026 14:50;6,09
13/06/2026 14:55;
13/06/2026 15:00;6,04
13/06/2026 15:05;
13/06/2026 15:10;
13/06/2026 15:15;6,01
13/06/2026 15:20;6,11
13/06/2026 15:25;6,09
13/06/2026 15:30;5,99
13/06/2026 15:35;6,0
13/06/2026 15:40;6,09
13/06/2026 15:45;
13/06/2026 15:50;
13/06/2026 15:55;6,09
13/06/2026 16:00;6,11
13/06/2026 16:05;
13/06/2026 16:10;6,09
13/06/2026 16:15;
13/06/2026 16:20;
13/06/2026 16:25;5,98
13/06/2026 16:30;6,07
13/06/2026 16:35;6,08
13/06/2026 16:40;
13/06/2026 16:45;
13/06/2026 16:50;5,96
13/06/2026 16:55;6,07
13/06/2026 17:00;6,04
13/06/2026 17:05;6,03
13/06/2026 17:10;6,06
13/06/2026 17:15;
13/06/2026 17:20;
13/06/2026 17:25;6,06
13/06/2026 17:30;6,08
13/06/2026 17:35;6,04
13/06/2026 17:40;6,05
13/06/2026 17:45;
13/06/2026 17:50;5,9
13/06/2026 17:55;
13/06/2026 18:00;6,04
13/06/2026 18:05;
13/06/2026 18:10;6,04
13/06/2026 18:15;5,96
13/06/2026 18:20;
13/06/2026 18:25;
13/06/2026 18:30;6,03
13/06/2026 18:35;5,96
13/06/2026 18:40;6,05
13/06/2026 18:45;
13/06/2026 18:50;6,04
13/06/2026 18:55;
13/06/2026 19:00;6,05
13/06/2026 19:05;6,01
13/06/2026 19:10;
13/06/2026 19:15;5,88
13/06/2026 19:20;
13/06/2026 19:25;6,0
13/06/2026 19:30;6,0
13/06/2026 19:35;
13/06/2026 19:40;6,01
13/06/2026 19:45;6,02
13/06/2026 19:50;6,0
13/06/2026 19:55;6,06
13/06/2026 20:00;6,01
13/06/2026 20:05;6,0
13/06/2026 20:10;
13/06/2026 20:15;
13/06/2026 20:20;
13/06/2026 20:25;5,91
13/06/2026 20:30;5,94
13/06/2026 20:35;6,02
13/06/2026 20:40;5,98
13/06/2026 20:45;
13/06/2026 20:50;5,99
13/06/2026 20:55;6,02
13/06/2026 21:00;5,96
13/06/2026 21:05;6,01
13/06/2026 21:10;
13/06/2026 21:15;5,97
13/06/2026 21:20;
13/06/2026 21:25;6,02
13/06/2026 21:30;
13/06/2026 21:35;6,03
13/06/2026 21:40;5,99
13/06/2026 21:45;6,01
13/06/2026 21:50;5,98
13/06/2026 21:55;6,02
13/06/2026 22:00;
13/06/2026 22:05;
13/06/2026 22:10;
13/06/2026 22:15;5,98
13/06/2026 22:20;
13/06/2026 22:25;6,03
13/06/2026 22:30;
13/06/2026 22:35;6,04
13/06/2026 22:40;5,98
13/06/2026 22:45;5,99
13/06/2026 22:50;
13/06/2026 22:55;
13/06/2026 23:00;5,95
13/06/2026 23:05;
13/06/2026 23:10;5,91
13/06/2026 23:15;5,98
13/06/2026 23:20;5,99
13/06/2026 23:25;5,98
13/06/2026 23:30;5,95
13/06/2026 23:35;6,01
13/06/2026 23:40;
13/06/2026 23:45;5,89
13/06/2026 23:50;
13/06/2026 23:55;5,98
14/06/2026 00:00;
14/06/2026 00:05;5,88
14/06/2026 00:10;5,95
14/06/2026 00:15;
14/06/2026 00:20;
14/06/2026 00:25;5,88
14/06/2026 00:30;
14/06/2026 00:35;
14/06/2026 00:40;5,86
14/06/2026 00:45;
14/06/2026 00:50;5,96
14/06/2026 00:55;
14/06/2026 01:00;5,98
14/06/2026 01:05;
14/06/2026 01:10;5,93
14/06/2026 01:15;5,96
14/06/2026 01:20;
14/06/2026 01:25;5,9
14/06/2026 01:30;
14/06/2026 01:35;
14/06/2026 01:40;
14/06/2026 01:45;5,89
14/06/2026 01:50;5,9
14/06/2026 01:55;5,95
14/06/2026 02:00;5,96
14/06/2026 02:05;
14/06/2026 02:10;5,92
14/06/2026 02:15;5,97
14/06/2026 02:20;
14/06/2026 02:25;5,97
14/06/2026 02:30;
14/06/2026 02:35;5,96
14/06/2026 02:40;
14/06/2026 02:45;5,93
14/06/2026 02:50;
14/06/2026 02:55;5,87
14/06/2026 03:00;5,95
14/06/2026 03:05;
14/06/2026 03:10;
14/06/2026 03:15;5,88
14/06/2026 03:20;5,92
14/06/2026 03:25;5,96
14/06/2026 03:30;
14/06/2026 03:35;5,97
14/06/2026 03:40;5,95
14/06/2026 03:45;
14/06/2026 03:50;
14/06/2026 03:55;
14/06/2026 04:00;
14/06/2026 04:05;5,91
14/06/2026 04:10;
14/06/2026 04:15;5,95
14/06/2026 04:20;
14/06/2026 04:25;5,92
14/06/2026 04:30;5,92
14/06/2026 04:35;5,93
14/06/2026 04:40;
14/06/2026 04:45;
14/06/2026 04:50;5,95
14/06/2026 04:55;
14/06/2026 05:00;
14/06/2026 05:05;
14/06/2026 05:10;5,98
14/06/2026 05:15;
14/06/2026 05:20;5,96
14/06/2026 05:25;
14/06/2026 05:30;5,91
14/06/2026 05:35;
14/06/2026 05:40;5,96
14/06/2026 05:45;
14/06/2026 05:50;
14/06/2026 05:55;
14/06/2026 06:00;5,96
14/06/2026 06:05;
14/06/2026 06:10;5,92
14/06/2026 06:15;
14/06/2026 06:20;5,94
14/06/2026 06:25;5,94
14/06/2026 06:30;5,88
14/06/2026 06:35;5,94
14/06/2026 06:40;
14/06/2026 06:45;5,89
14/06/2026 06:50;
14/06/2026 06:55;5,94
14/06/2026 07:00;
14/06/2026 07:05;5,97
14/06/2026 07:10;
14/06/2026 07:15;5,97
14/06/2026 07:20;5,96
14/06/2026 07:25;5,94
14/06/2026 07:30;
14/06/2026 07:35;5,95
14/06/2026 07:40;5,9
14/06/2026 07:45;5,96
14/06/2026 07:50;5,91
14/06/2026 07:55;5,97
14/06/2026 08:00;5,94
14/06/2026 08:05;5,95
14/06/2026 08:10;
14/06/2026 08:15;5,94
14/06/2026 08:20;
14/06/2026 08:25;5,98
14/06/2026 08:30;5,96
14/06/2026 08:35;
14/06/2026 08:40;5,96
14/06/2026 08:45;5,96
14/06/2026 08:50;
14/06/2026 08:55;5,96
14/06/2026 09:00;5,96
14/06/2026 09:05;5,94
14/06/2026 09:10;
14/06/2026 09:15;5,96
14/06/2026 09:20;5,86
14/06/2026 09:25;5,89
14/06/2026 09:30;
14/06/2026 09:35;
14/06/2026 09:40;5,88
14/06/2026 09:45;5,95
14/06/2026 09:50;
14/06/2026 09:55;5,93
14/06/2026 10:00;
14/06/2026 10:05;5,94
14/06/2026 10:10;5,93
14/06/2026 10:15;5,97
14/06/2026 10:20;
14/06/2026 10:25;5,94
14/06/2026 10:30;5,92
14/06/2026 10:35;5,97
14/06/2026 10:40;5,95
14/06/2026 10:45;5,95
14/06/2026 10:50;5,94
14/06/2026 10:55;5,96
14/06/2026 11:00;5,88
14/06/2026 11:05;
14/06/2026 11:10;5,95
14/06/2026 11:15;5,98
14/06/2026 11:20;5,79
14/06/2026 11:25;5,97
14/06/2026 11:30;5,81
14/06/2026 11:35;5,87
14/06/2026 11:40;5,92
14/06/2026 11:45;5,95
14/06/2026 11:50;
14/06/2026 11:55;5,95
14/06/2026 12:00;5,88
14/06/2026 12:05;5,82
14/06/2026 12:10;
14/06/2026 12:15;
14/06/2026 12:20;5,83
14/06/2026 12:25;
14/06/2026 12:30;
14/06/2026 12:35;5,98
14/06/2026 12:40;
14/06/2026 12:45;5,97
14/06/2026 12:50;5,93
14/06/2026 12:55;5,99
14/06/2026 13:00;
14/06/2026 13:05;5,93
14/06/2026 13:10;5,96
14/06/2026 13:15;5,94
14/06/2026 13:20;5,97
14/06/2026 13:25;5,98
14/06/2026 13:30;5,99
14/06/2026 13:35;5,95
14/06/2026 13:40;
14/06/2026 13:45;5,87
14/06/2026 13:50;5,98
14/06/2026 13:55;
14/06/2026 14:00;5,96
14/06/2026 14:05;5,93
14/06/2026 14:10;5,9
14/06/2026 14:15;
14/06/2026 14:20;5,89
14/06/2026 14:25;5,93
14/06/2026 14:30;5,95
14/06/2026 14:35;5,98
14/06/2026 14:40;5,99
14/06/2026 14:45;5,99
14/06/2026 14:50;5,95
14/06/2026 14:55;
14/06/2026 15:00;
14/06/2026 15:05;5,91
14/06/2026 15:10;
14/06/2026 15:15;5,9
14/06/2026 15:20;5,83
14/06/2026 15:25;
14/06/2026 15:30;
14/06/2026 15:35;
14/06/2026 15:40;5,96
14/06/2026 15:45;5,98
14/06/2026 15:50;
14/06/2026 15:55;6,0
14/06/2026 16:00;5,95
14/06/2026 16:05;6,01
14/06/2026 16:10;
14/06/2026 16:15;6,01
14/06/2026 16:20;5,95
14/06/2026 16:25;6,0
14/06/2026 16:30;5,98
14/06/2026 16:35;
14/06/2026 16:40;6,0
14/06/2026 16:45;
14/06/2026 16:50;5,99
14/06/2026 16:55;5,9
14/06/2026 17:00;6,0
14/06/2026 17:05;
14/06/2026 17:10;6,01
14/06/2026 17:15;5,95
14/06/2026 17:20;6,0
14/06/2026 17:25;5,92
14/06/2026 17:30;6,0
14/06/2026 17:35;
14/06/2026 17:40;5,84
14/06/2026 17:45;
14/06/2026 17:50;6,0
14/06/2026 17:55;
14/06/2026 18:00;
14/06/2026 18:05;5,99
14/06/2026 18:10;5,91
14/06/2026 18:15;6,02
14/06/2026 18:20;
14/06/2026 18:25;6,03
14/06/2026 18:30;
14/06/2026 18:35;6,03
14/06/2026 18:40;
14/06/2026 18:45;6,03
14/06/2026 18:50;
14/06/2026 18:55;5,88
14/06/2026 19:00;5,94
14/06/2026 19:05;6,02
14/06/2026 19:10;
14/06/2026 19:15;6,06
14/06/2026 19:20;
14/06/2026 19:25;6,05
14/06/2026 19:30;5,95
14/06/2026 19:35;
14/06/2026 19:40;
14/06/2026 19:45;6,07
14/06/2026 19:50;6,06
14/06/2026 19:55;6,07
14/06/2026 20:00;
14/06/2026 20:05;6,02
14/06/2026 20:10;
14/06/2026 20:15;6,07
14/06/2026 20:20;
14/06/2026 20:25;6,05
14/06/2026 20:30;
14/06/2026 20:35;6,06
14/06/2026 20:40;5,96
14/06/2026 20:45;6,04
14/06/2026 20:50;
14/06/2026 20:55;6,05
14/06/2026 21:00;6,06
14/06/2026 21:05;
14/06/2026 21:10;6,05
14/06/2026 21:15;
14/06/2026 21:20;6,05
14/06/2026 21:25;
14/06/2026 21:30;6,04
14/06/2026 21:35;
14/06/2026 21:40;
14/06/2026 21:45;
14/06/2026 21:50;6,05
14/06/2026 21:55;5,88
14/06/2026 22:00;5,86
14/06/2026 22:05;6,05
14/06/2026 22:10;
14/06/2026 22:15;6,07
14/06/2026 22:20;
14/06/2026 22:25;
14/06/2026 22:30;6,03
14/06/2026 22:35;
14/06/2026 22:40;6,07
14/06/2026 22:45;6,07
14/06/2026 22:50;6,04
14/06/2026 22:55;
14/06/2026 23:00;5,99
14/06/2026 23:05;
14/06/2026 23:10;5,91
14/06/2026 23:15;
14/06/2026 23:20;
14/06/2026 23:25;5,99
14/06/2026 23:30;
14/06/2026 23:35;6,05
14/06/2026 23:40;
14/06/2026 23:45;
14/06/2026 23:50;
14/06/2026 23:55;
15/06/2026 00:00;
15/06/2026 00:05;
15/06/2026 00:10;
15/06/2026 00:15;
15/06/2026 00:20;
15/06/2026 00:25;
15/06/2026 00:30;
15/06/2026 00:35;6,03
15/06/2026 00:40;
15/06/2026 00:45;
15/06/2026 00:50;
15/06/2026 00:55;5,97
15/06/2026 01:00;
15/06/2026 01:05;
15/06/2026 01:10;
15/06/2026 01:15;
15/06/2026 01:20;6,05
15/06/2026 01:25;
15/06/2026 01:30;6,04
15/06/2026 01:35;5,98
15/06/2026 01:40;6,02
15/06/2026 01:45;6,01
15/06/2026 01:50;
15/06/2026 01:55;6,03
15/06/2026 02:00;5,99
15/06/2026 02:05;6,0
15/06/2026 02:10;
15/06/2026 02:15;
15/06/2026 02:20;
15/06/2026 02:25;6,01
15/06/2026 02:30;6,0
15/06/2026 02:35;
15/06/2026 02:40;
15/06/2026 02:45;
15/06/2026 02:50;5,98
15/06/2026 02:55;6,01
15/06/2026 03:00;5,9
15/06/2026 03:05;
15/06/2026 03:10;
15/06/2026 03:15;
15/06/2026 03:20;5,9
15/06/2026 03:25;
15/06/2026 03:30;
15/06/2026 03:35;
15/06/2026 03:40;
15/06/2026 03:45;
15/06/2026 03:50;5,99
15/06/2026 03:55;6,0
15/06/2026 04:00;6,01
15/06/2026 04:05;5,98
15/06/2026 04:10;5,95
15/06/2026 04:15;5,95
15/06/2026 04:20;
15/06/2026 04:25;
15/06/2026 04:30;5,99
15/06/2026 04:35;
15/06/2026 04:40;5,99
15/06/2026 04:45;5,89
15/06/2026 04:50;6,0
15/06/2026 04:55;
15/06/2026 05:00;6,0
15/06/2026 05:05;5,98
15/06/2026 05:10;
15/06/2026 05:15;
15/06/2026 05:20;6,0
15/06/2026 05:25;5,98
15/06/2026 05:30;
15/06/2026 05:35;6,01
15/06/2026 05:40;6,0
15/06/2026 05:45;
15/06/2026 05:50;6,0
15/06/2026 05:55;
15/06/2026 06:00;6,02
15/06/2026 06:05;6,03
15/06/2026 06:10;5,95
15/06/2026 06:15;6,04
15/06/2026 06:20;6,0
15/06/2026 06:25;6,02
15/06/2026 06:30;
15/06/2026 06:35;6,03
15/06/2026 06:40;6,02
15/06/2026 06:45;
15/06/2026 06:50;6,02
15/06/2026 06:55;
15/06/2026 07:00;6,01
15/06/2026 07:05;5,89
15/06/2026 07:10;5,94
15/06/2026 07:15;
15/06/2026 07:20;
15/06/2026 07:25;5,96
15/06/2026 07:30;5,98
15/06/2026 07:35;6,02
15/06/2026 07:40;6,0
15/06/2026 07:45;5,99
15/06/2026 07:50;6,0
15/06/2026 07:55;
15/06/2026 08:00;5,99
15/06/2026 08:05;5,96
15/06/2026 08:10;5,99
15/06/2026 08:15;5,99
15/06/2026 08:20;5,99
15/06/2026 08:25;6,0
15/06/2026 08:30;
15/06/2026 08:35;6,01
15/06/2026 08:40;
15/06/2026 08:45;6,01
15/06/2026 08:50;5,99
15/06/2026 08:55;
15/06/2026 09:00;5,99
15/06/2026 09:05;6,01
15/06/2026 09:10;5,99
15/06/2026 09:15;6,0
15/06/2026 09:20;6,0
15/06/2026 09:25;6,01
15/06/2026 09:30;6,01
15/06/2026 09:35;6,03
15/06/2026 09:40;
15/06/2026 09:45;5,95
15/06/2026 09:50;5,99
15/06/2026 09:55;6,01
15/06/2026 10:00;6,02
15/06/2026 10:05;6,02
15/06/2026 10:10;6,02
15/06/2026 10:15;
15/06/2026 10:20;6,04
15/06/2026 10:25;6,0
15/06/2026 10:30;
15/06/2026 10:35;6,02
15/06/2026 10:40;
15/06/2026 10:45;6,03
15/06/2026 10:50;
15/06/2026 10:55;6,02
15/06/2026 11:00;
15/06/2026 11:05;6,03
15/06/2026 11:10;6,02
15/06/2026 11:15;6,03
15/06/2026 11:20;
15/06/2026 11:25;6,05
15/06/2026 11:30;6,06
15/06/2026 11:35;6,06
15/06/2026 11:40;6,01
15/06/2026 11:45;6,03
15/06/2026 11:50;5,89
15/06/2026 11:55;6,04
15/06/2026 12:00;
15/06/2026 12:05;6,01
15/06/2026 12:10;6,04
15/06/2026 12:15;6,02
15/06/2026 12:20;6,05
15/06/2026 12:25;6,05
15/06/2026 12:30;6,07
15/06/2026 12:35;5,89
15/06/2026 12:40;6,05
15/06/2026 12:45;6,01
15/06/2026 12:50;
15/06/2026 12:55;6,04
15/06/2026 13:00;
15/06/2026 13:05;6,04
15/06/2026 13:10;
15/06/2026 13:15;
15/06/2026 13:20;
15/06/2026 13:25;
15/06/2026 13:30;6,02
15/06/2026 13:35;6,04
15/06/2026 13:40;5,89
15/06/2026 13:45;6,06
15/06/2026 13:50;
15/06/2026 13:55;6,07
15/06/2026 14:00;6,05
15/06/2026 14:05;6,04
15/06/2026 14:10;
15/06/2026 14:15;6,06
15/06/2026 14:20;6,01
15/06/2026 14:25;6,06
15/06/2026 14:30;6,05
15/06/2026 14:35;6,05
15/06/2026 14:40;
15/06/2026 14:45;6,03
15/06/2026 14:50;6,02
15/06/2026 14:55;6,05
15/06/2026 15:00;
15/06/2026 15:05;6,04
15/06/2026 15:10;5,96
15/06/2026 15:15;6,05
15/06/2026 15:20;6,07
15/06/2026 15:25;6,04
15/06/2026 15:30;6,0
15/06/2026 15:35;
15/06/2026 15:40;6,04
15/06/2026 15:45;5,91
15/06/2026 15:50;6,01
15/06/2026 15:55;
15/06/2026 16:00;6,04
15/06/2026 16:05;
15/06/2026 16:10;6,02
15/06/2026 16:15;6,03
15/06/2026 16:20;6,04
15/06/2026 16:25;
15/06/2026 16:30;6,05
15/06/2026 16:35;
15/06/2026 16:40;6,04
15/06/2026 16:45;
15/06/2026 16:50;
15/06/2026 16:55;6,01
15/06/2026 17:00;5,98
15/06/2026 17:05;6,04
15/06/2026 17:10;6,04
15/06/2026 17:15;6,05
15/06/2026 17:20;6,04
15/06/2026 17:25;6,05
15/06/2026 17:30;5,99
15/06/2026 17:35;
15/06/2026 17:40;6,04
15/06/2026 17:45;6,04
15/06/2026 17:50;
15/06/2026 17:55;6,04
15/06/2026 18:00;6,04
15/06/2026 18:05;6,03
15/06/2026 18:10;
15/06/2026 18:15;6,05
15/06/2026 18:20;5,95
15/06/2026 18:25;6,0
15/06/2026 18:30;6,05
15/06/2026 18:35;6,04
15/06/2026 18:40;6,03
15/06/2026 18:45;6,06
15/06/2026 18:50;6,01
15/06/2026 18:55;6,0
15/06/2026 19:00;5,88
15/06/2026 19:05;6,06
15/06/2026 19:10;6,05
15/06/2026 19:15;
15/06/2026 19:20;
15/06/2026 19:25;5,95
15/06/2026 19:30;
15/06/2026 19:35;6,07
15/06/2026 19:40;6,05
15/06/2026 19:45;
15/06/2026 19:50;6,06
15/06/2026 19:55;6,04
15/06/2026 20:00;6,01
15/06/2026 20:05;6,09
15/06/2026 20:10;6,09
15/06/2026 20:15;
15/06/2026 20:20;6,04
15/06/2026 20:25;6,06
15/06/2026 20:30;6,07
15/06/2026 20:35;
15/06/2026 20:40;6,08
15/06/2026 20:45;6,07
15/06/2026 20:50;6,09
15/06/2026 20:55;6,07
15/06/2026 21:00;6,08
15/06/2026 21:05;6,03
15/06/2026 21:10;6,07
15/06/2026 21:15;6,06
15/06/2026 21:20;6,07
15/06/2026 21:25;6,09
15/06/2026 21:30;6,05
15/06/2026 21:35;
15/06/2026 21:40;
15/06/2026 21:45;6,07
15/06/2026 21:50;
15/06/2026 21:55;6,07
15/06/2026 22:00;
15/06/2026 22:05;6,05
15/06/2026 22:10;5,89
15/06/2026 22:15;6,06
15/06/2026 22:20;6,05
15/06/2026 22:25;6,06
15/06/2026 22:30;6,06
15/06/2026 22:35;6,06
15/06/2026 22:40;6,04
15/06/2026 22:45;6,03
15/06/2026 22:50;6,08
15/06/2026 22:55;
15/06/2026 23:00;6,06
15/06/2026 23:05;6,07
15/06/2026 23:10;6,05
15/06/2026 23:15;6,06
15/06/2026 23:20;6,07
15/06/2026 23:25;6,07
15/06/2026 23:30;
15/06/2026 23:35;6,08
15/06/2026 23:40;
15/06/2026 23:45;6,08
15/06/2026 23:50;6,06
15/06/2026 23:55;6,08
16/06/2026 00:00;6,06
16/06/2026 00:05;6,08
16/06/2026 00:10;6,05
16/06/2026 00:15;6,09
16/06/2026 00:20;6,06
16/06/2026 00:25;6,08
16/06/2026 00:30;
16/06/2026 00:35;5,98
16/06/2026 00:40;
16/06/2026 00:45;6,09
16/06/2026 00:50;6,07
16/06/2026 00:55;6,07
16/06/2026 01:00;6,06
16/06/2026 01:05;6,08
16/06/2026 01:10;6,08
16/06/2026 01:15;6,09
16/06/2026 01:20;6,09
16/06/2026 01:25;6,1
16/06/2026 01:30;
16/06/2026 01:35;6,11
16/06/2026 01:40;6,09
16/06/2026 01:45;6,09
16/06/2026 01:50;
16/06/2026 01:55;6,08
16/06/2026 02:00;6,05
16/06/2026 02:05;6,09
16/06/2026 02:10;6,07
16/06/2026 02:15;6,08
16/06/2026 02:20;6,04
16/06/2026 02:25;6,09
16/06/2026 02:30;
16/06/2026 02:35;6,1
16/06/2026 02:40;6,09
16/06/2026 02:45;6,09
16/06/2026 02:50;6,08
16/06/2026 02:55;
16/06/2026 03:00;6,07
16/06/2026 03:05;6,04
16/06/2026 03:10;5,95
16/06/2026 03:15;6,07
16/06/2026 03:20;6,02
16/06/2026 03:25;6,03
16/06/2026 03:30;6,05
16/06/2026 03:35;6,07
16/06/2026 03:40;6,05
16/06/2026 03:45;6,03
16/06/2026 03:50;6,07
16/06/2026 03:55;6,08
16/06/2026 04:00;6,07
16/06/2026 04:05;
16/06/2026 04:10;6,06
16/06/2026 04:15;6,08
16/06/2026 04:20;
16/06/2026 04:25;5,97
16/06/2026 04:30;6,03
16/06/2026 04:35;6,05
16/06/2026 04:40;
16/06/2026 04:45;5,95
16/06/2026 04:50;6,04
16/06/2026 04:55;6,06
16/06/2026 05:00;6,05
16/06/2026 05:05;6,07
16/06/2026 05:10;6,06
16/06/2026 05:15;6,08
16/06/2026 05:20;6,04
16/06/2026 05:25;6,06
16/06/2026 05:30;6,03
16/06/2026 05:35;
16/06/2026 05:40;
16/06/2026 05:45;6,04
16/06/2026 05:50;5,96
16/06/2026 05:55;6,06
16/06/2026 06:00;6,03
16/06/2026 06:05;6,04
16/06/2026 06:10;5,89
16/06/2026 06:15;6,06
16/06/2026 06:20;
16/06/2026 06:25;6,05
16/06/2026 06:30;
16/06/2026 06:35;6,07
16/06/2026 06:40;6,07
16/06/2026 06:45;6,05
16/06/2026 06:50;6,07
16/06/2026 06:55;
16/06/2026 07:00;6,06
16/06/2026 07:05;
16/06/2026 07:10;6,06
16/06/2026 07:15;6,06
16/06/2026 07:20;6,07
16/06/2026 07:25;6,07
16/06/2026 07:30;6,07
16/06/2026 07:35;6,04
16/06/2026 07:40;6,07
16/06/2026 07:45;6,06
16/06/2026 07:50;6,05
16/06/2026 07:55;5,88
16/06/2026 08:00;
16/06/2026 08:05;6,05
16/06/2026 08:10;6,06
16/06/2026 08:15;6,05
16/06/2026 08:20;6,04
16/06/2026 08:25;6,04
16/06/2026 08:30;6,03
16/06/2026 08:35;
16/06/2026 08:40;6,06
16/06/2026 08:45;6,07
16/06/2026 08:50;
16/06/2026 08:55;6,08
16/06/2026 09:00;
16/06/2026 09:05;6,06
16/06/2026 09:10;
16/06/2026 09:15;6,06
16/06/2026 09:20;
16/06/2026 09:25;6,06
16/06/2026 09:30;
16/06/2026 09:35;6,06
16/06/2026 09:40;
16/06/2026 09:45;6,04
16/06/2026 09:50;6,02
16/06/2026 09:55;
16/06/2026 10:00;6,07
16/06/2026 10:05;6,05
16/06/2026 10:10;5,91
16/06/2026 10:15;
16/06/2026 10:20;
16/06/2026 10:25;5,92
16/06/2026 10:30;5,88
16/06/2026 10:35;6,05
16/06/2026 10:40;6,06
16/06/2026 10:45;6,06
16/06/2026 10:50;
16/06/2026 10:55;6,05
16/06/2026 11:00;6,06
16/06/2026 11:05;6,05
16/06/2026 11:10;6,04
16/06/2026 11:15;6,05
16/06/2026 11:20;6,05
16/06/2026 11:25;5,99
16/06/2026 11:30;6,07
16/06/2026 11:35;6,07
16/06/2026 11:40;6,06
16/06/2026 11:45;6,06
16/06/2026 11:50;6,06
16/06/2026 11:55;6,05
16/06/2026 12:00;6,05
16/06/2026 12:05;
16/06/2026 12:10;6,04
16/06/2026 12:15;6,04
16/06/2026 12:20;6,03
16/06/2026 12:25;6,03
16/06/2026 12:30;6,03
16/06/2026 12:35;6,05
16/06/2026 12:40;6,05
16/06/2026 12:45;6,03
16/06/2026 12:50;6,05
16/06/2026 12:55;6,05
16/06/2026 13:00;
16/06/2026 13:05;6,04
16/06/2026 13:10;
16/06/2026 13:15;6,02
16/06/2026 13:20;
16/06/2026 13:25;6,06
16/06/2026 13:30;5,92
16/06/2026 13:35;6,07
16/06/2026 13:40;6,08
16/06/2026 13:45;6,08
16/06/2026 13:50;6,05
16/06/2026 13:55;
16/06/2026 14:00;6,08
16/06/2026 14:05;
16/06/2026 14:10;6,06
16/06/2026 14:15;
16/06/2026 14:20;
16/06/2026 14:25;6,08
16/06/2026 14:30;
16/06/2026 14:35;5,97
16/06/2026 14:40;6,05
16/06/2026 14:45;6,01
16/06/2026 14:50;
16/06/2026 14:55;6,07
16/06/2026 15:00;
16/06/2026 15:05;5,96
16/06/2026 15:10;6,0
16/06/2026 15:15;6,08
16/06/2026 15:20;5,99
16/06/2026 15:25;6,06
16/06/2026 15:30;
16/06/2026 15:35;6,03
16/06/2026 15:40;6,05
16/06/2026 15:45;6,06
16/06/2026 15:50;
16/06/2026 15:55;6,05
16/06/2026 16:00;6,06
16/06/2026 16:05;
16/06/2026 16:10;6,06
16/06/2026 16:15;6,06
16/06/2026 16:20;6,07
16/06/2026 16:25;
16/06/2026 16:30;
16/06/2026 16:35;6,06
16/06/2026 16:40;6,04
16/06/2026 16:45;5,95
16/06/2026 16:50;6,05
16/06/2026 16:55;6,04
16/06/2026 17:00;6,05
16/06/2026 17:05;5,99
16/06/2026 17:10;6,06
16/06/2026 17:15;6,05
16/06/2026 17:20;6,04
16/06/2026 17:25;6,06
16/06/2026 17:30;
16/06/2026 17:35;6,06
16/06/2026 17:40;6,07
16/06/2026 17:45;6,07
16/06/2026 17:50;6,04
16/06/2026 17:55;6,07
16/06/2026 18:00;6,07
16/06/2026 18:05;6,07
16/06/2026 18:10;6,06
16/06/2026 18:15;6,08
16/06/2026 18:20;6,07
16/06/2026 18:25;6,06
16/06/2026 18:30;5,96
16/06/2026 18:35;
16/06/2026 18:40;5,89
16/06/2026 18:45;
16/06/2026 18:50;6,08
16/06/2026 18:55;5,92
16/06/2026 19:00;6,1
16/06/2026 19:05;5,94
16/06/2026 19:10;6,1
16/06/2026 19:15;6,07
16/06/2026 19:20;6,08
16/06/2026 19:25;6,09
16/06/2026 19:30;6,08
16/06/2026 19:35;6,09
16/06/2026 19:40;
16/06/2026 19:45;6,03
16/06/2026 19:50;6,09
16/06/2026 19:55;6,06
16/06/2026 20:00;6,09
16/06/2026 20:05;6,09
16/06/2026 20:10;
16/06/2026 20:15;6,09
16/06/2026 20:20;6,1
16/06/2026 20:25;6,12
16/06/2026 20:30;6,12
16/06/2026 20:35;6,13
16/06/2026 20:40;6,12
16/06/2026 20:45;6,1
16/06/2026 20:50;6,09
16/06/2026 20:55;
16/06/2026 21:00;6,1
16/06/2026 21:05;6,08
16/06/2026 21:10;6,08
16/06/2026 21:15;6,08
16/06/2026 21:20;6,09
16/06/2026 21:25;6,08
16/06/2026 21:30;6,08
16/06/2026 21:35;6,09
16/06/2026 21:40;6,11
16/06/2026 21:45;
16/06/2026 21:50;6,12
16/06/2026 21:55;6,12
16/06/2026 22:00;6,09
16/06/2026 22:05;
16/06/2026 22:10;
16/06/2026 22:15;6,1
16/06/2026 22:20;6,08
16/06/2026 22:25;6,1
16/06/2026 22:30;6,11
16/06/2026 22:35;6,12
16/06/2026 22:40;6,12
16/06/2026 22:45;6,09
16/06/2026 22:50;6,09
16/06/2026 22:55;6,11
16/06/2026 23:00;6,13
16/06/2026 23:05;6,1
16/06/2026 23:10;6,13
16/06/2026 23:15;6,02
16/06/2026 23:20;6,1
16/06/2026 23:25;6,1
16/06/2026 23:30;6,09
16/06/2026 23:35;6,04
16/06/2026 23:40;6,1
16/06/2026 23:45;
16/06/2026 23:50;6,11
16/06/2026 23:55;6,1
17/06/2026 00:00;6,1
17/06/2026 00:05;6,08
17/06/2026 00:10;6,11
17/06/2026 00:15;
17/06/2026 00:20;6,11
17/06/2026 00:25;6,12
17/06/2026 00:30;
17/06/2026 00:35;6,12
17/06/2026 00:40;6,11
17/06/2026 00:45;6,11
17/06/2026 00:50;6,11
17/06/2026 00:55;6,11
17/06/2026 01:00;6,09
17/06/2026 01:05;6,1
17/06/2026 01:10;6,09
17/06/2026 01:15;6,1
17/06/2026 01:20;6,09
17/06/2026 01:25;6,1
17/06/2026 01:30;6,09
17/06/2026 01:35;
17/06/2026 01:40;6,08
17/06/2026 01:45;6,12
17/06/2026 01:50;6,1
17/06/2026 01:55;6,12
17/06/2026 02:00;6,09
17/06/2026 02:05;6,09
17/06/2026 02:10;6,1
17/06/2026 02:15;
17/06/2026 02:20;6,1
17/06/2026 02:25;6,07
17/06/2026 02:30;6,02
17/06/2026 02:35;6,08
17/06/2026 02:40;6,05
17/06/2026 02:45;6,09
17/06/2026 02:50;6,08
17/06/2026 02:55;6,09
17/06/2026 03:00;6,09
17/06/2026 03:05;6,09
17/06/2026 03:10;6,09
17/06/2026 03:15;6,1
17/06/2026 03:20;6,09
17/06/2026 03:25;6,09
17/06/2026 03:30;
17/06/2026 03:35;6,09
17/06/2026 03:40;6,08
17/06/2026 03:45;6,04
17/06/2026 03:50;6,05
17/06/2026 03:55;6,03
17/06/2026 04:00;6,08
17/06/2026 04:05;6,09
17/06/2026 04:10;6,1
17/06/2026 04:15;6,1
17/06/2026 04:20;6,08
17/06/2026 04:25;
17/06/2026 04:30;6,07
17/06/2026 04:35;6,09
17/06/2026 04:40;6,07
17/06/2026 04:45;6,08
17/06/2026 04:50;6,05
17/06/2026 04:55;
17/06/2026 05:00;5,92
17/06/2026 05:05;6,05
17/06/2026 05:10;
17/06/2026 05:15;6,03
17/06/2026 05:20;6,08
17/06/2026 05:25;6,1
17/06/2026 05:30;
17/06/2026 05:35;6,08
17/06/2026 05:40;6,06
17/06/2026 05:45;6,07
17/06/2026 05:50;6,08
17/06/2026 05:55;6,08
17/06/2026 06:00;
17/06/2026 06:05;6,07
17/06/2026 06:10;6,09
17/06/2026 06:15;6,09
17/06/2026 06:20;6,06
17/06/2026 06:25;6,07
17/06/2026 06:30;6,07
17/06/2026 06:35;6,07
17/06/2026 06:40;6,05
17/06/2026 06:45;6,09
17/06/2026 06:50;6,08
17/06/2026 06:55;6,07
17/06/2026 07:00;6,08
17/06/2026 07:05;6,08
17/06/2026 07:10;6,03
17/06/2026 07:15;6,06
17/06/2026 07:20;6,06
17/06/2026 07:25;6,06
17/06/2026 07:30;6,07
17/06/2026 07:35;6,07
17/06/2026 07:40;6,05
17/06/2026 07:45;6,03
17/06/2026 07:50;6,06
17/06/2026 07:55;6,04
17/06/2026 08:00;6,07
17/06/2026 08:05;6,07
17/06/2026 08:10;6,07
17/06/2026 08:15;
17/06/2026 08:20;6,05
17/06/2026 08:25;6,08
17/06/2026 08:30;6,08
17/06/2026 08:35;6,07
17/06/2026 08:40;6,04
17/06/2026 08:45;6,05
17/06/2026 08:50;
17/06/2026 08:55;6,06
17/06/2026 09:00;6,05
17/06/2026 09:05;6,03
17/06/2026 09:10;6,05
17/06/2026 09:15;5,97
17/06/2026 09:20;6,02
17/06/2026 09:25;6,06
17/06/2026 09:30;6,07
17/06/2026 09:35;6,06
17/06/2026 09:40;6,05
17/06/2026 09:45;6,06
17/06/2026 09:50;6,06
17/06/2026 09:55;6,05
17/06/2026 10:00;6,05
17/06/2026 10:05;6,05
17/06/2026 10:10;6,05
17/06/2026 10:15;6,06
17/06/2026 10:20;6,05
17/06/2026 10:25;6,03
17/06/2026 10:30;
17/06/2026 10:35;6,04
17/06/2026 10:40;6,06
17/06/2026 10:45;6,06
17/06/2026 10:50;6,06
17/06/2026 10:55;6,06
17/06/2026 11:00;6,05
17/06/2026 11:05;6,05
17/06/2026 11:10;5,94
17/06/2026 11:15;
17/06/2026 11:20;6,03
17/06/2026 11:25;6,06
17/06/2026 11:30;6,06
17/06/2026 11:35;6,03
17/06/2026 11:40;6,05
17/06/2026 11:45;
17/06/2026 11:50;6,04
17/06/2026 11:55;6,06
17/06/2026 12:00;6,03
17/06/2026 12:05;6,06
17/06/2026 12:10;6,07
17/06/2026 12:15;
17/06/2026 12:20;6,07
17/06/2026 12:25;6,05
17/06/2026 12:30;6,06
17/06/2026 12:35;6,05
17/06/2026 12:40;6,04
17/06/2026 12:45;6,05
17/06/2026 12:50;6,04
17/06/2026 12:55;6,05
17/06/2026 13:00;6,04
17/06/2026 13:05;
17/06/2026 13:10;6,06
17/06/2026 13:15;6,0
17/06/2026 13:20;5,89
17/06/2026 13:25;6,07
17/06/2026 13:30;6,07
17/06/2026 13:35;6,04
17/06/2026 13:40;6,06
17/06/2026 13:45;6,06
17/06/2026 13:50;5,99
17/06/2026 13:55;6,05
17/06/2026 14:00;6,07
17/06/2026 14:05;
17/06/2026 14:10;6,07
17/06/2026 14:15;6,06
17/06/2026 14:20;
17/06/2026 14:25;5,91
17/06/2026 14:30;6,07
17/06/2026 14:35;6,07
17/06/2026 14:40;6,04
17/06/2026 14:45;6,04
17/06/2026 14:50;6,05
17/06/2026 14:55;6,05
17/06/2026 15:00;5,96
17/06/2026 15:05;
17/06/2026 15:10;6,06
17/06/2026 15:15;6,06
17/06/2026 15:20;6,04
17/06/2026 15:25;6,05
17/06/2026 15:30;6,05
17/06/2026 15:35;6,06
17/06/2026 15:40;6,06
17/06/2026 15:45;6,07
17/06/2026 15:50;6,06
17/06/2026 15:55;6,05
17/06/2026 16:00;6,06
17/06/2026 16:05;6,03
17/06/2026 16:10;6,06
17/06/2026 16:15;6,05
17/06/2026 16:20;6,04
17/06/2026 16:25;5,98
17/06/2026 16:30;5,9
17/06/2026 16:35;6,06
17/06/2026 16:40;
17/06/2026 16:45;
17/06/2026 16:50;6,04
17/06/2026 16:55;6,06
17/06/2026 17:00;6,05
17/06/2026 17:05;6,02
17/06/2026 17:10;5,94
17/06/2026 17:15;6,06
17/06/2026 17:20;6,05
17/06/2026 17:25;6,04
17/06/2026 17:30;6,05
17/06/2026 17:35;6,06
17/06/2026 17:40;
17/06/2026 17:45;6,05
17/06/2026 17:50;6,05
17/06/2026 17:55;5,89
17/06/2026 18:00;6,04
17/06/2026 18:05;6,02
17/06/2026 18:10;6,06
17/06/2026 18:15;6,05
17/06/2026 18:20;
17/06/2026 18:25;6,04
17/06/2026 18:30;6,06
17/06/2026 18:35;6,03
17/06/2026 18:40;
17/06/2026 18:45;6,02
17/06/2026 18:50;6,04
17/06/2026 18:55;6,05
17/06/2026 19:00;
17/06/2026 19:05;6,02
17/06/2026 19:10;6,03
17/06/2026 19:15;6,03
17/06/2026 19:20;6,03
17/06/2026 19:25;6,03
17/06/2026 19:30;6,05
17/06/2026 19:35;6,05
17/06/2026 19:40;
17/06/2026 19:45;6,06
17/06/2026 19:50;
17/06/2026 19:55;6,03
17/06/2026 20:00;6,05
17/06/2026 20:05;5,98
17/06/2026 20:10;6,06
17/06/2026 20:15;6,05
17/06/2026 20:20;6,03
17/06/2026 20:25;6,06
17/06/2026 20:30;5,97
17/06/2026 20:35;
17/06/2026 20:40;6,02
17/06/2026 20:45;6,04
17/06/2026 20:50;6,06
17/06/2026 20:55;
17/06/2026 21:00;6,04
17/06/2026 21:05;6,07
17/06/2026 21:10;6,05
17/06/2026 21:15;6,06
17/06/2026 21:20;6,04
17/06/2026 21:25;6,04
17/06/2026 21:30;
17/06/2026 21:35;6,03
17/06/2026 21:40;6,03
17/06/2026 21:45;6,05
17/06/2026 21:50;
17/06/2026 21:55;6,06
17/06/2026 22:00;6,06
17/06/2026 22:05;
17/06/2026 22:10;6,06
17/06/2026 22:15;5,9
17/06/2026 22:20;6,06
17/06/2026 22:25;
17/06/2026 22:30;6,06
17/06/2026 22:35;6,04
17/06/2026 22:40;
17/06/2026 22:45;6,03
17/06/2026 22:50;6,08
17/06/2026 22:55;
17/06/2026 23:00;6,03
17/06/2026 23:05;6,05
17/06/2026 23:10;6,07
17/06/2026 23:15;6,02
17/06/2026 23:20;
17/06/2026 23:25;6,05
17/06/2026 23:30;6,07
17/06/2026 23:35;6,08
17/06/2026 23:40;6,04
17/06/2026 23:45;6,07
17/06/2026 23:50;
17/06/2026 23:55;6,04
18/06/2026 00:00;6,04
18/06/2026 00:05;6,05
18/06/2026 00:10;6,09
18/06/2026 00:15;6,04
18/06/2026 00:20;
18/06/2026 00:25;6,06
18/06/2026 00:30;6,05
18/06/2026 00:35;6,07
18/06/2026 00:40;6,08
18/06/2026 00:45;6,08
18/06/2026 00:50;6,08
18/06/2026 00:55;6,07
18/06/2026 01:00;6,07
18/06/2026 01:05;6,07
18/06/2026 01:10;6,07
18/06/2026 01:15;6,08
18/06/2026 01:20;6,09
18/06/2026 01:25;6,07
18/06/2026 01:30;6,08
18/06/2026 01:35;6,04
18/06/2026 01:40;6,03
18/06/2026 01:45;6,05
18/06/2026 01:50;6,05
18/06/2026 01:55;6,06
18/06/2026 02:00;6,08
18/06/2026 02:05;6,07
18/06/2026 02:10;6,05
18/06/2026 02:15;6,08
18/06/2026 02:20;
18/06/2026 02:25;6,07
18/06/2026 02:30;6,04
18/06/2026 02:35;6,04
18/06/2026 02:40;6,07
18/06/2026 02:45;6,07
18/06/2026 02:50;6,09
18/06/2026 02:55;6,06
18/06/2026 03:00;6,07
18/06/2026 03:05;
18/06/2026 03:10;
18/06/2026 03:15;6,08
18/06/2026 03:20;6,08
18/06/2026 03:25;6,1
18/06/2026 03:30;
18/06/2026 03:35;6,05
18/06/2026 03:40;6,09
18/06/2026 03:45;6,08
18/06/2026 03:50;6,09
18/06/2026 03:55;6,08
18/06/2026 04:00;6,05
18/06/2026 04:05;6,07
18/06/2026 04:10;6,08
18/06/2026 04:15;6,07
18/06/2026 04:20;6,06
18/06/2026 04:25;6,05
18/06/2026 04:30;
18/06/2026 04:35;
18/06/2026 04:40;6,06
18/06/2026 04:45;
18/06/2026 04:50;
18/06/2026 04:55;
18/06/2026 05:00;
18/06/2026 05:05;
18/06/2026 05:10;
18/06/2026 05:15;
18/06/2026 05:20;5,91
18/06/2026 05:25;
18/06/2026 05:30;
18/06/2026 05:35;6,04
18/06/2026 05:40;
18/06/2026 05:45;6,03
18/06/2026 05:50;6,05
18/06/2026 05:55;
18/06/2026 06:00;5,98
18/06/2026 06:05;5,88
18/06/2026 06:10;5,98
18/06/2026 06:15;6,04
18/06/2026 06:20;6,03
18/06/2026 06:25;6,03
18/06/2026 06:30;6,06
18/06/2026 06:35;6,02
18/06/2026 06:40;5,98
18/06/2026 06:45;6,04
18/06/2026 06:50;6,05
18/06/2026 06:55;
18/06/2026 07:00;5,9
18/06/2026 07:05;5,99
18/06/2026 07:10;6,01
18/06/2026 07:15;
18/06/2026 07:20;6,03
18/06/2026 07:25;
18/06/2026 07:30;6,05
18/06/2026 07:35;
18/06/2026 07:40;6,03
18/06/2026 07:45;
18/06/2026 07:50;6,02
18/06/2026 07:55;
18/06/2026 08:00;5,89
18/06/2026 08:05;
18/06/2026 08:10;6,04
18/06/2026 08:15;
18/06/2026 08:20;
18/06/2026 08:25;6,01
18/06/2026 08:30;5,9
18/06/2026 08:35;5,93
18/06/2026 08:40;6,04
18/06/2026 08:45;6,03
18/06/2026 08:50;6,05
18/06/2026 08:55;5,94
18/06/2026 09:00;6,03
18/06/2026 09:05;
18/06/2026 09:10;
18/06/2026 09:15;6,04
18/06/2026 09:20;6,04
18/06/2026 09:25;6,03
18/06/2026 09:30;6,04
18/06/2026 09:35;6,04
18/06/2026 09:40;6,02
18/06/2026 09:45;5,9
18/06/2026 09:50;6,04
18/06/2026 09:55;6,02
18/06/2026 10:00;6,06
18/06/2026 10:05;6,06
18/06/2026 10:10;6,05
18/06/2026 10:15;6,03
18/06/2026 10:20;
18/06/2026 10:25;6,03
18/06/2026 10:30;6,06
18/06/2026 10:35;6,02
18/06/2026 10:40;6,05
18/06/2026 10:45;6,03
18/06/2026 10:50;6,06
18/06/2026 10:55;6,05
18/06/2026 11:00;6,05
18/06/2026 11:05;6,04
18/06/2026 11:10;6,06
18/06/2026 11:15;6,06
18/06/2026 11:20;6,06
18/06/2026 11:25;6,06
18/06/2026 11:30;6,03
18/06/2026 11:35;6,04
18/06/2026 11:40;5,98
18/06/2026 11:45;6,06
18/06/2026 11:50;5,97
18/06/2026 11:55;6,05
18/06/2026 12:00;6,03
18/06/2026 12:05;
18/06/2026 12:10;6,05
18/06/2026 12:15;
18/06/2026 12:20;6,03
18/06/2026 12:25;
18/06/2026 12:30;6,01
18/06/2026 12:35;6,01
18/06/2026 12:40;6,04
18/06/2026 12:45;6,03
18/06/2026 12:50;6,06
18/06/2026 12:55;
18/06/2026 13:00;6,03
18/06/2026 13:05;6,02
18/06/2026 13:10;6,05
18/06/2026 13:15;
18/06/2026 13:20;6,0
18/06/2026 13:25;
18/06/2026 13:30;6,02
18/06/2026 13:35;6,02
18/06/2026 13:40;
18/06/2026 13:45;6,03
18/06/2026 13:50;6,04
18/06/2026 13:55;6,02
18/06/2026 14:00;6,05
18/06/2026 14:05;6,04
18/06/2026 14:10;6,05
18/06/2026 14:15;5,94
18/06/2026 14:20;6,01
18/06/2026 14:25;6,04
18/06/2026 14:30;6,04
18/06/2026 14:35;6,04
18/06/2026 14:40;
18/06/2026 14:45;6,02
18/06/2026 14:50;
18/06/2026 14:55;
18/06/2026 15:00;6,05
18/06/2026 15:05;
18/06/2026 15:10;6,01
18/06/2026 15:15;5,99
18/06/2026 15:20;6,06
18/06/2026 15:25;5,99
18/06/2026 15:30;6,04
18/06/2026 15:35;
18/06/2026 15:40;
18/06/2026 15:45;6,05
18/06/2026 15:50;
18/06/2026 15:55;5,96
18/06/2026 16:00;6,04
18/06/2026 16:05;
18/06/2026 16:10;6,04
18/06/2026 16:15;6,05
18/06/2026 16:20;
18/06/2026 16:25;6,06
18/06/2026 16:30;
18/06/2026 16:35;5,93
18/06/2026 16:40;
18/06/2026 16:45;
18/06/2026 16:50;6,06
18/06/2026 16:55;6,03
18/06/2026 17:00;
18/06/2026 17:05;
18/06/2026 17:10;
18/06/2026 17:15;6,07
18/06/2026 17:20;6,07
18/06/2026 17:25;6,07
18/06/2026 17:30;6,08
18/06/2026 17:35;6,05
18/06/2026 17:40;6,05
18/06/2026 17:45;6,06
18/06/2026 17:50;6,07
18/06/2026 17:55;6,05
18/06/2026 18:00;6,06
18/06/2026 18:05;5,94
18/06/2026 18:10;6,07
18/06/2026 18:15;5,99
18/06/2026 18:20;6,08
18/06/2026 18:25;6,04
18/06/2026 18:30;6,05
18/06/2026 18:35;5,94
18/06/2026 18:40;6,07
18/06/2026 18:45;6,07
18/06/2026 18:50;6,07
18/06/2026 18:55;6,03
18/06/2026 19:00;6,06
18/06/2026 19:05;5,98
18/06/2026 19:10;6,07
18/06/2026 19:15;
18/06/2026 19:20;
18/06/2026 19:25;6,04
18/06/2026 19:30;6,05
18/06/2026 19:35;5,94
18/06/2026 19:40;
18/06/2026 19:45;
18/06/2026 19:50;5,92
18/06/2026 19:55;
18/06/2026 20:00;
18/06/2026 20:05;5,91
18/06/2026 20:10;6,08
18/06/2026 20:15;
18/06/2026 20:20;
18/06/2026 20:25;
18/06/2026 20:30;6,06
18/06/2026 20:35;6,06
18/06/2026 20:40;6,06
18/06/2026 20:45;
18/06/2026 20:50;6,06
18/06/2026 20:55;6,04
18/06/2026 21:00;6,05
18/06/2026 21:05;6,06
18/06/2026 21:10;6,07
18/06/2026 21:15;
18/06/2026 21:20;5,97
18/06/2026 21:25;6,05
18/06/2026 21:30;6,0
18/06/2026 21:35;6,06
18/06/2026 21:40;6,04
18/06/2026 21:45;6,07
18/06/2026 21:50;6,05
18/06/2026 21:55;6,03
18/06/2026 22:00;6,06
18/06/2026 22:05;6,06
18/06/2026 22:10;5,98
18/06/2026 22:15;6,04
18/06/2026 22:20;6,04
18/06/2026 22:25;
18/06/2026 22:30;6,06
18/06/2026 22:35;6,07
18/06/2026 22:40;6,06
18/06/2026 22:45;6,05
18/06/2026 22:50;6,08
18/06/2026 22:55;6,07
18/06/2026 23:00;6,04
18/06/2026 23:05;6,05
18/06/2026 23:10;6,08
18/06/2026 23:15;6,06
18/06/2026 23:20;6,06
18/06/2026 23:25;6,0
18/06/2026 23:30;6,09
18/06/2026 23:35;6,03
18/06/2026 23:40;6,07
18/06/2026 23:45;6,05
18/06/2026 23:50;6,07
18/06/2026 23:55;6,08
19/06/2026 00:00;6,05
19/06/2026 00:05;6,05
19/06/2026 00:10;6,09
19/06/2026 00:15;6,08
19/06/2026 00:20;6,06
19/06/2026 00:25;6,05
19/06/2026 00:30;6,06
19/06/2026 00:35;6,06
19/06/2026 00:40;5,88
19/06/2026 00:45;6,05
19/06/2026 00:50;6,08
19/06/2026 00:55;6,05
19/06/2026 01:00;6,07
19/06/2026 01:05;6,07
19/06/2026 01:10;6,07
19/06/2026 01:15;6,09
19/06/2026 01:20;6,07
19/06/2026 01:25;6,05
19/06/2026 01:30;6,07
19/06/2026 01:35;6,05
19/06/2026 01:40;6,09
19/06/2026 01:45;6,05
19/06/2026 01:50;
19/06/2026 01:55;6,06
19/06/2026 02:00;5,97
19/06/2026 02:05;6,04
19/06/2026 02:10;6,06
19/06/2026 02:15;6,05
19/06/2026 02:20;6,05
19/06/2026 02:25;6,04
19/06/2026 02:30;
19/06/2026 02:35;6,04
19/06/2026 02:40;
19/06/2026 02:45;6,05
19/06/2026 02:50;
19/06/2026 02:55;
19/06/2026 03:00;6,0
19/06/2026 03:05;6,05
19/06/2026 03:10;6,05
19/06/2026 03:15;6,04
19/06/2026 03:20;
19/06/2026 03:25;6,0
19/06/2026 03:30;
19/06/2026 03:35;6,06
19/06/2026 03:40;6,02
19/06/2026 03:45;6,06
19/06/2026 03:50;6,07
19/06/2026 03:55;6,02
19/06/2026 04:00;6,01
19/06/2026 04:05;6,03
19/06/2026 04:10;5,98
19/06/2026 04:15;6,02
19/06/2026 04:20;6,05
19/06/2026 04:25;6,04
19/06/2026 04:30;
19/06/2026 04:35;6,04
19/06/2026 04:40;6,02
19/06/2026 04:45;6,01
19/06/2026 04:50;5,92
19/06/2026 04:55;
19/06/2026 05:00;5,98
19/06/2026 05:05;5,9
19/06/2026 05:10;5,96
19/06/2026 05:15;6,06
19/06/2026 05:20;6,02
19/06/2026 05:25;6,04
19/06/2026 05:30;
19/06/2026 05:35;6,02
19/06/2026 05:40;
19/06/2026 05:45;6,02
19/06/2026 05:50;6,05
19/06/2026 05:55;6,04
19/06/2026 06:00;6,04
19/06/2026 06:05;6,0
19/06/2026 06:10;6,03
19/06/2026 06:15;
19/06/2026 06:20;6,05
19/06/2026 06:25;
19/06/2026 06:30;6,03
19/06/2026 06:35;6,04
19/06/2026 06:40;6,04
19/06/2026 06:45;6,03
19/06/2026 06:50;6,04
19/06/2026 06:55;6,03
19/06/2026 07:00;6,02
19/06/2026 07:05;5,95
19/06/2026 07:10;6,03
19/06/2026 07:15;5,97
19/06/2026 07:20;6,0
19/06/2026 07:25;6,03
19/06/2026 07:30;6,02
19/06/2026 07:35;6,0
19/06/2026 07:40;5,94
19/06/2026 07:45;5,93
19/06/2026 07:50;6,0
19/06/2026 07:55;5,98
19/06/2026 08:00;
19/06/2026 08:05;6,01
19/06/2026 08:10;
19/06/2026 08:15;6,0
19/06/2026 08:20;5,95
19/06/2026 08:25;
19/06/2026 08:30;6,02
19/06/2026 08:35;5,99
19/06/2026 08:40;
19/06/2026 08:45;6,01
19/06/2026 08:50;
19/06/2026 08:55;5,89
19/06/2026 09:00;5,97
19/06/2026 09:05;6,02
19/06/2026 09:10;
19/06/2026 09:15;6,01
19/06/2026 09:20;
19/06/2026 09:25;6,02
19/06/2026 09:30;5,94
19/06/2026 09:35;6,01
19/06/2026 09:40;6,01
19/06/2026 09:45;6,0
19/06/2026 09:50;6,04
19/06/2026 09:55;
19/06/2026 10:00;
19/06/2026 10:05;6,02
19/06/2026 10:10;
19/06/2026 10:15;
19/06/2026 10:20;
19/06/2026 10:25;6,02
19/06/2026 10:30;5,92
19/06/2026 10:35;6,01
19/06/2026 10:40;
19/06/2026 10:45;6,03
19/06/2026 10:50;5,97
19/06/2026 10:55;6,01
19/06/2026 11:00;5,99
19/06/2026 11:05;6,0
19/06/2026 11:10;6,04
19/06/2026 11:15;6,01
19/06/2026 11:20;5,98
19/06/2026 11:25;6,02
19/06/2026 11:30;
19/06/2026 11:35;6,01
19/06/2026 11:40;
19/06/2026 11:45;
19/06/2026 11:50;5,99
19/06/2026 11:55;5,98
19/06/2026 12:00;5,99
19/06/2026 12:05;
19/06/2026 12:10;5,99
19/06/2026 12:15;6,03
19/06/2026 12:20;5,96
19/06/2026 12:25;6,01
19/06/2026 12:30;6,03
19/06/2026 12:35;6,02
19/06/2026 12:40;
19/06/2026 12:45;6,02
19/06/2026 12:50;
19/06/2026 12:55;6,0
19/06/2026 13:00;6,01
19/06/2026 13:05;6,02
19/06/2026 13:10;6,04
19/06/2026 13:15;6,0
19/06/2026 13:20;
19/06/2026 13:25;6,01
19/06/2026 13:30;
19/06/2026 13:35;6,0
19/06/2026 13:40;6,0
19/06/2026 13:45;5,99
19/06/2026 13:50;
19/06/2026 13:55;6,01
19/06/2026 14:00;5,99
19/06/2026 14:05;6,03
19/06/2026 14:10;
19/06/2026 14:15;6,03
19/06/2026 14:20;
19/06/2026 14:25;6,0
19/06/2026 14:30;5,99
19/06/2026 14:35;6,04
19/06/2026 14:40;5,98
19/06/2026 14:45;6,01
19/06/2026 14:50;5,95
19/06/2026 14:55;5,92
19/06/2026 15:00;6,04
19/06/2026 15:05;6,04
19/06/2026 15:10;6,0
19/06/2026 15:15;6,01
19/06/2026 15:20;6,04
19/06/2026 15:25;6,04
19/06/2026 15:30;6,05
19/06/2026 15:35;6,0
19/06/2026 15:40;6,02
19/06/2026 15:45;6,03
19/06/2026 15:50;6,08
19/06/2026 15:55;6,04
19/06/2026 16:00;6,04
19/06/2026 16:05;6,04
19/06/2026 16:10;6,03
19/06/2026 16:15;6,02
19/06/2026 16:20;6,01
19/06/2026 16:25;6,04
19/06/2026 16:30;6,05
19/06/2026 16:35;5,98
19/06/2026 16:40;6,03
19/06/2026 16:45;
19/06/2026 16:50;6,04
19/06/2026 16:55;
19/06/2026 17:00;5,99
19/06/2026 17:05;5,92
19/06/2026 17:10;6,01
19/06/2026 17:15;6,02
19/06/2026 17:20;5,99
19/06/2026 17:25;6,02
19/06/2026 17:30;
19/06/2026 17:35;6,01
19/06/2026 17:40;6,04
19/06/2026 17:45;6,02
19/06/2026 17:50;
19/06/2026 17:55;6,02
19/06/2026 18:00;6,0
19/06/2026 18:05;6,04
19/06/2026 18:10;6,02
19/06/2026 18:15;6,03
19/06/2026 18:20;6,01
19/06/2026 18:25;6,02
19/06/2026 18:30;6,02
19/06/2026 18:35;6,01
19/06/2026 18:40;6,06
19/06/2026 18:45;
19/06/2026 18:50;
19/06/2026 18:55;6,03
19/06/2026 19:00;6,04
19/06/2026 19:05;
19/06/2026 19:10;6,03
19/06/2026 19:15;6,04
19/06/2026 19:20;5,97
19/06/2026 19:25;
19/06/2026 19:30;6,02
19/06/2026 19:35;
19/06/2026 19:40;6,0
19/06/2026 19:45;5,99
19/06/2026 19:50;6,06
19/06/2026 19:55;
19/06/2026 20:00;5,92
19/06/2026 20:05;
19/06/2026 20:10;6,05
19/06/2026 20:15;6,0
19/06/2026 20:20;6,02
19/06/2026 20:25;6,03
19/06/2026 20:30;
19/06/2026 20:35;
19/06/2026 20:40;
19/06/2026 20:45;
19/06/2026 20:50;6,06
19/06/2026 20:55;
19/06/2026 21:00;6,01
19/06/2026 21:05;
19/06/2026 21:10;6,05
19/06/2026 21:15;6,01
19/06/2026 21:20;6,08
19/06/2026 21:25;
19/06/2026 21:30;5,97
19/06/2026 21:35;6,01
19/06/2026 21:40;
19/06/2026 21:45;6,03
19/06/2026 21:50;6,0
19/06/2026 21:55;
19/06/2026 22:00;6,01
19/06/2026 22:05;
19/06/2026 22:10;6,02
19/06/2026 22:15;6,03
19/06/2026 22:20;6,04
19/06/2026 22:25;6,0
19/06/2026 22:30;6,02
19/06/2026 22:35;
19/06/2026 22:40;
19/06/2026 22:45;
19/06/2026 22:50;6,05
19/06/2026 22:55;6,03
19/06/2026 23:00;6,04
19/06/2026 23:05;
19/06/2026 23:10;6,07
19/06/2026 23:15;
19/06/2026 23:20;
19/06/2026 23:25;6,02
19/06/2026 23:30;6,03
19/06/2026 23:35;6,04
19/06/2026 23:40;
19/06/2026 23:45;6,03
19/06/2026 23:50;
19/06/2026 23:55;
20/06/2026 00:00;6,04
20/06/2026 00:05;5,94
20/06/2026 00:10;5,94
20/06/2026 00:15;6,06
20/06/2026 00:20;
20/06/2026 00:25;
20/06/2026 00:30;6,04
20/06/2026 00:35;5,99
20/06/2026 00:40;6,05
20/06/2026 00:45;6,03
20/06/2026 00:50;5,94
20/06/2026 00:55;6,01
20/06/2026 01:00;6,0
20/06/2026 01:05;5,9
20/06/2026 01:10;6,04
20/06/2026 01:15;6,02
20/06/2026 01:20;6,05
20/06/2026 01:25;5,96
20/06/2026 01:30;
20/06/2026 01:35;
20/06/2026 01:40;6,03
20/06/2026 01:45;6,01
20/06/2026 01:50;6,07
20/06/2026 01:55;
20/06/2026 02:00;6,0
20/06/2026 02:05;
20/06/2026 02:10;6,01
20/06/2026 02:15;5,89
20/06/2026 02:20;6,01
20/06/2026 02:25;6,05
20/06/2026 02:30;6,07
20/06/2026 02:35;6,02
20/06/2026 02:40;6,06
20/06/2026 02:45;5,93
20/06/2026 02:50;6,03
20/06/2026 02:55;6,02
20/06/2026 03:00;6,04
20/06/2026 03:05;6,06
20/06/2026 03:10;6,05
20/06/2026 03:15;6,03
20/06/2026 03:20;6,02
20/06/2026 03:25;6,0
20/06/2026 03:30;5,99
20/06/2026 03:35;6,05
20/06/2026 03:40;6,05
20/06/2026 03:45;6,04
20/06/2026 03:50;6,06
20/06/2026 03:55;6,02
20/06/2026 04:00;5,98
20/06/2026 04:05;6,01
20/06/2026 04:10;6,02
20/06/2026 04:15;6,04
20/06/2026 04:20;6,03
20/06/2026 04:25;6,01
20/06/2026 04:30;6,02
20/06/2026 04:35;6,0
20/06/2026 04:40;5,99
20/06/2026 04:45;6,01
20/06/2026 04:50;5,99
20/06/2026 04:55;6,02
20/06/2026 05:00;6,01
20/06/2026 05:05;
20/06/2026 05:10;6,03
20/06/2026 05:15;6,0
20/06/2026 05:20;6,02
20/06/2026 05:25;6,02
20/06/2026 05:30;6,0
20/06/2026 05:35;6,01
20/06/2026 05:40;5,98
20/06/2026 05:45;
20/06/2026 05:50;6,01
20/06/2026 05:55;5,89
20/06/2026 06:00;5,97
20/06/2026 06:05;
20/06/2026 06:10;5,97
20/06/2026 06:15;5,88
20/06/2026 06:20;6,02
20/06/2026 06:25;6,01
20/06/2026 06:30;6,03
20/06/2026 06:35;
20/06/2026 06:40;6,0
20/06/2026 06:45;5,98
20/06/2026 06:50;5,91
20/06/2026 06:55;5,92
20/06/2026 07:00;5,96
20/06/2026 07:05;5,98
20/06/2026 07:10;5,92
20/06/2026 07:15;5,89
20/06/2026 07:20;
20/06/2026 07:25;5,88
20/06/2026 07:30;5,99
20/06/2026 07:35;6,01
20/06/2026 07:40;
20/06/2026 07:45;
20/06/2026 07:50;6,01
20/06/2026 07:55;5,96
20/06/2026 08:00;5,99
20/06/2026 08:05;5,97
20/06/2026 08:10;6,0
20/06/2026 08:15;5,91
20/06/2026 08:20;
20/06/2026 08:25;
20/06/2026 08:30;6,0
20/06/2026 08:35;5,99
20/06/2026 08:40;5,98
20/06/2026 08:45;5,94
20/06/2026 08:50;
20/06/2026 08:55;
20/06/2026 09:00;6,01
20/06/2026 09:05;
20/06/2026 09:10;6,01
20/06/2026 09:15;5,89
20/06/2026 09:20;6,02
20/06/2026 09:25;
20/06/2026 09:30;6,0
20/06/2026 09:35;
20/06/2026 09:40;5,98
20/06/2026 09:45;
20/06/2026 09:50;5,99
20/06/2026 09:55;5,91
20/06/2026 10:00;5,98
20/06/2026 10:05;
20/06/2026 10:10;
20/06/2026 10:15;6,01
20/06/2026 10:20;6,01
20/06/2026 10:25;
20/06/2026 10:30;5,98
20/06/2026 10:35;5,92
20/06/2026 10:40;5,99
20/06/2026 10:45;6,0
20/06/2026 10:50;5,94
20/06/2026 10:55;5,99
20/06/2026 11:00;5,99
20/06/2026 11:05;6,0
20/06/2026 11:10;
20/06/2026 11:15;5,97
20/06/2026 11:20;
20/06/2026 11:25;5,96
20/06/2026 11:30;5,99
20/06/2026 11:35;6,0
20/06/2026 11:40;
20/06/2026 11:45;6,0
20/06/2026 11:50;
20/06/2026 11:55;5,99
20/06/2026 12:00;5,98
20/06/2026 12:05;5,97
20/06/2026 12:10;5,91
20/06/2026 12:15;5,99
20/06/2026 12:20;5,98
20/06/2026 12:25;5,89
20/06/2026 12:30;5,98
20/06/2026 12:35;6,0
20/06/2026 12:40;5,98
20/06/2026 12:45;6,02
20/06/2026 12:50;6,0
20/06/2026 12:55;5,98
20/06/2026 13:00;6,02
20/06/2026 13:05;
20/06/2026 13:10;6,01
20/06/2026 13:15;5,98
20/06/2026 13:20;
20/06/2026 13:25;5,99
20/06/2026 13:30;6,0
20/06/2026 13:35;
20/06/2026 13:40;5,97
20/06/2026 13:45;5,99
20/06/2026 13:50;
20/06/2026 13:55;6,02
20/06/2026 14:00;6,02
20/06/2026 14:05;5,92
20/06/2026 14:10;6,01
20/06/2026 14:15;5,98
20/06/2026 14:20;5,99
20/06/2026 14:25;5,99
20/06/2026 14:30;
20/06/2026 14:35;
20/06/2026 14:40;5,97
20/06/2026 14:45;5,99
20/06/2026 14:50;5,98
20/06/2026 14:55;5,97
20/06/2026 15:00;
20/06/2026 15:05;
20/06/2026 15:10;
20/06/2026 15:15;6,0
20/06/2026 15:20;
20/06/2026 15:25;
20/06/2026 15:30;5,93
20/06/2026 15:35;
20/06/2026 15:40;
20/06/2026 15:45;
20/06/2026 15:50;5,92
20/06/2026 15:55;5,99
20/06/2026 16:00;5,98
20/06/2026 16:05;
20/06/2026 16:10;5,93
20/06/2026 16:15;6,01
20/06/2026 16:20;6,02
20/06/2026 16:25;
20/06/2026 16:30;
20/06/2026 16:35;5,99
20/06/2026 16:40;6,04
20/06/2026 16:45;6,02
20/06/2026 16:50;5,98
20/06/2026 16:55;6,02
20/06/2026 17:00;6,02
20/06/2026 17:05;5,98
20/06/2026 17:10;5,99
20/06/2026 17:15;6,0
20/06/2026 17:20;6,0
20/06/2026 17:25;5,99
20/06/2026 17:30;
20/06/2026 17:35;6,01
20/06/2026 17:40;
20/06/2026 17:45;
20/06/2026 17:50;
20/06/2026 17:55;6,01
20/06/2026 18:00;6,03
20/06/2026 18:05;6,03
20/06/2026 18:10;6,02
20/06/2026 18:15;6,01
20/06/2026 18:20;5,98
20/06/2026 18:25;5,98
20/06/2026 18:30;6,02
20/06/2026 18:35;5,91
20/06/2026 18:40;
20/06/2026 18:45;6,01
20/06/2026 18:50;6,02
20/06/2026 18:55;6,02
20/06/2026 19:00;6,0
20/06/2026 19:05;6,05
20/06/2026 19:10;5,96
20/06/2026 19:15;6,04
20/06/2026 19:20;6,02
20/06/2026 19:25;6,02
20/06/2026 19:30;6,03
20/06/2026 19:35;6,04
20/06/2026 19:40;6,03
20/06/2026 19:45;6,03
20/06/2026 19:50;6,04
20/06/2026 19:55;6,04
20/06/2026 20:00;6,05
20/06/2026 20:05;
20/06/2026 20:10;
20/06/2026 20:15;6,04
20/06/2026 20:20;6,07
20/06/2026 20:25;6,07
20/06/2026 20:30;6,03
20/06/2026 20:35;6,08
20/06/2026 20:40;
20/06/2026 20:45;6,06
20/06/2026 20:50;6,09
20/06/2026 20:55;6,06
20/06/2026 21:00;6,02
20/06/2026 21:05;6,04
20/06/2026 21:10;6,08
20/06/2026 21:15;6,07
20/06/2026 21:20;5,94
20/06/2026 21:25;6,05
20/06/2026 21:30;6,08
20/06/2026 21:35;6,08
20/06/2026 21:40;6,1
20/06/2026 21:45;6,04
20/06/2026 21:50;6,11
20/06/2026 21:55;
20/06/2026 22:00;6,08
20/06/2026 22:05;6,06
20/06/2026 22:10;6,13
20/06/2026 22:15;6,07
20/06/2026 22:20;6,07
20/06/2026 22:25;6,1
20/06/2026 22:30;6,11
20/06/2026 22:35;6,1
20/06/2026 22:40;
20/06/2026 22:45;6,1
20/06/2026 22:50;
20/06/2026 22:55;6,09
20/06/2026 23:00;
20/06/2026 23:05;6,09
20/06/2026 23:10;
20/06/2026 23:15;6,1
20/06/2026 23:20;
20/06/2026 23:25;6,0
20/06/2026 23:30;6,07
20/06/2026 23:35;6,08
20/06/2026 23:40;
20/06/2026 23:45;
20/06/2026 23:50;
20/06/2026 23:55;
21/06/2026 00:00;
21/06/2026 00:05;
21/06/2026 00:10;6,11
21/06/2026 00:15;
21/06/2026 00:20;6,06
21/06/2026 00:25;6,05
21/06/2026 00:30;6,07
21/06/2026 00:35;
21/06/2026 00:40;5,96
21/06/2026 00:45;5,92
21/06/2026 00:50;6,01
21/06/2026 00:55;6,06
21/06/2026 01:00;
21/06/2026 01:05;6,04
21/06/2026 01:10;6,01
21/06/2026 01:15;6,07
21/06/2026 01:20;
21/06/2026 01:25;6,03
21/06/2026 01:30;5,95
21/06/2026 01:35;
21/06/2026 01:40;6,08
21/06/2026 01:45;
21/06/2026 01:50;6,08
21/06/2026 01:55;
21/06/2026 02:00;6,05
21/06/2026 02:05;
21/06/2026 02:10;6,06
21/06/2026 02:15;
21/06/2026 02:20;6,07
21/06/2026 02:25;6,0
21/06/2026 02:30;6,04
21/06/2026 02:35;6,06
21/06/2026 02:40;5,9
21/06/2026 02:45;6,04
21/06/2026 02:50;5,93
21/06/2026 02:55;
21/06/2026 03:00;6,04
21/06/2026 03:05;6,03
21/06/2026 03:10;6,07
21/06/2026 03:15;
21/06/2026 03:20;5,99
21/06/2026 03:25;
21/06/2026 03:30;
21/06/2026 03:35;6,04
21/06/2026 03:40;
21/06/2026 03:45;
21/06/2026 03:50;
21/06/2026 03:55;5,91
21/06/2026 04:00;6,01
21/06/2026 04:05;6,01
21/06/2026 04:10;
21/06/2026 04:15;
21/06/2026 04:20;5,98
21/06/2026 04:25;5,97
21/06/2026 04:30;
21/06/2026 04:35;
21/06/2026 04:40;5,91
21/06/2026 04:45;
21/06/2026 04:50;5,98
21/06/2026 04:55;5,99
21/06/2026 05:00;6,03
21/06/2026 05:05;6,0
21/06/2026 05:10;5,99
21/06/2026 05:15;6,04
21/06/2026 05:20;6,03
21/06/2026 05:25;5,98
21/06/2026 05:30;6,05
21/06/2026 05:35;
21/06/2026 05:40;
21/06/2026 05:45;6,01
21/06/2026 05:50;5,97
21/06/2026 05:55;6,02
21/06/2026 06:00;
21/06/2026 06:05;6,01
21/06/2026 06:10;5,98
21/06/2026 06:15;5,89
21/06/2026 06:20;
21/06/2026 06:25;6,01
21/06/2026 06:30;5,91
21/06/2026 06:35;5,97
21/06/2026 06:40;5,98
21/06/2026 06:45;5,89
21/06/2026 06:50;
21/06/2026 06:55;6,02
21/06/2026 07:00;
21/06/2026 07:05;5,9
21/06/2026 07:10;6,02
21/06/2026 07:15;6,02
21/06/2026 07:20;5,94
21/06/2026 07:25;
21/06/2026 07:30;5,94
21/06/2026 07:35;6,01
21/06/2026 07:40;5,99
21/06/2026 07:45;
21/06/2026 07:50;5,96
21/06/2026 07:55;5,99
21/06/2026 08:00;
21/06/2026 08:05;
21/06/2026 08:10;6,02
21/06/2026 08:15;
21/06/2026 08:20;5,9
21/06/2026 08:25;
21/06/2026 08:30;6,03
21/06/2026 08:35;6,0
21/06/2026 08:40;5,98
21/06/2026 08:45;5,89
21/06/2026 08:50;
21/06/2026 08:55;
21/06/2026 09:00;6,01
21/06/2026 09:05;6,02
21/06/2026 09:10;
21/06/2026 09:15;6,01
21/06/2026 09:20;
21/06/2026 09:25;6,02
21/06/2026 09:30;5,96
21/06/2026 09:35;
21/06/2026 09:40;5,98
21/06/2026 09:45;6,03
21/06/2026 09:50;
21/06/2026 09:55;
21/06/2026 10:00;5,97
21/06/2026 10:05;5,99
21/06/2026 10:10;5,97
21/06/2026 10:15;
21/06/2026 10:20;
21/06/2026 10:25;5,99
21/06/2026 10:30;6,02
21/06/2026 10:35;5,94
21/06/2026 10:40;5,94
21/06/2026 10:45;5,99
21/06/2026 10:50;
21/06/2026 10:55;
21/06/2026 11:00;5,97
21/06/2026 11:05;5,94
21/06/2026 11:10;5,98
21/06/2026 11:15;5,99
21/06/2026 11:20;6,02
21/06/2026 11:25;5,96
21/06/2026 11:30;5,94
21/06/2026 11:35;6,0
21/06/2026 11:40;5,95
21/06/2026 11:45;
21/06/2026 11:50;
21/06/2026 11:55;
21/06/2026 12:00;5,89
21/06/2026 12:05;
21/06/2026 12:10;
21/06/2026 12:15;
21/06/2026 12:20;
21/06/2026 12:25;5,94
21/06/2026 12:30;6,0
21/06/2026 12:35;
21/06/2026 12:40;6,01
21/06/2026 12:45;
21/06/2026 12:50;5,95
21/06/2026 12:55;5,89
21/06/2026 13:00;5,99
21/06/2026 13:05;
21/06/2026 13:10;
21/06/2026 13:15;5,93
21/06/2026 13:20;
21/06/2026 13:25;5,94
21/06/2026 13:30;
21/06/2026 13:35;6,02
21/06/2026 13:40;
21/06/2026 13:45;5,96
21/06/2026 13:50;6,0
21/06/2026 13:55;
21/06/2026 14:00;
21/06/2026 14:05;
21/06/2026 14:10;6,0
21/06/2026 14:15;
21/06/2026 14:20;6,01
21/06/2026 14:25;6,0
21/06/2026 14:30;
21/06/2026 14:35;5,98
21/06/2026 14:40;6,0
21/06/2026 14:45;
21/06/2026 14:50;5,99
21/06/2026 14:55;5,95
21/06/2026 15:00;6,04
21/06/2026 15:05;
21/06/2026 15:10;6,02
21/06/2026 15:15;6,04
21/06/2026 15:20;
21/06/2026 15:25;6,0
21/06/2026 15:30;
21/06/2026 15:35;
21/06/2026 15:40;5,89
21/06/2026 15:45;5,97
21/06/2026 15:50;6,01
21/06/2026 15:55;6,02
21/06/2026 16:00;
21/06/2026 16:05;5,93
21/06/2026 16:10;6,0
21/06/2026 16:15;6,0
21/06/2026 16:20;6,0
21/06/2026 16:25;5,98
21/06/2026 16:30;5,98
21/06/2026 16:35;5,93
21/06/2026 16:40;6,02
21/06/2026 16:45;5,94
21/06/2026 16:50;
21/06/2026 16:55;6,02
21/06/2026 17:00;5,97
21/06/2026 17:05;6,01
21/06/2026 17:10;
21/06/2026 17:15;
21/06/2026 17:20;6,0
21/06/2026 17:25;
21/06/2026 17:30;
21/06/2026 17:35;5,99
21/06/2026 17:40;6,07
21/06/2026 17:45;
21/06/2026 17:50;
21/06/2026 17:55;
21/06/2026 18:00;
21/06/2026 18:05;6,03
21/06/2026 18:10;
21/06/2026 18:15;6,02
21/06/2026 18:20;
21/06/2026 18:25;6,06
21/06/2026 18:30;
21/06/2026 18:35;6,05
21/06/2026 18:40;6,01
21/06/2026 18:45;6,09
21/06/2026 18:50;5,93
21/06/2026 18:55;5,95
21/06/2026 19:00;
21/06/2026 19:05;6,04
21/06/2026 19:10;6,0
21/06/2026 19:15;6,04
21/06/2026 19:20;6,04
21/06/2026 19:25;6,12
21/06/2026 19:30;
21/06/2026 19:35;
21/06/2026 19:40;
21/06/2026 19:45;6,01
21/06/2026 19:50;
21/06/2026 19:55;6,1
21/06/2026 20:00;
21/06/2026 20:05;6,07
21/06/2026 20:10;
21/06/2026 20:15;
21/06/2026 20:20;
21/06/2026 20:25;6,1
21/06/2026 20:30;5,88
21/06/2026 20:35;
21/06/2026 20:40;5,89
21/06/2026 20:45;6,13
21/06/2026 20:50;6,07
21/06/2026 20:55;6,13
21/06/2026 21:00;6,1
21/06/2026 21:05;5,97
21/06/2026 21:10;
21/06/2026 21:15;6,11
21/06/2026 21:20;5,97
21/06/2026 21:25;6,12
21/06/2026 21:30;6,07
21/06/2026 21:35;
21/06/2026 21:40;6,08
21/06/2026 21:45;6,1
21/06/2026 21:50;6,02
21/06/2026 21:55;6,11
21/06/2026 22:00;
21/06/2026 22:05;6,05
21/06/2026 22:10;6,12
21/06/2026 22:15;
21/06/2026 22:20;5,99
21/06/2026 22:25;6,09
21/06/2026 22:30;5,99
21/06/2026 22:35;
21/06/2026 22:40;
21/06/2026 22:45;
21/06/2026 22:50;6,13
21/06/2026 22:55;
21/06/2026 23:00;6,08
21/06/2026 23:05;
21/06/2026 23:10;6,11
21/06/2026 23:15;
21/06/2026 23:20;
21/06/2026 23:25;
21/06/2026 23:30;5,94
21/06/2026 23:35;
21/06/2026 23:40;6,07
21/06/2026 23:45;5,88
21/06/2026 23:50;
21/06/2026 23:55;6,08
22/06/2026 00:00;6,11
22/06/2026 00:05;
22/06/2026 00:10;
22/06/2026 00:15;6,05
22/06/2026 00:20;
22/06/2026 00:25;5,94
22/06/2026 00:30;6,1
22/06/2026 00:35;5,99
22/06/2026 00:40;5,89
22/06/2026 00:45;6,07
22/06/2026 00:50;6,05
22/06/2026 00:55;6,03
22/06/2026 01:00;
22/06/2026 01:05;6,05
22/06/2026 01:10;6,04
22/06/2026 01:15;
22/06/2026 01:20;5,95
22/06/2026 01:25;6,03
22/06/2026 01:30;6,08
22/06/2026 01:35;
22/06/2026 01:40;6,01
22/06/2026 01:45;
22/06/2026 01:50;6,02
22/06/2026 01:55;5,87
22/06/2026 02:00;6,02
22/06/2026 02:05;
22/06/2026 02:10;
22/06/2026 02:15;6,06
22/06/2026 02:20;6,09
22/06/2026 02:25;6,1
22/06/2026 02:30;
22/06/2026 02:35;
22/06/2026 02:40;5,99
22/06/2026 02:45;6,0
22/06/2026 02:50;
22/06/2026 02:55;
22/06/2026 03:00;
22/06/2026 03:05;5,84
22/06/2026 03:10;6,04
22/06/2026 03:15;
22/06/2026 03:20;6,06
22/06/2026 03:25;6,08
22/06/2026 03:30;6,01
22/06/2026 03:35;6,05
22/06/2026 03:40;6,07
22/06/2026 03:45;6,05
22/06/2026 03:50;6,01
22/06/2026 03:55;
22/06/2026 04:00;6,03
22/06/2026 04:05;
22/06/2026 04:10;6,05
22/06/2026 04:15;
22/06/2026 04:20;6,02
22/06/2026 04:25;
22/06/2026 04:30;6,01
22/06/2026 04:35;6,05
22/06/2026 04:40;6,04
22/06/2026 04:45;6,02
22/06/2026 04:50;6,03
22/06/2026 04:55;
22/06/2026 05:00;5,93
22/06/2026 05:05;6,07
22/06/2026 05:10;6,0
22/06/2026 05:15;
22/06/2026 05:20;5,96
22/06/2026 05:25;
22/06/2026 05:30;6,01
22/06/2026 05:35;
22/06/2026 05:40;6,03
22/06/2026 05:45;
22/06/2026 05:50;5,84
22/06/2026 05:55;
22/06/2026 06:00;6,01
22/06/2026 06:05;6,02
22/06/2026 06:10;6,03
22/06/2026 06:15;6,05
22/06/2026 06:20;6,03
22/06/2026 06:25;6,05
22/06/2026 06:30;6,02
22/06/2026 06:35;5,9
22/06/2026 06:40;
22/06/2026 06:45;
22/06/2026 06:50;
22/06/2026 06:55;5,98
22/06/2026 07:00;5,95
22/06/2026 07:05;5,96
22/06/2026 07:10;
22/06/2026 07:15;
22/06/2026 07:20;6,0
22/06/2026 07:25;6,01
22/06/2026 07:30;
22/06/2026 07:35;5,97
22/06/2026 07:40;
22/06/2026 07:45;
22/06/2026 07:50;
22/06/2026 07:55;
22/06/2026 08:00;
22/06/2026 08:05;
22/06/2026 08:10;6,03
22/06/2026 08:15;
22/06/2026 08:20;5,98
22/06/2026 08:25;6,01
22/06/2026 08:30;
22/06/2026 08:35;5,89
22/06/2026 08:40;
22/06/2026 08:45;
22/06/2026 08:50;6,05
22/06/2026 08:55;5,99
22/06/2026 09:00;6,03
22/06/2026 09:05;6,0
22/06/2026 09:10;6,03
22/06/2026 09:15;
22/06/2026 09:20;6,02
22/06/2026 09:25;
22/06/2026 09:30;
22/06/2026 09:35;5,84
22/06/2026 09:40;5,99
22/06/2026 09:45;5,97
22/06/2026 09:50;6,03
22/06/2026 09:55;5,89
22/06/2026 10:00;
22/06/2026 10:05;5,98
22/06/2026 10:10;5,98
22/06/2026 10:15;5,96
22/06/2026 10:20;5,98
22/06/2026 10:25;5,92
22/06/2026 10:30;5,9
22/06/2026 10:35;
22/06/2026 10:40;5,94
22/06/2026 10:45;6,0
22/06/2026 10:50;5,96
22/06/2026 10:55;
22/06/2026 11:00;5,88
22/06/2026 11:05;6,01
22/06/2026 11:10;5,93
22/06/2026 11:15;5,97
22/06/2026 11:20;5,89
22/06/2026 11:25;
22/06/2026 11:30;5,96
22/06/2026 11:35;5,93
22/06/2026 11:40;5,98
22/06/2026 11:45;5,91
22/06/2026 11:50;5,89
22/06/2026 11:55;5,93
22/06/2026 12:00;
22/06/2026 12:05;5,98
22/06/2026 12:10;6,0
22/06/2026 12:15;6,03
22/06/2026 12:20;6,02
22/06/2026 12:25;6,01
22/06/2026 12:30;5,94
22/06/2026 12:35;6,04
22/06/2026 12:40;6,02
22/06/2026 12:45;6,02
22/06/2026 12:50;
22/06/2026 12:55;5,97
22/06/2026 13:00;
22/06/2026 13:05;5,97
22/06/2026 13:10;6,02
22/06/2026 13:15;5,95
22/06/2026 13:20;
22/06/2026 13:25;5,94
22/06/2026 13:30;6,01
22/06/2026 13:35;
22/06/2026 13:40;5,96
22/06/2026 13:45;
22/06/2026 13:50;
22/06/2026 13:55;6,0
22/06/2026 14:00;5,97
22/06/2026 14:05;5,93
22/06/2026 14:10;
22/06/2026 14:15;
22/06/2026 14:20;
22/06/2026 14:25;6,0
22/06/2026 14:30;
22/06/2026 14:35;5,94
22/06/2026 14:40;
22/06/2026 14:45;5,98
22/06/2026 14:50;
22/06/2026 14:55;6,01
22/06/2026 15:00;5,98
22/06/2026 15:05;6,0
22/06/2026 15:10;6,02
22/06/2026 15:15;6,01
22/06/2026 15:20;5,97
22/06/2026 15:25;5,99
22/06/2026 15:30;5,95
22/06/2026 15:35;5,96
22/06/2026 15:40;5,87
22/06/2026 15:45;
22/06/2026 15:50;5,93
22/06/2026 15:55;
22/06/2026 16:00;5,96
22/06/2026 16:05;6,06
22/06/2026 16:10;6,02
22/06/2026 16:15;5,99
22/06/2026 16:20;6,01
22/06/2026 16:25;5,97
22/06/2026 16:30;6,03
22/06/2026 16:35;6,04
22/06/2026 16:40;5,88
22/06/2026 16:45;6,04
22/06/2026 16:50;6,02
22/06/2026 16:55;6,01
22/06/2026 17:00;6,04
22/06/2026 17:05;6,04
22/06/2026 17:10;
22/06/2026 17:15;6,07
22/06/2026 17:20;
22/06/2026 17:25;5,87
22/06/2026 17:30;6,0
22/06/2026 17:35;5,91
22/06/2026 17:40;6,04
22/06/2026 17:45;6,0
22/06/2026 17:50;6,02
22/06/2026 17:55;5,93
22/06/2026 18:00;6,04
22/06/2026 18:05;5,68
22/06/2026 18:10;5,97
22/06/2026 18:15;5,87
22/06/2026 18:20;5,94
22/06/2026 18:25;5,89
22/06/2026 18:30;5,97
22/06/2026 18:35;5,99
22/06/2026 18:40;
22/06/2026 18:45;5,82
22/06/2026 18:50;5,97
22/06/2026 18:55;
22/06/2026 19:00;
22/06/2026 19:05;5,92
22/06/2026 19:10;5,87
22/06/2026 19:15;5,76
22/06/2026 19:20;5,78
22/06/2026 19:25;5,91
22/06/2026 19:30;5,84
22/06/2026 19:35;5,92
22/06/2026 19:40;
22/06/2026 19:45;
22/06/2026 19:50;
22/06/2026 19:55;5,9
22/06/2026 20:00;5,91
22/06/2026 20:05;5,87
22/06/2026 20:10;5,9
22/06/2026 20:15;5,85
22/06/2026 20:20;
22/06/2026 20:25;5,7
22/06/2026 20:30;5,76
22/06/2026 20:35;5,93
22/06/2026 20:40;5,82
22/06/2026 20:45;5,86
22/06/2026 20:50;5,88
22/06/2026 20:55;
22/06/2026 21:00;5,78
22/06/2026 21:05;5,86
22/06/2026 21:10;5,84
22/06/2026 21:15;5,91
22/06/2026 21:20;5,86
22/06/2026 21:25;5,89
22/06/2026 21:30;5,9
22/06/2026 21:35;5,83
22/06/2026 21:40;5,86
22/06/2026 21:45;
22/06/2026 21:50;5,82
22/06/2026 21:55;5,9
22/06/2026 22:00;5,85
22/06/2026 22:05;5,7
22/06/2026 22:10;
22/06/2026 22:15;5,92
22/06/2026 22:20;5,82
22/06/2026 22:25;
22/06/2026 22:30;5,77
22/06/2026 22:35;5,74
22/06/2026 22:40;5,89
22/06/2026 22:45;5,9
22/06/2026 22:50;5,82
22/06/2026 22:55;5,9
22/06/2026 23:00;5,71
22/06/2026 23:05;5,78
22/06/2026 23:10;5,84
22/06/2026 23:15;5,76
22/06/2026 23:20;
22/06/2026 23:25;5,68
22/06/2026 23:30;
22/06/2026 23:35;5,86
22/06/2026 23:40;5,88
22/06/2026 23:45;5,96
22/06/2026 23:50;5,88
22/06/2026 23:55;5,83
23/06/2026 00:00;5,71
23/06/2026 00:05;5,78
23/06/2026 00:10;5,62
23/06/2026 00:15;5,75
23/06/2026 00:20;5,83
23/06/2026 00:25;5,82
23/06/2026 00:30;
23/06/2026 00:35;5,89
23/06/2026 00:40;5,88
23/06/2026 00:45;5,89
23/06/2026 00:50;5,87
23/06/2026 00:55;5,86
23/06/2026 01:00;5,72
23/06/2026 01:05;5,85
23/06/2026 01:10;5,65
23/06/2026 01:15;5,83
23/06/2026 01:20;5,84
23/06/2026 01:25;5,82
23/06/2026 01:30;5,82
23/06/2026 01:35;5,93
23/06/2026 01:40;5,82
23/06/2026 01:45;5,86
23/06/2026 01:50;5,8
23/06/2026 01:55;5,92
23/06/2026 02:00;5,97
23/06/2026 02:05;5,68
23/06/2026 02:10;5,83
23/06/2026 02:15;5,92
23/06/2026 02:20;5,8
23/06/2026 02:25;5,87
23/06/2026 02:30;5,86
23/06/2026 02:35;5,81
23/06/2026 02:40;5,88
23/06/2026 02:45;5,81
23/06/2026 02:50;5,76
23/06/2026 02:55;5,89
23/06/2026 03:00;5,92
23/06/2026 03:05;5,82
23/06/2026 03:10;5,81
23/06/2026 03:15;5,71
23/06/2026 03:20;5,89
23/06/2026 03:25;5,94
23/06/2026 03:30;5,75
23/06/2026 03:35;5,9
23/06/2026 03:40;5,57
23/06/2026 03:45;
23/06/2026 03:50;5,82
23/06/2026 03:55;5,89
23/06/2026 04:00;5,78
23/06/2026 04:05;5,82
23/06/2026 04:10;
23/06/2026 04:15;5,88
23/06/2026 04:20;5,84
23/06/2026 04:25;5,86
23/06/2026 04:30;5,8
23/06/2026 04:35;
23/06/2026 04:40;5,81
23/06/2026 04:45;5,78
23/06/2026 04:50;
23/06/2026 04:55;
23/06/2026 05:00;5,9
23/06/2026 05:05;5,79
23/06/2026 05:10;5,82
23/06/2026 05:15;
23/06/2026 05:20;5,87
23/06/2026 05:25;
23/06/2026 05:30;5,84
23/06/2026 05:35;
23/06/2026 05:40;
23/06/2026 05:45;
23/06/2026 05:50;5,85
23/06/2026 05:55;5,64
23/06/2026 06:00;5,83
23/06/2026 06:05;5,85
23/06/2026 06:10;5,88
23/06/2026 06:15;
23/06/2026 06:20;5,94
23/06/2026 06:25;
23/06/2026 06:30;5,83
23/06/2026 06:35;
23/06/2026 06:40;5,87
23/06/2026 06:45;5,69
23/06/2026 06:50;5,86
23/06/2026 06:55;
23/06/2026 07:00;5,84
23/06/2026 07:05;5,72
23/06/2026 07:10;5,74
23/06/2026 07:15;5,84
23/06/2026 07:20;
23/06/2026 07:25;5,83
23/06/2026 07:30;5,86
23/06/2026 07:35;5,58
23/06/2026 07:40;
23/06/2026 07:45;5,77
23/06/2026 07:50;5,79
23/06/2026 07:55;5,75
23/06/2026 08:00;5,85
23/06/2026 08:05;5,83
23/06/2026 08:10;5,84
23/06/2026 08:15;
23/06/2026 08:20;5,78
23/06/2026 08:25;5,79
23/06/2026 08:30;5,6
23/06/2026 08:35;5,76
23/06/2026 08:40;5,84
23/06/2026 08:45;5,81
23/06/2026 08:50;5,78
23/06/2026 08:55;5,62
23/06/2026 09:00;
23/06/2026 09:05;5,77
23/06/2026 09:10;5,76
23/06/2026 09:15;
23/06/2026 09:20;
23/06/2026 09:25;5,7
23/06/2026 09:30;5,77
23/06/2026 09:35;5,78
23/06/2026 09:40;
23/06/2026 09:45;5,73
23/06/2026 09:50;
23/06/2026 09:55;
23/06/2026 10:00;5,69
23/06/2026 10:05;5,72
23/06/2026 10:10;5,82
23/06/2026 10:15;
23/06/2026 10:20;
23/06/2026 10:25;5,65
23/06/2026 10:30;5,85
23/06/2026 10:35;5,75
23/06/2026 10:40;5,66
23/06/2026 10:45;5,58
23/06/2026 10:50;5,85
23/06/2026 10:55;5,74
23/06/2026 11:00;
23/06/2026 11:05;5,8
23/06/2026 11:10;5,7
23/06/2026 11:15;
23/06/2026 11:20;5,85
23/06/2026 11:25;5,75
23/06/2026 11:30;5,75
23/06/2026 11:35;5,77
23/06/2026 11:40;5,67
23/06/2026 11:45;5,84
23/06/2026 11:50;5,67
23/06/2026 11:55;5,79
23/06/2026 12:00;5,88
23/06/2026 12:05;5,67
23/06/2026 12:10;5,58
23/06/2026 12:15;
23/06/2026 12:20;5,66
23/06/2026 12:25;5,76
23/06/2026 12:30;5,72
23/06/2026 12:35;
23/06/2026 12:40;5,79
23/06/2026 12:45;5,85
23/06/2026 12:50;
23/06/2026 12:55;
23/06/2026 13:00;5,68
23/06/2026 13:05;5,78
23/06/2026 13:10;5,71
23/06/2026 13:15;
23/06/2026 13:20;5,89
23/06/2026 13:25;5,65
23/06/2026 13:30;5,81
23/06/2026 13:35;
23/06/2026 13:40;5,85
23/06/2026 13:45;5,8
23/06/2026 13:50;5,82
23/06/2026 13:55;5,75
23/06/2026 14:00;5,86
23/06/2026 14:05;
23/06/2026 14:10;5,77
23/06/2026 14:15;5,76
23/06/2026 14:20;5,88
23/06/2026 14:25;5,79
23/06/2026 14:30;5,85
23/06/2026 14:35;5,86
23/06/2026 14:40;5,9
23/06/2026 14:45;5,84
23/06/2026 14:50;5,87
23/06/2026 14:55;5,72
23/06/2026 15:00;5,88
23/06/2026 15:05;
23/06/2026 15:10;5,74
23/06/2026 15:15;5,81
23/06/2026 15:20;5,8
23/06/2026 15:25;5,81
23/06/2026 15:30;5,73
23/06/2026 15:35;5,77
23/06/2026 15:40;5,79
23/06/2026 15:45;5,78
23/06/2026 15:50;5,81
23/06/2026 15:55;
23/06/2026 16:00;5,56
23/06/2026 16:05;5,82
23/06/2026 16:10;5,75
23/06/2026 16:15;5,84
23/06/2026 16:20;5,83
23/06/2026 16:25;5,71
23/06/2026 16:30;5,79
23/06/2026 16:35;5,7
23/06/2026 16:40;5,89
23/06/2026 16:45;
23/06/2026 16:50;5,79
23/06/2026 16:55;5,89
23/06/2026 17:00;5,81
23/06/2026 17:05;5,74
23/06/2026 17:10;5,91
23/06/2026 17:15;5,78
23/06/2026 17:20;5,89
23/06/2026 17:25;5,86
23/06/2026 17:30;
23/06/2026 17:35;5,85
23/06/2026 17:40;5,84
23/06/2026 17:45;5,68
23/06/2026 17:50;
23/06/2026 17:55;5,73
23/06/2026 18:00;5,95
23/06/2026 18:05;5,6
23/06/2026 18:10;5,92
23/06/2026 18:15;5,94
23/06/2026 18:20;5,93
23/06/2026 18:25;5,9
23/06/2026 18:30;5,89
23/06/2026 18:35;5,66
23/06/2026 18:40;5,98
23/06/2026 18:45;
23/06/2026 18:50;5,91
23/06/2026 18:55;5,97
23/06/2026 19:00;5,96
23/06/2026 19:05;5,87
23/06/2026 19:10;
23/06/2026 19:15;5,96
23/06/2026 19:20;5,81
23/06/2026 19:25;5,91
23/06/2026 19:30;5,91
23/06/2026 19:35;5,96
23/06/2026 19:40;5,96
23/06/2026 19:45;5,89
23/06/2026 19:50;5,96
23/06/2026 19:55;5,97
23/06/2026 20:00;5,85
23/06/2026 20:05;5,92
23/06/2026 20:10;5,96
23/06/2026 20:15;5,9
23/06/2026 20:20;5,96
23/06/2026 20:25;5,94
23/06/2026 20:30;5,94
23/06/2026 20:35;5,91
23/06/2026 20:40;5,95
23/06/2026 20:45;5,93
23/06/2026 20:50;5,97
23/06/2026 20:55;5,82
23/06/2026 21:00;5,75
23/06/2026 21:05;5,91
23/06/2026 21:10;
23/06/2026 21:15;5,97
23/06/2026 21:20;5,88
23/06/2026 21:25;5,79
23/06/2026 21:30;5,9
23/06/2026 21:35;5,96
23/06/2026 21:40;5,86
23/06/2026 21:45;5,95
23/06/2026 21:50;5,94
23/06/2026 21:55;6,0
23/06/2026 22:00;6,01
23/06/2026 22:05;5,93
23/06/2026 22:10;5,96
23/06/2026 22:15;5,94
23/06/2026 22:20;5,87
23/06/2026 22:25;5,85
23/06/2026 22:30;6,01
23/06/2026 22:35;6,0
23/06/2026 22:40;5,84
23/06/2026 22:45;5,94
23/06/2026 22:50;5,86
23/06/2026 22:55;6,0
23/06/2026 23:00;5,97
23/06/2026 23:05;5,94
23/06/2026 23:10;5,96
23/06/2026 23:15;6,0
23/06/2026 23:20;5,95
23/06/2026 23:25;5,98
23/06/2026 23:30;5,9
23/06/2026 23:35;5,91
23/06/2026 23:40;5,87
23/06/2026 23:45;5,81
23/06/2026 23:50;
23/06/2026 23:55;
24/06/2026 00:00;5,9
24/06/2026 00:05;
24/06/2026 00:10;5,97
24/06/2026 00:15;
24/06/2026 00:20;5,87
24/06/2026 00:25;5,86
24/06/2026 00:30;5,87
24/06/2026 00:35;5,74
24/06/2026 00:40;5,75
24/06/2026 00:45;5,83
24/06/2026 00:50;5,77
24/06/2026 00:55;
24/06/2026 01:00;5,83
24/06/2026 01:05;5,96
24/06/2026 01:10;
24/06/2026 01:15;5,99
24/06/2026 01:20;
24/06/2026 01:25;5,89
24/06/2026 01:30;
24/06/2026 01:35;5,93
24/06/2026 01:40;5,92
24/06/2026 01:45;5,96
24/06/2026 01:50;5,83
24/06/2026 01:55;5,93
24/06/2026 02:00;
24/06/2026 02:05;5,98
24/06/2026 02:10;
24/06/2026 02:15;5,89
24/06/2026 02:20;
24/06/2026 02:25;5,82
24/06/2026 02:30;5,98
24/06/2026 02:35;5,72
24/06/2026 02:40;5,92
24/06/2026 02:45;5,88
24/06/2026 02:50;5,89
24/06/2026 02:55;
24/06/2026 03:00;6,02
24/06/2026 03:05;5,94
24/06/2026 03:10;6,02
24/06/2026 03:15;5,79
24/06/2026 03:20;6,01
24/06/2026 03:25;5,9
24/06/2026 03:30;6,03
24/06/2026 03:35;5,88
24/06/2026 03:40;5,97
24/06/2026 03:45;
24/06/2026 03:50;5,96
24/06/2026 03:55;
24/06/2026 04:00;5,91
24/06/2026 04:05;5,99
24/06/2026 04:10;5,92
24/06/2026 04:15;6,03
24/06/2026 04:20;
24/06/2026 04:25;5,96
24/06/2026 04:30;
24/06/2026 04:35;6,02
24/06/2026 04:40;6,02
24/06/2026 04:45;6,01
24/06/2026 04:50;
24/06/2026 04:55;5,95
24/06/2026 05:00;6,03
24/06/2026 05:05;
24/06/2026 05:10;5,84
24/06/2026 05:15;6,01
24/06/2026 05:20;6,04
24/06/2026 05:25;6,0
24/06/2026 05:30;5,98
24/06/2026 05:35;6,01
24/06/2026 05:40;5,97
24/06/2026 05:45;6,05
24/06/2026 05:50;5,97
24/06/2026 05:55;6,04
24/06/2026 06:00;5,99
24/06/2026 06:05;6,03
24/06/2026 06:10;6,01
24/06/2026 06:15;5,82
24/06/2026 06:20;5,98
24/06/2026 06:25;5,92
24/06/2026 06:30;
24/06/2026 06:35;6,04
24/06/2026 06:40;6,03
24/06/2026 06:45;6,04
24/06/2026 06:50;5,91
24/06/2026 06:55;6,06
24/06/2026 07:00;6,01
24/06/2026 07:05;6,03
24/06/2026 07:10;5,95
24/06/2026 07:15;6,04
24/06/2026 07:20;5,78
24/06/2026 07:25;6,04
24/06/2026 07:30;
24/06/2026 07:35;6,04
24/06/2026 07:40;6,02
24/06/2026 07:45;6,01
24/06/2026 07:50;5,86
24/06/2026 07:55;5,93
24/06/2026 08:00;
24/06/2026 08:05;5,79
24/06/2026 08:10;6,0
24/06/2026 08:15;6,02
24/06/2026 08:20;
24/06/2026 08:25;5,88
24/06/2026 08:30;5,99
24/06/2026 08:35;5,88
24/06/2026 08:40;6,01
24/06/2026 08:45;5,94
24/06/2026 08:50;5,96
24/06/2026 08:55;6,03
24/06/2026 09:00;5,98
24/06/2026 09:05;6,01
24/06/2026 09:10;
24/06/2026 09:15;6,03
24/06/2026 09:20;5,99
24/06/2026 09:25;5,95
24/06/2026 09:30;6,03
24/06/2026 09:35;5,88
24/06/2026 09:40;6,02
24/06/2026 09:45;
24/06/2026 09:50;6,02
24/06/2026 09:55;
24/06/2026 10:00;5,99
24/06/2026 10:05;5,95
24/06/2026 10:10;6,03
24/06/2026 10:15;
24/06/2026 10:20;6,01
24/06/2026 10:25;5,97
24/06/2026 10:30;5,94
24/06/2026 10:35;
24/06/2026 10:40;5,9
24/06/2026 10:45;5,89
24/06/2026 10:50;6,02
24/06/2026 10:55;5,99
24/06/2026 11:00;6,02
24/06/2026 11:05;5,87
24/06/2026 11:10;6,01
24/06/2026 11:15;6,02
24/06/2026 11:20;6,01
24/06/2026 11:25;5,79
24/06/2026 11:30;6,02
24/06/2026 11:35;
24/06/2026 11:40;
24/06/2026 11:45;5,88
24/06/2026 11:50;5,95
24/06/2026 11:55;6,0
24/06/2026 12:00;5,86
24/06/2026 12:05;5,92
24/06/2026 12:10;
24/06/2026 12:15;
24/06/2026 12:20;6,02
24/06/2026 12:25;
24/06/2026 12:30;6,02
24/06/2026 12:35;
24/06/2026 12:40;6,01
24/06/2026 12:45;5,97
24/06/2026 12:50;6,0
24/06/2026 12:55;5,98
24/06/2026 13:00;5,84
24/06/2026 13:05;
24/06/2026 13:10;6,0
24/06/2026 13:15;5,98
24/06/2026 13:20;6,0
24/06/2026 13:25;5,94
24/06/2026 13:30;5,99
24/06/2026 13:35;5,92
24/06/2026 13:40;5,97
24/06/2026 13:45;
24/06/2026 13:50;5,99
24/06/2026 13:55;
24/06/2026 14:00;
24/06/2026 14:05;5,84
24/06/2026 14:10;5,99
24/06/2026 14:15;5,96
24/06/2026 14:20;5,99
24/06/2026 14:25;
24/06/2026 14:30;5,98
24/06/2026 14:35;
24/06/2026 14:40;5,99
24/06/2026 14:45;5,95
24/06/2026 14:50;5,99
24/06/2026 14:55;
24/06/2026 15:00;6,0
24/06/2026 15:05;5,94
24/06/2026 15:10;5,99
24/06/2026 15:15;5,85
24/06/2026 15:20;5,99
24/06/2026 15:25;
24/06/2026 15:30;5,97
24/06/2026 15:35;5,96
24/06/2026 15:40;5,99
24/06/2026 15:45;5,89
24/06/2026 15:50;6,0
24/06/2026 15:55;5,97
24/06/2026 16:00;5,95
24/06/2026 16:05;5,97
24/06/2026 16:10;5,98
24/06/2026 16:15;5,99
24/06/2026 16:20;5,98
24/06/2026 16:25;5,94
24/06/2026 16:30;5,82
24/06/2026 16:35;5,95
24/06/2026 16:40;5,86
24/06/2026 16:45;5,97
24/06/2026 16:50;5,96
24/06/2026 16:55;5,97
24/06/2026 17:00;5,92
24/06/2026 17:05;5,87
24/06/2026 17:10;5,84
24/06/2026 17:15;5,92
24/06/2026 17:20;5,88
24/06/2026 17:25;6,0
24/06/2026 17:30;
24/06/2026 17:35;5,97
24/06/2026 17:40;
24/06/2026 17:45;6,01
24/06/2026 17:50;6,0
24/06/2026 17:55;6,0
24/06/2026 18:00;5,96
24/06/2026 18:05;6,0
24/06/2026 18:10;5,83
24/06/2026 18:15;6,0
24/06/2026 18:20;5,98
24/06/2026 18:25;6,0
24/06/2026 18:30;
24/06/2026 18:35;6,0
24/06/2026 18:40;
24/06/2026 18:45;6,0
24/06/2026 18:50;5,99
24/06/2026 18:55;5,99
24/06/2026 19:00;5,98
24/06/2026 19:05;5,89
24/06/2026 19:10;
24/06/2026 19:15;6,01
24/06/2026 19:20;5,78
24/06/2026 19:25;5,98
24/06/2026 19:30;5,98
24/06/2026 19:35;6,0
24/06/2026 19:40;5,85
24/06/2026 19:45;5,99
24/06/2026 19:50;
24/06/2026 19:55;5,97
24/06/2026 20:00;5,93
24/06/2026 20:05;5,85
24/06/2026 20:10;6,0
24/06/2026 20:15;5,9
24/06/2026 20:20;5,97
24/06/2026 20:25;5,95
24/06/2026 20:30;5,96
24/06/2026 20:35;5,86
24/06/2026 20:40;
24/06/2026 20:45;5,95
24/06/2026 20:50;5,98
24/06/2026 20:55;
24/06/2026 21:00;5,95
24/06/2026 21:05;5,95
24/06/2026 21:10;5,98
24/06/2026 21:15;5,96
24/06/2026 21:20;5,95
24/06/2026 21:25;5,95
24/06/2026 21:30;5,98
24/06/2026 21:35;5,9
24/06/2026 21:40;5,98
24/06/2026 21:45;5,9
24/06/2026 21:50;5,97
24/06/2026 21:55;
24/06/2026 22:00;5,95
24/06/2026 22:05;5,96
24/06/2026 22:10;5,89
24/06/2026 22:15;
24/06/2026 22:20;5,98
24/06/2026 22:25;5,96
24/06/2026 22:30;5,97
24/06/2026 22:35;5,94
24/06/2026 22:40;5,94
24/06/2026 22:45;5,93
24/06/2026 22:50;5,97
24/06/2026 22:55;5,83
24/06/2026 23:00;5,89
24/06/2026 23:05;5,95
24/06/2026 23:10;5,95
24/06/2026 23:15;5,95
24/06/2026 23:20;5,96
24/06/2026 23:25;5,95
24/06/2026 23:30;
24/06/2026 23:35;5,93
24/06/2026 23:40;5,94
24/06/2026 23:45;5,96
24/06/2026 23:50;5,94
24/06/2026 23:55;5,95
25/06/2026 00:00;5,89
25/06/2026 00:05;5,92
25/06/2026 00:10;5,91
25/06/2026 00:15;5,95
25/06/2026 00:20;5,93
25/06/2026 00:25;5,95
25/06/2026 00:30;5,93
25/06/2026 00:35;5,91
25/06/2026 00:40;5,83
25/06/2026 00:45;5,94
25/06/2026 00:50;
25/06/2026 00:55;5,93
25/06/2026 01:00;5,88
25/06/2026 01:05;5,94
25/06/2026 01:10;
25/06/2026 01:15;
25/06/2026 01:20;5,91
25/06/2026 01:25;5,78
25/06/2026 01:30;
25/06/2026 01:35;5,84
25/06/2026 01:40;5,95
25/06/2026 01:45;5,89
25/06/2026 01:50;5,95
25/06/2026 01:55;
25/06/2026 02:00;5,91
25/06/2026 02:05;5,89
25/06/2026 02:10;5,94
25/06/2026 02:15;
25/06/2026 02:20;5,8
25/06/2026 02:25;5,92
25/06/2026 02:30;5,94
25/06/2026 02:35;5,83
25/06/2026 02:40;
25/06/2026 02:45;5,94
25/06/2026 02:50;5,94
25/06/2026 02:55;5,88
25/06/2026 03:00;5,93
25/06/2026 03:05;
25/06/2026 03:10;5,94
25/06/2026 03:15;
25/06/2026 03:20;5,95
25/06/2026 03:25;5,92
25/06/2026 03:30;5,89
25/06/2026 03:35;5,94
25/06/2026 03:40;5,93
25/06/2026 03:45;5,92
25/06/2026 03:50;
25/06/2026 03:55;5,92
25/06/2026 04:00;
25/06/2026 04:05;5,92
25/06/2026 04:10;5,87
25/06/2026 04:15;5,93
25/06/2026 04:20;
25/06/2026 04:25;5,86
25/06/2026 04:30;
25/06/2026 04:35;5,94
25/06/2026 04:40;
25/06/2026 04:45;5,92
25/06/2026 04:50;5,92
25/06/2026 04:55;
25/06/2026 05:00;5,9
25/06/2026 05:05;5,9
25/06/2026 05:10;5,94
25/06/2026 05:15;
25/06/2026 05:20;5,87
25/06/2026 05:25;5,9
25/06/2026 05:30;5,93
25/06/2026 05:35;
25/06/2026 05:40;5,94
25/06/2026 05:45;5,91
25/06/2026 05:50;5,92
25/06/2026 05:55;
25/06/2026 06:00;5,94
25/06/2026 06:05;
25/06/2026 06:10;5,93
25/06/2026 06:15;
25/06/2026 06:20;5,9
25/06/2026 06:25;5,89
25/06/2026 06:30;5,92
25/06/2026 06:35;5,89
25/06/2026 06:40;5,94
25/06/2026 06:45;5,87
25/06/2026 06:50;5,93
25/06/2026 06:55;
25/06/2026 07:00;5,93
25/06/2026 07:05;5,87
25/06/2026 07:10;5,92
25/06/2026 07:15;5,91
25/06/2026 07:20;5,92
25/06/2026 07:25;5,77
25/06/2026 07:30;5,92
25/06/2026 07:35;5,87
25/06/2026 07:40;5,91
25/06/2026 07:45;5,89
25/06/2026 07:50;5,92
25/06/2026 07:55;5,82
25/06/2026 08:00;5,94
25/06/2026 08:05;5,9
25/06/2026 08:10;5,91
25/06/2026 08:15;5,82
25/06/2026 08:20;5,9
25/06/2026 08:25;
25/06/2026 08:30;5,93
25/06/2026 08:35;5,79
25/06/2026 08:40;5,91
25/06/2026 08:45;5,84
25/06/2026 08:50;5,89
25/06/2026 08:55;5,89
25/06/2026 09:00;5,93
25/06/2026 09:05;5,84
25/06/2026 09:10;5,93
25/06/2026 09:15;5,85
25/06/2026 09:20;5,91
25/06/2026 09:25;5,83
25/06/2026 09:30;5,89
25/06/2026 09:35;
25/06/2026 09:40;5,92
25/06/2026 09:45;5,87
25/06/2026 09:50;5,92
25/06/2026 09:55;
25/06/2026 10:00;5,91
25/06/2026 10:05;5,9
25/06/2026 10:10;5,86
25/06/2026 10:15;5,81
25/06/2026 10:20;5,94
25/06/2026 10:25;5,9
25/06/2026 10:30;5,92
25/06/2026 10:35;5,86
25/06/2026 10:40;5,93
25/06/2026 10:45;5,79
25/06/2026 10:50;5,92
25/06/2026 10:55;
25/06/2026 11:00;5,93
25/06/2026 11:05;5,89
25/06/2026 11:10;5,86
25/06/2026 11:15;5,91
25/06/2026 11:20;5,78
25/06/2026 11:25;5,92
25/06/2026 11:30;5,88
25/06/2026 11:35;5,91
25/06/2026 11:40;5,85
25/06/2026 11:45;5,92
25/06/2026 11:50;
25/06/2026 11:55;
25/06/2026 12:00;5,81
25/06/2026 12:05;5,93
25/06/2026 12:10;
25/06/2026 12:15;5,92
25/06/2026 12:20;
25/06/2026 12:25;5,89
25/06/2026 12:30;5,81
25/06/2026 12:35;5,94
25/06/2026 12:40;5,82
25/06/2026 12:45;5,85
25/06/2026 12:50;5,91
25/06/2026 12:55;
25/06/2026 13:00;5,91
25/06/2026 13:05;5,82
25/06/2026 13:10;5,91
25/06/2026 13:15;5,85
25/06/2026 13:20;5,91
25/06/2026 13:25;5,79
25/06/2026 13:30;5,92
25/06/2026 13:35;5,84
25/06/2026 13:40;5,89
25/06/2026 13:45;
25/06/2026 13:50;5,91
25/06/2026 13:55;5,77
25/06/2026 14:00;
25/06/2026 14:05;5,93
25/06/2026 14:10;5,82
25/06/2026 14:15;5,8
25/06/2026 14:20;5,93
25/06/2026 14:25;5,82
25/06/2026 14:30;5,91
25/06/2026 14:35;5,87
25/06/2026 14:40;5,92
25/06/2026 14:45;
25/06/2026 14:50;5,88
25/06/2026 14:55;5,88
25/06/2026 15:00;5,87
25/06/2026 15:05;
25/06/2026 15:10;5,92
25/06/2026 15:15;
25/06/2026 15:20;
25/06/2026 15:25;5,92
25/06/2026 15:30;
25/06/2026 15:35;5,86
25/06/2026 15:40;5,87
25/06/2026 15:45;5,89
25/06/2026 15:50;
25/06/2026 15:55;5,91
25/06/2026 16:00;5,8
25/06/2026 16:05;5,92
25/06/2026 16:10;5,79
25/06/2026 16:15;5,89
25/06/2026 16:20;5,8
25/06/2026 16:25;5,9
25/06/2026 16:30;
25/06/2026 16:35;5,89
25/06/2026 16:40;5,88
25/06/2026 16:45;5,89
25/06/2026 16:50;
25/06/2026 16:55;5,89
25/06/2026 17:00;5,78
25/06/2026 17:05;5,91
25/06/2026 17:10;
25/06/2026 17:15;5,9
25/06/2026 17:20;5,83
25/06/2026 17:25;5,87
25/06/2026 17:30;5,8
25/06/2026 17:35;5,83
25/06/2026 17:40;
25/06/2026 17:45;5,91
25/06/2026 17:50;
25/06/2026 17:55;5,88
25/06/2026 18:00;
25/06/2026 18:05;
25/06/2026 18:10;5,88
25/06/2026 18:15;
25/06/2026 18:20;5,89
25/06/2026 18:25;
25/06/2026 18:30;5,88
25/06/2026 18:35;5,82
25/06/2026 18:40;
25/06/2026 18:45;5,77
25/06/2026 18:50;
25/06/2026 18:55;
25/06/2026 19:00;
25/06/2026 19:05;5,82
25/06/2026 19:10;
25/06/2026 19:15;
25/06/2026 19:20;5,89
25/06/2026 19:25;
25/06/2026 19:30;5,83
25/06/2026 19:35;
25/06/2026 19:40;5,87
25/06/2026 19:45;
25/06/2026 19:50;5,9
25/06/2026 19:55;
25/06/2026 20:00;5,8
25/06/2026 20:05;5,87
25/06/2026 20:10;5,8
25/06/2026 20:15;5,84
25/06/2026 20:20;
25/06/2026 20:25;5,91
25/06/2026 20:30;
25/06/2026 20:35;
25/06/2026 20:40;5,88
25/06/2026 20:45;
25/06/2026 20:50;5,87
25/06/2026 20:55;5,84
25/06/2026 21:00;5,77
25/06/2026 21:05;
25/06/2026 21:10;5,9
25/06/2026 21:15;
25/06/2026 21:20;
25/06/2026 21:25;5,9
25/06/2026 21:30;
25/06/2026 21:35;5,91
25/06/2026 21:40;
25/06/2026 21:45;5,88
25/06/2026 21:50;
25/06/2026 21:55;5,88
25/06/2026 22:00;
25/06/2026 22:05;5,88
25/06/2026 22:10;
25/06/2026 22:15;5,9
25/06/2026 22:20;
25/06/2026 22:25;5,9
25/06/2026 22:30;
25/06/2026 22:35;5,89
25/06/2026 22:40;
25/06/2026 22:45;5,89
25/06/2026 22:50;
25/06/2026 22:55;5,84
25/06/2026 23:00;
25/06/2026 23:05;5,88
25/06/2026 23:10;
25/06/2026 23:15;5,88
25/06/2026 23:20;
25/06/2026 23:25;5,85
25/06/2026 23:30;
25/06/2026 23:35;5,91
25/06/2026 23:40;
25/06/2026 23:45;5,89
25/06/2026 23:50;
25/06/2026 23:55;5,91
26/06/2026 00:00;5,77
26/06/2026 00:05;5,85
26/06/2026 00:10;
26/06/2026 00:15;5,9
26/06/2026 00:20;5,79
26/06/2026 00:25;5,91
26/06/2026 00:30;5,82
26/06/2026 00:35;5,91
26/06/2026 00:40;
26/06/2026 00:45;5,82
26/06/2026 00:50;
26/06/2026 00:55;5,91
26/06/2026 01:00;
26/06/2026 01:05;5,91
26/06/2026 01:10;
26/06/2026 01:15;5,87
26/06/2026 01:20;5,81
26/06/2026 01:25;
26/06/2026 01:30;5,83
26/06/2026 01:35;
26/06/2026 01:40;5,89
26/06/2026 01:45;
26/06/2026 01:50;5,9
26/06/2026 01:55;
26/06/2026 02:00;5,87
26/06/2026 02:05;
26/06/2026 02:10;5,87
26/06/2026 02:15;
26/06/2026 02:20;5,9
26/06/2026 02:25;
26/06/2026 02:30;5,85
26/06/2026 02:35;
26/06/2026 02:40;
26/06/2026 02:45;5,88
26/06/2026 02:50;
26/06/2026 02:55;5,79
26/06/2026 03:00;5,9
26/06/2026 03:05;5,8
26/06/2026 03:10;5,8
26/06/2026 03:15;
26/06/2026 03:20;5,87
26/06/2026 03:25;
26/06/2026 03:30;
26/06/2026 03:35;5,88
26/06/2026 03:40;
26/06/2026 03:45;5,91
26/06/2026 03:50;
26/06/2026 03:55;5,9
26/06/2026 04:00;
26/06/2026 04:05;5,87
26/06/2026 04:10;
26/06/2026 04:15;5,9
26/06/2026 04:20;
26/06/2026 04:25;
26/06/2026 04:30;5,9
26/06/2026 04:35;
26/06/2026 04:40;5,91
26/06/2026 04:45;
26/06/2026 04:50;5,89
26/06/2026 04:55;
26/06/2026 05:00;
26/06/2026 05:05;
26/06/2026 05:10;
26/06/2026 05:15;
26/06/2026 05:20;5,89
26/06/2026 05:25;
26/06/2026 05:30;5,85
26/06/2026 05:35;
26/06/2026 05:40;5,91
26/06/2026 05:45;
26/06/2026 05:50;5,9
26/06/2026 05:55;5,77
26/06/2026 06:00;5,92
26/06/2026 06:05;
26/06/2026 06:10;5,91
26/06/2026 06:15;
26/06/2026 06:20;5,86
26/06/2026 06:25;
26/06/2026 06:30;
26/06/2026 06:35;
26/06/2026 06:40;5,84
26/06/2026 06:45;5,87
26/06/2026 06:50;
26/06/2026 06:55;5,89
26/06/2026 07:00;
26/06/2026 07:05;5,87
26/06/2026 07:10;5,78
26/06/2026 07:15;5,87
26/06/2026 07:20;
26/06/2026 07:25;
26/06/2026 07:30;
26/06/2026 07:35;5,9
26/06/2026 07:40;
26/06/2026 07:45;5,9
26/06/2026 07:50;
26/06/2026 07:55;
26/06/2026 08:00;
26/06/2026 08:05;5,87
26/06/2026 08:10;
26/06/2026 08:15;
26/06/2026 08:20;5,89
26/06/2026 08:25;
26/06/2026 08:30;5,88
26/06/2026 08:35;5,78
26/06/2026 08:40;5,89
26/06/2026 08:45;
26/06/2026 08:50;5,85
26/06/2026 08:55;
26/06/2026 09:00;5,85
26/06/2026 09:05;
26/06/2026 09:10;5,92
26/06/2026 09:15;
26/06/2026 09:20;5,88
26/06/2026 09:25;
26/06/2026 09:30;5,91
26/06/2026 09:35;
26/06/2026 09:40;5,91
26/06/2026 09:45;
26/06/2026 09:50;5,87
26/06/2026 09:55;
26/06/2026 10:00;5,88
26/06/2026 10:05;
26/06/2026 10:10;5,8
26/06/2026 10:15;
26/06/2026 10:20;
26/06/2026 10:25;5,78
26/06/2026 10:30;5,91
26/06/2026 10:35;
26/06/2026 10:40;5,91
26/06/2026 10:45;
26/06/2026 10:50;5,81
26/06/2026 10:55;
26/06/2026 11:00;5,87
26/06/2026 11:05;5,87
26/06/2026 11:10;5,91
26/06/2026 11:15;
26/06/2026 11:20;5,89
26/06/2026 11:25;
26/06/2026 11:30;5,79
26/06/2026 11:35;5,91
26/06/2026 11:40;
26/06/2026 11:45;5,92
26/06/2026 11:50;
26/06/2026 11:55;5,8
26/06/2026 12:00;5,9
26/06/2026 12:05;
26/06/2026 12:10;5,92
26/06/2026 12:15;
26/06/2026 12:20;5,91
26/06/2026 12:25;5,81
26/06/2026 12:30;5,92
26/06/2026 12:35;
26/06/2026 12:40;5,91
26/06/2026 12:45;
26/06/2026 12:50;5,89
26/06/2026 12:55;
26/06/2026 13:00;5,92
26/06/2026 13:05;
26/06/2026 13:10;5,91
26/06/2026 13:15;
26/06/2026 13:20;
26/06/2026 13:25;
26/06/2026 13:30;5,89
26/06/2026 13:35;5,79
26/06/2026 13:40;5,88
26/06/2026 13:45;
26/06/2026 13:50;5,91
26/06/2026 13:55;
26/06/2026 14:00;5,86
26/06/2026 14:05;
26/06/2026 14:10;5,92
26/06/2026 14:15;
26/06/2026 14:20;5,9
26/06/2026 14:25;
26/06/2026 14:30;5,9
26/06/2026 14:35;
26/06/2026 14:40;5,85
26/06/2026 14:45;
26/06/2026 14:50;5,9
26/06/2026 14:55;
26/06/2026 15:00;5,91
26/06/2026 15:05;
26/06/2026 15:10;5,87
26/06/2026 15:15;
26/06/2026 15:20;
26/06/2026 15:25;
26/06/2026 15:30;5,89
26/06/2026 15:35;
26/06/2026 15:40;5,87
26/06/2026 15:45;
26/06/2026 15:50;5,91
26/06/2026 15:55;5,79
26/06/2026 16:00;5,88
26/06/2026 16:05;
26/06/2026 16:10;5,89
26/06/2026 16:15;5,88
26/06/2026 16:20;5,87
26/06/2026 16:25;
26/06/2026 16:30;5,9
26/06/2026 16:35;
26/06/2026 16:40;5,88
26/06/2026 16:45;5,87
26/06/2026 16:50;5,89
26/06/2026 16:55;
26/06/2026 17:00;5,91
26/06/2026 17:05;5,87
26/06/2026 17:10;5,83
26/06/2026 17:15;5,91
26/06/2026 17:20;5,77
26/06/2026 17:25;5,91
26/06/2026 17:30;
26/06/2026 17:35;5,84
26/06/2026 17:40;5,82
26/06/2026 17:45;5,91
26/06/2026 17:50;
26/06/2026 17:55;5,84
26/06/2026 18:00;5,88
26/06/2026 18:05;
26/06/2026 18:10;5,91
26/06/2026 18:15;
26/06/2026 18:20;5,89
26/06/2026 18:25;
26/06/2026 18:30;5,91
26/06/2026 18:35;5,83
26/06/2026 18:40;5,91
26/06/2026 18:45;5,87
26/06/2026 18:50;5,88
26/06/2026 18:55;
26/06/2026 19:00;5,91
26/06/2026 19:05;
26/06/2026 19:10;5,83
26/06/2026 19:15;
26/06/2026 19:20;
26/06/2026 19:25;
26/06/2026 19:30;
26/06/2026 19:35;
26/06/2026 19:40;5,77
26/06/2026 19:45;5,81
26/06/2026 19:50;5,92
26/06/2026 19:55;5,8
26/06/2026 20:00;5,82
26/06/2026 20:05;
26/06/2026 20:10;
26/06/2026 20:15;5,9
26/06/2026 20:20;5,84
26/06/2026 20:25;
26/06/2026 20:30;
26/06/2026 20:35;5,79
26/06/2026 20:40;
26/06/2026 20:45;
26/06/2026 20:50;5,9
26/06/2026 20:55;
26/06/2026 21:00;5,91
26/06/2026 21:05;
26/06/2026 21:10;5,83
26/06/2026 21:15;
26/06/2026 21:20;5,91
26/06/2026 21:25;
26/06/2026 21:30;5,9
26/06/2026 21:35;5,81
26/06/2026 21:40;
26/06/2026 21:45;5,89
26/06/2026 21:50;
26/06/2026 21:55;5,92
26/06/2026 22:00;5,77
26/06/2026 22:05;5,77
26/06/2026 22:10;5,9
26/06/2026 22:15;
26/06/2026 22:20;5,91
26/06/2026 22:25;
26/06/2026 22:30;
26/06/2026 22:35;5,89
26/06/2026 22:40;
26/06/2026 22:45;5,92
26/06/2026 22:50;
26/06/2026 22:55;5,86
26/06/2026 23:00;5,84
26/06/2026 23:05;5,91
26/06/2026 23:10;
26/06/2026 23:15;5,81
26/06/2026 23:20;5,86
26/06/2026 23:25;5,92
26/06/2026 23:30;
26/06/2026 23:35;5,91
26/06/2026 23:40;
26/06/2026 23:45;5,91
26/06/2026 23:50;
26/06/2026 23:55;5,86
27/06/2026 00:00;
27/06/2026 00:05;5,89
27/06/2026 00:10;5,86
27/06/2026 00:15;5,91
27/06/2026 00:20;
27/06/2026 00:25;5,91
27/06/2026 00:30;5,8
27/06/2026 00:35;5,8
27/06/2026 00:40;5,92
27/06/2026 00:45;5,93
27/06/2026 00:50;5,92
27/06/2026 00:55;
27/06/2026 01:00;5,93
27/06/2026 01:05;
27/06/2026 01:10;5,91
27/06/2026 01:15;
27/06/2026 01:20;5,93
27/06/2026 01:25;
27/06/2026 01:30;
27/06/2026 01:35;
27/06/2026 01:40;5,88
27/06/2026 01:45;5,82
27/06/2026 01:50;5,91
27/06/2026 01:55;
27/06/2026 02:00;5,92
27/06/2026 02:05;
27/06/2026 02:10;5,91
27/06/2026 02:15;
27/06/2026 02:20;5,94
27/06/2026 02:25;5,93
27/06/2026 02:30;5,94
27/06/2026 02:35;
27/06/2026 02:40;5,93
27/06/2026 02:45;5,85
27/06/2026 02:50;5,87
27/06/2026 02:55;5,81
27/06/2026 03:00;5,93
27/06/2026 03:05;
27/06/2026 03:10;5,91
27/06/2026 03:15;
27/06/2026 03:20;5,8
27/06/2026 03:25;5,86
27/06/2026 03:30;5,91
27/06/2026 03:35;
27/06/2026 03:40;5,92
27/06/2026 03:45;
27/06/2026 03:50;5,89
27/06/2026 03:55;5,84
27/06/2026 04:00;
27/06/2026 04:05;5,93
27/06/2026 04:10;
27/06/2026 04:15;5,94
27/06/2026 04:20;5,85
27/06/2026 04:25;5,94
27/06/2026 04:30;
27/06/2026 04:35;5,93
27/06/2026 04:40;
27/06/2026 04:45;5,92
27/06/2026 04:50;5,81
27/06/2026 04:55;5,91
27/06/2026 05:00;5,82
27/06/2026 05:05;5,91
27/06/2026 05:10;
27/06/2026 05:15;5,94
27/06/2026 05:20;
27/06/2026 05:25;5,93
27/06/2026 05:30;5,84
27/06/2026 05:35;
27/06/2026 05:40;
27/06/2026 05:45;5,84
27/06/2026 05:50;5,92
27/06/2026 05:55;5,85
27/06/2026 06:00;5,86
27/06/2026 06:05;
27/06/2026 06:10;5,93
27/06/2026 06:15;5,92
27/06/2026 06:20;5,92
27/06/2026 06:25;
27/06/2026 06:30;5,94
27/06/2026 06:35;5,87
27/06/2026 06:40;5,86
27/06/2026 06:45;5,92
27/06/2026 06:50;
27/06/2026 06:55;5,89
27/06/2026 07:00;5,84
27/06/2026 07:05;5,91
27/06/2026 07:10;
27/06/2026 07:15;5,93
27/06/2026 07:20;
27/06/2026 07:25;5,92
27/06/2026 07:30;5,94
27/06/2026 07:35;5,93
27/06/2026 07:40;5,87
27/06/2026 07:45;5,9
27/06/2026 07:50;5,9
27/06/2026 07:55;
27/06/2026 08:00;
27/06/2026 08:05;5,82
27/06/2026 08:10;
27/06/2026 08:15;5,91
27/06/2026 08:20;
27/06/2026 08:25;5,93
27/06/2026 08:30;
27/06/2026 08:35;5,9
27/06/2026 08:40;
27/06/2026 08:45;5,89
27/06/2026 08:50;
27/06/2026 08:55;5,92
27/06/2026 09:00;5,81
27/06/2026 09:05;
27/06/2026 09:10;
27/06/2026 09:15;5,93
27/06/2026 09:20;
27/06/2026 09:25;5,93
27/06/2026 09:30;5,85
27/06/2026 09:35;5,94
27/06/2026 09:40;5,87
27/06/2026 09:45;
27/06/2026 09:50;
27/06/2026 09:55;5,94
27/06/2026 10:00;
27/06/2026 10:05;5,93
27/06/2026 10:10;
27/06/2026 10:15;5,9
27/06/2026 10:20;
27/06/2026 10:25;5,93
27/06/2026 10:30;
27/06/2026 10:35;5,94
27/06/2026 10:40;
27/06/2026 10:45;5,92
27/06/2026 10:50;5,84
27/06/2026 10:55;5,95
27/06/2026 11:00;
27/06/2026 11:05;5,9
27/06/2026 11:10;5,88
27/06/2026 11:15;5,92
27/06/2026 11:20;
27/06/2026 11:25;5,93
27/06/2026 11:30;
27/06/2026 11:35;5,8
27/06/2026 11:40;5,93
27/06/2026 11:45;
27/06/2026 11:50;
27/06/2026 11:55;5,87
27/06/2026 12:00;5,94
27/06/2026 12:05;
27/06/2026 12:10;5,92
27/06/2026 12:15;
27/06/2026 12:20;
27/06/2026 12:25;5,94
27/06/2026 12:30;5,9
27/06/2026 12:35;5,93
27/06/2026 12:40;
27/06/2026 12:45;5,92
27/06/2026 12:50;5,8
27/06/2026 12:55;5,93
27/06/2026 13:00;
27/06/2026 13:05;
27/06/2026 13:10;5,88
27/06/2026 13:15;5,91
27/06/2026 13:20;
27/06/2026 13:25;
27/06/2026 13:30;5,87
27/06/2026 13:35;5,93
27/06/2026 13:40;5,86
27/06/2026 13:45;5,93
27/06/2026 13:50;
27/06/2026 13:55;
27/06/2026 14:00;
27/06/2026 14:05;
27/06/2026 14:10;5,8
27/06/2026 14:15;
27/06/2026 14:20;5,83
27/06/2026 14:25;5,92
27/06/2026 14:30;
27/06/2026 14:35;
27/06/2026 14:40;
27/06/2026 14:45;
27/06/2026 14:50;
27/06/2026 14:55;5,91
27/06/2026 15:00;5,83
27/06/2026 15:05;
27/06/2026 15:10;
27/06/2026 15:15;5,91
27/06/2026 15:20;5,93
27/06/2026 15:25;5,93
27/06/2026 15:30;5,82
27/06/2026 15:35;
27/06/2026 15:40;
27/06/2026 15:45;5,81
27/06/2026 15:50;5,79
27/06/2026 15:55;
27/06/2026 16:00;5,94
27/06/2026 16:05;
27/06/2026 16:10;5,94
27/06/2026 16:15;5,89
27/06/2026 16:20;5,92
27/06/2026 16:25;
27/06/2026 16:30;5,88
27/06/2026 16:35;5,88
27/06/2026 16:40;5,92
27/06/2026 16:45;
27/06/2026 16:50;5,92
27/06/2026 16:55;5,84
27/06/2026 17:00;5,93
27/06/2026 17:05;5,79
27/06/2026 17:10;
27/06/2026 17:15;
27/06/2026 17:20;5,81
27/06/2026 17:25;5,8
27/06/2026 17:30;5,83
27/06/2026 17:35;
27/06/2026 17:40;5,78
27/06/2026 17:45;5,92
27/06/2026 17:50;
27/06/2026 17:55;5,93
27/06/2026 18:00;5,82
27/06/2026 18:05;5,91
27/06/2026 18:10;5,78
27/06/2026 18:15;5,93
27/06/2026 18:20;
27/06/2026 18:25;5,92
27/06/2026 18:30;5,8
27/06/2026 18:35;5,93
27/06/2026 18:40;
27/06/2026 18:45;
27/06/2026 18:50;5,94
27/06/2026 18:55;5,8
27/06/2026 19:00;5,94
27/06/2026 19:05;5,84
27/06/2026 19:10;
27/06/2026 19:15;
27/06/2026 19:20;5,95
27/06/2026 19:25;
27/06/2026 19:30;5,96
27/06/2026 19:35;5,9
27/06/2026 19:40;5,88
27/06/2026 19:45;5,85
27/06/2026 19:50;5,96
27/06/2026 19:55;
27/06/2026 20:00;5,88
27/06/2026 20:05;
27/06/2026 20:10;5,93
27/06/2026 20:15;5,85
27/06/2026 20:20;5,96
27/06/2026 20:25;5,91
27/06/2026 20:30;5,94
27/06/2026 20:35;
27/06/2026 20:40;5,93
27/06/2026 20:45;5,87
27/06/2026 20:50;5,92
27/06/2026 20:55;5,83
27/06/2026 21:00;5,95
27/06/2026 21:05;5,8
27/06/2026 21:10;5,82
27/06/2026 21:15;5,86
27/06/2026 21:20;
27/06/2026 21:25;5,92
27/06/2026 21:30;
27/06/2026 21:35;5,9
27/06/2026 21:40;5,85
27/06/2026 21:45;5,92
27/06/2026 21:50;
27/06/2026 21:55;5,93
27/06/2026 22:00;5,78
27/06/2026 22:05;5,89
27/06/2026 22:10;
27/06/2026 22:15;5,93
27/06/2026 22:20;5,83
27/06/2026 22:25;5,95
27/06/2026 22:30;5,86
27/06/2026 22:35;
27/06/2026 22:40;5,79
27/06/2026 22:45;5,87
27/06/2026 22:50;5,88
27/06/2026 22:55;5,89
27/06/2026 23:00;5,8
27/06/2026 23:05;5,93
27/06/2026 23:10;5,87
27/06/2026 23:15;5,88
27/06/2026 23:20;
27/06/2026 23:25;5,93
27/06/2026 23:30;5,87
27/06/2026 23:35;
27/06/2026 23:40;
27/06/2026 23:45;5,9
27/06/2026 23:50;
27/06/2026 23:55;5,94
28/06/2026 00:00;5,83
28/06/2026 00:05;5,89
28/06/2026 00:10;5,83
28/06/2026 00:15;5,94
28/06/2026 00:20;5,82
28/06/2026 00:25;5,93
28/06/2026 00:30;5,83
28/06/2026 00:35;5,88
28/06/2026 00:40;
28/06/2026 00:45;5,93
28/06/2026 00:50;5,84
28/06/2026 00:55;5,91
28/06/2026 01:00;5,86
28/06/2026 01:05;5,93
28/06/2026 01:10;5,87
28/06/2026 01:15;5,91
28/06/2026 01:20;
28/06/2026 01:25;5,9
28/06/2026 01:30;5,82
28/06/2026 01:35;5,92
28/06/2026 01:40;5,79
28/06/2026 01:45;5,89
28/06/2026 01:50;5,81
28/06/2026 01:55;5,87
28/06/2026 02:00;
28/06/2026 02:05;5,91
28/06/2026 02:10;
28/06/2026 02:15;5,92
28/06/2026 02:20;
28/06/2026 02:25;5,91
28/06/2026 02:30;5,82
28/06/2026 02:35;5,91
28/06/2026 02:40;5,8
28/06/2026 02:45;
28/06/2026 02:50;5,89
28/06/2026 02:55;
28/06/2026 03:00;5,91
28/06/2026 03:05;
28/06/2026 03:10;5,91
28/06/2026 03:15;
28/06/2026 03:20;5,89
28/06/2026 03:25;
28/06/2026 03:30;5,9
28/06/2026 03:35;
28/06/2026 03:40;5,91
28/06/2026 03:45;
28/06/2026 03:50;5,89
28/06/2026 03:55;
28/06/2026 04:00;5,82
28/06/2026 04:05;5,82
28/06/2026 04:10;
28/06/2026 04:15;
28/06/2026 04:20;5,9
28/06/2026 04:25;
28/06/2026 04:30;5,88
28/06/2026 04:35;
28/06/2026 04:40;5,86
28/06/2026 04:45;5,77
28/06/2026 04:50;5,88
28/06/2026 04:55;
28/06/2026 05:00;5,85
28/06/2026 05:05;
28/06/2026 05:10;5,87
28/06/2026 05:15;
28/06/2026 05:20;5,88
28/06/2026 05:25;
28/06/2026 05:30;5,9
28/06/2026 05:35;5,82
28/06/2026 05:40;5,9
28/06/2026 05:45;5,77
28/06/2026 05:50;
28/06/2026 05:55;5,87
28/06/2026 06:00;
28/06/2026 06:05;5,84
28/06/2026 06:10;
28/06/2026 06:15;5,81
28/06/2026 06:20;5,86
28/06/2026 06:25;5,81
28/06/2026 06:30;
28/06/2026 06:35;5,85
28/06/2026 06:40;5,8
28/06/2026 06:45;5,87
28/06/2026 06:50;5,79
28/06/2026 06:55;
28/06/2026 07:00;5,87
28/06/2026 07:05;
28/06/2026 07:10;5,89
28/06/2026 07:15;
28/06/2026 07:20;5,88
28/06/2026 07:25;
28/06/2026 07:30;5,88
28/06/2026 07:35;5,82
28/06/2026 07:40;5,91
28/06/2026 07:45;
28/06/2026 07:50;5,9
28/06/2026 07:55;
28/06/2026 08:00;5,86
28/06/2026 08:05;
28/06/2026 08:10;5,9
28/06/2026 08:15;
28/06/2026 08:20;5,85
28/06/2026 08:25;
28/06/2026 08:30;
28/06/2026 08:35;
28/06/2026 08:40;
28/06/2026 08:45;
28/06/2026 08:50;
28/06/2026 08:55;
28/06/2026 09:00;
28/06/2026 09:05;5,79
28/06/2026 09:10;
28/06/2026 09:15;
28/06/2026 09:20;
28/06/2026 09:25;
28/06/2026 09:30;
28/06/2026 09:35;
28/06/2026 09:40;
28/06/2026 09:45;
28/06/2026 09:50;
28/06/2026 09:55;
28/06/2026 10:00;
28/06/2026 10:05;5,86
28/06/2026 10:10;
28/06/2026 10:15;
28/06/2026 10:20;
28/06/2026 10:25;5,89
28/06/2026 10:30;5,85
28/06/2026 10:35;
28/06/2026 10:40;
28/06/2026 10:45;
28/06/2026 10:50;
28/06/2026 10:55;
28/06/2026 11:00;5,77
28/06/2026 11:05;5,79
28/06/2026 11:10;5,9
28/06/2026 11:15;5,86
28/06/2026 11:20;
28/06/2026 11:25;
28/06/2026 11:30;
28/06/2026 11:35;
28/06/2026 11:40;5,89
28/06/2026 11:45;
28/06/2026 11:50;5,85
28/06/2026 11:55;
28/06/2026 12:00;
28/06/2026 12:05;
28/06/2026 12:10;5,82
28/06/2026 12:15;
28/06/2026 12:20;
28/06/2026 12:25;
28/06/2026 12:30;
28/06/2026 12:35;5,88
28/06/2026 12:40;
28/06/2026 12:45;
28/06/2026 12:50;
28/06/2026 12:55;5,9
28/06/2026 13:00;
28/06/2026 13:05;5,88
28/06/2026 13:10;
28/06/2026 13:15;5,89
28/06/2026 13:20;
28/06/2026 13:25;5,91
28/06/2026 13:30;
28/06/2026 13:35;
28/06/2026 13:40;
28/06/2026 13:45;5,87
28/06/2026 13:50;
28/06/2026 13:55;
28/06/2026 14:00;
28/06/2026 14:05;5,87
28/06/2026 14:10;
28/06/2026 14:15;
28/06/2026 14:20;
28/06/2026 14:25;
28/06/2026 14:30;5,86
28/06/2026 14:35;
28/06/2026 14:40;5,88
28/06/2026 14:45;
28/06/2026 14:50;5,88
28/06/2026 14:55;
28/06/2026 15:00;5,89
28/06/2026 15:05;5,87
28/06/2026 15:10;5,89
28/06/2026 15:15;5,78
28/06/2026 15:20;5,88
28/06/2026 15:25;
28/06/2026 15:30;5,88
28/06/2026 15:35;5,86
28/06/2026 15:40;
28/06/2026 15:45;5,86
28/06/2026 15:50;
28/06/2026 15:55;5,88
28/06/2026 16:00;5,84
28/06/2026 16:05;5,82
28/06/2026 16:10;5,82
28/06/2026 16:15;5,89
28/06/2026 16:20;5,87
28/06/2026 16:25;5,8
28/06/2026 16:30;5,84
28/06/2026 16:35;5,89
28/06/2026 16:40;5,83
28/06/2026 16:45;5,88
28/06/2026 16:50;
28/06/2026 16:55;
28/06/2026 17:00;5,84
28/06/2026 17:05;
28/06/2026 17:10;5,87
28/06/2026 17:15;
28/06/2026 17:20;5,89
28/06/2026 17:25;
28/06/2026 17:30;
28/06/2026 17:35;
28/06/2026 17:40;
28/06/2026 17:45;
28/06/2026 17:50;
28/06/2026 17:55;
28/06/2026 18:00;5,83
28/06/2026 18:05;
28/06/2026 18:10;
28/06/2026 18:15;
28/06/2026 18:20;
28/06/2026 18:25;
28/06/2026 18:30;
28/06/2026 18:35;5,86
28/06/2026 18:40;
28/06/2026 18:45;
28/06/2026 18:50;5,85
28/06/2026 18:55;
28/06/2026 19:00;
28/06/2026 19:05;
28/06/2026 19:10;
28/06/2026 19:15;5,91
28/06/2026 19:20;
28/06/2026 19:25;
28/06/2026 19:30;
28/06/2026 19:35;5,8
28/06/2026 19:40;
28/06/2026 19:45;
28/06/2026 19:50;
28/06/2026 19:55;5,92
28/06/2026 20:00;
28/06/2026 20:05;5,88
28/06/2026 20:10;
28/06/2026 20:15;
28/06/2026 20:20;
28/06/2026 20:25;5,81
28/06/2026 20:30;5,87
28/06/2026 20:35;
28/06/2026 20:40;
28/06/2026 20:45;5,88
28/06/2026 20:50;
28/06/2026 20:55;
28/06/2026 21:00;
28/06/2026 21:05;
28/06/2026 21:10;
28/06/2026 21:15;5,84
28/06/2026 21:20;5,93
28/06/2026 21:25;
28/06/2026 21:30;5,94
28/06/2026 21:35;
28/06/2026 21:40;5,78
28/06/2026 21:45;
28/06/2026 21:50;5,95
28/06/2026 21:55;
28/06/2026 22:00;5,95
28/06/2026 22:05;5,9
28/06/2026 22:10;5,91
28/06/2026 22:15;
28/06/2026 22:20;
28/06/2026 22:25;
28/06/2026 22:30;
28/06/2026 22:35;
28/06/2026 22:40;5,93
28/06/2026 22:45;
28/06/2026 22:50;
28/06/2026 22:55;
28/06/2026 23:00;5,91
28/06/2026 23:05;
28/06/2026 23:10;
28/06/2026 23:15;5,83
28/06/2026 23:20;5,9
28/06/2026 23:25;
28/06/2026 23:30;5,93
28/06/2026 23:35;
28/06/2026 23:40;5,88
28/06/2026 23:45;5,93
28/06/2026 23:50;
28/06/2026 23:55;5,93
29/06/2026 00:00;
29/06/2026 00:05;
29/06/2026 00:10;
29/06/2026 00:15;5,8
29/06/2026 00:20;5,84
29/06/2026 00:25;5,93
29/06/2026 00:30;
29/06/2026 00:35;5,89
29/06/2026 00:40;
29/06/2026 00:45;
29/06/2026 00:50;5,88
29/06/2026 00:55;5,92
29/06/2026 01:00;5,77
29/06/2026 01:05;
29/06/2026 01:10;
29/06/2026 01:15;5,92
29/06/2026 01:20;5,88
29/06/2026 01:25;
29/06/2026 01:30;
29/06/2026 01:35;
29/06/2026 01:40;
29/06/2026 01:45;
29/06/2026 01:50;
29/06/2026 01:55;
29/06/2026 02:00;
29/06/2026 02:05;
29/06/2026 02:10;
29/06/2026 02:15;
29/06/2026 02:20;
29/06/2026 02:25;
29/06/2026 02:30;
29/06/2026 02:35;
29/06/2026 02:40;
29/06/2026 02:45;
29/06/2026 02:50;
29/06/2026 02:55;5,93
29/06/2026 03:00;
29/06/2026 03:05;5,87
29/06/2026 03:10;5,8
29/06/2026 03:15;5,9
29/06/2026 03:20;
29/06/2026 03:25;
29/06/2026 03:30;
29/06/2026 03:35;
29/06/2026 03:40;5,93
29/06/2026 03:45;5,88
29/06/2026 03:50;5,9
29/06/2026 03:55;5,87
29/06/2026 04:00;
29/06/2026 04:05;
29/06/2026 04:10;
29/06/2026 04:15;5,87
29/06/2026 04:20;
29/06/2026 04:25;
29/06/2026 04:30;
29/06/2026 04:35;5,85
29/06/2026 04:40;5,84
29/06/2026 04:45;
29/06/2026 04:50;
29/06/2026 04:55;5,9
29/06/2026 05:00;
29/06/2026 05:05;5,78
29/06/2026 05:10;
29/06/2026 05:15;5,89
29/06/2026 05:20;5,86
29/06/2026 05:25;5,92
29/06/2026 05:30;
29/06/2026 05:35;5,9
29/06/2026 05:40;
29/06/2026 05:45;5,92
29/06/2026 05:50;
29/06/2026 05:55;5,83
29/06/2026 06:00;
29/06/2026 06:05;
29/06/2026 06:10;
29/06/2026 06:15;5,86
29/06/2026 06:20;5,86
29/06/2026 06:25;
29/06/2026 06:30;5,84
29/06/2026 06:35;
29/06/2026 06:40;
29/06/2026 06:45;5,83
29/06/2026 06:50;
29/06/2026 06:55;
29/06/2026 07:00;5,82
29/06/2026 07:05;5,88
29/06/2026 07:10;5,84
29/06/2026 07:15;5,9
29/06/2026 07:20;5,88
29/06/2026 07:25;5,93
29/06/2026 07:30;5,86
29/06/2026 07:35;5,9
29/06/2026 07:40;
29/06/2026 07:45;5,93
29/06/2026 07:50;5,82
29/06/2026 07:55;5,94
29/06/2026 08:00;
29/06/2026 08:05;5,92
29/06/2026 08:10;5,88
29/06/2026 08:15;5,84
29/06/2026 08:20;5,89
29/06/2026 08:25;5,91
29/06/2026 08:30;5,87
29/06/2026 08:35;5,94
29/06/2026 08:40;
29/06/2026 08:45;5,92
29/06/2026 08:50;
29/06/2026 08:55;5,93
29/06/2026 09:00;
29/06/2026 09:05;5,93
29/06/2026 09:10;
29/06/2026 09:15;5,84
29/06/2026 09:20;
29/06/2026 09:25;5,95
29/06/2026 09:30;5,91
29/06/2026 09:35;5,86
29/06/2026 09:40;5,84
29/06/2026 09:45;5,85
29/06/2026 09:50;5,92
29/06/2026 09:55;5,89
29/06/2026 10:00;5,91
29/06/2026 10:05;5,81
29/06/2026 10:10;5,91
29/06/2026 10:15;
29/06/2026 10:20;
29/06/2026 10:25;5,96
29/06/2026 10:30;5,82
29/06/2026 10:35;5,91
29/06/2026 10:40;5,84
29/06/2026 10:45;
29/06/2026 10:50;
29/06/2026 10:55;5,89
29/06/2026 11:00;5,92
29/06/2026 11:05;5,92
29/06/2026 11:10;5,91
29/06/2026 11:15;
29/06/2026 11:20;5,95
29/06/2026 11:25;5,93
29/06/2026 11:30;5,9
29/06/2026 11:35;5,87
29/06/2026 11:40;5,79
29/06/2026 11:45;
29/06/2026 11:50;5,91
29/06/2026 11:55;
29/06/2026 12:00;5,92
29/06/2026 12:05;5,87
29/06/2026 12:10;5,93
29/06/2026 12:15;
29/06/2026 12:20;5,92
29/06/2026 12:25;5,89
29/06/2026 12:30;5,91
29/06/2026 12:35;
29/06/2026 12:40;5,93
29/06/2026 12:45;5,94
29/06/2026 12:50;
29/06/2026 12:55;5,89
29/06/2026 13:00;5,95
29/06/2026 13:05;5,86
29/06/2026 13:10;5,92
29/06/2026 13:15;
29/06/2026 13:20;5,82
29/06/2026 13:25;5,89
29/06/2026 13:30;5,84
29/06/2026 13:35;
29/06/2026 13:40;5,89
29/06/2026 13:45;5,82
29/06/2026 13:50;
29/06/2026 13:55;5,91
29/06/2026 14:00;5,86
29/06/2026 14:05;5,84
29/06/2026 14:10;
29/06/2026 14:15;5,94
29/06/2026 14:20;
29/06/2026 14:25;5,78
29/06/2026 14:30;5,9
29/06/2026 14:35;
29/06/2026 14:40;5,78
29/06/2026 14:45;5,83
29/06/2026 14:50;5,79
29/06/2026 14:55;5,91
29/06/2026 15:00;
29/06/2026 15:05;5,86
29/06/2026 15:10;5,86
29/06/2026 15:15;5,9
29/06/2026 15:20;5,85
29/06/2026 15:25;5,77
29/06/2026 15:30;
29/06/2026 15:35;
29/06/2026 15:40;5,88
29/06/2026 15:45;5,95
29/06/2026 15:50;
29/06/2026 15:55;5,87
29/06/2026 16:00;5,83
29/06/2026 16:05;5,95
29/06/2026 16:10;
29/06/2026 16:15;5,77
29/06/2026 16:20;5,79
29/06/2026 16:25;
29/06/2026 16:30;5,96
29/06/2026 16:35;5,87
29/06/2026 16:40;5,9
29/06/2026 16:45;5,86
29/06/2026 16:50;5,95
29/06/2026 16:55;
29/06/2026 17:00;5,95
29/06/2026 17:05;
29/06/2026 17:10;5,86
29/06/2026 17:15;5,89
29/06/2026 17:20;5,93
29/06/2026 17:25;5,95
29/06/2026 17:30;5,91
29/06/2026 17:35;
29/06/2026 17:40;5,89
29/06/2026 17:45;5,83
29/06/2026 17:50;5,82
29/06/2026 17:55;5,91
29/06/2026 18:00;
29/06/2026 18:05;
29/06/2026 18:10;
29/06/2026 18:15;5,94
29/06/2026 18:20;5,89
29/06/2026 18:25;5,89
29/06/2026 18:30;5,79
29/06/2026 18:35;
29/06/2026 18:40;
29/06/2026 18:45;5,87
29/06/2026 18:50;5,9
29/06/2026 18:55;5,9
29/06/2026 19:00;
29/06/2026 19:05;5,82
29/06/2026 19:10;5,94
29/06/2026 19:15;
29/06/2026 19:20;5,93
29/06/2026 19:25;5,91
29/06/2026 19:30;
29/06/2026 19:35;
29/06/2026 19:40;5,94
29/06/2026 19:45;5,95
29/06/2026 19:50;
29/06/2026 19:55;5,83
29/06/2026 20:00;
29/06/2026 20:05;5,94
29/06/2026 20:10;
29/06/2026 20:15;5,96
29/06/2026 20:20;
29/06/2026 20:25;5,93
29/06/2026 20:30;
29/06/2026 20:35;
29/06/2026 20:40;5,89
29/06/2026 20:45;5,97
29/06/2026 20:50;
29/06/2026 20:55;5,95
29/06/2026 21:00;5,85
29/06/2026 21:05;5,98
29/06/2026 21:10;5,87
29/06/2026 21:15;5,95
29/06/2026 21:20;
29/06/2026 21:25;5,97
29/06/2026 21:30;
29/06/2026 21:35;5,86
29/06/2026 21:40;5,85
29/06/2026 21:45;5,92
29/06/2026 21:50;5,9
29/06/2026 21:55;
29/06/2026 22:00;
29/06/2026 22:05;5,94
29/06/2026 22:10;5,88
29/06/2026 22:15;5,91
29/06/2026 22:20;5,94
29/06/2026 22:25;5,92
29/06/2026 22:30;
29/06/2026 22:35;
29/06/2026 22:40;5,82
29/06/2026 22:45;
29/06/2026 22:50;5,78
29/06/2026 22:55;5,97
29/06/2026 23:00;5,95
29/06/2026 23:05;5,99
29/06/2026 23:10;5,96
29/06/2026 23:15;
29/06/2026 23:20;5,93
29/06/2026 23:25;5,95
29/06/2026 23:30;5,96
29/06/2026 23:35;
29/06/2026 23:40;
29/06/2026 23:45;
29/06/2026 23:50;5,95
29/06/2026 23:55;5,94
30/06/2026 00:00;5,95
30/06/2026 00:05;5,95
30/06/2026 00:10;5,96
30/06/2026 00:15;5,95
30/06/2026 00:20;5,97
30/06/2026 00:25;5,9
30/06/2026 00:30;5,92
30/06/2026 00:35;
30/06/2026 00:40;
30/06/2026 00:45;5,91
30/06/2026 00:50;5,95
30/06/2026 00:55;
30/06/2026 01:00;
30/06/2026 01:05;
30/06/2026 01:10;5,77
30/06/2026 01:15;5,94
30/06/2026 01:20;5,89
30/06/2026 01:25;
30/06/2026 01:30;
30/06/2026 01:35;
30/06/2026 01:40;5,92
30/06/2026 01:45;
30/06/2026 01:50;5,92
30/06/2026 01:55;
30/06/2026 02:00;
30/06/2026 02:05;
30/06/2026 02:10;
30/06/2026 02:15;
30/06/2026 02:20;5,84
30/06/2026 02:25;
30/06/2026 02:30;
30/06/2026 02:35;5,95
30/06/2026 02:40;
30/06/2026 02:45;5,93
30/06/2026 02:50;
30/06/2026 02:55;
30/06/2026 03:00;5,93
30/06/2026 03:05;5,94
30/06/2026 03:10;
30/06/2026 03:15;
30/06/2026 03:20;5,9
30/06/2026 03:25;
30/06/2026 03:30;5,89
30/06/2026 03:35;5,88
30/06/2026 03:40;5,73
30/06/2026 03:45;5,87
30/06/2026 03:50;5,87
30/06/2026 03:55;
30/06/2026 04:00;
30/06/2026 04:05;5,86
30/06/2026 04:10;5,73
30/06/2026 04:15;5,91
30/06/2026 04:20;5,76
30/06/2026 04:25;5,85
30/06/2026 04:30;5,9
30/06/2026 04:35;5,76
30/06/2026 04:40;
30/06/2026 04:45;5,91
30/06/2026 04:50;5,83
30/06/2026 04:55;5,86
30/06/2026 05:00;
30/06/2026 05:05;5,84
30/06/2026 05:10;5,75
30/06/2026 05:15;5,91
30/06/2026 05:20;5,9
30/06/2026 05:25;5,92
30/06/2026 05:30;5,91
30/06/2026 05:35;
30/06/2026 05:40;5,89
30/06/2026 05:45;5,86
30/06/2026 05:50;
30/06/2026 05:55;5,84
30/06/2026 06:00;
30/06/2026 06:05;5,88
30/06/2026 06:10;
30/06/2026 06:15;5,83
30/06/2026 06:20;5,69
30/06/2026 06:25;5,87
30/06/2026 06:30;5,91
30/06/2026 06:35;5,87
30/06/2026 06:40;5,79
30/06/2026 06:45;5,87
30/06/2026 06:50;
30/06/2026 06:55;5,85
30/06/2026 07:00;5,85
30/06/2026 07:05;5,9
30/06/2026 07:10;5,87
30/06/2026 07:15;5,78
30/06/2026 07:20;5,65
30/06/2026 07:25;5,87
30/06/2026 07:30;
30/06/2026 07:35;5,89
30/06/2026 07:40;5,78
30/06/2026 07:45;5,84
30/06/2026 07:50;5,9
30/06/2026 07:55;
30/06/2026 08:00;5,89
30/06/2026 08:05;5,89
30/06/2026 08:10;
30/06/2026 08:15;
30/06/2026 08:20;5,82
30/06/2026 08:25;
30/06/2026 08:30;5,85
30/06/2026 08:35;5,86
30/06/2026 08:40;
30/06/2026 08:45;
30/06/2026 08:50;5,74
30/06/2026 08:55;5,89
30/06/2026 09:00;5,91
30/06/2026 09:05;5,8
30/06/2026 09:10;5,92
30/06/2026 09:15;
30/06/2026 09:20;5,9
30/06/2026 09:25;5,86
30/06/2026 09:30;5,92
30/06/2026 09:35;5,7
30/06/2026 09:40;5,86
30/06/2026 09:45;5,88
30/06/2026 09:50;
30/06/2026 09:55;5,73
30/06/2026 10:00;5,85
30/06/2026 10:05;5,87
30/06/2026 10:10;
30/06/2026 10:15;
30/06/2026 10:20;5,85
30/06/2026 10:25;5,9
30/06/2026 10:30;5,88
30/06/2026 10:35;5,89
30/06/2026 10:40;
30/06/2026 10:45;
30/06/2026 10:50;5,83
30/06/2026 10:55;5,68
30/06/2026 11:00;5,87
30/06/2026 11:05;5,83
30/06/2026 11:10;
30/06/2026 11:15;5,92
30/06/2026 11:20;5,86
30/06/2026 11:25;5,88
30/06/2026 11:30;5,76
30/06/2026 11:35;5,89
30/06/2026 11:40;5,78
30/06/2026 11:45;5,67
30/06/2026 11:50;5,76
30/06/2026 11:55;5,78
30/06/2026 12:00;
30/06/2026 12:05;
30/06/2026 12:10;
30/06/2026 12:15;5,81
30/06/2026 12:20;5,83
30/06/2026 12:25;5,76
30/06/2026 12:30;5,87
30/06/2026 12:35;
30/06/2026 12:40;
30/06/2026 12:45;5,77
30/06/2026 12:50;5,74
30/06/2026 12:55;5,82
30/06/2026 13:00;5,73
30/06/2026 13:05;
30/06/2026 13:10;5,71
30/06/2026 13:15;5,84
30/06/2026 13:20;
30/06/2026 13:25;
30/06/2026 13:30;5,72
30/06/2026 13:35;
30/06/2026 13:40;5,82
30/06/2026 13:45;5,85
30/06/2026 13:50;
30/06/2026 13:55;5,86
30/06/2026 14:00;
30/06/2026 14:05;5,82
30/06/2026 14:10;5,8
30/06/2026 14:15;
30/06/2026 14:20;5,75
30/06/2026 14:25;5,84
30/06/2026 14:30;5,72
30/06/2026 14:35;5,74
30/06/2026 14:40;
30/06/2026 14:45;5,89
30/06/2026 14:50;
30/06/2026 14:55;5,84
30/06/2026 15:00;5,72
30/06/2026 15:05;
30/06/2026 15:10;
30/06/2026 15:15;
30/06/2026 15:20;
30/06/2026 15:25;
30/06/2026 15:30;
30/06/2026 15:35;5,86
30/06/2026 15:40;
30/06/2026 15:45;5,81
30/06/2026 15:50;5,88
30/06/2026 15:55;
30/06/2026 16:00;
30/06/2026 16:05;5,82
30/06/2026 16:10;
30/06/2026 16:15;
30/06/2026 16:20;5,82
30/06/2026 16:25;
30/06/2026 16:30;5,79
30/06/2026 16:35;5,8
30/06/2026 16:40;5,67
30/06/2026 16:45;5,77
30/06/2026 16:50;
30/06/2026 16:55;5,79
30/06/2026 17:00;
30/06/2026 17:05;
30/06/2026 17:10;
30/06/2026 17:15;
30/06/2026 17:20;
30/06/2026 17:25;
30/06/2026 17:30;
30/06/2026 17:35;5,88
30/06/2026 17:40;5,71
30/06/2026 17:45;5,86
30/06/2026 17:50;5,76
30/06/2026 17:55;5,81
30/06/2026 18:00;5,77
30/06/2026 18:05;5,78
30/06/2026 18:10;5,86
30/06/2026 18:15;5,87
30/06/2026 18:20;
30/06/2026 18:25;5,81
30/06/2026 18:30;5,81
30/06/2026 18:35;
30/06/2026 18:40;
30/06/2026 18:45;5,89
30/06/2026 18:50;5,84
30/06/2026 18:55;5,7
30/06/2026 19:00;5,86
30/06/2026 19:05;5,76
30/06/2026 19:10;
30/06/2026 19:15;5,72
30/06/2026 19:20;
30/06/2026 19:25;5,78
30/06/2026 19:30;5,74
30/06/2026 19:35;5,86
30/06/2026 19:40;
30/06/2026 19:45;5,84
30/06/2026 19:50;5,87
30/06/2026 19:55;5,83
30/06/2026 20:00;
30/06/2026 20:05;
30/06/2026 20:10;
30/06/2026 20:15;5,85
30/06/2026 20:20;5,75
30/06/2026 20:25;5,85
30/06/2026 20:30;5,8
30/06/2026 20:35;5,84
30/06/2026 20:40;5,82
30/06/2026 20:45;5,75
30/06/2026 20:50;5,81
30/06/2026 20:55;5,88
30/06/2026 21:00;
30/06/2026 21:05;5,83
30/06/2026 21:10;
30/06/2026 21:15;5,76
30/06/2026 21:20;
30/06/2026 21:25;5,87
30/06/2026 21:30;5,77
30/06/2026 21:35;5,85
30/06/2026 21:40;5,83
30/06/2026 21:45;
30/06/2026 21:50;5,82
30/06/2026 21:55;5,83
30/06/2026 22:00;5,76
30/06/2026 22:05;
30/06/2026 22:10;5,84
30/06/2026 22:15;5,85
30/06/2026 22:20;
30/06/2026 22:25;5,88
30/06/2026 22:30;5,82
30/06/2026 22:35;5,83
30/06/2026 22:40;
30/06/2026 22:45;
30/06/2026 22:50;
30/06/2026 22:55;5,88
30/06/2026 23:00;5,82
30/06/2026 23:05;5,87
30/06/2026 23:10;5,81
30/06/2026 23:15;
30/06/2026 23:20;5,81
30/06/2026 23:25;5,81
30/06/2026 23:30;5,79
30/06/2026 23:35;5,85
30/06/2026 23:40;5,87
30/06/2026 23:45;5,85
30/06/2026 23:50;5,92
30/06/2026 23:55;5,76
01/07/2026 00:00;
01/07/2026 00:05;5,79
01/07/2026 00:10;5,91
01/07/2026 00:15;
01/07/2026 00:20;5,89
01/07/2026 00:25;5,87
01/07/2026 00:30;5,9
01/07/2026 00:35;5,85
01/07/2026 00:40;5,9
01/07/2026 00:45;5,74
01/07/2026 00:50;5,87
01/07/2026 00:55;5,83
01/07/2026 01:00;5,76
01/07/2026 01:05;5,83
01/07/2026 01:10;5,82
01/07/2026 01:15;
01/07/2026 01:20;5,67
01/07/2026 01:25;
01/07/2026 01:30;5,83
01/07/2026 01:35;5,88
01/07/2026 01:40;5,83
01/07/2026 01:45;5,73
01/07/2026 01:50;5,9
01/07/2026 01:55;5,81
01/07/2026 02:00;5,76
01/07/2026 02:05;5,77
01/07/2026 02:10;5,71
01/07/2026 02:15;5,74
01/07/2026 02:20;5,75
01/07/2026 02:25;5,86
01/07/2026 02:30;5,9
01/07/2026 02:35;
01/07/2026 02:40;5,9
01/07/2026 02:45;5,87
01/07/2026 02:50;5,9
01/07/2026 02:55;5,74
01/07/2026 03:00;5,83
01/07/2026 03:05;5,82
01/07/2026 03:10;5,71
01/07/2026 03:15;5,71
01/07/2026 03:20;5,83
01/07/2026 03:25;5,89
01/07/2026 03:30;5,76
01/07/2026 03:35;5,83
01/07/2026 03:40;5,77
01/07/2026 03:45;5,9
01/07/2026 03:50;5,82
01/07/2026 03:55;
01/07/2026 04:00;5,84
01/07/2026 04:05;5,85
01/07/2026 04:10;5,76
01/07/2026 04:15;
01/07/2026 04:20;5,84
01/07/2026 04:25;
01/07/2026 04:30;5,78
01/07/2026 04:35;
01/07/2026 04:40;5,75
01/07/2026 04:45;
01/07/2026 04:50;5,72
01/07/2026 04:55;
01/07/2026 05:00;5,74
01/07/2026 05:05;5,88
01/07/2026 05:10;5,87
01/07/2026 05:15;
01/07/2026 05:20;5,83
01/07/2026 05:25;
01/07/2026 05:30;5,82
01/07/2026 05:35;
01/07/2026 05:40;5,87
01/07/2026 05:45;5,78
01/07/2026 05:50;5,93
01/07/2026 05:55;5,81
01/07/2026 06:00;5,85
01/07/2026 06:05;5,88
01/07/2026 06:10;5,77
01/07/2026 06:15;5,85
01/07/2026 06:20;5,88
01/07/2026 06:25;5,88
01/07/2026 06:30;5,75
01/07/2026 06:35;5,87
01/07/2026 06:40;
01/07/2026 06:45;
01/07/2026 06:50;5,79
01/07/2026 06:55;
01/07/2026 07:00;5,93
01/07/2026 07:05;
01/07/2026 07:10;5,84
01/07/2026 07:15;5,78
01/07/2026 07:20;5,89
01/07/2026 07:25;5,76
01/07/2026 07:30;5,83
01/07/2026 07:35;5,73
01/07/2026 07:40;
01/07/2026 07:45;5,73
01/07/2026 07:50;5,84
01/07/2026 07:55;5,7
01/07/2026 08:00;
01/07/2026 08:05;5,67
01/07/2026 08:10;5,79
01/07/2026 08:15;5,8
01/07/2026 08:20;5,85
01/07/2026 08:25;5,67
01/07/2026 08:30;
01/07/2026 08:35;
01/07/2026 08:40;5,79
01/07/2026 08:45;5,8
01/07/2026 08:50;5,8
01/07/2026 08:55;5,89
01/07/2026 09:00;5,76
01/07/2026 09:05;5,81
01/07/2026 09:10;5,71
01/07/2026 09:15;5,85
01/07/2026 09:20;5,73
01/07/2026 09:25;5,8
01/07/2026 09:30;5,9
01/07/2026 09:35;
01/07/2026 09:40;5,77
01/07/2026 09:45;5,76
01/07/2026 09:50;5,8
01/07/2026 09:55;5,7
01/07/2026 10:00;5,78
01/07/2026 10:05;
01/07/2026 10:10;5,86
01/07/2026 10:15;
01/07/2026 10:20;
01/07/2026 10:25;5,92
01/07/2026 10:30;5,76
01/07/2026 10:35;
01/07/2026 10:40;5,79
01/07/2026 10:45;
01/07/2026 10:50;5,77
01/07/2026 10:55;5,7
01/07/2026 11:00;5,81
01/07/2026 11:05;5,89
01/07/2026 11:10;5,71
01/07/2026 11:15;5,9
01/07/2026 11:20;5,75
01/07/2026 11:25;5,79
01/07/2026 11:30;5,88
01/07/2026 11:35;5,87
01/07/2026 11:40;5,72
01/07/2026 11:45;5,87
01/07/2026 11:50;5,83
01/07/2026 11:55;5,79
01/07/2026 12:00;5,83
01/07/2026 12:05;
01/07/2026 12:10;5,81
01/07/2026 12:15;5,91
01/07/2026 12:20;5,75
01/07/2026 12:25;5,89
01/07/2026 12:30;5,72
01/07/2026 12:35;
01/07/2026 12:40;
01/07/2026 12:45;5,88
01/07/2026 12:50;5,78
01/07/2026 12:55;5,79
01/07/2026 13:00;
01/07/2026 13:05;
01/07/2026 13:10;5,73
01/07/2026 13:15;5,88
01/07/2026 13:20;5,8
01/07/2026 13:25;
01/07/2026 13:30;5,73
01/07/2026 13:35;5,79
01/07/2026 13:40;5,75
01/07/2026 13:45;5,89
01/07/2026 13:50;5,7
01/07/2026 13:55;
01/07/2026 14:00;5,88
01/07/2026 14:05;5,88
01/07/2026 14:10;5,84
01/07/2026 14:15;5,69
01/07/2026 14:20;
01/07/2026 14:25;
01/07/2026 14:30;5,87
01/07/2026 14:35;
01/07/2026 14:40;5,79
01/07/2026 14:45;5,89
01/07/2026 14:50;5,69
01/07/2026 14:55;5,76
01/07/2026 15:00;
01/07/2026 15:05;
01/07/2026 15:10;5,83
01/07/2026 15:15;
01/07/2026 15:20;5,8
01/07/2026 15:25;5,88
01/07/2026 15:30;5,84
01/07/2026 15:35;5,9
01/07/2026 15:40;5,74
01/07/2026 15:45;5,71
01/07/2026 15:50;5,74
01/07/2026 15:55;
01/07/2026 16:00;5,86
01/07/2026 16:05;5,92
01/07/2026 16:10;
01/07/2026 16:15;
01/07/2026 16:20;5,69
01/07/2026 16:25;
01/07/2026 16:30;5,73
01/07/2026 16:35;5,9
01/07/2026 16:40;5,89
01/07/2026 16:45;
01/07/2026 16:50;5,84
01/07/2026 16:55;5,67
01/07/2026 17:00;
01/07/2026 17:05;5,88
01/07/2026 17:10;
01/07/2026 17:15;
01/07/2026 17:20;
01/07/2026 17:25;5,72
01/07/2026 17:30;5,9
01/07/2026 17:35;5,74
01/07/2026 17:40;5,9
01/07/2026 17:45;5,84
01/07/2026 17:50;
01/07/2026 17:55;5,89
01/07/2026 18:00;
01/07/2026 18:05;
01/07/2026 18:10;5,82
01/07/2026 18:15;5,72
01/07/2026 18:20;5,7
01/07/2026 18:25;5,79
01/07/2026 18:30;5,88
01/07/2026 18:35;5,76
01/07/2026 18:40;5,8
01/07/2026 18:45;
01/07/2026 18:50;5,93
01/07/2026 18:55;5,74
01/07/2026 19:00;5,92
01/07/2026 19:05;5,8
01/07/2026 19:10;5,92
01/07/2026 19:15;5,71
01/07/2026 19:20;
01/07/2026 19:25;5,8
01/07/2026 19:30;5,88
01/07/2026 19:35;5,92
01/07/2026 19:40;5,87
01/07/2026 19:45;5,72
01/07/2026 19:50;5,8
01/07/2026 19:55;
01/07/2026 20:00;5,82
01/07/2026 20:05;5,72
01/07/2026 20:10;5,95
01/07/2026 20:15;5,73
01/07/2026 20:20;5,73
01/07/2026 20:25;5,98
01/07/2026 20:30;5,8
01/07/2026 20:35;
01/07/2026 20:40;5,84
01/07/2026 20:45;
01/07/2026 20:50;5,9
01/07/2026 20:55;5,9
01/07/2026 21:00;5,87
01/07/2026 21:05;5,97
01/07/2026 21:10;5,99
01/07/2026 21:15;5,82
01/07/2026 21:20;5,8
01/07/2026 21:25;5,81
01/07/2026 21:30;
01/07/2026 21:35;5,85
01/07/2026 21:40;5,77
01/07/2026 21:45;
01/07/2026 21:50;5,9
01/07/2026 21:55;5,9
01/07/2026 22:00;5,88
01/07/2026 22:05;
01/07/2026 22:10;5,76
01/07/2026 22:15;
01/07/2026 22:20;5,74
01/07/2026 22:25;
01/07/2026 22:30;5,86
01/07/2026 22:35;5,93
01/07/2026 22:40;
01/07/2026 22:45;
01/07/2026 22:50;
01/07/2026 22:55;5,78
01/07/2026 23:00;5,74
01/07/2026 23:05;5,73
01/07/2026 23:10;
01/07/2026 23:15;5,7
01/07/2026 23:20;5,81
01/07/2026 23:25;5,75
01/07/2026 23:30;
01/07/2026 23:35;
01/07/2026 23:40;
01/07/2026 23:45;5,77
01/07/2026 23:50;5,84
01/07/2026 23:55;5,91
02/07/2026 00:00;5,74
02/07/2026 00:05;5,73
02/07/2026 00:10;5,89
02/07/2026 00:15;5,9
02/07/2026 00:20;
02/07/2026 00:25;5,75
02/07/2026 00:30;5,84
02/07/2026 00:35;5,82
02/07/2026 00:40;5,87
02/07/2026 00:45;
02/07/2026 00:50;5,86
02/07/2026 00:55;5,88
02/07/2026 01:00;5,77
02/07/2026 01:05;5,8
02/07/2026 01:10;5,74
02/07/2026 01:15;5,82
02/07/2026 01:20;5,86
02/07/2026 01:25;5,89
02/07/2026 01:30;
02/07/2026 01:35;5,71
02/07/2026 01:40;5,75
02/07/2026 01:45;5,84
02/07/2026 01:50;
02/07/2026 01:55;5,75
02/07/2026 02:00;5,82
02/07/2026 02:05;5,88
02/07/2026 02:10;5,74
02/07/2026 02:15;
02/07/2026 02:20;5,9
02/07/2026 02:25;5,84
02/07/2026 02:30;5,73
02/07/2026 02:35;5,77
02/07/2026 02:40;5,79
02/07/2026 02:45;5,81
02/07/2026 02:50;5,83
02/07/2026 02:55;5,65
02/07/2026 03:00;5,76
02/07/2026 03:05;5,66
02/07/2026 03:10;5,71
02/07/2026 03:15;5,68
02/07/2026 03:20;
02/07/2026 03:25;5,67
02/07/2026 03:30;5,87
02/07/2026 03:35;5,71
02/07/2026 03:40;5,71
02/07/2026 03:45;5,91
02/07/2026 03:50;5,82
02/07/2026 03:55;5,63
02/07/2026 04:00;5,66
02/07/2026 04:05;5,77
02/07/2026 04:10;5,9
02/07/2026 04:15;5,76
02/07/2026 04:20;5,87
02/07/2026 04:25;5,69
02/07/2026 04:30;5,73
02/07/2026 04:35;5,75
02/07/2026 04:40;5,66
02/07/2026 04:45;5,89
02/07/2026 04:50;5,77
02/07/2026 04:55;5,72
02/07/2026 05:00;5,67
02/07/2026 05:05;
02/07/2026 05:10;5,75
02/07/2026 05:15;5,74
02/07/2026 05:20;5,87
02/07/2026 05:25;5,78
02/07/2026 05:30;5,78
02/07/2026 05:35;5,78
02/07/2026 05:40;
02/07/2026 05:45;5,83
02/07/2026 05:50;5,8
02/07/2026 05:55;5,73
02/07/2026 06:00;5,68
02/07/2026 06:05;5,75
02/07/2026 06:10;5,61
02/07/2026 06:15;5,71
02/07/2026 06:20;5,81
02/07/2026 06:25;5,73
02/07/2026 06:30;5,68
02/07/2026 06:35;5,77
02/07/2026 06:40;
02/07/2026 06:45;
02/07/2026 06:50;5,77
02/07/2026 06:55;5,71
02/07/2026 07:00;5,85
02/07/2026 07:05;5,9
02/07/2026 07:10;5,74
02/07/2026 07:15;5,85
02/07/2026 07:20;5,74
02/07/2026 07:25;5,61
02/07/2026 07:30;5,9
02/07/2026 07:35;5,69
02/07/2026 07:40;5,81
02/07/2026 07:45;
02/07/2026 07:50;5,66
02/07/2026 07:55;5,84
02/07/2026 08:00;
02/07/2026 08:05;5,88
02/07/2026 08:10;5,8
02/07/2026 08:15;5,72
02/07/2026 08:20;5,75
02/07/2026 08:25;5,74
02/07/2026 08:30;5,86
02/07/2026 08:35;5,72
02/07/2026 08:40;5,62
02/07/2026 08:45;5,68
02/07/2026 08:50;5,72
02/07/2026 08:55;5,63
02/07/2026 09:00;5,73
02/07/2026 09:05;
02/07/2026 09:10;5,68
02/07/2026 09:15;
02/07/2026 09:20;5,67
02/07/2026 09:25;5,69
02/07/2026 09:30;5,86
02/07/2026 09:35;5,74
02/07/2026 09:40;
02/07/2026 09:45;5,72
02/07/2026 09:50;5,7
02/07/2026 09:55;
02/07/2026 10:00;5,8
02/07/2026 10:05;5,86
02/07/2026 10:10;5,7
02/07/2026 10:15;5,64
02/07/2026 10:20;
02/07/2026 10:25;5,66
02/07/2026 10:30;5,84
02/07/2026 10:35;5,68
02/07/2026 10:40;5,84
02/07/2026 10:45;5,64
02/07/2026 10:50;5,69
02/07/2026 10:55;5,75
02/07/2026 11:00;5,78
02/07/2026 11:05;5,7
02/07/2026 11:10;5,65
02/07/2026 11:15;5,68
02/07/2026 11:20;5,68
02/07/2026 11:25;5,73
02/07/2026 11:30;5,68
02/07/2026 11:35;5,72
02/07/2026 11:40;5,64
02/07/2026 11:45;5,88
02/07/2026 11:50;5,86
02/07/2026 11:55;
02/07/2026 12:00;5,87
02/07/2026 12:05;5,9
02/07/2026 12:10;5,67
02/07/2026 12:15;5,63
02/07/2026 12:20;5,66
02/07/2026 12:25;5,82
02/07/2026 12:30;5,86
02/07/2026 12:35;5,85
02/07/2026 12:40;5,8
02/07/2026 12:45;5,75
02/07/2026 12:50;5,74
02/07/2026 12:55;5,89
02/07/2026 13:00;5,87
02/07/2026 13:05;5,76
02/07/2026 13:10;5,78
02/07/2026 13:15;5,71
02/07/2026 13:20;5,79
02/07/2026 13:25;5,85
02/07/2026 13:30;5,83
02/07/2026 13:35;5,77
02/07/2026 13:40;5,88
02/07/2026 13:45;5,79
02/07/2026 13:50;5,77
02/07/2026 13:55;
02/07/2026 14:00;5,59
02/07/2026 14:05;5,89
02/07/2026 14:10;5,72
02/07/2026 14:15;5,62
02/07/2026 14:20;5,7
02/07/2026 14:25;5,82
02/07/2026 14:30;5,85
02/07/2026 14:35;5,81
02/07/2026 14:40;5,71
02/07/2026 14:45;5,72
02/07/2026 14:50;5,83
02/07/2026 14:55;5,65
02/07/2026 15:00;5,8
02/07/2026 15:05;5,78
02/07/2026 15:10;5,68
02/07/2026 15:15;
02/07/2026 15:20;5,89
02/07/2026 15:25;5,73
02/07/2026 15:30;5,68
02/07/2026 15:35;5,7
02/07/2026 15:40;5,8
02/07/2026 15:45;5,81
02/07/2026 15:50;5,73
02/07/2026 15:55;
02/07/2026 16:00;5,85
02/07/2026 16:05;5,92
02/07/2026 16:10;5,6
02/07/2026 16:15;5,9
02/07/2026 16:20;5,81
02/07/2026 16:25;
02/07/2026 16:30;5,83
02/07/2026 16:35;5,65
02/07/2026 16:40;
02/07/2026 16:45;5,69
02/07/2026 16:50;5,86
02/07/2026 16:55;
02/07/2026 17:00;5,76
02/07/2026 17:05;5,79
02/07/2026 17:10;5,88
02/07/2026 17:15;5,83
02/07/2026 17:20;5,82
02/07/2026 17:25;5,83
02/07/2026 17:30;5,84
02/07/2026 17:35;5,82
02/07/2026 17:40;5,73
02/07/2026 17:45;5,73
02/07/2026 17:50;5,73
02/07/2026 17:55;5,76
02/07/2026 18:00;5,75
02/07/2026 18:05;
02/07/2026 18:10;5,72
02/07/2026 18:15;
02/07/2026 18:20;5,7
02/07/2026 18:25;5,78
02/07/2026 18:30;5,88
02/07/2026 18:35;5,72
02/07/2026 18:40;5,93
02/07/2026 18:45;5,85
02/07/2026 18:50;5,89
02/07/2026 18:55;5,83
02/07/2026 19:00;5,85
02/07/2026 19:05;5,84
02/07/2026 19:10;5,78
02/07/2026 19:15;5,89
02/07/2026 19:20;5,75
02/07/2026 19:25;5,75
02/07/2026 19:30;5,78
02/07/2026 19:35;5,7
02/07/2026 19:40;5,9
02/07/2026 19:45;5,88
02/07/2026 19:50;5,71
02/07/2026 19:55;5,66
02/07/2026 20:00;5,98
02/07/2026 20:05;
02/07/2026 20:10;5,87
02/07/2026 20:15;5,87
02/07/2026 20:20;
02/07/2026 20:25;
02/07/2026 20:30;5,94
02/07/2026 20:35;5,88
02/07/2026 20:40;5,86
02/07/2026 20:45;5,88
02/07/2026 20:50;5,95
02/07/2026 20:55;5,85
02/07/2026 21:00;5,95
02/07/2026 21:05;5,91
02/07/2026 21:10;5,92
02/07/2026 21:15;5,84
02/07/2026 21:20;5,86
02/07/2026 21:25;5,88
02/07/2026 21:30;5,83
02/07/2026 21:35;5,62
02/07/2026 21:40;5,93
02/07/2026 21:45;5,64
02/07/2026 21:50;5,95
02/07/2026 21:55;5,76
02/07/2026 22:00;5,68
02/07/2026 22:05;
02/07/2026 22:10;5,78
02/07/2026 22:15;5,85
02/07/2026 22:20;5,91
02/07/2026 22:25;5,84
02/07/2026 22:30;5,93
02/07/2026 22:35;5,94
02/07/2026 22:40;5,76
02/07/2026 22:45;
02/07/2026 22:50;5,72
02/07/2026 22:55;5,74
02/07/2026 23:00;5,95
02/07/2026 23:05;5,62
02/07/2026 23:10;5,98
02/07/2026 23:15;5,92
02/07/2026 23:20;5,95
02/07/2026 23:25;5,92
02/07/2026 23:30;5,89
02/07/2026 23:35;5,82
02/07/2026 23:40;5,99
02/07/2026 23:45;5,94
02/07/2026 23:50;5,89
02/07/2026 23:55;5,85
03/07/2026 00:00;5,91
03/07/2026 00:05;5,87
03/07/2026 00:10;5,88
03/07/2026 00:15;5,91
03/07/2026 00:20;5,92
03/07/2026 00:25;5,78
03/07/2026 00:30;5,83
03/07/2026 00:35;5,72
03/07/2026 00:40;5,87
03/07/2026 00:45;5,87
03/07/2026 00:50;5,91
03/07/2026 00:55;
03/07/2026 01:00;5,69
03/07/2026 01:05;5,89
03/07/2026 01:10;5,84
03/07/2026 01:15;
03/07/2026 01:20;5,87
03/07/2026 01:25;5,89
03/07/2026 01:30;5,92
03/07/2026 01:35;5,75
03/07/2026 01:40;5,91
03/07/2026 01:45;5,83
03/07/2026 01:50;5,9
03/07/2026 01:55;5,88
03/07/2026 02:00;5,88
03/07/2026 02:05;5,85
03/07/2026 02:10;5,83
03/07/2026 02:15;5,73
03/07/2026 02:20;5,89
03/07/2026 02:25;5,86
03/07/2026 02:30;5,87
03/07/2026 02:35;5,88
03/07/2026 02:40;5,91
03/07/2026 02:45;5,88
03/07/2026 02:50;5,79
03/07/2026 02:55;5,73
03/07/2026 03:00;5,84
03/07/2026 03:05;5,89
03/07/2026 03:10;5,81
03/07/2026 03:15;5,91
03/07/2026 03:20;5,83
03/07/2026 03:25;5,86
03/07/2026 03:30;5,67
03/07/2026 03:35;
03/07/2026 03:40;5,83
03/07/2026 03:45;5,87
03/07/2026 03:50;5,77
03/07/2026 03:55;5,84
03/07/2026 04:00;5,77
03/07/2026 04:05;5,83
03/07/2026 04:10;5,89
03/07/2026 04:15;5,84
03/07/2026 04:20;5,79
03/07/2026 04:25;5,84
03/07/2026 04:30;5,82
03/07/2026 04:35;5,84
03/07/2026 04:40;5,93
03/07/2026 04:45;
03/07/2026 04:50;5,88
03/07/2026 04:55;
03/07/2026 05:00;5,85
03/07/2026 05:05;5,85
03/07/2026 05:10;5,9
03/07/2026 05:15;5,88
03/07/2026 05:20;5,88
03/07/2026 05:25;5,82
03/07/2026 05:30;5,66
03/07/2026 05:35;5,89
03/07/2026 05:40;5,88
03/07/2026 05:45;5,92
03/07/2026 05:50;
03/07/2026 05:55;
03/07/2026 06:00;5,71
03/07/2026 06:05;5,78
03/07/2026 06:10;5,9
03/07/2026 06:15;5,61
03/07/2026 06:20;5,93
03/07/2026 06:25;5,81
03/07/2026 06:30;
03/07/2026 06:35;5,88
03/07/2026 06:40;5,8
03/07/2026 06:45;5,81
03/07/2026 06:50;5,85
03/07/2026 06:55;5,8
03/07/2026 07:00;
03/07/2026 07:05;5,79
03/07/2026 07:10;5,84
03/07/2026 07:15;5,82
03/07/2026 07:20;5,67
03/07/2026 07:25;
03/07/2026 07:30;5,87
03/07/2026 07:35;5,8
03/07/2026 07:40;5,93
03/07/2026 07:45;5,82
03/07/2026 07:50;5,83
03/07/2026 07:55;5,81
03/07/2026 08:00;5,8
03/07/2026 08:05;5,79
03/07/2026 08:10;5,8
03/07/2026 08:15;
03/07/2026 08:20;5,89
03/07/2026 08:25;5,76
03/07/2026 08:30;5,77
03/07/2026 08:35;5,86
03/07/2026 08:40;5,69
03/07/2026 08:45;5,74
03/07/2026 08:50;5,94
03/07/2026 08:55;5,79
03/07/2026 09:00;5,92
03/07/2026 09:05;5,77
03/07/2026 09:10;
03/07/2026 09:15;5,73
03/07/2026 09:20;5,72
03/07/2026 09:25;5,9
03/07/2026 09:30;5,67
03/07/2026 09:35;5,73
03/07/2026 09:40;5,7
03/07/2026 09:45;5,84
03/07/2026 09:50;5,83
03/07/2026 09:55;5,9
03/07/2026 10:00;5,79
03/07/2026 10:05;
03/07/2026 10:10;5,72
03/07/2026 10:15;5,85
03/07/2026 10:20;5,82
03/07/2026 10:25;5,82
03/07/2026 10:30;5,77
03/07/2026 10:35;5,77
03/07/2026 10:40;5,67
03/07/2026 10:45;5,79
03/07/2026 10:50;5,75
03/07/2026 10:55;5,76
03/07/2026 11:00;5,78
03/07/2026 11:05;5,9
03/07/2026 11:10;5,91
03/07/2026 11:15;5,89
03/07/2026 11:20;5,85
03/07/2026 11:25;
03/07/2026 11:30;5,74
03/07/2026 11:35;5,84
03/07/2026 11:40;5,88
03/07/2026 11:45;5,91
03/07/2026 11:50;5,8
03/07/2026 11:55;5,73
03/07/2026 12:00;
03/07/2026 12:05;5,85
03/07/2026 12:10;5,78
03/07/2026 12:15;
03/07/2026 12:20;
03/07/2026 12:25;5,88
03/07/2026 12:30;5,8
03/07/2026 12:35;5,85
03/07/2026 12:40;5,71
03/07/2026 12:45;5,83
03/07/2026 12:50;
03/07/2026 12:55;5,79
03/07/2026 13:00;5,79
03/07/2026 13:05;
03/07/2026 13:10;
03/07/2026 13:15;5,87
03/07/2026 13:20;5,85
03/07/2026 13:25;
03/07/2026 13:30;5,84
03/07/2026 13:35;5,88
03/07/2026 13:40;5,86
03/07/2026 13:45;5,86
03/07/2026 13:50;5,85
03/07/2026 13:55;5,83
03/07/2026 14:00;5,86
03/07/2026 14:05;5,86
03/07/2026 14:10;5,81
03/07/2026 14:15;5,86
03/07/2026 14:20;5,87
03/07/2026 14:25;
03/07/2026 14:30;5,87
03/07/2026 14:35;
03/07/2026 14:40;5,88
03/07/2026 14:45;
03/07/2026 14:50;5,86
03/07/2026 14:55;5,92
03/07/2026 15:00;5,89
03/07/2026 15:05;
03/07/2026 15:10;5,86
03/07/2026 15:15;5,85
03/07/2026 15:20;5,93
03/07/2026 15:25;5,92
03/07/2026 15:30;5,8
03/07/2026 15:35;5,89
03/07/2026 15:40;5,85
03/07/2026 15:45;5,92
03/07/2026 15:50;5,85
03/07/2026 15:55;5,94
03/07/2026 16:00;5,85
03/07/2026 16:05;
03/07/2026 16:10;5,84
03/07/2026 16:15;
03/07/2026 16:20;5,94
03/07/2026 16:25;5,8
03/07/2026 16:30;5,71
03/07/2026 16:35;5,9
03/07/2026 16:40;
03/07/2026 16:45;
03/07/2026 16:50;5,9
03/07/2026 16:55;
03/07/2026 17:00;5,8
03/07/2026 17:05;5,9
03/07/2026 17:10;5,85
03/07/2026 17:15;5,9
03/07/2026 17:20;5,89
03/07/2026 17:25;5,89
03/07/2026 17:30;5,89
03/07/2026 17:35;5,82
03/07/2026 17:40;
03/07/2026 17:45;5,8
03/07/2026 17:50;5,84
03/07/2026 17:55;5,78
03/07/2026 18:00;
03/07/2026 18:05;
03/07/2026 18:10;5,81
03/07/2026 18:15;5,82
03/07/2026 18:20;5,92
03/07/2026 18:25;5,82
03/07/2026 18:30;5,86
03/07/2026 18:35;5,91
03/07/2026 18:40;5,83
03/07/2026 18:45;5,74
03/07/2026 18:50;5,83
03/07/2026 18:55;
03/07/2026 19:00;5,81
03/07/2026 19:05;5,71
03/07/2026 19:10;5,86
03/07/2026 19:15;
03/07/2026 19:20;5,91
03/07/2026 19:25;5,85
03/07/2026 19:30;5,84
03/07/2026 19:35;5,92
03/07/2026 19:40;5,96
03/07/2026 19:45;5,83
03/07/2026 19:50;5,91
03/07/2026 19:55;5,91
03/07/2026 20:00;5,85
03/07/2026 20:05;5,77
03/07/2026 20:10;5,94
03/07/2026 20:15;
03/07/2026 20:20;5,97
03/07/2026 20:25;5,83
03/07/2026 20:30;
03/07/2026 20:35;5,86
03/07/2026 20:40;5,89
03/07/2026 20:45;5,78
03/07/2026 20:50;5,93
03/07/2026 20:55;5,92
03/07/2026 21:00;5,99
03/07/2026 21:05;5,91
03/07/2026 21:10;5,86
03/07/2026 21:15;
03/07/2026 21:20;5,97
03/07/2026 21:25;5,87
03/07/2026 21:30;5,9
03/07/2026 21:35;5,82
03/07/2026 21:40;5,8
03/07/2026 21:45;
03/07/2026 21:50;5,88
03/07/2026 21:55;5,91
03/07/2026 22:00;5,95
03/07/2026 22:05;
03/07/2026 22:10;5,76
03/07/2026 22:15;5,98
03/07/2026 22:20;
03/07/2026 22:25;
03/07/2026 22:30;5,9
03/07/2026 22:35;5,99
03/07/2026 22:40;5,9
03/07/2026 22:45;5,85
03/07/2026 22:50;5,79
03/07/2026 22:55;5,83
03/07/2026 23:00;5,93
03/07/2026 23:05;5,91
03/07/2026 23:10;5,95
03/07/2026 23:15;5,95
03/07/2026 23:20;5,97
03/07/2026 23:25;5,95
03/07/2026 23:30;
03/07/2026 23:35;
03/07/2026 23:40;5,89
03/07/2026 23:45;5,86
03/07/2026 23:50;5,86
03/07/2026 23:55;5,85
04/07/2026 00:00;5,84
04/07/2026 00:05;
04/07/2026 00:10;5,77
04/07/2026 00:15;5,91
04/07/2026 00:20;5,87
04/07/2026 00:25;5,93
04/07/2026 00:30;5,87
04/07/2026 00:35;5,85
04/07/2026 00:40;
04/07/2026 00:45;5,9
04/07/2026 00:50;5,86
04/07/2026 00:55;5,92
04/07/2026 01:00;5,94
04/07/2026 01:05;
04/07/2026 01:10;5,86
04/07/2026 01:15;
04/07/2026 01:20;5,89
04/07/2026 01:25;5,85
04/07/2026 01:30;5,84
04/07/2026 01:35;5,96
04/07/2026 01:40;
04/07/2026 01:45;
04/07/2026 01:50;5,94
04/07/2026 01:55;
04/07/2026 02:00;6,0
04/07/2026 02:05;5,94
04/07/2026 02:10;5,85
04/07/2026 02:15;5,85
04/07/2026 02:20;
04/07/2026 02:25;
04/07/2026 02:30;
04/07/2026 02:35;5,98
04/07/2026 02:40;
04/07/2026 02:45;
04/07/2026 02:50;5,86
04/07/2026 02:55;5,98
04/07/2026 03:00;
04/07/2026 03:05;
04/07/2026 03:10;
04/07/2026 03:15;5,88
04/07/2026 03:20;
04/07/2026 03:25;5,95
04/07/2026 03:30;5,92
04/07/2026 03:35;5,93
04/07/2026 03:40;5,91
04/07/2026 03:45;5,86
04/07/2026 03:50;5,95
04/07/2026 03:55;5,79
04/07/2026 04:00;
04/07/2026 04:05;5,73
04/07/2026 04:10;5,83
04/07/2026 04:15;5,93
04/07/2026 04:20;5,76
04/07/2026 04:25;
04/07/2026 04:30;
04/07/2026 04:35;5,91
04/07/2026 04:40;
04/07/2026 04:45;5,75
04/07/2026 04:50;
04/07/2026 04:55;5,91
04/07/2026 05:00;5,84
04/07/2026 05:05;
04/07/2026 05:10;5,83
04/07/2026 05:15;
04/07/2026 05:20;5,89
04/07/2026 05:25;
04/07/2026 05:30;5,71
04/07/2026 05:35;
04/07/2026 05:40;5,76
04/07/2026 05:45;
04/07/2026 05:50;5,84
04/07/2026 05:55;
04/07/2026 06:00;5,86
04/07/2026 06:05;
04/07/2026 06:10;5,9
04/07/2026 06:15;5,84
04/07/2026 06:20;5,77
04/07/2026 06:25;
04/07/2026 06:30;5,83
04/07/2026 06:35;5,9
04/07/2026 06:40;5,8
04/07/2026 06:45;5,88
04/07/2026 06:50;
04/07/2026 06:55;5,72
04/07/2026 07:00;
04/07/2026 07:05;5,9
04/07/2026 07:10;5,84
04/07/2026 07:15;5,76
04/07/2026 07:20;5,82
04/07/2026 07:25;
04/07/2026 07:30;5,84
04/07/2026 07:35;5,8
04/07/2026 07:40;
04/07/2026 07:45;5,77
04/07/2026 07:50;5,74
04/07/2026 07:55;5,79
04/07/2026 08:00;
04/07/2026 08:05;5,87
04/07/2026 08:10;5,88
04/07/2026 08:15;5,72
04/07/2026 08:20;
04/07/2026 08:25;5,72
04/07/2026 08:30;
04/07/2026 08:35;5,73
04/07/2026 08:40;
04/07/2026 08:45;5,82
04/07/2026 08:50;5,87
04/07/2026 08:55;5,77
04/07/2026 09:00;5,89
04/07/2026 09:05;5,93
04/07/2026 09:10;5,78
04/07/2026 09:15;5,84
04/07/2026 09:20;5,88
04/07/2026 09:25;5,72
04/07/2026 09:30;
04/07/2026 09:35;
04/07/2026 09:40;5,84
04/07/2026 09:45;5,85
04/07/2026 09:50;5,83
04/07/2026 09:55;5,79
04/07/2026 10:00;
04/07/2026 10:05;
04/07/2026 10:10;5,72
04/07/2026 10:15;5,77
04/07/2026 10:20;5,87
04/07/2026 10:25;5,82
04/07/2026 10:30;
04/07/2026 10:35;5,74
04/07/2026 10:40;
04/07/2026 10:45;5,88
04/07/2026 10:50;5,94
04/07/2026 10:55;5,71
04/07/2026 11:00;
04/07/2026 11:05;5,81
04/07/2026 11:10;
04/07/2026 11:15;5,97
04/07/2026 11:20;5,78
04/07/2026 11:25;5,96
04/07/2026 11:30;5,9
04/07/2026 11:35;5,85
04/07/2026 11:40;5,86
04/07/2026 11:45;5,89
04/07/2026 11:50;
04/07/2026 11:55;5,91
04/07/2026 12:00;5,73
04/07/2026 12:05;
04/07/2026 12:10;5,78
04/07/2026 12:15;
04/07/2026 12:20;
04/07/2026 12:25;5,96
04/07/2026 12:30;5,9
04/07/2026 12:35;5,83
04/07/2026 12:40;
04/07/2026 12:45;
04/07/2026 12:50;
04/07/2026 12:55;
04/07/2026 13:00;5,97
04/07/2026 13:05;5,83
04/07/2026 13:10;5,76
04/07/2026 13:15;
04/07/2026 13:20;5,87
04/07/2026 13:25;
04/07/2026 13:30;5,96
04/07/2026 13:35;5,83
04/07/2026 13:40;5,8
04/07/2026 13:45;
04/07/2026 13:50;5,87
04/07/2026 13:55;5,95
04/07/2026 14:00;
04/07/2026 14:05;5,89
04/07/2026 14:10;
04/07/2026 14:15;5,84
04/07/2026 14:20;5,84
04/07/2026 14:25;
04/07/2026 14:30;
04/07/2026 14:35;5,8
04/07/2026 14:40;
04/07/2026 14:45;
04/07/2026 14:50;5,78
04/07/2026 14:55;5,86
04/07/2026 15:00;5,93
04/07/2026 15:05;
04/07/2026 15:10;5,84
04/07/2026 15:15;5,93
04/07/2026 15:20;5,91
04/07/2026 15:25;5,76
04/07/2026 15:30;5,97
04/07/2026 15:35;5,76
04/07/2026 15:40;5,85
04/07/2026 15:45;
04/07/2026 15:50;
04/07/2026 15:55;
04/07/2026 16:00;5,82
04/07/2026 16:05;
04/07/2026 16:10;5,84
04/07/2026 16:15;5,9
04/07/2026 16:20;5,83
04/07/2026 16:25;5,78
04/07/2026 16:30;5,74
04/07/2026 16:35;
04/07/2026 16:40;5,9
04/07/2026 16:45;
04/07/2026 16:50;
04/07/2026 16:55;5,96
04/07/2026 17:00;5,94
04/07/2026 17:05;
04/07/2026 17:10;5,85
04/07/2026 17:15;5,82
04/07/2026 17:20;5,97
04/07/2026 17:25;
04/07/2026 17:30;5,95
04/07/2026 17:35;5,84
04/07/2026 17:40;5,96
04/07/2026 17:45;5,87
04/07/2026 17:50;5,94
04/07/2026 17:55;5,84
04/07/2026 18:00;5,88
04/07/2026 18:05;5,97
04/07/2026 18:10;5,9
04/07/2026 18:15;5,88
04/07/2026 18:20;5,87
04/07/2026 18:25;5,95
04/07/2026 18:30;
04/07/2026 18:35;5,9
04/07/2026 18:40;5,91
04/07/2026 18:45;5,82
04/07/2026 18:50;5,94
04/07/2026 18:55;5,85
04/07/2026 19:00;
04/07/2026 19:05;5,86
04/07/2026 19:10;5,91
04/07/2026 19:15;5,94
04/07/2026 19:20;5,99
04/07/2026 19:25;
04/07/2026 19:30;5,73
04/07/2026 19:35;
04/07/2026 19:40;5,96
04/07/2026 19:45;5,91
04/07/2026 19:50;5,78
04/07/2026 19:55;
04/07/2026 20:00;5,81
04/07/2026 20:05;5,89
04/07/2026 20:10;5,94
04/07/2026 20:15;6,01
04/07/2026 20:20;5,9
04/07/2026 20:25;
04/07/2026 20:30;6,01
04/07/2026 20:35;
04/07/2026 20:40;5,92
04/07/2026 20:45;5,99
04/07/2026 20:50;5,77
04/07/2026 20:55;
04/07/2026 21:00;5,89
04/07/2026 21:05;5,97
04/07/2026 21:10;5,93
04/07/2026 21:15;6,0
04/07/2026 21:20;5,91
04/07/2026 21:25;5,73
04/07/2026 21:30;
04/07/2026 21:35;
04/07/2026 21:40;5,99
04/07/2026 21:45;
04/07/2026 21:50;
04/07/2026 21:55;5,83
04/07/2026 22:00;
04/07/2026 22:05;
04/07/2026 22:10;
04/07/2026 22:15;
04/07/2026 22:20;6,03
04/07/2026 22:25;5,76
04/07/2026 22:30;5,92
04/07/2026 22:35;5,92
04/07/2026 22:40;5,81
04/07/2026 22:45;6,0
04/07/2026 22:50;5,87
04/07/2026 22:55;5,85
04/07/2026 23:00;5,98
04/07/2026 23:05;6,02
04/07/2026 23:10;5,89
04/07/2026 23:15;5,9
04/07/2026 23:20;6,03
04/07/2026 23:25;5,96
04/07/2026 23:30;5,83
04/07/2026 23:35;
04/07/2026 23:40;
04/07/2026 23:45;6,02
04/07/2026 23:50;5,85
04/07/2026 23:55;5,88
05/07/2026 00:00;5,93
05/07/2026 00:05;
05/07/2026 00:10;5,99
05/07/2026 00:15;6,03
05/07/2026 00:20;5,98
05/07/2026 00:25;5,95
05/07/2026 00:30;
05/07/2026 00:35;5,92
05/07/2026 00:40;
05/07/2026 00:45;5,83
05/07/2026 00:50;5,81
05/07/2026 00:55;
05/07/2026 01:00;5,79
05/07/2026 01:05;5,93
05/07/2026 01:10;5,99
05/07/2026 01:15;5,99
05/07/2026 01:20;5,81
05/07/2026 01:25;
05/07/2026 01:30;5,88
05/07/2026 01:35;5,92
05/07/2026 01:40;5,83
05/07/2026 01:45;5,9
05/07/2026 01:50;
05/07/2026 01:55;
05/07/2026 02:00;5,71
05/07/2026 02:05;
05/07/2026 02:10;
05/07/2026 02:15;5,95
05/07/2026 02:20;5,83
05/07/2026 02:25;5,75
05/07/2026 02:30;6,0
05/07/2026 02:35;6,01
05/07/2026 02:40;6,0
05/07/2026 02:45;
05/07/2026 02:50;5,72
05/07/2026 02:55;5,98
05/07/2026 03:00;5,94
05/07/2026 03:05;
05/07/2026 03:10;
05/07/2026 03:15;5,95
05/07/2026 03:20;5,89
05/07/2026 03:25;
05/07/2026 03:30;
05/07/2026 03:35;5,98
05/07/2026 03:40;5,86
05/07/2026 03:45;
05/07/2026 03:50;
05/07/2026 03:55;5,82
05/07/2026 04:00;
05/07/2026 04:05;5,93
05/07/2026 04:10;5,96
05/07/2026 04:15;5,85
05/07/2026 04:20;5,96
05/07/2026 04:25;
05/07/2026 04:30;5,87
05/07/2026 04:35;5,81
05/07/2026 04:40;5,91
05/07/2026 04:45;5,81
05/07/2026 04:50;
05/07/2026 04:55;5,83
05/07/2026 05:00;
05/07/2026 05:05;5,93
05/07/2026 05:10;
05/07/2026 05:15;5,98
05/07/2026 05:20;5,94
05/07/2026 05:25;6,0
05/07/2026 05:30;
05/07/2026 05:35;5,96
05/07/2026 05:40;5,85
05/07/2026 05:45;
05/07/2026 05:50;5,8
05/07/2026 05:55;5,88
05/07/2026 06:00;
05/07/2026 06:05;
05/07/2026 06:10;5,92
05/07/2026 06:15;5,85
05/07/2026 06:20;5,98
05/07/2026 06:25;5,85
05/07/2026 06:30;5,95
05/07/2026 06:35;5,88
05/07/2026 06:40;5,96
05/07/2026 06:45;5,88
05/07/2026 06:50;5,78
05/07/2026 06:55;
05/07/2026 07:00;5,9
05/07/2026 07:05;5,88
05/07/2026 07:10;
05/07/2026 07:15;5,97
05/07/2026 07:20;5,92
05/07/2026 07:25;5,94
05/07/2026 07:30;5,76
05/07/2026 07:35;
05/07/2026 07:40;
05/07/2026 07:45;5,96
05/07/2026 07:50;5,82
05/07/2026 07:55;
05/07/2026 08:00;
05/07/2026 08:05;5,86
05/07/2026 08:10;5,92
05/07/2026 08:15;
05/07/2026 08:20;5,95
05/07/2026 08:25;5,98
05/07/2026 08:30;
05/07/2026 08:35;
05/07/2026 08:40;5,87
05/07/2026 08:45;5,94
05/07/2026 08:50;5,78
05/07/2026 08:55;5,71
05/07/2026 09:00;6,01
05/07/2026 09:05;5,88
05/07/2026 09:10;5,97
05/07/2026 09:15;5,89
05/07/2026 09:20;
05/07/2026 09:25;
05/07/2026 09:30;
05/07/2026 09:35;5,84
05/07/2026 09:40;
05/07/2026 09:45;
05/07/2026 09:50;5,87
05/07/2026 09:55;5,98
05/07/2026 10:00;5,82
05/07/2026 10:05;5,96
05/07/2026 10:10;5,84
05/07/2026 10:15;5,77
05/07/2026 10:20;5,93
05/07/2026 10:25;5,94
05/07/2026 10:30;5,87
05/07/2026 10:35;5,88
05/07/2026 10:40;
05/07/2026 10:45;
05/07/2026 10:50;5,91
05/07/2026 10:55;5,96
05/07/2026 11:00;5,83
05/07/2026 11:05;5,86
05/07/2026 11:10;5,82
05/07/2026 11:15;
05/07/2026 11:20;5,95
05/07/2026 11:25;
05/07/2026 11:30;5,98
05/07/2026 11:35;
05/07/2026 11:40;
05/07/2026 11:45;5,94
05/07/2026 11:50;5,85
05/07/2026 11:55;5,93
05/07/2026 12:00;5,76
05/07/2026 12:05;
05/07/2026 12:10;5,97
05/07/2026 12:15;5,96
05/07/2026 12:20;5,86
05/07/2026 12:25;6,0
05/07/2026 12:30;5,86
05/07/2026 12:35;5,92
05/07/2026 12:40;6,02
05/07/2026 12:45;5,89
05/07/2026 12:50;5,87
05/07/2026 12:55;5,85
05/07/2026 13:00;
05/07/2026 13:05;5,93
05/07/2026 13:10;5,95
05/07/2026 13:15;5,85
05/07/2026 13:20;5,99
05/07/2026 13:25;
05/07/2026 13:30;
05/07/2026 13:35;5,86
05/07/2026 13:40;5,83
05/07/2026 13:45;
05/07/2026 13:50;
05/07/2026 13:55;5,92
05/07/2026 14:00;
05/07/2026 14:05;5,88
05/07/2026 14:10;
05/07/2026 14:15;
05/07/2026 14:20;
05/07/2026 14:25;5,94
05/07/2026 14:30;5,85
05/07/2026 14:35;5,87
05/07/2026 14:40;
05/07/2026 14:45;5,98
05/07/2026 14:50;6,03
05/07/2026 14:55;6,01
05/07/2026 15:00;5,92
05/07/2026 15:05;
05/07/2026 15:10;
05/07/2026 15:15;
05/07/2026 15:20;6,01
05/07/2026 15:25;5,98
05/07/2026 15:30;
05/07/2026 15:35;5,82
05/07/2026 15:40;5,96
05/07/2026 15:45;5,87
05/07/2026 15:50;5,98
05/07/2026 15:55;5,92
05/07/2026 16:00;5,91
05/07/2026 16:05;
05/07/2026 16:10;
05/07/2026 16:15;5,77
05/07/2026 16:20;
05/07/2026 16:25;
05/07/2026 16:30;6,02
05/07/2026 16:35;
05/07/2026 16:40;
05/07/2026 16:45;5,93
05/07/2026 16:50;
05/07/2026 16:55;
05/07/2026 17:00;5,98
05/07/2026 17:05;
05/07/2026 17:10;
05/07/2026 17:15;5,94
05/07/2026 17:20;6,0
05/07/2026 17:25;
05/07/2026 17:30;
05/07/2026 17:35;
05/07/2026 17:40;
05/07/2026 17:45;5,89
05/07/2026 17:50;
05/07/2026 17:55;5,92
05/07/2026 18:00;
05/07/2026 18:05;
05/07/2026 18:10;5,88
05/07/2026 18:15;
05/07/2026 18:20;5,93
05/07/2026 18:25;
05/07/2026 18:30;
05/07/2026 18:35;5,94
05/07/2026 18:40;5,91
05/07/2026 18:45;
05/07/2026 18:50;5,89
05/07/2026 18:55;5,98
05/07/2026 19:00;5,81
05/07/2026 19:05;
05/07/2026 19:10;5,91
05/07/2026 19:15;5,93
05/07/2026 19:20;5,93
05/07/2026 19:25;5,98
05/07/2026 19:30;5,95
05/07/2026 19:35;
05/07/2026 19:40;5,96
05/07/2026 19:45;
05/07/2026 19:50;5,91
05/07/2026 19:55;5,99
05/07/2026 20:00;5,98
05/07/2026 20:05;
05/07/2026 20:10;5,96
05/07/2026 20:15;
05/07/2026 20:20;5,91
05/07/2026 20:25;5,87
05/07/2026 20:30;5,96
05/07/2026 20:35;
05/07/2026 20:40;5,98
05/07/2026 20:45;5,79
05/07/2026 20:50;5,95
05/07/2026 20:55;5,89
05/07/2026 21:00;5,94
05/07/2026 21:05;
05/07/2026 21:10;
05/07/2026 21:15;5,79
05/07/2026 21:20;5,93
05/07/2026 21:25;5,96
05/07/2026 21:30;5,95
05/07/2026 21:35;
05/07/2026 21:40;5,98
05/07/2026 21:45;
05/07/2026 21:50;
05/07/2026 21:55;5,93
05/07/2026 22:00;
05/07/2026 22:05;6,0
05/07/2026 22:10;
05/07/2026 22:15;5,96
05/07/2026 22:20;6,04
05/07/2026 22:25;5,94
05/07/2026 22:30;
05/07/2026 22:35;5,87
05/07/2026 22:40;5,96
05/07/2026 22:45;
05/07/2026 22:50;5,98
05/07/2026 22:55;
05/07/2026 23:00;6,01
05/07/2026 23:05;
05/07/2026 23:10;
05/07/2026 23:15;
05/07/2026 23:20;5,95
05/07/2026 23:25;5,99
05/07/2026 23:30;
05/07/2026 23:35;5,79
05/07/2026 23:40;5,97
05/07/2026 23:45;5,96
05/07/2026 23:50;5,96
05/07/2026 23:55;
06/07/2026 00:00;5,93
06/07/2026 00:05;5,79
06/07/2026 00:10;5,97
06/07/2026 00:15;
06/07/2026 00:20;5,93
06/07/2026 00:25;5,81
06/07/2026 00:30;
06/07/2026 00:35;
06/07/2026 00:40;5,95
06/07/2026 00:45;
06/07/2026 00:50;
06/07/2026 00:55;5,88
06/07/2026 01:00;
06/07/2026 01:05;5,95
06/07/2026 01:10;
06/07/2026 01:15;6,03
06/07/2026 01:20;5,93
06/07/2026 01:25;5,85
06/07/2026 01:30;5,89
06/07/2026 01:35;5,9
06/07/2026 01:40;5,86
06/07/2026 01:45;5,88
06/07/2026 01:50;
06/07/2026 01:55;5,94
06/07/2026 02:00;5,92
06/07/2026 02:05;
06/07/2026 02:10;
06/07/2026 02:15;5,87
06/07/2026 02:20;5,87
06/07/2026 02:25;
06/07/2026 02:30;
06/07/2026 02:35;5,82
06/07/2026 02:40;
06/07/2026 02:45;5,9
06/07/2026 02:50;
06/07/2026 02:55;5,91
06/07/2026 03:00;5,89
06/07/2026 03:05;5,83
06/07/2026 03:10;
06/07/2026 03:15;5,96
06/07/2026 03:20;5,81
06/07/2026 03:25;5,94
06/07/2026 03:30;5,91
06/07/2026 03:35;
06/07/2026 03:40;5,88
06/07/2026 03:45;
06/07/2026 03:50;5,87
06/07/2026 03:55;5,87
06/07/2026 04:00;5,96
06/07/2026 04:05;5,95
06/07/2026 04:10;5,9
06/07/2026 04:15;5,91
06/07/2026 04:20;
06/07/2026 04:25;
06/07/2026 04:30;5,9
06/07/2026 04:35;5,89
06/07/2026 04:40;5,9
06/07/2026 04:45;5,94
06/07/2026 04:50;5,91
06/07/2026 04:55;5,81
06/07/2026 05:00;
06/07/2026 05:05;5,92
06/07/2026 05:10;5,94
06/07/2026 05:15;5,9
06/07/2026 05:20;5,92
06/07/2026 05:25;5,89
06/07/2026 05:30;5,89
06/07/2026 05:35;5,84
06/07/2026 05:40;5,93
06/07/2026 05:45;5,82
06/07/2026 05:50;
06/07/2026 05:55;5,9
06/07/2026 06:00;5,89
06/07/2026 06:05;5,89
06/07/2026 06:10;
06/07/2026 06:15;5,91
06/07/2026 06:20;
06/07/2026 06:25;5,92
06/07/2026 06:30;
06/07/2026 06:35;5,94
06/07/2026 06:40;5,92
06/07/2026 06:45;
06/07/2026 06:50;5,81
06/07/2026 06:55;5,84
06/07/2026 07:00;5,88
06/07/2026 07:05;
06/07/2026 07:10;5,93
06/07/2026 07:15;5,94
06/07/2026 07:20;
06/07/2026 07:25;5,87
06/07/2026 07:30;5,79
06/07/2026 07:35;
06/07/2026 07:40;
06/07/2026 07:45;5,88
06/07/2026 07:50;
06/07/2026 07:55;5,95
06/07/2026 08:00;5,89
06/07/2026 08:05;5,94
06/07/2026 08:10;5,91
06/07/2026 08:15;
06/07/2026 08:20;5,93
06/07/2026 08:25;
06/07/2026 08:30;5,83
06/07/2026 08:35;
06/07/2026 08:40;5,87
06/07/2026 08:45;
06/07/2026 08:50;5,93
06/07/2026 08:55;5,9
06/07/2026 09:00;5,83
06/07/2026 09:05;5,84
06/07/2026 09:10;
06/07/2026 09:15;5,78
06/07/2026 09:20;
06/07/2026 09:25;5,97
06/07/2026 09:30;5,9
06/07/2026 09:35;5,86
06/07/2026 09:40;5,79
06/07/2026 09:45;5,88
06/07/2026 09:50;5,9
06/07/2026 09:55;
06/07/2026 10:00;5,89
06/07/2026 10:05;5,89
06/07/2026 10:10;5,9
06/07/2026 10:15;5,86
06/07/2026 10:20;5,92
06/07/2026 10:25;5,89
06/07/2026 10:30;
06/07/2026 10:35;5,89
06/07/2026 10:40;
06/07/2026 10:45;5,88
06/07/2026 10:50;5,93
06/07/2026 10:55;5,86
06/07/2026 11:00;5,78
06/07/2026 11:05;
06/07/2026 11:10;5,85
06/07/2026 11:15;5,79
06/07/2026 11:20;
06/07/2026 11:25;5,88
06/07/2026 11:30;5,9
06/07/2026 11:35;5,88
06/07/2026 11:40;5,83
06/07/2026 11:45;5,87
06/07/2026 11:50;
06/07/2026 11:55;5,9
06/07/2026 12:00;5,85
06/07/2026 12:05;5,85
06/07/2026 12:10;5,78
06/07/2026 12:15;5,86
06/07/2026 12:20;5,92
06/07/2026 12:25;
06/07/2026 12:30;
06/07/2026 12:35;5,87
06/07/2026 12:40;5,83
06/07/2026 12:45;5,89
06/07/2026 12:50;5,93
06/07/2026 12:55;
06/07/2026 13:00;5,92
06/07/2026 13:05;5,86
06/07/2026 13:10;
06/07/2026 13:15;
06/07/2026 13:20;5,81
06/07/2026 13:25;5,89
06/07/2026 13:30;5,78
06/07/2026 13:35;5,91
06/07/2026 13:40;5,87
06/07/2026 13:45;
06/07/2026 13:50;5,93
06/07/2026 13:55;5,86
06/07/2026 14:00;5,95
06/07/2026 14:05;
06/07/2026 14:10;5,77
06/07/2026 14:15;5,85
06/07/2026 14:20;
06/07/2026 14:25;5,88
06/07/2026 14:30;
06/07/2026 14:35;5,86
06/07/2026 14:40;5,91
06/07/2026 14:45;5,92
06/07/2026 14:50;5,81
06/07/2026 14:55;
06/07/2026 15:00;5,89
06/07/2026 15:05;
06/07/2026 15:10;5,78
06/07/2026 15:15;5,95
06/07/2026 15:20;5,9
06/07/2026 15:25;5,76
06/07/2026 15:30;5,92
06/07/2026 15:35;5,92
06/07/2026 15:40;5,91
06/07/2026 15:45;5,88
06/07/2026 15:50;5,83
06/07/2026 15:55;5,88
06/07/2026 16:00;5,91
06/07/2026 16:05;
06/07/2026 16:10;
06/07/2026 16:15;5,88
06/07/2026 16:20;5,86
06/07/2026 16:25;5,97
06/07/2026 16:30;5,9
06/07/2026 16:35;5,86
06/07/2026 16:40;5,89
06/07/2026 16:45;5,91
06/07/2026 16:50;5,86
06/07/2026 16:55;5,91
06/07/2026 17:00;5,85
06/07/2026 17:05;5,78
06/07/2026 17:10;
06/07/2026 17:15;5,86
06/07/2026 17:20;5,84
06/07/2026 17:25;5,79
06/07/2026 17:30;5,85
06/07/2026 17:35;5,9
06/07/2026 17:40;5,88
06/07/2026 17:45;5,91
06/07/2026 17:50;5,81
06/07/2026 17:55;
06/07/2026 18:00;5,95
06/07/2026 18:05;5,9
06/07/2026 18:10;5,94
06/07/2026 18:15;
06/07/2026 18:20;5,93
06/07/2026 18:25;
06/07/2026 18:30;5,89
06/07/2026 18:35;
06/07/2026 18:40;
06/07/2026 18:45;5,96
06/07/2026 18:50;5,91
06/07/2026 18:55;5,93
06/07/2026 19:00;6,0
06/07/2026 19:05;5,88
06/07/2026 19:10;5,87
06/07/2026 19:15;5,89
06/07/2026 19:20;5,85
06/07/2026 19:25;
06/07/2026 19:30;5,91
06/07/2026 19:35;5,82
06/07/2026 19:40;5,91
06/07/2026 19:45;5,85
06/07/2026 19:50;
06/07/2026 19:55;5,84
06/07/2026 20:00;5,9
06/07/2026 20:05;5,99
06/07/2026 20:10;
06/07/2026 20:15;5,96
06/07/2026 20:20;
06/07/2026 20:25;5,99
06/07/2026 20:30;5,94
06/07/2026 20:35;
06/07/2026 20:40;5,98
06/07/2026 20:45;5,94
06/07/2026 20:50;5,93
06/07/2026 20:55;5,95
06/07/2026 21:00;5,91
06/07/2026 21:05;5,87
06/07/2026 21:10;
06/07/2026 21:15;
06/07/2026 21:20;5,92
06/07/2026 21:25;5,93
06/07/2026 21:30;5,93
06/07/2026 21:35;5,95
06/07/2026 21:40;5,95
06/07/2026 21:45;5,89
06/07/2026 21:50;
06/07/2026 21:55;5,93
06/07/2026 22:00;5,95
06/07/2026 22:05;5,91
06/07/2026 22:10;5,99
06/07/2026 22:15;5,97
06/07/2026 22:20;5,97
06/07/2026 22:25;5,97
06/07/2026 22:30;5,95
06/07/2026 22:35;5,94
06/07/2026 22:40;
06/07/2026 22:45;5,87
06/07/2026 22:50;6,01
06/07/2026 22:55;5,99
06/07/2026 23:00;5,95
06/07/2026 23:05;5,94
06/07/2026 23:10;5,92
06/07/2026 23:15;5,88
06/07/2026 23:20;5,93
06/07/2026 23:25;5,96
06/07/2026 23:30;6,0
06/07/2026 23:35;5,93
06/07/2026 23:40;5,82
06/07/2026 23:45;5,95
06/07/2026 23:50;5,99
06/07/2026 23:55;5,96
07/07/2026 00:00;5,9
07/07/2026 00:05;5,94
07/07/2026 00:10;5,78
07/07/2026 00:15;6,0
07/07/2026 00:20;6,0
07/07/2026 00:25;5,94
07/07/2026 00:30;
07/07/2026 00:35;5,97
07/07/2026 00:40;6,0
07/07/2026 00:45;5,93
07/07/2026 00:50;
07/07/2026 00:55;5,94
07/07/2026 01:00;5,93
07/07/2026 01:05;5,81
07/07/2026 01:10;5,91
07/07/2026 01:15;5,96
07/07/2026 01:20;5,95
07/07/2026 01:25;
07/07/2026 01:30;5,9
07/07/2026 01:35;5,91
07/07/2026 01:40;5,97
07/07/2026 01:45;5,89
07/07/2026 01:50;5,84
07/07/2026 01:55;5,9
07/07/2026 02:00;5,97
07/07/2026 02:05;5,92
07/07/2026 02:10;5,89
07/07/2026 02:15;5,92
07/07/2026 02:20;5,92
07/07/2026 02:25;5,95
07/07/2026 02:30;5,76
07/07/2026 02:35;5,86
07/07/2026 02:40;6,02
07/07/2026 02:45;5,77
07/07/2026 02:50;5,93
07/07/2026 02:55;5,94
07/07/2026 03:00;5,84
07/07/2026 03:05;5,9
07/07/2026 03:10;
07/07/2026 03:15;5,92
07/07/2026 03:20;
07/07/2026 03:25;5,9
07/07/2026 03:30;
07/07/2026 03:35;5,93
07/07/2026 03:40;
07/07/2026 03:45;6,0
07/07/2026 03:50;
07/07/2026 03:55;5,96
07/07/2026 04:00;5,86
07/07/2026 04:05;5,89
07/07/2026 04:10;5,8
07/07/2026 04:15;5,93
07/07/2026 04:20;5,89
07/07/2026 04:25;5,78
07/07/2026 04:30;5,8
07/07/2026 04:35;5,86
07/07/2026 04:40;5,78
07/07/2026 04:45;5,87
07/07/2026 04:50;5,9
07/07/2026 04:55;5,91
07/07/2026 05:00;
07/07/2026 05:05;5,92
07/07/2026 05:10;5,96
07/07/2026 05:15;
07/07/2026 05:20;5,91
07/07/2026 05:25;5,86
07/07/2026 05:30;5,94
07/07/2026 05:35;
07/07/2026 05:40;5,9
07/07/2026 05:45;
07/07/2026 05:50;5,91
07/07/2026 05:55;
07/07/2026 06:00;
07/07/2026 06:05;5,87
07/07/2026 06:10;5,91
07/07/2026 06:15;5,86
07/07/2026 06:20;5,88
07/07/2026 06:25;5,95
07/07/2026 06:30;5,9
07/07/2026 06:35;
07/07/2026 06:40;5,88
07/07/2026 06:45;5,87
07/07/2026 06:50;
07/07/2026 06:55;
07/07/2026 07:00;
07/07/2026 07:05;5,9
07/07/2026 07:10;5,92
07/07/2026 07:15;5,91
07/07/2026 07:20;
07/07/2026 07:25;5,86
07/07/2026 07:30;
07/07/2026 07:35;5,88
07/07/2026 07:40;
07/07/2026 07:45;5,97
07/07/2026 07:50;5,94
07/07/2026 07:55;5,88
07/07/2026 08:00;5,93
07/07/2026 08:05;5,91
07/07/2026 08:10;5,9
07/07/2026 08:15;5,9
07/07/2026 08:20;5,89
07/07/2026 08:25;
07/07/2026 08:30;5,86
07/07/2026 08:35;5,89
07/07/2026 08:40;5,94
07/07/2026 08:45;5,84
07/07/2026 08:50;
07/07/2026 08:55;5,87
07/07/2026 09:00;
07/07/2026 09:05;5,9
07/07/2026 09:10;
07/07/2026 09:15;5,91
07/07/2026 09:20;5,87
07/07/2026 09:25;5,92
07/07/2026 09:30;
07/07/2026 09:35;5,93
07/07/2026 09:40;5,85
07/07/2026 09:45;5,84
07/07/2026 09:50;5,89
07/07/2026 09:55;
07/07/2026 10:00;
07/07/2026 10:05;5,78
07/07/2026 10:10;5,95
07/07/2026 10:15;5,84
07/07/2026 10:20;5,88
07/07/2026 10:25;5,91
07/07/2026 10:30;5,95
07/07/2026 10:35;5,99
07/07/2026 10:40;5,85
07/07/2026 10:45;5,84
07/07/2026 10:50;5,88
07/07/2026 10:55;5,89
07/07/2026 11:00;5,92
07/07/2026 11:05;5,81
07/07/2026 11:10;
07/07/2026 11:15;5,91
07/07/2026 11:20;5,89
07/07/2026 11:25;
07/07/2026 11:30;5,82
07/07/2026 11:35;5,86
07/07/2026 11:40;5,78
07/07/2026 11:45;5,9
07/07/2026 11:50;5,9
07/07/2026 11:55;
07/07/2026 12:00;5,87
07/07/2026 12:05;
07/07/2026 12:10;5,91
07/07/2026 12:15;5,9
07/07/2026 12:20;5,96
07/07/2026 12:25;5,88
07/07/2026 12:30;5,93
07/07/2026 12:35;
07/07/2026 12:40;5,89
07/07/2026 12:45;5,87
07/07/2026 12:50;
07/07/2026 12:55;5,88
07/07/2026 13:00;5,8
07/07/2026 13:05;5,87
07/07/2026 13:10;5,84
07/07/2026 13:15;5,86
07/07/2026 13:20;5,86
07/07/2026 13:25;5,93
07/07/2026 13:30;5,91
07/07/2026 13:35;5,9
07/07/2026 13:40;5,78
07/07/2026 13:45;5,84
07/07/2026 13:50;5,88
07/07/2026 13:55;5,88
07/07/2026 14:00;5,89
07/07/2026 14:05;
07/07/2026 14:10;5,87
07/07/2026 14:15;
07/07/2026 14:20;5,9
07/07/2026 14:25;5,87
07/07/2026 14:30;5,8
07/07/2026 14:35;5,89
07/07/2026 14:40;5,89
07/07/2026 14:45;
07/07/2026 14:50;5,84
07/07/2026 14:55;5,88
07/07/2026 15:00;5,83
07/07/2026 15:05;5,88
07/07/2026 15:10;5,87
07/07/2026 15:15;5,92
07/07/2026 15:20;
07/07/2026 15:25;5,96
07/07/2026 15:30;5,89
07/07/2026 15:35;
07/07/2026 15:40;5,98
07/07/2026 15:45;
07/07/2026 15:50;5,85
07/07/2026 15:55;5,87
07/07/2026 16:00;
07/07/2026 16:05;5,91
07/07/2026 16:10;5,88
07/07/2026 16:15;5,95
07/07/2026 16:20;5,88
07/07/2026 16:25;
07/07/2026 16:30;5,94
07/07/2026 16:35;5,85
07/07/2026 16:40;5,94
07/07/2026 16:45;
07/07/2026 16:50;5,83
07/07/2026 16:55;5,98
07/07/2026 17:00;5,96
07/07/2026 17:05;
07/07/2026 17:10;6,0
07/07/2026 17:15;5,95
07/07/2026 17:20;5,89
07/07/2026 17:25;5,77
07/07/2026 17:30;5,85
07/07/2026 17:35;5,79
07/07/2026 17:40;5,9
07/07/2026 17:45;5,9
07/07/2026 17:50;5,96
07/07/2026 17:55;5,85
07/07/2026 18:00;
07/07/2026 18:05;
07/07/2026 18:10;5,99
07/07/2026 18:15;5,9
07/07/2026 18:20;5,92
07/07/2026 18:25;5,82
07/07/2026 18:30;5,94
07/07/2026 18:35;5,9
07/07/2026 18:40;5,88
07/07/2026 18:45;5,85
07/07/2026 18:50;5,84
07/07/2026 18:55;5,91
07/07/2026 19:00;5,95
07/07/2026 19:05;
07/07/2026 19:10;6,0
07/07/2026 19:15;5,98
07/07/2026 19:20;5,86
07/07/2026 19:25;
07/07/2026 19:30;5,9
07/07/2026 19:35;5,96
07/07/2026 19:40;
07/07/2026 19:45;5,86
07/07/2026 19:50;5,9
07/07/2026 19:55;5,83
07/07/2026 20:00;5,91
07/07/2026 20:05;5,81
07/07/2026 20:10;5,88
07/07/2026 20:15;5,86
07/07/2026 20:20;
07/07/2026 20:25;
07/07/2026 20:30;
07/07/2026 20:35;5,91
07/07/2026 20:40;
07/07/2026 20:45;5,92
07/07/2026 20:50;5,93
07/07/2026 20:55;5,9
07/07/2026 21:00;
07/07/2026 21:05;5,86
07/07/2026 21:10;5,85
07/07/2026 21:15;5,85
07/07/2026 21:20;
07/07/2026 21:25;5,87
07/07/2026 21:30;5,79
07/07/2026 21:35;5,9
07/07/2026 21:40;5,98
07/07/2026 21:45;
07/07/2026 21:50;
07/07/2026 21:55;
07/07/2026 22:00;5,88
07/07/2026 22:05;
07/07/2026 22:10;5,91
07/07/2026 22:15;5,85
07/07/2026 22:20;
07/07/2026 22:25;5,83
07/07/2026 22:30;
07/07/2026 22:35;5,99
07/07/2026 22:40;5,88
07/07/2026 22:45;5,93
07/07/2026 22:50;5,84
07/07/2026 22:55;5,79
07/07/2026 23:00;5,93
07/07/2026 23:05;5,87
07/07/2026 23:10;5,87
07/07/2026 23:15;
07/07/2026 23:20;5,9
07/07/2026 23:25;5,91
07/07/2026 23:30;5,85
07/07/2026 23:35;5,9
07/07/2026 23:40;
07/07/2026 23:45;5,84
07/07/2026 23:50;
07/07/2026 23:55;6,0
08/07/2026 00:00;5,98
08/07/2026 00:05;5,89
08/07/2026 00:10;5,85
08/07/2026 00:15;5,93
08/07/2026 00:20;
08/07/2026 00:25;5,9
08/07/2026 00:30;5,88
08/07/2026 00:35;5,95
08/07/2026 00:40;5,95
08/07/2026 00:45;5,88
08/07/2026 00:50;5,8
08/07/2026 00:55;5,91
08/07/2026 01:00;5,87
08/07/2026 01:05;5,93
08/07/2026 01:10;
08/07/2026 01:15;5,98
08/07/2026 01:20;5,9
08/07/2026 01:25;5,89
08/07/2026 01:30;5,91
08/07/2026 01:35;
08/07/2026 01:40;5,93
08/07/2026 01:45;
08/07/2026 01:50;5,91
08/07/2026 01:55;5,95
08/07/2026 02:00;5,84
08/07/2026 02:05;
08/07/2026 02:10;5,97
08/07/2026 02:15;5,99
08/07/2026 02:20;5,82
08/07/2026 02:25;5,98
08/07/2026 02:30;5,94
08/07/2026 02:35;
08/07/2026 02:40;5,88
08/07/2026 02:45;5,93
08/07/2026 02:50;5,91
08/07/2026 02:55;
08/07/2026 03:00;
08/07/2026 03:05;5,82
08/07/2026 03:10;5,87
08/07/2026 03:15;5,92
08/07/2026 03:20;6,01
08/07/2026 03:25;5,89
08/07/2026 03:30;5,97
08/07/2026 03:35;5,8
08/07/2026 03:40;5,93
08/07/2026 03:45;5,92
08/07/2026 03:50;6,01
08/07/2026 03:55;5,97
08/07/2026 04:00;5,8
08/07/2026 04:05;5,95
08/07/2026 04:10;5,88
08/07/2026 04:15;
08/07/2026 04:20;5,92
08/07/2026 04:25;5,85
08/07/2026 04:30;5,95
08/07/2026 04:35;5,89
08/07/2026 04:40;
08/07/2026 04:45;5,89
08/07/2026 04:50;5,87
08/07/2026 04:55;5,93
08/07/2026 05:00;5,93
08/07/2026 05:05;5,94
08/07/2026 05:10;5,89
08/07/2026 05:15;
08/07/2026 05:20;5,93
08/07/2026 05:25;5,89
08/07/2026 05:30;5,93
08/07/2026 05:35;5,85
08/07/2026 05:40;5,79
08/07/2026 05:45;5,87
08/07/2026 05:50;
08/07/2026 05:55;
08/07/2026 06:00;
08/07/2026 06:05;5,91
08/07/2026 06:10;
08/07/2026 06:15;5,93
08/07/2026 06:20;5,97
08/07/2026 06:25;5,88
08/07/2026 06:30;5,8
08/07/2026 06:35;
08/07/2026 06:40;5,89
08/07/2026 06:45;
08/07/2026 06:50;5,89
08/07/2026 06:55;5,98
08/07/2026 07:00;
08/07/2026 07:05;5,81
08/07/2026 07:10;5,82
08/07/2026 07:15;5,97
08/07/2026 07:20;
08/07/2026 07:25;5,84
08/07/2026 07:30;
08/07/2026 07:35;5,99
08/07/2026 07:40;5,95
08/07/2026 07:45;5,89
08/07/2026 07:50;5,89
08/07/2026 07:55;5,81
08/07/2026 08:00;
08/07/2026 08:05;5,98
08/07/2026 08:10;5,98
08/07/2026 08:15;5,94
08/07/2026 08:20;
08/07/2026 08:25;5,92
08/07/2026 08:30;5,85
08/07/2026 08:35;5,91
08/07/2026 08:40;5,79
08/07/2026 08:45;6,01
08/07/2026 08:50;5,94
08/07/2026 08:55;
08/07/2026 09:00;5,87
08/07/2026 09:05;5,81
08/07/2026 09:10;5,97
08/07/2026 09:15;
08/07/2026 09:20;
08/07/2026 09:25;5,85
08/07/2026 09:30;5,88
08/07/2026 09:35;
08/07/2026 09:40;5,91
08/07/2026 09:45;5,92
08/07/2026 09:50;5,79
08/07/2026 09:55;
08/07/2026 10:00;5,91
08/07/2026 10:05;5,94
08/07/2026 10:10;5,89
08/07/2026 10:15;5,99
08/07/2026 10:20;
08/07/2026 10:25;5,86
08/07/2026 10:30;5,89
08/07/2026 10:35;5,9
08/07/2026 10:40;5,81
08/07/2026 10:45;
08/07/2026 10:50;5,89
08/07/2026 10:55;5,91
08/07/2026 11:00;5,89
08/07/2026 11:05;
08/07/2026 11:10;5,93
08/07/2026 11:15;
08/07/2026 11:20;6,0
08/07/2026 11:25;6,01
08/07/2026 11:30;6,01
08/07/2026 11:35;
08/07/2026 11:40;5,87
08/07/2026 11:45;
08/07/2026 11:50;5,79
08/07/2026 11:55;5,9
08/07/2026 12:00;5,87
08/07/2026 12:05;5,9
08/07/2026 12:10;5,9
08/07/2026 12:15;
08/07/2026 12:20;5,91
08/07/2026 12:25;6,0
08/07/2026 12:30;5,93
08/07/2026 12:35;5,93
08/07/2026 12:40;5,94
08/07/2026 12:45;5,93
08/07/2026 12:50;5,89
08/07/2026 12:55;5,94
08/07/2026 13:00;5,91
08/07/2026 13:05;5,84
08/07/2026 13:10;
08/07/2026 13:15;5,89
08/07/2026 13:20;5,9
08/07/2026 13:25;5,83
08/07/2026 13:30;
08/07/2026 13:35;
08/07/2026 13:40;
08/07/2026 13:45;5,81
08/07/2026 13:50;5,89
08/07/2026 13:55;5,91
08/07/2026 14:00;5,96
08/07/2026 14:05;5,88
08/07/2026 14:10;5,94
08/07/2026 14:15;5,83
08/07/2026 14:20;
08/07/2026 14:25;
08/07/2026 14:30;5,95
08/07/2026 14:35;5,93
08/07/2026 14:40;
08/07/2026 14:45;5,91
08/07/2026 14:50;5,97
08/07/2026 14:55;5,97
08/07/2026 15:00;5,93
08/07/2026 15:05;6,01
08/07/2026 15:10;6,04
08/07/2026 15:15;
08/07/2026 15:20;5,94
08/07/2026 15:25;5,96
08/07/2026 15:30;
08/07/2026 15:35;
08/07/2026 15:40;5,99
08/07/2026 15:45;5,89
08/07/2026 15:50;
08/07/2026 15:55;5,92
08/07/2026 16:00;5,91
08/07/2026 16:05;5,93
08/07/2026 16:10;5,91
08/07/2026 16:15;5,97
08/07/2026 16:20;5,92
08/07/2026 16:25;
08/07/2026 16:30;5,98
08/07/2026 16:35;5,95
08/07/2026 16:40;5,99
08/07/2026 16:45;
08/07/2026 16:50;5,93
08/07/2026 16:55;
08/07/2026 17:00;5,95
08/07/2026 17:05;5,89
08/07/2026 17:10;
08/07/2026 17:15;5,96
08/07/2026 17:20;
08/07/2026 17:25;
08/07/2026 17:30;
08/07/2026 17:35;
08/07/2026 17:40;5,94
08/07/2026 17:45;
08/07/2026 17:50;6,03
08/07/2026 17:55;
08/07/2026 18:00;6,01
08/07/2026 18:05;5,97
08/07/2026 18:10;6,0
08/07/2026 18:15;6,04
08/07/2026 18:20;6,02
08/07/2026 18:25;
08/07/2026 18:30;5,98
08/07/2026 18:35;
08/07/2026 18:40;
08/07/2026 18:45;
08/07/2026 18:50;
08/07/2026 18:55;
08/07/2026 19:00;6,04
08/07/2026 19:05;6,06
08/07/2026 19:10;6,02
08/07/2026 19:15;
08/07/2026 19:20;
08/07/2026 19:25;6,1
08/07/2026 19:30;6,06
08/07/2026 19:35;
08/07/2026 19:40;
08/07/2026 19:45;
08/07/2026 19:50;6,07
08/07/2026 19:55;
08/07/2026 20:00;
08/07/2026 20:05;6,14
08/07/2026 20:10;6,11
08/07/2026 20:15;6,0
08/07/2026 20:20;
08/07/2026 20:25;6,09
08/07/2026 20:30;6,06
08/07/2026 20:35;
08/07/2026 20:40;
08/07/2026 20:45;
08/07/2026 20:50;
08/07/2026 20:55;5,97
08/07/2026 21:00;6,03
08/07/2026 21:05;6,1
08/07/2026 21:10;6,01
08/07/2026 21:15;5,91
08/07/2026 21:20;6,04
08/07/2026 21:25;5,98
08/07/2026 21:30;6,16
08/07/2026 21:35;6,02
08/07/2026 21:40;
08/07/2026 21:45;6,04
08/07/2026 21:50;5,91
08/07/2026 21:55;6,08
08/07/2026 22:00;5,94
08/07/2026 22:05;
08/07/2026 22:10;6,04
08/07/2026 22:15;6,08
08/07/2026 22:20;6,04
08/07/2026 22:25;
08/07/2026 22:30;6,08
08/07/2026 22:35;6,05
08/07/2026 22:40;6,02
08/07/2026 22:45;6,06
08/07/2026 22:50;5,92
08/07/2026 22:55;6,08
08/07/2026 23:00;6,06
08/07/2026 23:05;
08/07/2026 23:10;
08/07/2026 23:15;5,93
08/07/2026 23:20;5,96
08/07/2026 23:25;6,01
08/07/2026 23:30;
08/07/2026 23:35;5,9
08/07/2026 23:40;5,9
08/07/2026 23:45;5,88
08/07/2026 23:50;5,91
08/07/2026 23:55;6,01
09/07/2026 00:00;5,96
09/07/2026 00:05;6,02
09/07/2026 00:10;5,98
09/07/2026 00:15;6,02
09/07/2026 00:20;6,01
09/07/2026 00:25;
09/07/2026 00:30;5,93
09/07/2026 00:35;6,04
09/07/2026 00:40;5,9
09/07/2026 00:45;
09/07/2026 00:50;6,03
09/07/2026 00:55;5,9
09/07/2026 01:00;6,0
09/07/2026 01:05;5,98
09/07/2026 01:10;6,0
09/07/2026 01:15;5,97
09/07/2026 01:20;6,01
09/07/2026 01:25;5,96
09/07/2026 01:30;5,9
09/07/2026 01:35;5,93
09/07/2026 01:40;5,89
09/07/2026 01:45;5,97
09/07/2026 01:50;
09/07/2026 01:55;
09/07/2026 02:00;5,92
09/07/2026 02:05;6,02
09/07/2026 02:10;
09/07/2026 02:15;5,91
09/07/2026 02:20;5,91
09/07/2026 02:25;5,95
09/07/2026 02:30;5,97
09/07/2026 02:35;5,96
09/07/2026 02:40;5,96
09/07/2026 02:45;5,98
09/07/2026 02:50;5,98
09/07/2026 02:55;6,02
09/07/2026 03:00;5,99
09/07/2026 03:05;
09/07/2026 03:10;5,92
09/07/2026 03:15;
09/07/2026 03:20;5,94
09/07/2026 03:25;5,92
09/07/2026 03:30;5,94
09/07/2026 03:35;
09/07/2026 03:40;5,87
09/07/2026 03:45;6,0
09/07/2026 03:50;
09/07/2026 03:55;
09/07/2026 04:00;5,96
09/07/2026 04:05;
09/07/2026 04:10;5,87
09/07/2026 04:15;5,92
09/07/2026 04:20;5,96
09/07/2026 04:25;5,95
09/07/2026 04:30;5,96
09/07/2026 04:35;5,82
09/07/2026 04:40;5,96
09/07/2026 04:45;5,98
09/07/2026 04:50;
09/07/2026 04:55;5,95
09/07/2026 05:00;5,91
09/07/2026 05:05;5,93
09/07/2026 05:10;
09/07/2026 05:15;6,0
09/07/2026 05:20;5,85
09/07/2026 05:25;5,98
09/07/2026 05:30;
09/07/2026 05:35;5,89
09/07/2026 05:40;
09/07/2026 05:45;5,9
09/07/2026 05:50;5,85
09/07/2026 05:55;5,91
09/07/2026 06:00;5,89
09/07/2026 06:05;5,94
09/07/2026 06:10;
09/07/2026 06:15;5,97
09/07/2026 06:20;5,99
09/07/2026 06:25;
09/07/2026 06:30;5,95
09/07/2026 06:35;5,98
09/07/2026 06:40;5,94
09/07/2026 06:45;5,99
09/07/2026 06:50;
09/07/2026 06:55;5,95
09/07/2026 07:00;5,92
09/07/2026 07:05;5,95
09/07/2026 07:10;6,0
09/07/2026 07:15;
09/07/2026 07:20;6,0
09/07/2026 07:25;5,93
09/07/2026 07:30;
09/07/2026 07:35;5,92
09/07/2026 07:40;
09/07/2026 07:45;5,85
09/07/2026 07:50;5,93
09/07/2026 07:55;5,91
09/07/2026 08:00;5,96
09/07/2026 08:05;5,87
09/07/2026 08:10;
09/07/2026 08:15;5,98
09/07/2026 08:20;5,8
09/07/2026 08:25;5,94
09/07/2026 08:30;5,96
09/07/2026 08:35;5,95
09/07/2026 08:40;
09/07/2026 08:45;5,83
09/07/2026 08:50;5,89
09/07/2026 08:55;5,82
09/07/2026 09:00;
09/07/2026 09:05;
09/07/2026 09:10;5,95
09/07/2026 09:15;6,0
09/07/2026 09:20;5,89
09/07/2026 09:25;5,97
09/07/2026 09:30;5,83
09/07/2026 09:35;5,95
09/07/2026 09:40;5,95
09/07/2026 09:45;5,93
09/07/2026 09:50;5,93
09/07/2026 09:55;5,96
09/07/2026 10:00;5,84
09/07/2026 10:05;5,98
09/07/2026 10:10;5,99
09/07/2026 10:15;5,87
09/07/2026 10:20;5,97
09/07/2026 10:25;6,0
09/07/2026 10:30;5,87
09/07/2026 10:35;5,93
09/07/2026 10:40;5,98
09/07/2026 10:45;5,89
09/07/2026 10:50;5,94
09/07/2026 10:55;5,95
09/07/2026 11:00;5,86
09/07/2026 11:05;
09/07/2026 11:10;5,89
09/07/2026 11:15;5,89
09/07/2026 11:20;5,97
09/07/2026 11:25;
09/07/2026 11:30;
09/07/2026 11:35;
09/07/2026 11:40;
09/07/2026 11:45;5,91
09/07/2026 11:50;5,89
09/07/2026 11:55;5,87
09/07/2026 12:00;5,94
09/07/2026 12:05;5,86
09/07/2026 12:10;
09/07/2026 12:15;5,98
09/07/2026 12:20;5,94
09/07/2026 12:25;5,83
09/07/2026 12:30;5,95
09/07/2026 12:35;5,88
09/07/2026 12:40;
09/07/2026 12:45;5,87
09/07/2026 12:50;5,87
09/07/2026 12:55;5,86
09/07/2026 13:00;5,87
09/07/2026 13:05;5,8
09/07/2026 13:10;5,8
09/07/2026 13:15;5,84
09/07/2026 13:20;5,84
09/07/2026 13:25;5,8
09/07/2026 13:30;5,88
09/07/2026 13:35;5,97
09/07/2026 13:40;5,94
09/07/2026 13:45;5,97
09/07/2026 13:50;5,9
09/07/2026 13:55;
09/07/2026 14:00;5,89
09/07/2026 14:05;5,78
09/07/2026 14:10;5,9
09/07/2026 14:15;5,87
09/07/2026 14:20;5,89
09/07/2026 14:25;5,95
09/07/2026 14:30;5,93
09/07/2026 14:35;5,94
09/07/2026 14:40;
09/07/2026 14:45;5,82
09/07/2026 14:50;5,86
09/07/2026 14:55;5,93
09/07/2026 15:00;5,85
09/07/2026 15:05;5,88
09/07/2026 15:10;5,82
09/07/2026 15:15;5,93
09/07/2026 15:20;
09/07/2026 15:25;5,87
09/07/2026 15:30;5,86
09/07/2026 15:35;
09/07/2026 15:40;5,88
09/07/2026 15:45;
09/07/2026 15:50;5,91
09/07/2026 15:55;5,91
09/07/2026 16:00;5,81
09/07/2026 16:05;5,94
09/07/2026 16:10;5,96
09/07/2026 16:15;5,9
09/07/2026 16:20;
09/07/2026 16:25;5,89
09/07/2026 16:30;5,87
09/07/2026 16:35;
09/07/2026 16:40;5,91
09/07/2026 16:45;
09/07/2026 16:50;5,87
09/07/2026 16:55;
09/07/2026 17:00;5,96
09/07/2026 17:05;5,92
09/07/2026 17:10;5,86
09/07/2026 17:15;5,99
09/07/2026 17:20;5,9
09/07/2026 17:25;
09/07/2026 17:30;5,9
09/07/2026 17:35;5,94
09/07/2026 17:40;5,92
09/07/2026 17:45;
09/07/2026 17:50;5,9
09/07/2026 17:55;5,93
09/07/2026 18:00;5,94
09/07/2026 18:05;5,87
09/07/2026 18:10;5,94
09/07/2026 18:15;5,83
09/07/2026 18:20;5,92
09/07/2026 18:25;5,95
09/07/2026 18:30;
09/07/2026 18:35;
09/07/2026 18:40;
09/07/2026 18:45;5,83
09/07/2026 18:50;5,86
09/07/2026 18:55;5,99
09/07/2026 19:00;5,85
09/07/2026 19:05;5,78
09/07/2026 19:10;5,82
09/07/2026 19:15;5,87
09/07/2026 19:20;5,86
09/07/2026 19:25;5,94
09/07/2026 19:30;5,91
09/07/2026 19:35;
09/07/2026 19:40;5,93
09/07/2026 19:45;5,92
09/07/2026 19:50;5,92
09/07/2026 19:55;5,94
09/07/2026 20:00;5,94
09/07/2026 20:05;5,93
09/07/2026 20:10;5,89
09/07/2026 20:15;5,84
09/07/2026 20:20;
09/07/2026 20:25;5,87
09/07/2026 20:30;
09/07/2026 20:35;5,94
09/07/2026 20:40;5,87
09/07/2026 20:45;
09/07/2026 20:50;5,9
09/07/2026 20:55;5,98
09/07/2026 21:00;5,94
09/07/2026 21:05;5,97
09/07/2026 21:10;5,88
09/07/2026 21:15;5,93
09/07/2026 21:20;5,99
09/07/2026 21:25;5,95
09/07/2026 21:30;5,94
09/07/2026 21:35;5,95
09/07/2026 21:40;5,94
09/07/2026 21:45;5,93
09/07/2026 21:50;5,95
09/07/2026 21:55;
09/07/2026 22:00;5,95
09/07/2026 22:05;5,92
09/07/2026 22:10;
09/07/2026 22:15;5,92
09/07/2026 22:20;
09/07/2026 22:25;5,91
09/07/2026 22:30;5,88
09/07/2026 22:35;
09/07/2026 22:40;5,97
09/07/2026 22:45;5,91
09/07/2026 22:50;5,98
09/07/2026 22:55;
09/07/2026 23:00;5,99
09/07/2026 23:05;5,92
09/07/2026 23:10;5,96
09/07/2026 23:15;5,91
09/07/2026 23:20;
09/07/2026 23:25;5,97
09/07/2026 23:30;
09/07/2026 23:35;6,0
09/07/2026 23:40;5,96
09/07/2026 23:45;6,01
09/07/2026 23:50;5,93
09/07/2026 23:55;6,02
10/07/2026 00:00;5,95
10/07/2026 00:05;5,94
10/07/2026 00:10;5,94
10/07/2026 00:15;
10/07/2026 00:20;
10/07/2026 00:25;5,93
10/07/2026 00:30;5,95
10/07/2026 00:35;5,93
10/07/2026 00:40;6,0
10/07/2026 00:45;
10/07/2026 00:50;5,94
10/07/2026 00:55;
10/07/2026 01:00;
10/07/2026 01:05;5,94
10/07/2026 01:10;6,02
10/07/2026 01:15;5,97
10/07/2026 01:20;5,95
10/07/2026 01:25;5,92
10/07/2026 01:30;5,92
10/07/2026 01:35;5,97
10/07/2026 01:40;6,01
10/07/2026 01:45;5,92
10/07/2026 01:50;6,06
10/07/2026 01:55;5,97
10/07/2026 02:00;5,9
10/07/2026 02:05;
10/07/2026 02:10;5,98
10/07/2026 02:15;5,95
10/07/2026 02:20;6,02
10/07/2026 02:25;5,92
10/07/2026 02:30;
10/07/2026 02:35;5,94
10/07/2026 02:40;5,83
10/07/2026 02:45;5,96
10/07/2026 02:50;5,9
10/07/2026 02:55;
10/07/2026 03:00;5,92
10/07/2026 03:05;5,84
10/07/2026 03:10;
10/07/2026 03:15;5,92
10/07/2026 03:20;6,0
10/07/2026 03:25;5,91
10/07/2026 03:30;5,85
10/07/2026 03:35;5,93
10/07/2026 03:40;5,99
10/07/2026 03:45;5,92
10/07/2026 03:50;
10/07/2026 03:55;
10/07/2026 04:00;5,97
10/07/2026 04:05;5,94
10/07/2026 04:10;5,93
10/07/2026 04:15;5,88
10/07/2026 04:20;5,94
10/07/2026 04:25;5,91
10/07/2026 04:30;5,96
10/07/2026 04:35;5,95
10/07/2026 04:40;6,0
10/07/2026 04:45;5,88
10/07/2026 04:50;5,94
10/07/2026 04:55;5,95
10/07/2026 05:00;5,95
10/07/2026 05:05;5,85
10/07/2026 05:10;5,95
10/07/2026 05:15;5,94
10/07/2026 05:20;5,92
10/07/2026 05:25;5,88
10/07/2026 05:30;5,85
10/07/2026 05:35;5,9
10/07/2026 05:40;5,95
10/07/2026 05:45;
10/07/2026 05:50;5,88
10/07/2026 05:55;5,9
10/07/2026 06:00;5,79
10/07/2026 06:05;
10/07/2026 06:10;5,79
10/07/2026 06:15;5,88
10/07/2026 06:20;5,83
10/07/2026 06:25;5,91
10/07/2026 06:30;5,85
10/07/2026 06:35;5,89
10/07/2026 06:40;5,87
10/07/2026 06:45;
10/07/2026 06:50;
10/07/2026 06:55;
10/07/2026 07:00;5,8
10/07/2026 07:05;5,91
10/07/2026 07:10;5,8
10/07/2026 07:15;5,92
10/07/2026 07:20;5,91
10/07/2026 07:25;5,82
10/07/2026 07:30;5,82
10/07/2026 07:35;5,89
10/07/2026 07:40;5,87
10/07/2026 07:45;5,79
10/07/2026 07:50;5,89
10/07/2026 07:55;5,82
10/07/2026 08:00;5,87
10/07/2026 08:05;
10/07/2026 08:10;
10/07/2026 08:15;5,92
10/07/2026 08:20;5,91
10/07/2026 08:25;5,95
10/07/2026 08:30;
10/07/2026 08:35;5,94
10/07/2026 08:40;5,87
10/07/2026 08:45;5,87
10/07/2026 08:50;5,81
10/07/2026 08:55;5,84
10/07/2026 09:00;
10/07/2026 09:05;
10/07/2026 09:10;5,84
10/07/2026 09:15;5,82
10/07/2026 09:20;5,85
10/07/2026 09:25;
10/07/2026 09:30;
10/07/2026 09:35;5,8
10/07/2026 09:40;5,87
10/07/2026 09:45;
10/07/2026 09:50;5,94
10/07/2026 09:55;5,91
10/07/2026 10:00;5,91
10/07/2026 10:05;5,83
10/07/2026 10:10;5,88
10/07/2026 10:15;5,9
10/07/2026 10:20;
10/07/2026 10:25;5,87
10/07/2026 10:30;5,86
10/07/2026 10:35;5,83
10/07/2026 10:40;5,89
10/07/2026 10:45;
10/07/2026 10:50;5,95
10/07/2026 10:55;5,92
10/07/2026 11:00;5,87
10/07/2026 11:05;
10/07/2026 11:10;5,87
10/07/2026 11:15;5,81
10/07/2026 11:20;5,88
10/07/2026 11:25;5,87
10/07/2026 11:30;5,81
10/07/2026 11:35;5,87
10/07/2026 11:40;5,87
10/07/2026 11:45;5,83
10/07/2026 11:50;5,86
10/07/2026 11:55;5,88
10/07/2026 12:00;5,89
10/07/2026 12:05;5,87
10/07/2026 12:10;5,95
10/07/2026 12:15;
10/07/2026 12:20;5,79
10/07/2026 12:25;
10/07/2026 12:30;
10/07/2026 12:35;5,78
10/07/2026 12:40;5,9
10/07/2026 12:45;
10/07/2026 12:50;5,87
10/07/2026 12:55;5,87
10/07/2026 13:00;5,93
10/07/2026 13:05;
10/07/2026 13:10;
10/07/2026 13:15;5,85
10/07/2026 13:20;5,87
10/07/2026 13:25;5,79
10/07/2026 13:30;5,91
10/07/2026 13:35;5,96
10/07/2026 13:40;5,94
10/07/2026 13:45;5,89
10/07/2026 13:50;5,87
10/07/2026 13:55;5,96
10/07/2026 14:00;
10/07/2026 14:05;5,79
10/07/2026 14:10;
10/07/2026 14:15;5,85
10/07/2026 14:20;
10/07/2026 14:25;5,81
10/07/2026 14:30;
10/07/2026 14:35;
10/07/2026 14:40;5,89
10/07/2026 14:45;5,86
10/07/2026 14:50;5,91
10/07/2026 14:55;5,87
10/07/2026 15:00;
10/07/2026 15:05;5,87
10/07/2026 15:10;5,87
10/07/2026 15:15;5,87
10/07/2026 15:20;
10/07/2026 15:25;5,88
10/07/2026 15:30;5,86
10/07/2026 15:35;5,88
10/07/2026 15:40;
10/07/2026 15:45;
10/07/2026 15:50;5,97
10/07/2026 15:55;5,88
10/07/2026 16:00;5,96
10/07/2026 16:05;5,82
10/07/2026 16:10;5,97
10/07/2026 16:15;5,9
10/07/2026 16:20;5,88
10/07/2026 16:25;5,87
10/07/2026 16:30;
10/07/2026 16:35;5,91
10/07/2026 16:40;
10/07/2026 16:45;5,87
10/07/2026 16:50;5,83
10/07/2026 16:55;5,89
10/07/2026 17:00;5,9
10/07/2026 17:05;5,93
10/07/2026 17:10;5,92
10/07/2026 17:15;5,89
10/07/2026 17:20;5,86
10/07/2026 17:25;5,81
10/07/2026 17:30;
10/07/2026 17:35;5,87
10/07/2026 17:40;5,88
10/07/2026 17:45;
10/07/2026 17:50;5,8
10/07/2026 17:55;
10/07/2026 18:00;5,84
10/07/2026 18:05;
10/07/2026 18:10;
10/07/2026 18:15;
10/07/2026 18:20;5,94
10/07/2026 18:25;5,82
10/07/2026 18:30;5,96
10/07/2026 18:35;5,9
10/07/2026 18:40;5,93
10/07/2026 18:45;5,87
10/07/2026 18:50;5,87
10/07/2026 18:55;5,9
10/07/2026 19:00;5,89
10/07/2026 19:05;5,87
10/07/2026 19:10;5,89
10/07/2026 19:15;
10/07/2026 19:20;5,9
10/07/2026 19:25;5,86
10/07/2026 19:30;5,79
10/07/2026 19:35;5,94
10/07/2026 19:40;5,91
10/07/2026 19:45;5,99
10/07/2026 19:50;5,93
10/07/2026 19:55;6,03
10/07/2026 20:00;5,85
10/07/2026 20:05;5,95
10/07/2026 20:10;5,91
10/07/2026 20:15;5,96
10/07/2026 20:20;5,87
10/07/2026 20:25;5,96
10/07/2026 20:30;5,94
10/07/2026 20:35;5,93
10/07/2026 20:40;5,95
10/07/2026 20:45;5,98
10/07/2026 20:50;5,99
10/07/2026 20:55;6,02
10/07/2026 21:00;
10/07/2026 21:05;5,84
10/07/2026 21:10;5,93
10/07/2026 21:15;5,99
10/07/2026 21:20;5,86
10/07/2026 21:25;
10/07/2026 21:30;5,9
10/07/2026 21:35;5,99
10/07/2026 21:40;5,88
10/07/2026 21:45;
10/07/2026 21:50;5,82
10/07/2026 21:55;5,88
10/07/2026 22:00;5,91
10/07/2026 22:05;5,99
10/07/2026 22:10;5,99
10/07/2026 22:15;6,0
10/07/2026 22:20;5,96
10/07/2026 22:25;5,96
10/07/2026 22:30;5,93
10/07/2026 22:35;6,02
10/07/2026 22:40;
10/07/2026 22:45;5,99
10/07/2026 22:50;5,94
10/07/2026 22:55;5,9
10/07/2026 23:00;5,97
10/07/2026 23:05;5,97
10/07/2026 23:10;5,98
10/07/2026 23:15;5,93
10/07/2026 23:20;5,9
10/07/2026 23:25;5,92
10/07/2026 23:30;5,94
10/07/2026 23:35;6,05
10/07/2026 23:40;5,98
10/07/2026 23:45;5,89
10/07/2026 23:50;5,97
10/07/2026 23:55;5,95
11/07/2026 00:00;6,0
11/07/2026 00:05;5,9
11/07/2026 00:10;5,86
11/07/2026 00:15;5,93
11/07/2026 00:20;5,91
11/07/2026 00:25;5,85
11/07/2026 00:30;5,84
11/07/2026 00:35;5,86
11/07/2026 00:40;5,94
11/07/2026 00:45;5,86
11/07/2026 00:50;5,94
11/07/2026 00:55;5,9
11/07/2026 01:00;5,95
11/07/2026 01:05;5,85
11/07/2026 01:10;
11/07/2026 01:15;5,91
11/07/2026 01:20;5,91
11/07/2026 01:25;5,91
11/07/2026 01:30;5,9
11/07/2026 01:35;5,86
11/07/2026 01:40;5,89
11/07/2026 01:45;5,99
11/07/2026 01:50;5,86
11/07/2026 01:55;5,98
11/07/2026 02:00;5,85
11/07/2026 02:05;
11/07/2026 02:10;
11/07/2026 02:15;5,89
11/07/2026 02:20;
11/07/2026 02:25;5,78
11/07/2026 02:30;5,9
11/07/2026 02:35;5,8
11/07/2026 02:40;
11/07/2026 02:45;5,83
11/07/2026 02:50;5,88
11/07/2026 02:55;5,86
11/07/2026 03:00;5,87
11/07/2026 03:05;
11/07/2026 03:10;
11/07/2026 03:15;5,88
11/07/2026 03:20;5,83
11/07/2026 03:25;5,9
11/07/2026 03:30;5,81
11/07/2026 03:35;6,0
11/07/2026 03:40;
11/07/2026 03:45;
11/07/2026 03:50;
11/07/2026 03:55;5,79
11/07/2026 04:00;
11/07/2026 04:05;
11/07/2026 04:10;5,8
11/07/2026 04:15;5,81
11/07/2026 04:20;5,84
11/07/2026 04:25;
11/07/2026 04:30;
11/07/2026 04:35;5,82
11/07/2026 04:40;
11/07/2026 04:45;5,86
11/07/2026 04:50;5,89
11/07/2026 04:55;5,92
11/07/2026 05:00;
11/07/2026 05:05;5,85
11/07/2026 05:10;5,92
11/07/2026 05:15;
11/07/2026 05:20;
11/07/2026 05:25;
11/07/2026 05:30;5,78
11/07/2026 05:35;
11/07/2026 05:40;5,89
11/07/2026 05:45;5,84
11/07/2026 05:50;5,94
11/07/2026 05:55;5,8
11/07/2026 06:00;
11/07/2026 06:05;5,88
11/07/2026 06:10;5,94
11/07/2026 06:15;5,94
11/07/2026 06:20;5,83
11/07/2026 06:25;
11/07/2026 06:30;5,88
11/07/2026 06:35;5,85
11/07/2026 06:40;5,84
11/07/2026 06:45;
11/07/2026 06:50;
11/07/2026 06:55;5,85
11/07/2026 07:00;5,88
11/07/2026 07:05;5,79
11/07/2026 07:10;5,95
11/07/2026 07:15;5,82
11/07/2026 07:20;5,89
11/07/2026 07:25;
11/07/2026 07:30;
11/07/2026 07:35;5,87
11/07/2026 07:40;5,88
11/07/2026 07:45;5,88
11/07/2026 07:50;5,86
11/07/2026 07:55;5,88
11/07/2026 08:00;5,83
11/07/2026 08:05;
11/07/2026 08:10;
11/07/2026 08:15;5,83
11/07/2026 08:20;
11/07/2026 08:25;5,87
11/07/2026 08:30;5,83
11/07/2026 08:35;5,9
11/07/2026 08:40;
11/07/2026 08:45;5,83
11/07/2026 08:50;
11/07/2026 08:55;
11/07/2026 09:00;5,88
11/07/2026 09:05;5,84
11/07/2026 09:10;5,86
11/07/2026 09:15;5,79
11/07/2026 09:20;5,8
11/07/2026 09:25;
11/07/2026 09:30;5,8
11/07/2026 09:35;5,82
11/07/2026 09:40;5,86
11/07/2026 09:45;5,81
11/07/2026 09:50;5,81
11/07/2026 09:55;
11/07/2026 10:00;
11/07/2026 10:05;
11/07/2026 10:10;5,86
11/07/2026 10:15;5,86
11/07/2026 10:20;5,98
11/07/2026 10:25;5,9
11/07/2026 10:30;
11/07/2026 10:35;5,95
11/07/2026 10:40;5,79
11/07/2026 10:45;5,87
11/07/2026 10:50;5,92
11/07/2026 10:55;5,91
11/07/2026 11:00;5,95
11/07/2026 11:05;5,85
11/07/2026 11:10;5,91
11/07/2026 11:15;
11/07/2026 11:20;5,92
11/07/2026 11:25;5,83
11/07/2026 11:30;5,86
11/07/2026 11:35;
11/07/2026 11:40;
11/07/2026 11:45;
11/07/2026 11:50;
11/07/2026 11:55;5,87
11/07/2026 12:00;5,91
11/07/2026 12:05;5,9
11/07/2026 12:10;5,89
11/07/2026 12:15;5,93
11/07/2026 12:20;5,94
11/07/2026 12:25;5,87
11/07/2026 12:30;5,87
11/07/2026 12:35;5,87
11/07/2026 12:40;
11/07/2026 12:45;5,8
11/07/2026 12:50;
11/07/2026 12:55;5,89
11/07/2026 13:00;5,8
11/07/2026 13:05;
11/07/2026 13:10;
11/07/2026 13:15;5,82
11/07/2026 13:20;5,93
11/07/2026 13:25;5,87
11/07/2026 13:30;5,96
11/07/2026 13:35;5,85
11/07/2026 13:40;5,86
11/07/2026 13:45;5,8
11/07/2026 13:50;5,92
11/07/2026 13:55;
11/07/2026 14:00;5,81
11/07/2026 14:05;5,8
11/07/2026 14:10;5,85
11/07/2026 14:15;
11/07/2026 14:20;
11/07/2026 14:25;5,79
11/07/2026 14:30;5,84
11/07/2026 14:35;5,81
11/07/2026 14:40;5,91
11/07/2026 14:45;5,85
11/07/2026 14:50;5,97
11/07/2026 14:55;
11/07/2026 15:00;5,92
11/07/2026 15:05;5,82
11/07/2026 15:10;5,88
11/07/2026 15:15;
11/07/2026 15:20;
11/07/2026 15:25;5,83
11/07/2026 15:30;5,87
11/07/2026 15:35;
11/07/2026 15:40;5,78
11/07/2026 15:45;5,95
11/07/2026 15:50;5,82
11/07/2026 15:55;5,86
11/07/2026 16:00;
11/07/2026 16:05;5,89
11/07/2026 16:10;
11/07/2026 16:15;5,88
11/07/2026 16:20;5,81
11/07/2026 16:25;
11/07/2026 16:30;5,85
11/07/2026 16:35;5,89
11/07/2026 16:40;5,88
11/07/2026 16:45;5,9
11/07/2026 16:50;5,87
11/07/2026 16:55;5,86
11/07/2026 17:00;5,84
11/07/2026 17:05;5,89
11/07/2026 17:10;5,95
11/07/2026 17:15;5,85
11/07/2026 17:20;
11/07/2026 17:25;5,81
11/07/2026 17:30;5,87
11/07/2026 17:35;5,84
11/07/2026 17:40;5,81
11/07/2026 17:45;5,82
11/07/2026 17:50;5,92
11/07/2026 17:55;5,86
11/07/2026 18:00;5,93
11/07/2026 18:05;5,88
11/07/2026 18:10;5,97
11/07/2026 18:15;
11/07/2026 18:20;5,84
11/07/2026 18:25;5,82
11/07/2026 18:30;5,89
11/07/2026 18:35;5,91
11/07/2026 18:40;
11/07/2026 18:45;5,93
11/07/2026 18:50;5,84
11/07/2026 18:55;
11/07/2026 19:00;5,86
11/07/2026 19:05;5,92
11/07/2026 19:10;5,89
11/07/2026 19:15;5,96
11/07/2026 19:20;5,96
11/07/2026 19:25;5,93
11/07/2026 19:30;6,0
11/07/2026 19:35;5,93
11/07/2026 19:40;5,97
11/07/2026 19:45;5,92
11/07/2026 19:50;5,96
11/07/2026 19:55;5,98
11/07/2026 20:00;5,93
11/07/2026 20:05;
11/07/2026 20:10;5,93
11/07/2026 20:15;5,92
11/07/2026 20:20;5,98
11/07/2026 20:25;
11/07/2026 20:30;6,08
11/07/2026 20:35;
11/07/2026 20:40;6,05
11/07/2026 20:45;6,08
11/07/2026 20:50;5,96
11/07/2026 20:55;6,02
11/07/2026 21:00;5,97
11/07/2026 21:05;
11/07/2026 21:10;6,04
11/07/2026 21:15;5,97
11/07/2026 21:20;
11/07/2026 21:25;
11/07/2026 21:30;
11/07/2026 21:35;
11/07/2026 21:40;5,91
11/07/2026 21:45;6,04
11/07/2026 21:50;6,0
11/07/2026 21:55;
11/07/2026 22:00;5,93
11/07/2026 22:05;5,99
11/07/2026 22:10;6,01
11/07/2026 22:15;
11/07/2026 22:20;
11/07/2026 22:25;5,86
11/07/2026 22:30;
11/07/2026 22:35;6,02
11/07/2026 22:40;
11/07/2026 22:45;
11/07/2026 22:50;
11/07/2026 22:55;5,98
11/07/2026 23:00;5,81
11/07/2026 23:05;5,89
11/07/2026 23:10;5,99
11/07/2026 23:15;
11/07/2026 23:20;5,99
11/07/2026 23:25;5,79
11/07/2026 23:30;
11/07/2026 23:35;5,89
11/07/2026 23:40;
11/07/2026 23:45;5,96
11/07/2026 23:50;5,97
11/07/2026 23:55;
12/07/2026 00:00;6,01
12/07/2026 00:05;
12/07/2026 00:10;
12/07/2026 00:15;
12/07/2026 00:20;5,96
12/07/2026 00:25;
12/07/2026 00:30;
12/07/2026 00:35;5,97
12/07/2026 00:40;
12/07/2026 00:45;6,01
12/07/2026 00:50;5,86
12/07/2026 00:55;5,89
12/07/2026 01:00;6,01
12/07/2026 01:05;5,87
12/07/2026 01:10;5,97
12/07/2026 01:15;
12/07/2026 01:20;
12/07/2026 01:25;
12/07/2026 01:30;5,97
12/07/2026 01:35;6,0
12/07/2026 01:40;5,97
12/07/2026 01:45;
12/07/2026 01:50;
12/07/2026 01:55;
12/07/2026 02:00;5,96
12/07/2026 02:05;
12/07/2026 02:10;5,83
12/07/2026 02:15;5,87
12/07/2026 02:20;5,82
12/07/2026 02:25;5,78
12/07/2026 02:30;
12/07/2026 02:35;
12/07/2026 02:40;5,81
12/07/2026 02:45;5,95
12/07/2026 02:50;5,9
12/07/2026 02:55;5,97
12/07/2026 03:00;5,82
12/07/2026 03:05;
12/07/2026 03:10;
12/07/2026 03:15;5,79
12/07/2026 03:20;5,78
12/07/2026 03:25;5,8
12/07/2026 03:30;
12/07/2026 03:35;5,91
12/07/2026 03:40;
12/07/2026 03:45;5,85
12/07/2026 03:50;5,9
12/07/2026 03:55;
12/07/2026 04:00;
12/07/2026 04:05;5,84
12/07/2026 04:10;5,8
12/07/2026 04:15;
12/07/2026 04:20;
12/07/2026 04:25;
12/07/2026 04:30;5,9
12/07/2026 04:35;5,89
12/07/2026 04:40;
12/07/2026 04:45;5,86
12/07/2026 04:50;
12/07/2026 04:55;5,82
12/07/2026 05:00;5,96
12/07/2026 05:05;
12/07/2026 05:10;
12/07/2026 05:15;5,91
12/07/2026 05:20;5,92
12/07/2026 05:25;
12/07/2026 05:30;5,82
12/07/2026 05:35;5,89
12/07/2026 05:40;5,82
12/07/2026 05:45;
12/07/2026 05:50;5,95
12/07/2026 05:55;
12/07/2026 06:00;5,84
12/07/2026 06:05;
12/07/2026 06:10;5,84
12/07/2026 06:15;5,88
12/07/2026 06:20;5,85
12/07/2026 06:25;5,92
12/07/2026 06:30;5,82
12/07/2026 06:35;
12/07/2026 06:40;5,9
12/07/2026 06:45;5,79
12/07/2026 06:50;5,87
12/07/2026 06:55;
12/07/2026 07:00;5,83
12/07/2026 07:05;
12/07/2026 07:10;5,85
12/07/2026 07:15;
12/07/2026 07:20;
12/07/2026 07:25;
12/07/2026 07:30;
12/07/2026 07:35;5,78
12/07/2026 07:40;
12/07/2026 07:45;5,79
12/07/2026 07:50;
12/07/2026 07:55;
12/07/2026 08:00;
12/07/2026 08:05;5,83
12/07/2026 08:10;
12/07/2026 08:15;5,86
12/07/2026 08:20;
12/07/2026 08:25;
12/07/2026 08:30;5,82
12/07/2026 08:35;
12/07/2026 08:40;5,9
12/07/2026 08:45;
12/07/2026 08:50;5,93
12/07/2026 08:55;
12/07/2026 09:00;5,85
12/07/2026 09:05;5,86
12/07/2026 09:10;5,78
12/07/2026 09:15;
12/07/2026 09:20;5,79
12/07/2026 09:25;
12/07/2026 09:30;5,88
12/07/2026 09:35;5,84
12/07/2026 09:40;5,86
12/07/2026 09:45;5,86
12/07/2026 09:50;5,83
12/07/2026 09:55;5,86
12/07/2026 10:00;5,84
12/07/2026 10:05;
12/07/2026 10:10;5,88
12/07/2026 10:15;5,92
12/07/2026 10:20;5,92
12/07/2026 10:25;5,9
12/07/2026 10:30;5,87
12/07/2026 10:35;5,9
12/07/2026 10:40;5,83
12/07/2026 10:45;
12/07/2026 10:50;5,87
12/07/2026 10:55;5,92
12/07/2026 11:00;
12/07/2026 11:05;
12/07/2026 11:10;5,85
12/07/2026 11:15;
12/07/2026 11:20;
12/07/2026 11:25;5,95
12/07/2026 11:30;5,93
12/07/2026 11:35;5,94
12/07/2026 11:40;5,88
12/07/2026 11:45;5,92
12/07/2026 11:50;5,85
12/07/2026 11:55;
12/07/2026 12:00;5,92
12/07/2026 12:05;
12/07/2026 12:10;
12/07/2026 12:15;5,87
12/07/2026 12:20;5,87
12/07/2026 12:25;5,88
12/07/2026 12:30;5,84
12/07/2026 12:35;5,84
12/07/2026 12:40;
12/07/2026 12:45;5,8
12/07/2026 12:50;5,83
12/07/2026 12:55;
12/07/2026 13:00;
12/07/2026 13:05;
12/07/2026 13:10;5,89
12/07/2026 13:15;
12/07/2026 13:20;
12/07/2026 13:25;5,92
12/07/2026 13:30;
12/07/2026 13:35;5,92
12/07/2026 13:40;
12/07/2026 13:45;5,99
12/07/2026 13:50;5,86
12/07/2026 13:55;
12/07/2026 14:00;
12/07/2026 14:05;
12/07/2026 14:10;
12/07/2026 14:15;
12/07/2026 14:20;5,94
12/07/2026 14:25;5,91
12/07/2026 14:30;5,95
12/07/2026 14:35;
12/07/2026 14:40;
12/07/2026 14:45;
12/07/2026 14:50;5,87
12/07/2026 14:55;5,84
12/07/2026 15:00;5,8
12/07/2026 15:05;5,91
12/07/2026 15:10;
12/07/2026 15:15;5,96
12/07/2026 15:20;
12/07/2026 15:25;5,91
12/07/2026 15:30;5,97
12/07/2026 15:35;5,86
12/07/2026 15:40;
12/07/2026 15:45;5,94
12/07/2026 15:50;6,03
12/07/2026 15:55;5,9
12/07/2026 16:00;5,95
12/07/2026 16:05;5,97
12/07/2026 16:10;5,96
12/07/2026 16:15;5,92
12/07/2026 16:20;
12/07/2026 16:25;5,84
12/07/2026 16:30;
12/07/2026 16:35;5,83
12/07/2026 16:40;5,84
12/07/2026 16:45;5,84
12/07/2026 16:50;
12/07/2026 16:55;5,85
12/07/2026 17:00;5,87
12/07/2026 17:05;
12/07/2026 17:10;5,89
12/07/2026 17:15;5,81
12/07/2026 17:20;
12/07/2026 17:25;5,82
12/07/2026 17:30;5,87
12/07/2026 17:35;5,87
12/07/2026 17:40;
12/07/2026 17:45;5,85
12/07/2026 17:50;
12/07/2026 17:55;5,88
12/07/2026 18:00;5,91
12/07/2026 18:05;
12/07/2026 18:10;
12/07/2026 18:15;
12/07/2026 18:20;5,84
12/07/2026 18:25;5,96
12/07/2026 18:30;
12/07/2026 18:35;
12/07/2026 18:40;5,8
12/07/2026 18:45;
12/07/2026 18:50;5,84
12/07/2026 18:55;5,91
12/07/2026 19:00;5,93
12/07/2026 19:05;5,89
12/07/2026 19:10;
12/07/2026 19:15;5,93
12/07/2026 19:20;5,96
12/07/2026 19:25;
12/07/2026 19:30;5,9
12/07/2026 19:35;
12/07/2026 19:40;5,89
12/07/2026 19:45;
12/07/2026 19:50;5,98
12/07/2026 19:55;6,0
12/07/2026 20:00;5,95
12/07/2026 20:05;5,88
12/07/2026 20:10;
12/07/2026 20:15;5,94
12/07/2026 20:20;5,81
12/07/2026 20:25;5,91
12/07/2026 20:30;5,88
12/07/2026 20:35;5,93
12/07/2026 20:40;5,85
12/07/2026 20:45;5,96
12/07/2026 20:50;5,92
12/07/2026 20:55;5,97
12/07/2026 21:00;5,91
12/07/2026 21:05;
12/07/2026 21:10;5,88
12/07/2026 21:15;6,04
12/07/2026 21:20;5,87
12/07/2026 21:25;5,89
12/07/2026 21:30;6,02
12/07/2026 21:35;
12/07/2026 21:40;
12/07/2026 21:45;5,93
12/07/2026 21:50;
12/07/2026 21:55;
12/07/2026 22:00;5,98
12/07/2026 22:05;5,87
12/07/2026 22:10;6,02
12/07/2026 22:15;
12/07/2026 22:20;5,89
12/07/2026 22:25;5,98
12/07/2026 22:30;6,03
12/07/2026 22:35;5,91
12/07/2026 22:40;5,97
12/07/2026 22:45;5,97
12/07/2026 22:50;6,03
12/07/2026 22:55;
12/07/2026 23:00;
12/07/2026 23:05;
12/07/2026 23:10;6,01
12/07/2026 23:15;
12/07/2026 23:20;6,04
12/07/2026 23:25;5,87
12/07/2026 23:30;6,04
12/07/2026 23:35;5,96
12/07/2026 23:40;6,0
12/07/2026 23:45;5,93
12/07/2026 23:50;5,9
12/07/2026 23:55;
13/07/2026 00:00;
13/07/2026 00:05;5,95
13/07/2026 00:10;5,87
13/07/2026 00:15;
13/07/2026 00:20;5,95
13/07/2026 00:25;5,88
13/07/2026 00:30;5,87
13/07/2026 00:35;
13/07/2026 00:40;5,89
13/07/2026 00:45;5,96
13/07/2026 00:50;5,94
13/07/2026 00:55;5,97
13/07/2026 01:00;5,95
13/07/2026 01:05;
13/07/2026 01:10;5,95
13/07/2026 01:15;
13/07/2026 01:20;5,9
13/07/2026 01:25;5,85
13/07/2026 01:30;
13/07/2026 01:35;
13/07/2026 01:40;5,89
13/07/2026 01:45;5,88
13/07/2026 01:50;5,92
13/07/2026 01:55;
13/07/2026 02:00;5,95
13/07/2026 02:05;
13/07/2026 02:10;5,97
13/07/2026 02:15;
13/07/2026 02:20;5,87
13/07/2026 02:25;5,92
13/07/2026 02:30;5,86
13/07/2026 02:35;
13/07/2026 02:40;5,83
13/07/2026 02:45;5,89
13/07/2026 02:50;
13/07/2026 02:55;
13/07/2026 03:00;5,86
13/07/2026 03:05;5,93
13/07/2026 03:10;5,94
13/07/2026 03:15;5,94
13/07/2026 03:20;5,93
13/07/2026 03:25;
13/07/2026 03:30;
13/07/2026 03:35;
13/07/2026 03:40;
13/07/2026 03:45;
13/07/2026 03:50;
13/07/2026 03:55;
13/07/2026 04:00;
13/07/2026 04:05;5,85
13/07/2026 04:10;
13/07/2026 04:15;5,87
13/07/2026 04:20;5,93
13/07/2026 04:25;5,94
13/07/2026 04:30;5,83
13/07/2026 04:35;5,96
13/07/2026 04:40;5,86
13/07/2026 04:45;5,86
13/07/2026 04:50;
13/07/2026 04:55;5,86
13/07/2026 05:00;5,81
13/07/2026 05:05;
13/07/2026 05:10;
13/07/2026 05:15;
13/07/2026 05:20;
13/07/2026 05:25;
13/07/2026 05:30;5,89
13/07/2026 05:35;
13/07/2026 05:40;5,93
13/07/2026 05:45;
13/07/2026 05:50;5,9
13/07/2026 05:55;5,93
13/07/2026 06:00;
13/07/2026 06:05;5,88
13/07/2026 06:10;5,91
13/07/2026 06:15;
13/07/2026 06:20;5,81
13/07/2026 06:25;5,85
13/07/2026 06:30;5,95
13/07/2026 06:35;5,86
13/07/2026 06:40;5,94
13/07/2026 06:45;
13/07/2026 06:50;5,87
13/07/2026 06:55;5,91
13/07/2026 07:00;5,9
13/07/2026 07:05;5,96
13/07/2026 07:10;
13/07/2026 07:15;5,95
13/07/2026 07:20;
13/07/2026 07:25;
13/07/2026 07:30;5,91
13/07/2026 07:35;5,82
13/07/2026 07:40;
13/07/2026 07:45;5,89
13/07/2026 07:50;5,88
13/07/2026 07:55;5,9
13/07/2026 08:00;
13/07/2026 08:05;5,88
13/07/2026 08:10;
13/07/2026 08:15;
13/07/2026 08:20;5,96
13/07/2026 08:25;5,93
13/07/2026 08:30;5,97
13/07/2026 08:35;
13/07/2026 08:40;
13/07/2026 08:45;5,88
13/07/2026 08:50;5,95
13/07/2026 08:55;5,85
13/07/2026 09:00;5,94
13/07/2026 09:05;5,93
13/07/2026 09:10;5,96
13/07/2026 09:15;
13/07/2026 09:20;5,96
13/07/2026 09:25;
13/07/2026 09:30;5,97
13/07/2026 09:35;
13/07/2026 09:40;5,99
13/07/2026 09:45;5,92
13/07/2026 09:50;5,93
13/07/2026 09:55;
13/07/2026 10:00;5,85
13/07/2026 10:05;5,9
13/07/2026 10:10;5,94
13/07/2026 10:15;
13/07/2026 10:20;5,82
13/07/2026 10:25;5,79
13/07/2026 10:30;5,84
13/07/2026 10:35;5,86
13/07/2026 10:40;5,93
13/07/2026 10:45;5,88
13/07/2026 10:50;
13/07/2026 10:55;5,88
13/07/2026 11:00;5,93
13/07/2026 11:05;5,91
13/07/2026 11:10;
13/07/2026 11:15;5,85
13/07/2026 11:20;5,89
13/07/2026 11:25;5,87
13/07/2026 11:30;5,86
13/07/2026 11:35;5,78
13/07/2026 11:40;
13/07/2026 11:45;
13/07/2026 11:50;
13/07/2026 11:55;5,84
13/07/2026 12:00;5,81
13/07/2026 12:05;5,87
13/07/2026 12:10;5,83
13/07/2026 12:15;5,81
13/07/2026 12:20;
13/07/2026 12:25;
13/07/2026 12:30;5,83
13/07/2026 12:35;
13/07/2026 12:40;5,79
13/07/2026 12:45;5,79
13/07/2026 12:50;5,87
13/07/2026 12:55;5,8
13/07/2026 13:00;5,92
13/07/2026 13:05;5,86
13/07/2026 13:10;5,92
13/07/2026 13:15;
13/07/2026 13:20;5,93
13/07/2026 13:25;
13/07/2026 13:30;5,98
13/07/2026 13:35;5,86
13/07/2026 13:40;5,82
13/07/2026 13:45;
13/07/2026 13:50;5,97
13/07/2026 13:55;5,86
13/07/2026 14:00;
13/07/2026 14:05;
13/07/2026 14:10;5,88
13/07/2026 14:15;
13/07/2026 14:20;5,96
13/07/2026 14:25;5,8
13/07/2026 14:30;5,89
13/07/2026 14:35;
13/07/2026 14:40;5,96
13/07/2026 14:45;5,94
13/07/2026 14:50;
13/07/2026 14:55;
13/07/2026 15:00;5,96
13/07/2026 15:05;
13/07/2026 15:10;5,95
13/07/2026 15:15;
13/07/2026 15:20;5,96
13/07/2026 15:25;5,84
13/07/2026 15:30;
13/07/2026 15:35;
13/07/2026 15:40;5,94
13/07/2026 15:45;
13/07/2026 15:50;6,0
13/07/2026 15:55;5,89
13/07/2026 16:00;5,93
13/07/2026 16:05;5,82
13/07/2026 16:10;5,88
13/07/2026 16:15;5,89
13/07/2026 16:20;5,96
13/07/2026 16:25;5,94
13/07/2026 16:30;5,98
13/07/2026 16:35;
13/07/2026 16:40;5,86
13/07/2026 16:45;
13/07/2026 16:50;
13/07/2026 16:55;5,99
13/07/2026 17:00;
13/07/2026 17:05;5,94
13/07/2026 17:10;
13/07/2026 17:15;6,0
13/07/2026 17:20;
13/07/2026 17:25;5,94
13/07/2026 17:30;
13/07/2026 17:35;5,86
13/07/2026 17:40;
13/07/2026 17:45;5,94
13/07/2026 17:50;
13/07/2026 17:55;
13/07/2026 18:00;
13/07/2026 18:05;
13/07/2026 18:10;
13/07/2026 18:15;6,0
13/07/2026 18:20;
13/07/2026 18:25;5,96
13/07/2026 18:30;
13/07/2026 18:35;6,0
13/07/2026 18:40;
13/07/2026 18:45;6,0
13/07/2026 18:50;
13/07/2026 18:55;6,01
13/07/2026 19:00;
13/07/2026 19:05;6,02
13/07/2026 19:10;
13/07/2026 19:15;5,94
13/07/2026 19:20;6,01
13/07/2026 19:25;5,98
13/07/2026 19:30;
13/07/2026 19:35;5,98
13/07/2026 19:40;
13/07/2026 19:45;6,04
13/07/2026 19:50;5,97
13/07/2026 19:55;6,09
13/07/2026 20:00;
13/07/2026 20:05;6,05
13/07/2026 20:10;
13/07/2026 20:15;5,91
13/07/2026 20:20;5,99
13/07/2026 20:25;6,04
13/07/2026 20:30;
13/07/2026 20:35;6,07
13/07/2026 20:40;
13/07/2026 20:45;6,01
13/07/2026 20:50;
13/07/2026 20:55;6,07
13/07/2026 21:00;
13/07/2026 21:05;5,92
13/07/2026 21:10;6,08
13/07/2026 21:15;5,99
13/07/2026 21:20;6,01
13/07/2026 21:25;5,96
13/07/2026 21:30;6,06
13/07/2026 21:35;5,98
13/07/2026 21:40;5,98
13/07/2026 21:45;5,93
13/07/2026 21:50;
13/07/2026 21:55;5,98
13/07/2026 22:00;6,0
13/07/2026 22:05;5,97
13/07/2026 22:10;5,99
13/07/2026 22:15;
13/07/2026 22:20;
13/07/2026 22:25;
13/07/2026 22:30;6,04
13/07/2026 22:35;
13/07/2026 22:40;5,99
13/07/2026 22:45;
13/07/2026 22:50;6,09
13/07/2026 22:55;
13/07/2026 23:00;6,0
13/07/2026 23:05;
13/07/2026 23:10;5,94
13/07/2026 23:15;
13/07/2026 23:20;
13/07/2026 23:25;6,03
13/07/2026 23:30;6,04
13/07/2026 23:35;6,03
13/07/2026 23:40;6,1
13/07/2026 23:45;
13/07/2026 23:50;6,03
13/07/2026 23:55;
14/07/2026 00:00;6,01
14/07/2026 00:05;5,95
14/07/2026 00:10;6,04
14/07/2026 00:15;6,0
14/07/2026 00:20;
14/07/2026 00:25;6,04
14/07/2026 00:30;5,96
14/07/2026 00:35;
14/07/2026 00:40;6,02
14/07/2026 00:45;6,0
14/07/2026 00:50;6,09
14/07/2026 00:55;
14/07/2026 01:00;6,04
14/07/2026 01:05;6,02
14/07/2026 01:10;6,06
14/07/2026 01:15;5,91
14/07/2026 01:20;5,97
14/07/2026 01:25;5,96
14/07/2026 01:30;5,9
14/07/2026 01:35;5,88
14/07/2026 01:40;6,0
14/07/2026 01:45;5,94
14/07/2026 01:50;6,01
14/07/2026 01:55;5,97
14/07/2026 02:00;6,04
14/07/2026 02:05;
14/07/2026 02:10;5,96
14/07/2026 02:15;
14/07/2026 02:20;6,02
14/07/2026 02:25;5,95
14/07/2026 02:30;6,01
14/07/2026 02:35;5,98
14/07/2026 02:40;5,85
14/07/2026 02:45;5,84
14/07/2026 02:50;
14/07/2026 02:55;5,9
14/07/2026 03:00;5,96
14/07/2026 03:05;5,9
14/07/2026 03:10;6,0
14/07/2026 03:15;5,88
14/07/2026 03:20;6,01
14/07/2026 03:25;5,84
14/07/2026 03:30;
14/07/2026 03:35;5,91
14/07/2026 03:40;5,95
14/07/2026 03:45;5,87
14/07/2026 03:50;5,98
14/07/2026 03:55;5,9
14/07/2026 04:00;5,96
14/07/2026 04:05;5,85
14/07/2026 04:10;
14/07/2026 04:15;
14/07/2026 04:20;5,88
14/07/2026 04:25;
14/07/2026 04:30;5,94
14/07/2026 04:35;5,88
14/07/2026 04:40;5,87
14/07/2026 04:45;6,02
14/07/2026 04:50;
14/07/2026 04:55;5,98
14/07/2026 05:00;
14/07/2026 05:05;5,93
14/07/2026 05:10;5,89
14/07/2026 05:15;5,93
14/07/2026 05:20;5,85
14/07/2026 05:25;5,9
14/07/2026 05:30;5,82
14/07/2026 05:35;5,95
14/07/2026 05:40;
14/07/2026 05:45;5,99
14/07/2026 05:50;5,89
14/07/2026 05:55;5,9
14/07/2026 06:00;5,81
14/07/2026 06:05;
14/07/2026 06:10;
14/07/2026 06:15;5,79
14/07/2026 06:20;5,87
14/07/2026 06:25;5,92
14/07/2026 06:30;5,88
14/07/2026 06:35;5,93
14/07/2026 06:40;
14/07/2026 06:45;5,85
14/07/2026 06:50;5,85
14/07/2026 06:55;5,92
14/07/2026 07:00;5,87
14/07/2026 07:05;5,94
14/07/2026 07:10;5,84
14/07/2026 07:15;6,0
14/07/2026 07:20;5,83
14/07/2026 07:25;5,8
14/07/2026 07:30;5,81
14/07/2026 07:35;5,86
14/07/2026 07:40;5,85
14/07/2026 07:45;
14/07/2026 07:50;
14/07/2026 07:55;
14/07/2026 08:00;5,87
14/07/2026 08:05;
14/07/2026 08:10;5,92
14/07/2026 08:15;5,82
14/07/2026 08:20;5,84
14/07/2026 08:25;5,85
14/07/2026 08:30;5,9
14/07/2026 08:35;5,88
14/07/2026 08:40;5,96
14/07/2026 08:45;5,91
14/07/2026 08:50;5,94
14/07/2026 08:55;5,9
14/07/2026 09:00;5,91
14/07/2026 09:05;5,83
14/07/2026 09:10;5,99
14/07/2026 09:15;5,9
14/07/2026 09:20;5,92
14/07/2026 09:25;
14/07/2026 09:30;5,8
14/07/2026 09:35;5,86
14/07/2026 09:40;5,85
14/07/2026 09:45;5,85
14/07/2026 09:50;5,87
14/07/2026 09:55;5,86
14/07/2026 10:00;
14/07/2026 10:05;5,97
14/07/2026 10:10;5,92
14/07/2026 10:15;5,9
14/07/2026 10:20;5,82
14/07/2026 10:25;5,86
14/07/2026 10:30;5,99
14/07/2026 10:35;5,88
14/07/2026 10:40;5,95
14/07/2026 10:45;5,88
14/07/2026 10:50;6,01
14/07/2026 10:55;5,93
14/07/2026 11:00;5,98
14/07/2026 11:05;5,86
14/07/2026 11:10;5,98
14/07/2026 11:15;5,82
14/07/2026 11:20;5,99
14/07/2026 11:25;5,95
14/07/2026 11:30;6,05
14/07/2026 11:35;5,89
14/07/2026 11:40;
14/07/2026 11:45;5,92
14/07/2026 11:50;5,81
14/07/2026 11:55;5,8
14/07/2026 12:00;5,87
14/07/2026 12:05;5,94
14/07/2026 12:10;5,86
14/07/2026 12:15;5,95
14/07/2026 12:20;
14/07/2026 12:25;5,99
14/07/2026 12:30;
14/07/2026 12:35;5,94
14/07/2026 12:40;5,81
14/07/2026 12:45;5,95
14/07/2026 12:50;5,87
14/07/2026 12:55;5,94
14/07/2026 13:00;
14/07/2026 13:05;5,92
14/07/2026 13:10;5,87
14/07/2026 13:15;5,94
14/07/2026 13:20;
14/07/2026 13:25;5,92
14/07/2026 13:30;5,86
14/07/2026 13:35;5,95
14/07/2026 13:40;
14/07/2026 13:45;5,96
14/07/2026 13:50;5,88
14/07/2026 13:55;5,95
14/07/2026 14:00;5,87
14/07/2026 14:05;5,95
14/07/2026 14:10;5,93
14/07/2026 14:15;
14/07/2026 14:20;5,89
14/07/2026 14:25;5,9
14/07/2026 14:30;5,92
14/07/2026 14:35;5,99
14/07/2026 14:40;5,86
14/07/2026 14:45;5,97
14/07/2026 14:50;5,91
14/07/2026 14:55;6,01
14/07/2026 15:00;5,88
14/07/2026 15:05;6,02
14/07/2026 15:10;5,92
14/07/2026 15:15;6,02
14/07/2026 15:20;
14/07/2026 15:25;5,9
14/07/2026 15:30;5,84
14/07/2026 15:35;5,99
14/07/2026 15:40;5,93
14/07/2026 15:45;
14/07/2026 15:50;5,98
14/07/2026 15:55;5,85
14/07/2026 16:00;6,0
14/07/2026 16:05;5,91
14/07/2026 16:10;6,02
14/07/2026 16:15;5,96
14/07/2026 16:20;5,91
14/07/2026 16:25;5,88
14/07/2026 16:30;6,05
14/07/2026 16:35;5,89
14/07/2026 16:40;
14/07/2026 16:45;6,02
14/07/2026 16:50;5,97
14/07/2026 16:55;5,97
14/07/2026 17:00;
14/07/2026 17:05;5,97
14/07/2026 17:10;5,9
14/07/2026 17:15;6,05
14/07/2026 17:20;5,92
14/07/2026 17:25;6,0
14/07/2026 17:30;6,06
14/07/2026 17:35;5,88
14/07/2026 17:40;6,04
14/07/2026 17:45;5,9
14/07/2026 17:50;5,95
14/07/2026 17:55;
14/07/2026 18:00;6,02
14/07/2026 18:05;5,91
14/07/2026 18:10;
14/07/2026 18:15;
14/07/2026 18:20;
14/07/2026 18:25;6,0
14/07/2026 18:30;5,95
14/07/2026 18:35;6,02
14/07/2026 18:40;5,89
14/07/2026 18:45;5,99
14/07/2026 18:50;5,91
14/07/2026 18:55;
14/07/2026 19:00;5,97
14/07/2026 19:05;6,05
14/07/2026 19:10;6,01
14/07/2026 19:15;6,07
14/07/2026 19:20;5,99
14/07/2026 19:25;6,04
14/07/2026 19:30;5,97
14/07/2026 19:35;6,06
14/07/2026 19:40;6,05
14/07/2026 19:45;6,06
14/07/2026 19:50;5,98
14/07/2026 19:55;
14/07/2026 20:00;6,08
14/07/2026 20:05;
14/07/2026 20:10;6,04
14/07/2026 20:15;5,98
14/07/2026 20:20;5,99
14/07/2026 20:25;5,94
14/07/2026 20:30;6,03
14/07/2026 20:35;6,08
14/07/2026 20:40;
14/07/2026 20:45;
14/07/2026 20:50;6,11
14/07/2026 20:55;6,0
14/07/2026 21:00;6,06
14/07/2026 21:05;5,94
14/07/2026 21:10;5,96
14/07/2026 21:15;6,02
14/07/2026 21:20;6,01
14/07/2026 21:25;6,1
14/07/2026 21:30;5,96
14/07/2026 21:35;5,95
14/07/2026 21:40;6,04
14/07/2026 21:45;5,95
14/07/2026 21:50;6,08
14/07/2026 21:55;5,94
14/07/2026 22:00;
14/07/2026 22:05;
14/07/2026 22:10;6,08
14/07/2026 22:15;5,99
14/07/2026 22:20;6,03
14/07/2026 22:25;
14/07/2026 22:30;6,08
14/07/2026 22:35;6,0
14/07/2026 22:40;6,1
14/07/2026 22:45;5,95
14/07/2026 22:50;6,09
14/07/2026 22:55;5,99
14/07/2026 23:00;6,09
14/07/2026 23:05;5,93
14/07/2026 23:10;6,06
14/07/2026 23:15;
14/07/2026 23:20;
14/07/2026 23:25;
14/07/2026 23:30;6,0
14/07/2026 23:35;6,06
14/07/2026 23:40;
14/07/2026 23:45;6,02
14/07/2026 23:50;
14/07/2026 23:55;6,05
15/07/2026 00:00;
15/07/2026 00:05;6,09
15/07/2026 00:10;
15/07/2026 00:15;5,97
15/07/2026 00:20;6,0
15/07/2026 00:25;6,06
15/07/2026 00:30;5,98
15/07/2026 00:35;
15/07/2026 00:40;5,96
15/07/2026 00:45;
15/07/2026 00:50;5,96
15/07/2026 00:55;6,05
15/07/2026 01:00;
15/07/2026 01:05;6,04
15/07/2026 01:10;
15/07/2026 01:15;6,03
15/07/2026 01:20;
15/07/2026 01:25;6,07
15/07/2026 01:30;
15/07/2026 01:35;5,98
15/07/2026 01:40;
15/07/2026 01:45;6,09
15/07/2026 01:50;6,0
15/07/2026 01:55;6,01
15/07/2026 02:00;
15/07/2026 02:05;5,93
15/07/2026 02:10;
15/07/2026 02:15;
15/07/2026 02:20;
15/07/2026 02:25;
15/07/2026 02:30;
15/07/2026 02:35;6,01
15/07/2026 02:40;5,91
15/07/2026 02:45;
15/07/2026 02:50;5,85
15/07/2026 02:55;5,96
15/07/2026 03:00;5,9
15/07/2026 03:05;5,94
15/07/2026 03:10;5,96
15/07/2026 03:15;6,0
15/07/2026 03:20;
15/07/2026 03:25;5,97
15/07/2026 03:30;5,95
15/07/2026 03:35;5,99
15/07/2026 03:40;5,87
15/07/2026 03:45;6,01
15/07/2026 03:50;
15/07/2026 03:55;6,02
15/07/2026 04:00;
15/07/2026 04:05;6,02
15/07/2026 04:10;5,84
15/07/2026 04:15;6,01
15/07/2026 04:20;5,79
15/07/2026 04:25;5,93
15/07/2026 04:30;5,89
15/07/2026 04:35;6,01
15/07/2026 04:40;5,92
15/07/2026 04:45;5,96
15/07/2026 04:50;
15/07/2026 04:55;5,99
15/07/2026 05:00;5,93
15/07/2026 05:05;5,84
15/07/2026 05:10;6,03
15/07/2026 05:15;5,84
15/07/2026 05:20;5,97
15/07/2026 05:25;5,81
15/07/2026 05:30;5,98
15/07/2026 05:35;5,9
15/07/2026 05:40;6,01
15/07/2026 05:45;5,85
15/07/2026 05:50;6,0
15/07/2026 05:55;5,93
15/07/2026 06:00;5,94
15/07/2026 06:05;5,86
15/07/2026 06:10;5,95
15/07/2026 06:15;5,81
15/07/2026 06:20;5,99
15/07/2026 06:25;5,9
15/07/2026 06:30;6,0
15/07/2026 06:35;
15/07/2026 06:40;5,98
15/07/2026 06:45;5,8
15/07/2026 06:50;5,98
15/07/2026 06:55;5,9
15/07/2026 07:00;5,92
15/07/2026 07:05;5,86
15/07/2026 07:10;5,79
15/07/2026 07:15;5,97
15/07/2026 07:20;
15/07/2026 07:25;5,95
15/07/2026 07:30;
15/07/2026 07:35;5,94
15/07/2026 07:40;
15/07/2026 07:45;6,0
15/07/2026 07:50;5,85
15/07/2026 07:55;6,0
15/07/2026 08:00;5,94
15/07/2026 08:05;5,95
15/07/2026 08:10;5,87
15/07/2026 08:15;6,0
15/07/2026 08:20;5,89
15/07/2026 08:25;5,96
15/07/2026 08:30;5,93
15/07/2026 08:35;5,94
15/07/2026 08:40;5,86
15/07/2026 08:45;5,86
15/07/2026 08:50;5,91
15/07/2026 08:55;5,94
15/07/2026 09:00;
15/07/2026 09:05;6,01
15/07/2026 09:10;
15/07/2026 09:15;5,82
15/07/2026 09:20;6,01
15/07/2026 09:25;
15/07/2026 09:30;6,0
15/07/2026 09:35;5,78
15/07/2026 09:40;5,95
15/07/2026 09:45;
15/07/2026 09:50;5,84
15/07/2026 09:55;5,95
15/07/2026 10:00;5,8
15/07/2026 10:05;5,93
15/07/2026 10:10;
15/07/2026 10:15;5,96
15/07/2026 10:20;
15/07/2026 10:25;5,99
15/07/2026 10:30;
15/07/2026 10:35;5,94
15/07/2026 10:40;5,82
15/07/2026 10:45;
15/07/2026 10:50;5,88
15/07/2026 10:55;5,79
15/07/2026 11:00;5,96
15/07/2026 11:05;
15/07/2026 11:10;5,94
15/07/2026 11:15;5,85
15/07/2026 11:20;5,97
15/07/2026 11:25;5,89
15/07/2026 11:30;6,01
15/07/2026 11:35;
15/07/2026 11:40;5,95
15/07/2026 11:45;5,93
15/07/2026 11:50;6,03
15/07/2026 11:55;5,95
15/07/2026 12:00;5,99
15/07/2026 12:05;5,82
15/07/2026 12:10;5,85
15/07/2026 12:15;5,97
15/07/2026 12:20;5,88
15/07/2026 12:25;5,95
15/07/2026 12:30;5,88
15/07/2026 12:35;5,99
15/07/2026 12:40;5,9
15/07/2026 12:45;6,01
15/07/2026 12:50;5,95
15/07/2026 12:55;6,01
15/07/2026 13:00;5,91
15/07/2026 13:05;5,98
15/07/2026 13:10;
15/07/2026 13:15;5,95
15/07/2026 13:20;
15/07/2026 13:25;5,96
15/07/2026 13:30;5,88
15/07/2026 13:35;5,99
15/07/2026 13:40;5,84
15/07/2026 13:45;5,98
15/07/2026 13:50;5,86
15/07/2026 13:55;6,0
15/07/2026 14:00;5,92
15/07/2026 14:05;5,99
15/07/2026 14:10;5,91
15/07/2026 14:15;5,98
15/07/2026 14:20;5,89
15/07/2026 14:25;5,96
15/07/2026 14:30;5,91
15/07/2026 14:35;5,96
15/07/2026 14:40;
15/07/2026 14:45;5,95
15/07/2026 14:50;5,85
15/07/2026 14:55;5,99
15/07/2026 15:00;5,86
15/07/2026 15:05;5,88
15/07/2026 15:10;6,03
15/07/2026 15:15;5,89
15/07/2026 15:20;5,98
15/07/2026 15:25;
15/07/2026 15:30;5,97
15/07/2026 15:35;5,9
15/07/2026 15:40;5,94
15/07/2026 15:45;5,89
15/07/2026 15:50;5,99
15/07/2026 15:55;5,93
15/07/2026 16:00;5,97
15/07/2026 16:05;5,89
15/07/2026 16:10;6,0
15/07/2026 16:15;5,99
15/07/2026 16:20;5,92
15/07/2026 16:25;6,06
15/07/2026 16:30;
15/07/2026 16:35;6,06
15/07/2026 16:40;
15/07/2026 16:45;6,03
15/07/2026 16:50;5,95
15/07/2026 16:55;6,06
15/07/2026 17:00;
15/07/2026 17:05;5,91
15/07/2026 17:10;5,92
15/07/2026 17:15;5,93
15/07/2026 17:20;5,95
15/07/2026 17:25;
15/07/2026 17:30;5,97
15/07/2026 17:35;5,98
15/07/2026 17:40;
15/07/2026 17:45;
15/07/2026 17:50;
15/07/2026 17:55;6,09
15/07/2026 18:00;
15/07/2026 18:05;6,07
15/07/2026 18:10;
15/07/2026 18:15;6,08
15/07/2026 18:20;
15/07/2026 18:25;6,03
15/07/2026 18:30;
15/07/2026 18:35;
15/07/2026 18:40;6,04
15/07/2026 18:45;
15/07/2026 18:50;6,05
15/07/2026 18:55;
15/07/2026 19:00;6,06
15/07/2026 19:05;
15/07/2026 19:10;6,12
15/07/2026 19:15;
15/07/2026 19:20;6,08
15/07/2026 19:25;6,03
15/07/2026 19:30;6,07
15/07/2026 19:35;
15/07/2026 19:40;6,01
15/07/2026 19:45;
15/07/2026 19:50;6,13
15/07/2026 19:55;6,0
15/07/2026 20:00;6,14
15/07/2026 20:05;5,95
15/07/2026 20:10;6,13
15/07/2026 20:15;
15/07/2026 20:20;6,17
15/07/2026 20:25;6,03
15/07/2026 20:30;6,07
15/07/2026 20:35;6,15
15/07/2026 20:40;6,04
15/07/2026 20:45;6,05
15/07/2026 20:50;6,1
15/07/2026 20:55;6,02
15/07/2026 21:00;
15/07/2026 21:05;
15/07/2026 21:10;
15/07/2026 21:15;5,98
15/07/2026 21:20;
15/07/2026 21:25;
15/07/2026 21:30;
15/07/2026 21:35;5,98
15/07/2026 21:40;6,0
15/07/2026 21:45;5,99
15/07/2026 21:50;6,09
15/07/2026 21:55;
15/07/2026 22:00;6,02
15/07/2026 22:05;6,14
15/07/2026 22:10;6,01
15/07/2026 22:15;6,16
15/07/2026 22:20;
15/07/2026 22:25;
15/07/2026 22:30;
15/07/2026 22:35;6,11
15/07/2026 22:40;
15/07/2026 22:45;6,13
15/07/2026 22:50;6,08
15/07/2026 22:55;
15/07/2026 23:00;6,11
15/07/2026 23:05;
15/07/2026 23:10;6,14
15/07/2026 23:15;
15/07/2026 23:20;
15/07/2026 23:25;6,05
15/07/2026 23:30;
15/07/2026 23:35;
15/07/2026 23:40;
15/07/2026 23:45;
15/07/2026 23:50;6,08
15/07/2026 23:55;
16/07/2026 00:00;6,1
16/07/2026 00:05;
16/07/2026 00:10;6,1
16/07/2026 00:15;
16/07/2026 00:20;6,03
16/07/2026 00:25;
16/07/2026 00:30;6,09
16/07/2026 00:35;5,99
16/07/2026 00:40;6,1
16/07/2026 00:45;
16/07/2026 00:50;6,08
16/07/2026 00:55;
16/07/2026 01:00;5,88
16/07/2026 01:05;5,96
16/07/2026 01:10;5,88
16/07/2026 01:15;6,0
16/07/2026 01:20;5,98
16/07/2026 01:25;6,03
16/07/2026 01:30;5,96
16/07/2026 01:35;
16/07/2026 01:40;
16/07/2026 01:45;6,03
16/07/2026 01:50;5,97
16/07/2026 01:55;6,02
16/07/2026 02:00;
16/07/2026 02:05;
16/07/2026 02:10;6,04
16/07/2026 02:15;
16/07/2026 02:20;5,99
16/07/2026 02:25;
16/07/2026 02:30;5,95
16/07/2026 02:35;
16/07/2026 02:40;6,01
16/07/2026 02:45;
16/07/2026 02:50;6,04
16/07/2026 02:55;
16/07/2026 03:00;5,98
16/07/2026 03:05;
16/07/2026 03:10;5,95
16/07/2026 03:15;
16/07/2026 03:20;
16/07/2026 03:25;
16/07/2026 03:30;5,97
16/07/2026 03:35;
16/07/2026 03:40;
16/07/2026 03:45;
16/07/2026 03:50;5,97
16/07/2026 03:55;
16/07/2026 04:00;6,01
16/07/2026 04:05;
16/07/2026 04:10;6,05
16/07/2026 04:15;5,83
16/07/2026 04:20;5,97
16/07/2026 04:25;
16/07/2026 04:30;5,98
16/07/2026 04:35;5,83
16/07/2026 04:40;5,87
16/07/2026 04:45;5,85
16/07/2026 04:50;5,97
16/07/2026 04:55;5,87
16/07/2026 05:00;5,94
16/07/2026 05:05;5,82
16/07/2026 05:10;5,98
16/07/2026 05:15;
16/07/2026 05:20;5,94
16/07/2026 05:25;
16/07/2026 05:30;5,96
16/07/2026 05:35;
16/07/2026 05:40;5,98
16/07/2026 05:45;
16/07/2026 05:50;6,0
16/07/2026 05:55;5,83
16/07/2026 06:00;5,94
16/07/2026 06:05;
16/07/2026 06:10;5,96
16/07/2026 06:15;
16/07/2026 06:20;5,94
16/07/2026 06:25;
16/07/2026 06:30;5,98
16/07/2026 06:35;5,91
16/07/2026 06:40;5,81
16/07/2026 06:45;
16/07/2026 06:50;
16/07/2026 06:55;
16/07/2026 07:00;
16/07/2026 07:05;
16/07/2026 07:10;
16/07/2026 07:15;5,89
16/07/2026 07:20;5,8
16/07/2026 07:25;
16/07/2026 07:30;5,82
16/07/2026 07:35;5,8
16/07/2026 07:40;
16/07/2026 07:45;
16/07/2026 07:50;
16/07/2026 07:55;
16/07/2026 08:00;5,78
16/07/2026 08:05;5,79
16/07/2026 08:10;
16/07/2026 08:15;5,85
16/07/2026 08:20;5,99
16/07/2026 08:25;5,89
16/07/2026 08:30;6,02
16/07/2026 08:35;5,84
16/07/2026 08:40;6,02
16/07/2026 08:45;5,8
16/07/2026 08:50;6,01
16/07/2026 08:55;
16/07/2026 09:00;5,91
16/07/2026 09:05;5,81
16/07/2026 09:10;5,92
16/07/2026 09:15;
16/07/2026 09:20;5,91
16/07/2026 09:25;
16/07/2026 09:30;5,91
16/07/2026 09:35;
16/07/2026 09:40;
16/07/2026 09:45;
16/07/2026 09:50;
16/07/2026 09:55;
16/07/2026 10:00;
16/07/2026 10:05;
16/07/2026 10:10;
16/07/2026 10:15;
16/07/2026 10:20;
16/07/2026 10:25;
16/07/2026 10:30;6,25
16/07/2026 10:35;6,26
16/07/2026 10:40;6,28
16/07/2026 10:45;6,27
16/07/2026 10:50;6,25
16/07/2026 10:55;6,22
16/07/2026 11:00;6,22
16/07/2026 11:05;6,25
16/07/2026 11:10;6,29
16/07/2026 11:15;6,26
16/07/2026 11:20;6,24
16/07/2026 11:25;6,28
16/07/2026 11:30;6,24
16/07/2026 11:35;6,28
16/07/2026 11:40;6,26
16/07/2026 11:45;6,28
16/07/2026 11:50;6,23
16/07/2026 11:55;6,24
16/07/2026 12:00;6,23
16/07/2026 12:05;6,27
16/07/2026 12:10;6,24
16/07/2026 12:15;6,24
16/07/2026 12:20;6,21
16/07/2026 12:25;6,25
16/07/2026 12:30;6,24
16/07/2026 12:35;6,26
16/07/2026 12:40;6,27
16/07/2026 12:45;6,26
16/07/2026 12:50;6,29
16/07/2026 12:55;6,26
16/07/2026 13:00;6,25
16/07/2026 13:05;6,25
16/07/2026 13:10;6,27
16/07/2026 13:15;6,27
16/07/2026 13:20;6,3
16/07/2026 13:25;6,25
16/07/2026 13:30;6,27
16/07/2026 13:35;6,27
16/07/2026 13:40;6,27
16/07/2026 13:45;6,31
16/07/2026 13:50;
16/07/2026 13:55;6,31
16/07/2026 14:00;6,28
16/07/2026 14:05;6,27
16/07/2026 14:10;6,26
16/07/2026 14:15;6,28
16/07/2026 14:20;6,26
16/07/2026 14:25;6,29
16/07/2026 14:30;6,27
16/07/2026 14:35;6,32
16/07/2026 14:40;6,31
16/07/2026 14:45;6,28
16/07/2026 14:50;6,28
16/07/2026 14:55;6,29
16/07/2026 15:00;6,28
16/07/2026 15:05;6,33
16/07/2026 15:10;6,27
16/07/2026 15:15;6,32
16/07/2026 15:20;6,27
16/07/2026 15:25;6,33
16/07/2026 15:30;6,3
16/07/2026 15:35;6,31
16/07/2026 15:40;6,32
16/07/2026 15:45;6,34
16/07/2026 15:50;6,33
16/07/2026 15:55;6,33
16/07/2026 16:00;6,33
16/07/2026 16:05;6,32
16/07/2026 16:10;6,32
16/07/2026 16:15;6,31
16/07/2026 16:20;6,35
16/07/2026 16:25;6,35
16/07/2026 16:30;6,34
16/07/2026 16:35;6,32
16/07/2026 16:40;6,31
16/07/2026 16:45;6,35
16/07/2026 16:50;6,32
16/07/2026 16:55;6,31
16/07/2026 17:00;6,36
16/07/2026 17:05;6,34
16/07/2026 17:10;6,37
16/07/2026 17:15;6,38
16/07/2026 17:20;6,4
16/07/2026 17:25;6,37
16/07/2026 17:30;6,37
16/07/2026 17:35;6,37
16/07/2026 17:40;6,41
16/07/2026 17:45;6,37
16/07/2026 17:50;6,39
16/07/2026 17:55;6,37
16/07/2026 18:00;6,41
16/07/2026 18:05;6,4
16/07/2026 18:10;6,41
16/07/2026 18:15;6,41
16/07/2026 18:20;6,39
16/07/2026 18:25;6,45
16/07/2026 18:30;6,44
16/07/2026 18:35;6,41
16/07/2026 18:40;6,44
16/07/2026 18:45;6,41
16/07/2026 18:50;6,39
16/07/2026 18:55;6,39
16/07/2026 19:00;6,42
16/07/2026 19:05;6,45
16/07/2026 19:10;6,41
16/07/2026 19:15;6,4
16/07/2026 19:20;6,43
16/07/2026 19:25;6,45
16/07/2026 19:30;6,45
16/07/2026 19:35;6,48
16/07/2026 19:40;6,45
16/07/2026 19:45;6,44
16/07/2026 19:50;6,44
16/07/2026 19:55;6,47
16/07/2026 20:00;6,41
16/07/2026 20:05;6,46
16/07/2026 20:10;6,45
16/07/2026 20:15;6,46
16/07/2026 20:20;6,47
16/07/2026 20:25;6,46
16/07/2026 20:30;6,43
16/07/2026 20:35;6,45
16/07/2026 20:40;6,46
16/07/2026 20:45;6,47
16/07/2026 20:50;6,45
16/07/2026 20:55;6,45
16/07/2026 21:00;6,45
16/07/2026 21:05;6,43
16/07/2026 21:10;6,46
16/07/2026 21:15;6,44
16/07/2026 21:20;6,42
16/07/2026 21:25;6,44
16/07/2026 21:30;6,42
16/07/2026 21:35;6,46
16/07/2026 21:40;6,44
16/07/2026 21:45;6,42
16/07/2026 21:50;6,46
16/07/2026 21:55;6,46
16/07/2026 22:00;6,42
16/07/2026 22:05;6,43
16/07/2026 22:10;6,43
16/07/2026 22:15;6,46
16/07/2026 22:20;6,44
16/07/2026 22:25;6,45
16/07/2026 22:30;6,44
16/07/2026 22:35;6,41
16/07/2026 22:40;6,42
16/07/2026 22:45;6,41
16/07/2026 22:50;6,38
16/07/2026 22:55;6,41
16/07/2026 23:00;6,4
16/07/2026 23:05;6,42
16/07/2026 23:10;6,41
16/07/2026 23:15;6,38
16/07/2026 23:20;6,37
16/07/2026 23:25;6,4
16/07/2026 23:30;6,41
16/07/2026 23:35;6,39
16/07/2026 23:40;6,41
16/07/2026 23:45;6,39
16/07/2026 23:50;6,37
16/07/2026 23:55;6,34
17/07/2026 00:00;6,36
17/07/2026 00:05;6,39
17/07/2026 00:10;6,34
17/07/2026 00:15;6,33
17/07/2026 00:20;6,33
17/07/2026 00:25;6,37
17/07/2026 00:30;6,35
17/07/2026 00:35;6,37
17/07/2026 00:40;6,34
17/07/2026 00:45;6,35
17/07/2026 00:50;6,32
17/07/2026 00:55;6,35
17/07/2026 01:00;6,35
17/07/2026 01:05;6,34
17/07/2026 01:10;6,34
17/07/2026 01:15;6,29
17/07/2026 01:20;6,3
17/07/2026 01:25;6,34
17/07/2026 01:30;6,3
17/07/2026 01:35;6,33
17/07/2026 01:40;6,32
17/07/2026 01:45;6,3
17/07/2026 01:50;6,31
17/07/2026 01:55;6,31
17/07/2026 02:00;6,3
17/07/2026 02:05;6,31
17/07/2026 02:10;6,29
17/07/2026 02:15;6,29
17/07/2026 02:20;6,31
17/07/2026 02:25;6,31
17/07/2026 02:30;6,28
17/07/2026 02:35;6,25
17/07/2026 02:40;6,28
17/07/2026 02:45;6,28
17/07/2026 02:50;6,29
17/07/2026 02:55;6,26
17/07/2026 03:00;6,28
17/07/2026 03:05;6,26
17/07/2026 03:10;6,23
17/07/2026 03:15;6,22
17/07/2026 03:20;6,24
17/07/2026 03:25;6,25
17/07/2026 03:30;6,27
17/07/2026 03:35;6,27
17/07/2026 03:40;6,27
17/07/2026 03:45;6,26
17/07/2026 03:50;6,21
17/07/2026 03:55;6,23
17/07/2026 04:00;6,21
17/07/2026 04:05;6,22
17/07/2026 04:10;6,23
17/07/2026 04:15;6,23
17/07/2026 04:20;6,22
17/07/2026 04:25;6,21
17/07/2026 04:30;6,2
17/07/2026 04:35;6,19
17/07/2026 04:40;6,19
17/07/2026 04:45;6,19
17/07/2026 04:50;6,18
17/07/2026 04:55;6,18
17/07/2026 05:00;6,15
17/07/2026 05:05;6,21
17/07/2026 05:10;6,19
17/07/2026 05:15;6,21
17/07/2026 05:20;6,19
17/07/2026 05:25;6,19
17/07/2026 05:30;6,15
17/07/2026 05:35;6,17
17/07/2026 05:40;6,15
17/07/2026 05:45;6,18
17/07/2026 05:50;6,15
17/07/2026 05:55;6,15
17/07/2026 06:00;6,17
17/07/2026 06:05;6,17
17/07/2026 06:10;6,13
17/07/2026 06:15;6,16
17/07/2026 06:20;6,15
17/07/2026 06:25;6,16
17/07/2026 06:30;6,2
17/07/2026 06:35;6,2
17/07/2026 06:40;6,2
17/07/2026 06:45;6,21
17/07/2026 06:50;6,19
17/07/2026 06:55;6,19
17/07/2026 07:00;6,15
17/07/2026 07:05;6,21
17/07/2026 07:10;6,21
17/07/2026 07:15;6,18
17/07/2026 07:20;6,19
17/07/2026 07:25;6,19
17/07/2026 07:30;6,23
17/07/2026 07:35;6,19
17/07/2026 07:40;6,19
17/07/2026 07:45;6,22
17/07/2026 07:50;6,23
17/07/2026 07:55;6,22
17/07/2026 08:00;6,23
17/07/2026 08:05;6,21
17/07/2026 08:10;6,22
17/07/2026 08:15;6,22
17/07/2026 08:20;6,23
17/07/2026 08:25;6,23
17/07/2026 08:30;6,24
17/07/2026 08:35;6,2
17/07/2026 08:40;6,22
17/07/2026 08:45;6,25
17/07/2026 08:50;6,21
17/07/2026 08:55;6,21
17/07/2026 09:00;6,24
17/07/2026 09:05;6,25
17/07/2026 09:10;6,26
17/07/2026 09:15;6,26
17/07/2026 09:20;6,22
17/07/2026 09:25;6,25
17/07/2026 09:30;6,24
17/07/2026 09:35;6,23
17/07/2026 09:40;6,27
17/07/2026 09:45;6,28
17/07/2026 09:50;6,25
17/07/2026 09:55;6,25
17/07/2026 10:00;6,23
17/07/2026 10:05;6,27
17/07/2026 10:10;6,27
17/07/2026 10:15;6,29
17/07/2026 10:20;6,28
17/07/2026 10:25;6,3
17/07/2026 10:30;6,27
17/07/2026 10:35;6,26
17/07/2026 10:40;6,24
17/07/2026 10:45;6,26
17/07/2026 10:50;6,26
17/07/2026 10:55;6,25
17/07/2026 11:00;6,25
17/07/2026 11:05;6,27
17/07/2026 11:10;6,29
17/07/2026 11:15;6,25
17/07/2026 11:20;6,28
17/07/2026 11:25;6,25
17/07/2026 11:30;6,3
17/07/2026 11:35;6,29
17/07/2026 11:40;6,3
17/07/2026 11:45;6,31
17/07/2026 11:50;6,29
17/07/2026 11:55;6,29
17/07/2026 12:00;6,24
17/07/2026 12:05;6,26
17/07/2026 12:10;6,28
17/07/2026 12:15;6,28
17/07/2026 12:20;6,29
17/07/2026 12:25;6,28
17/07/2026 12:30;6,3
17/07/2026 12:35;6,29
17/07/2026 12:40;6,3
17/07/2026 12:45;6,3
17/07/2026 12:50;6,23
17/07/2026 12:55;6,25
17/07/2026 13:00;6,25
17/07/2026 13:05;6,29
17/07/2026 13:10;6,27
17/07/2026 13:15;6,27
17/07/2026 13:20;6,31
17/07/2026 13:25;6,3
17/07/2026 13:30;6,28
17/07/2026 13:35;6,27
17/07/2026 13:40;6,25
17/07/2026 13:45;6,3
17/07/2026 13:50;6,31
17/07/2026 13:55;6,3
17/07/2026 14:00;6,32
17/07/2026 14:05;6,27
17/07/2026 14:10;6,29
17/07/2026 14:15;6,28
17/07/2026 14:20;6,29
17/07/2026 14:25;6,32
17/07/2026 14:30;6,3
17/07/2026 14:35;6,28
17/07/2026 14:40;6,28
17/07/2026 14:45;6,31
17/07/2026 14:50;6,32
17/07/2026 14:55;6,32
17/07/2026 15:00;6,33
17/07/2026 15:05;6,33
17/07/2026 15:10;6,32
17/07/2026 15:15;6,31
17/07/2026 15:20;6,33
17/07/2026 15:25;6,31
17/07/2026 15:30;6,31
17/07/2026 15:35;6,33
17/07/2026 15:40;6,32
17/07/2026 15:45;6,34
17/07/2026 15:50;6,31
17/07/2026 15:55;6,31
17/07/2026 16:00;6,32
17/07/2026 16:05;6,33
17/07/2026 16:10;6,36
17/07/2026 16:15;6,37
17/07/2026 16:20;6,38
17/07/2026 16:25;6,37
17/07/2026 16:30;6,34
17/07/2026 16:35;6,35
17/07/2026 16:40;6,35
17/07/2026 16:45;6,37
17/07/2026 16:50;6,39
17/07/2026 16:55;6,37
17/07/2026 17:00;6,36
17/07/2026 17:05;6,39
17/07/2026 17:10;6,37
17/07/2026 17:15;6,39
17/07/2026 17:20;6,39
17/07/2026 17:25;6,42
17/07/2026 17:30;6,42
17/07/2026 17:35;6,43
17/07/2026 17:40;6,42
17/07/2026 17:45;6,43
17/07/2026 17:50;6,43
17/07/2026 17:55;6,38
17/07/2026 18:00;6,44
17/07/2026 18:05;6,45
17/07/2026 18:10;6,43
17/07/2026 18:15;6,45
17/07/2026 18:20;6,44
17/07/2026 18:25;6,46
17/07/2026 18:30;6,45
17/07/2026 18:35;6,46
17/07/2026 18:40;6,43
17/07/2026 18:45;6,48
17/07/2026 18:50;6,46
17/07/2026 18:55;6,48
17/07/2026 19:00;6,45
17/07/2026 19:05;6,48
17/07/2026 19:10;6,45
17/07/2026 19:15;6,47
17/07/2026 19:20;6,44
17/07/2026 19:25;6,51
17/07/2026 19:30;6,48
17/07/2026 19:35;6,5
17/07/2026 19:40;6,47
17/07/2026 19:45;6,51
17/07/2026 19:50;6,51
17/07/2026 19:55;6,49
17/07/2026 20:00;6,51
17/07/2026 20:05;6,52
17/07/2026 20:10;6,5
17/07/2026 20:15;6,51
17/07/2026 20:20;6,53
17/07/2026 20:25;6,52
17/07/2026 20:30;6,5
17/07/2026 20:35;6,49
17/07/2026 20:40;6,48
17/07/2026 20:45;6,52
17/07/2026 20:50;6,52
17/07/2026 20:55;6,53
17/07/2026 21:00;6,51
17/07/2026 21:05;6,51
17/07/2026 21:10;6,47
17/07/2026 21:15;6,49
17/07/2026 21:20;6,48
17/07/2026 21:25;6,52
17/07/2026 21:30;6,49
17/07/2026 21:35;6,52
17/07/2026 21:40;6,5
17/07/2026 21:45;6,5
17/07/2026 21:50;6,5
17/07/2026 21:55;6,49
17/07/2026 22:00;6,46
17/07/2026 22:05;6,5
17/07/2026 22:10;6,46
17/07/2026 22:15;6,46
17/07/2026 22:20;6,47
17/07/2026 22:25;6,47
17/07/2026 22:30;6,45
17/07/2026 22:35;6,46
17/07/2026 22:40;6,43
17/07/2026 22:45;6,45
17/07/2026 22:50;6,46
17/07/2026 22:55;6,46
17/07/2026 23:00;6,46
17/07/2026 23:05;6,45
17/07/2026 23:10;6,41
17/07/2026 23:15;6,39
17/07/2026 23:20;6,41
17/07/2026 23:25;6,44
17/07/2026 23:30;6,43
17/07/2026 23:35;6,43
17/07/2026 23:40;6,44
17/07/2026 23:45;6,43
17/07/2026 23:50;6,39
17/07/2026 23:55;6,37
18/07/2026 00:00;6,39
18/07/2026 00:05;6,41
18/07/2026 00:10;6,4
18/07/2026 00:15;6,4
18/07/2026 00:20;6,41
18/07/2026 00:25;6,41
18/07/2026 00:30;6,4
18/07/2026 00:35;6,4
18/07/2026 00:40;6,39
18/07/2026 00:45;6,39
18/07/2026 00:50;6,38
18/07/2026 00:55;6,35
18/07/2026 01:00;6,37
18/07/2026 01:05;6,37
18/07/2026 01:10;6,36
18/07/2026 01:15;6,37
18/07/2026 01:20;6,36
18/07/2026 01:25;6,36
18/07/2026 01:30;6,37
18/07/2026 01:35;6,37
18/07/2026 01:40;6,38
18/07/2026 01:45;6,35
18/07/2026 01:50;6,32
18/07/2026 01:55;6,32
18/07/2026 02:00;6,31
18/07/2026 02:05;6,33
18/07/2026 02:10;6,33
18/07/2026 02:15;6,3
18/07/2026 02:20;6,31
18/07/2026 02:25;6,31
18/07/2026 02:30;6,26
18/07/2026 02:35;6,28
18/07/2026 02:40;6,29
18/07/2026 02:45;6,28
18/07/2026 02:50;6,29
18/07/2026 02:55;6,28
18/07/2026 03:00;6,3
18/07/2026 03:05;6,29
18/07/2026 03:10;6,24
18/07/2026 03:15;6,22
18/07/2026 03:20;6,22
18/07/2026 03:25;6,24
18/07/2026 03:30;6,25
18/07/2026 03:35;6,26
18/07/2026 03:40;6,26
18/07/2026 03:45;6,25
18/07/2026 03:50;6,23
18/07/2026 03:55;6,21
18/07/2026 04:00;6,22
18/07/2026 04:05;6,23
18/07/2026 04:10;6,22
18/07/2026 04:15;6,23
18/07/2026 04:20;6,22
18/07/2026 04:25;6,21
18/07/2026 04:30;6,19
18/07/2026 04:35;6,19
18/07/2026 04:40;6,19
18/07/2026 04:45;6,22
18/07/2026 04:50;6,17
18/07/2026 04:55;6,18
18/07/2026 05:00;6,16
18/07/2026 05:05;6,18
18/07/2026 05:10;6,18
18/07/2026 05:15;6,16
18/07/2026 05:20;6,16
18/07/2026 05:25;6,16
18/07/2026 05:30;6,17
18/07/2026 05:35;6,18
18/07/2026 05:40;6,19
18/07/2026 05:45;6,18
18/07/2026 05:50;6,16
18/07/2026 05:55;6,16
18/07/2026 06:00;6,15
18/07/2026 06:05;6,16
18/07/2026 06:10;6,15
18/07/2026 06:15;6,15
18/07/2026 06:20;6,17
18/07/2026 06:25;6,16
18/07/2026 06:30;6,16
18/07/2026 06:35;6,15
18/07/2026 06:40;6,16
18/07/2026 06:45;6,18
18/07/2026 06:50;6,18
18/07/2026 06:55;6,19
18/07/2026 07:00;6,2
18/07/2026 07:05;6,2
18/07/2026 07:10;6,18
18/07/2026 07:15;6,15
18/07/2026 07:20;6,15
18/07/2026 07:25;6,17
18/07/2026 07:30;6,16
18/07/2026 07:35;6,16
18/07/2026 07:40;6,18
18/07/2026 07:45;6,18
18/07/2026 07:50;6,19
18/07/2026 07:55;6,17
18/07/2026 08:00;6,19
18/07/2026 08:05;6,21
18/07/2026 08:10;6,19
18/07/2026 08:15;6,19
18/07/2026 08:20;6,2
18/07/2026 08:25;6,21
18/07/2026 08:30;6,24
18/07/2026 08:35;6,23
18/07/2026 08:40;6,24
18/07/2026 08:45;6,22
18/07/2026 08:50;6,22
18/07/2026 08:55;6,22
18/07/2026 09:00;6,23
18/07/2026 09:05;6,23
18/07/2026 09:10;6,2
18/07/2026 09:15;6,22
18/07/2026 09:20;6,24
18/07/2026 09:25;6,23
18/07/2026 09:30;6,23
18/07/2026 09:35;6,23
18/07/2026 09:40;6,24
18/07/2026 09:45;6,25
18/07/2026 09:50;6,27
18/07/2026 09:55;6,27
18/07/2026 10:00;6,26
18/07/2026 10:05;6,26
18/07/2026 10:10;6,25
18/07/2026 10:15;6,25
18/07/2026 10:20;6,28
18/07/2026 10:25;6,27
18/07/2026 10:30;6,25
18/07/2026 10:35;6,27
18/07/2026 10:40;6,28
18/07/2026 10:45;6,28
18/07/2026 10:50;6,29
18/07/2026 10:55;6,28
18/07/2026 11:00;6,29
18/07/2026 11:05;6,3
18/07/2026 11:10;6,26
18/07/2026 11:15;6,27
18/07/2026 11:20;6,29
18/07/2026 11:25;6,3
18/07/2026 11:30;6,28
18/07/2026 11:35;6,29
18/07/2026 11:40;6,29
18/07/2026 11:45;6,31
18/07/2026 11:50;6,24
18/07/2026 11:55;6,25
18/07/2026 12:00;6,28
18/07/2026 12:05;6,29
18/07/2026 12:10;6,29
18/07/2026 12:15;6,28
18/07/2026 12:20;6,3
18/07/2026 12:25;6,3
18/07/2026 12:30;6,3
18/07/2026 12:35;6,27
18/07/2026 12:40;6,29
18/07/2026 12:45;6,29
18/07/2026 12:50;6,26
18/07/2026 12:55;6,28
18/07/2026 13:00;6,29
18/07/2026 13:05;6,29
18/07/2026 13:10;6,29
18/07/2026 13:15;6,27
18/07/2026 13:20;6,31
18/07/2026 13:25;6,31
18/07/2026 13:30;6,31
18/07/2026 13:35;6,3
18/07/2026 13:40;6,3
18/07/2026 13:45;6,29
18/07/2026 13:50;6,3
18/07/2026 13:55;6,3
18/07/2026 14:00;6,29
18/07/2026 14:05;6,31
18/07/2026 14:10;6,29
18/07/2026 14:15;6,29
18/07/2026 14:20;6,3
18/07/2026 14:25;6,29
18/07/2026 14:30;6,31
18/07/2026 14:35;6,31
18/07/2026 14:40;6,31
18/07/2026 14:45;6,31
18/07/2026 14:50;6,28
18/07/2026 14:55;6,32
18/07/2026 15:00;6,32
18/07/2026 15:05;6,32
18/07/2026 15:10;6,3
18/07/2026 15:15;6,32
18/07/2026 15:20;6,32
18/07/2026 15:25;6,31
18/07/2026 15:30;6,33
18/07/2026 15:35;6,31
18/07/2026 15:40;6,32
18/07/2026 15:45;6,32
18/07/2026 15:50;6,32
18/07/2026 15:55;6,34
18/07/2026 16:00;6,33
18/07/2026 16:05;6,36
18/07/2026 16:10;6,33
18/07/2026 16:15;6,33
18/07/2026 16:20;6,35
18/07/2026 16:25;6,36
18/07/2026 16:30;6,31
18/07/2026 16:35;6,37
18/07/2026 16:40;6,34
18/07/2026 16:45;6,35
18/07/2026 16:50;6,34
18/07/2026 16:55;6,36
18/07/2026 17:00;6,34
18/07/2026 17:05;6,39
18/07/2026 17:10;6,38
18/07/2026 17:15;6,4
18/07/2026 17:20;6,4
18/07/2026 17:25;6,41
18/07/2026 17:30;6,39
18/07/2026 17:35;6,39
18/07/2026 17:40;6,39
18/07/2026 17:45;6,4
18/07/2026 17:50;6,41
18/07/2026 17:55;6,41
18/07/2026 18:00;6,41
18/07/2026 18:05;6,42
18/07/2026 18:10;6,42
18/07/2026 18:15;6,4
18/07/2026 18:20;6,44
18/07/2026 18:25;6,42
18/07/2026 18:30;6,43
18/07/2026 18:35;6,45
18/07/2026 18:40;6,47
18/07/2026 18:45;6,46
18/07/2026 18:50;6,46
18/07/2026 18:55;6,44
18/07/2026 19:00;6,46
18/07/2026 19:05;6,47
18/07/2026 19:10;6,46
18/07/2026 19:15;6,48
18/07/2026 19:20;6,5
18/07/2026 19:25;6,5
18/07/2026 19:30;6,48
18/07/2026 19:35;6,5
18/07/2026 19:40;6,52
18/07/2026 19:45;6,5
18/07/2026 19:50;6,52
18/07/2026 19:55;6,52
18/07/2026 20:00;6,52
18/07/2026 20:05;6,53
18/07/2026 20:10;6,5
18/07/2026 20:15;6,51
18/07/2026 20:20;6,52
18/07/2026 20:25;6,52
18/07/2026 20:30;6,5
18/07/2026 20:35;6,51
18/07/2026 20:40;6,53
18/07/2026 20:45;6,51
18/07/2026 20:50;6,52
18/07/2026 20:55;6,54
18/07/2026 21:00;6,54
18/07/2026 21:05;6,53
18/07/2026 21:10;6,5
18/07/2026 21:15;6,5
18/07/2026 21:20;6,53
18/07/2026 21:25;6,51
18/07/2026 21:30;6,51
18/07/2026 21:35;6,48
18/07/2026 21:40;6,52
18/07/2026 21:45;6,5
18/07/2026 21:50;6,51
18/07/2026 21:55;6,49
18/07/2026 22:00;6,49
18/07/2026 22:05;6,51
18/07/2026 22:10;6,49
18/07/2026 22:15;6,47
18/07/2026 22:20;6,51
18/07/2026 22:25;6,47
18/07/2026 22:30;6,49
18/07/2026 22:35;6,51
18/07/2026 22:40;6,49
18/07/2026 22:45;6,49
18/07/2026 22:50;6,49
18/07/2026 22:55;6,45
18/07/2026 23:00;6,49
18/07/2026 23:05;6,45
18/07/2026 23:10;6,46
18/07/2026 23:15;6,46
18/07/2026 23:20;6,45
18/07/2026 23:25;6,46
18/07/2026 23:30;6,45
18/07/2026 23:35;6,44
18/07/2026 23:40;6,45
18/07/2026 23:45;6,44
18/07/2026 23:50;6,45
18/07/2026 23:55;6,46
19/07/2026 00:00;6,44
19/07/2026 00:05;6,45
19/07/2026 00:10;6,42
19/07/2026 00:15;6,4
19/07/2026 00:20;6,41
19/07/2026 00:25;6,39
19/07/2026 00:30;6,4
19/07/2026 00:35;6,38
19/07/2026 00:40;6,39
19/07/2026 00:45;6,39
19/07/2026 00:50;6,4
19/07/2026 00:55;6,41
19/07/2026 01:00;6,39
19/07/2026 01:05;6,39
19/07/2026 01:10;6,37
19/07/2026 01:15;6,38
19/07/2026 01:20;6,39
19/07/2026 01:25;6,39
19/07/2026 01:30;6,36
19/07/2026 01:35;6,36
19/07/2026 01:40;6,36
19/07/2026 01:45;6,35
19/07/2026 01:50;6,33
19/07/2026 01:55;6,34
19/07/2026 02:00;6,33
19/07/2026 02:05;6,36
19/07/2026 02:10;6,35
19/07/2026 02:15;6,35
19/07/2026 02:20;6,36
19/07/2026 02:25;6,32
19/07/2026 02:30;6,28
19/07/2026 02:35;6,29
19/07/2026 02:40;6,3
19/07/2026 02:45;6,31
19/07/2026 02:50;6,32
19/07/2026 02:55;6,28
19/07/2026 03:00;6,31
19/07/2026 03:05;6,3
19/07/2026 03:10;6,27
19/07/2026 03:15;6,27
19/07/2026 03:20;6,26
19/07/2026 03:25;6,27
19/07/2026 03:30;6,29
19/07/2026 03:35;6,29
19/07/2026 03:40;6,27
19/07/2026 03:45;6,28
19/07/2026 03:50;6,2
19/07/2026 03:55;6,22
19/07/2026 04:00;6,22
19/07/2026 04:05;6,22
19/07/2026 04:10;6,23
19/07/2026 04:15;6,21
19/07/2026 04:20;6,22
19/07/2026 04:25;6,22
19/07/2026 04:30;6,18
19/07/2026 04:35;6,2
19/07/2026 04:40;6,21
19/07/2026 04:45;6,19
19/07/2026 04:50;6,17
19/07/2026 04:55;6,18
19/07/2026 05:00;6,18
19/07/2026 05:05;6,18
19/07/2026 05:10;6,21
19/07/2026 05:15;6,21
19/07/2026 05:20;6,21
19/07/2026 05:25;6,21
19/07/2026 05:30;6,19
19/07/2026 05:35;6,19
19/07/2026 05:40;6,16
19/07/2026 05:45;6,14
19/07/2026 05:50;6,16
19/07/2026 05:55;6,17
19/07/2026 06:00;6,17
19/07/2026 06:05;6,16
19/07/2026 06:10;6,13
19/07/2026 06:15;6,15
19/07/2026 06:20;6,14
19/07/2026 06:25;6,16
19/07/2026 06:30;6,18
19/07/2026 06:35;6,18
19/07/2026 06:40;6,18
19/07/2026 06:45;6,2
19/07/2026 06:50;6,16
19/07/2026 06:55;6,18
19/07/2026 07:00;6,19
19/07/2026 07:05;6,18
19/07/2026 07:10;6,17
19/07/2026 07:15;6,17
19/07/2026 07:20;6,18
19/07/2026 07:25;6,17
19/07/2026 07:30;6,17
19/07/2026 07:35;6,17
19/07/2026 07:40;6,19
19/07/2026 07:45;6,19
19/07/2026 07:50;6,21
19/07/2026 07:55;6,22
19/07/2026 08:00;6,23
19/07/2026 08:05;6,23
19/07/2026 08:10;6,21
19/07/2026 08:15;6,21
19/07/2026 08:20;6,23
19/07/2026 08:25;6,21
19/07/2026 08:30;6,2
19/07/2026 08:35;6,22
19/07/2026 08:40;6,23
19/07/2026 08:45;6,22
19/07/2026 08:50;6,2
19/07/2026 08:55;6,19
19/07/2026 09:00;6,23
19/07/2026 09:05;6,23
19/07/2026 09:10;6,25
19/07/2026 09:15;6,24
19/07/2026 09:20;6,26
19/07/2026 09:25;6,23
19/07/2026 09:30;6,25
19/07/2026 09:35;6,23
19/07/2026 09:40;6,26
19/07/2026 09:45;6,27
19/07/2026 09:50;6,23
19/07/2026 09:55;6,25
19/07/2026 10:00;6,26
19/07/2026 10:05;6,24
19/07/2026 10:10;6,26
19/07/2026 10:15;6,24
19/07/2026 10:20;6,26
19/07/2026 10:25;6,26
19/07/2026 10:30;6,29
19/07/2026 10:35;6,28
19/07/2026 10:40;6,29
19/07/2026 10:45;6,24
19/07/2026 10:50;6,25
19/07/2026 10:55;6,27
19/07/2026 11:00;6,27
19/07/2026 11:05;6,26
19/07/2026 11:10;6,26
19/07/2026 11:15;6,26
19/07/2026 11:20;6,25
19/07/2026 11:25;6,28
19/07/2026 11:30;6,25
19/07/2026 11:35;6,25
19/07/2026 11:40;6,28
19/07/2026 11:45;6,29
19/07/2026 11:50;6,27
19/07/2026 11:55;6,29
19/07/2026 12:00;6,29
19/07/2026 12:05;6,27
19/07/2026 12:10;6,29
19/07/2026 12:15;6,3
19/07/2026 12:20;6,28
19/07/2026 12:25;6,29
19/07/2026 12:30;6,3
19/07/2026 12:35;6,28
19/07/2026 12:40;6,28
19/07/2026 12:45;6,29
19/07/2026 12:50;6,3
19/07/2026 12:55;6,31
19/07/2026 13:00;6,32
19/07/2026 13:05;
19/07/2026 13:10;6,29
19/07/2026 13:15;6,26
19/07/2026 13:20;6,3
19/07/2026 13:25;6,26
19/07/2026 13:30;6,31
19/07/2026 13:35;6,31
19/07/2026 13:40;6,31
19/07/2026 13:45;6,3
19/07/2026 13:50;6,32
19/07/2026 13:55;6,3
19/07/2026 14:00;6,3
19/07/2026 14:05;6,31
19/07/2026 14:10;6,33
19/07/2026 14:15;6,34
19/07/2026 14:20;6,32
19/07/2026 14:25;6,3
19/07/2026 14:30;6,3
19/07/2026 14:35;6,27
19/07/2026 14:40;6,32
19/07/2026 14:45;6,32
19/07/2026 14:50;6,32
19/07/2026 14:55;6,31
19/07/2026 15:00;6,32
19/07/2026 15:05;6,32
19/07/2026 15:10;6,33
19/07/2026 15:15;6,31
19/07/2026 15:20;6,33
19/07/2026 15:25;6,35
19/07/2026 15:30;6,36
19/07/2026 15:35;6,36
19/07/2026 15:40;6,37
19/07/2026 15:45;6,35
19/07/2026 15:50;6,32
19/07/2026 15:55;6,33
19/07/2026 16:00;6,36
19/07/2026 16:05;6,37
19/07/2026 16:10;6,37
19/07/2026 16:15;6,37
19/07/2026 16:20;6,38
19/07/2026 16:25;6,39
19/07/2026 16:30;6,37
19/07/2026 16:35;6,4
19/07/2026 16:40;6,38
19/07/2026 16:45;6,4
19/07/2026 16:50;6,41
19/07/2026 16:55;6,42
19/07/2026 17:00;6,43
19/07/2026 17:05;6,41
19/07/2026 17:10;6,43
19/07/2026 17:15;6,42
19/07/2026 17:20;6,45
19/07/2026 17:25;6,45
19/07/2026 17:30;6,4
19/07/2026 17:35;6,43
19/07/2026 17:40;6,45
19/07/2026 17:45;6,42
19/07/2026 17:50;6,45
19/07/2026 17:55;6,46
19/07/2026 18:00;6,46
19/07/2026 18:05;6,47
19/07/2026 18:10;6,5
19/07/2026 18:15;6,49
19/07/2026 18:20;6,5
19/07/2026 18:25;6,49
19/07/2026 18:30;6,45
19/07/2026 18:35;6,47
19/07/2026 18:40;6,5
19/07/2026 18:45;6,51
19/07/2026 18:50;6,52
19/07/2026 18:55;6,51
19/07/2026 19:00;6,52
19/07/2026 19:05;6,51
19/07/2026 19:10;6,54
19/07/2026 19:15;6,49
19/07/2026 19:20;6,54
19/07/2026 19:25;6,54
19/07/2026 19:30;6,54
19/07/2026 19:35;6,56
19/07/2026 19:40;6,55
19/07/2026 19:45;6,54
19/07/2026 19:50;6,55
19/07/2026 19:55;6,51
19/07/2026 20:00;6,56
19/07/2026 20:05;6,53
19/07/2026 20:10;6,56
19/07/2026 20:15;6,53
19/07/2026 20:20;6,56
19/07/2026 20:25;6,54
19/07/2026 20:30;6,57
19/07/2026 20:35;6,56
19/07/2026 20:40;6,57
19/07/2026 20:45;6,55
19/07/2026 20:50;6,53
19/07/2026 20:55;6,52
19/07/2026 21:00;6,55
19/07/2026 21:05;6,54
19/07/2026 21:10;6,55
19/07/2026 21:15;6,56
19/07/2026 21:20;6,56
19/07/2026 21:25;6,53
19/07/2026 21:30;6,54
19/07/2026 21:35;6,52
19/07/2026 21:40;6,53
19/07/2026 21:45;6,53
19/07/2026 21:50;6,49
19/07/2026 21:55;6,53
19/07/2026 22:00;6,52
19/07/2026 22:05;6,52
19/07/2026 22:10;6,54
19/07/2026 22:15;6,55
19/07/2026 22:20;6,53
19/07/2026 22:25;6,52
19/07/2026 22:30;6,5
19/07/2026 22:35;6,51
19/07/2026 22:40;6,5
19/07/2026 22:45;6,51
19/07/2026 22:50;6,5
19/07/2026 22:55;6,48
19/07/2026 23:00;6,49
19/07/2026 23:05;6,47
19/07/2026 23:10;6,49
19/07/2026 23:15;6,48
19/07/2026 23:20;6,47
19/07/2026 23:25;6,47
19/07/2026 23:30;6,47
19/07/2026 23:35;6,47
19/07/2026 23:40;6,48
19/07/2026 23:45;6,46
19/07/2026 23:50;6,47
19/07/2026 23:55;6,44
20/07/2026 00:00;6,45
20/07/2026 00:05;6,41
20/07/2026 00:10;6,42
20/07/2026 00:15;6,39
20/07/2026 00:20;6,43
20/07/2026 00:25;6,43
20/07/2026 00:30;6,42
20/07/2026 00:35;6,43
20/07/2026 00:40;6,43
20/07/2026 00:45;6,42
20/07/2026 00:50;6,41
20/07/2026 00:55;6,4
20/07/2026 01:00;6,39
20/07/2026 01:05;6,39
20/07/2026 01:10;6,39
20/07/2026 01:15;6,39
20/07/2026 01:20;6,37
20/07/2026 01:25;6,38
20/07/2026 01:30;6,36
20/07/2026 01:35;6,34
20/07/2026 01:40;6,35
20/07/2026 01:45;6,36
20/07/2026 01:50;6,38
20/07/2026 01:55;6,38
20/07/2026 02:00;6,38
20/07/2026 02:05;6,37
20/07/2026 02:10;6,35
20/07/2026 02:15;6,35
20/07/2026 02:20;6,36
20/07/2026 02:25;6,34
20/07/2026 02:30;6,35
20/07/2026 02:35;6,36
20/07/2026 02:40;6,35
20/07/2026 02:45;6,34
20/07/2026 02:50;6,31
20/07/2026 02:55;6,34
20/07/2026 03:00;6,33
20/07/2026 03:05;6,32
20/07/2026 03:10;6,33
20/07/2026 03:15;6,33
20/07/2026 03:20;6,34
20/07/2026 03:25;6,31
20/07/2026 03:30;6,3
20/07/2026 03:35;6,27
20/07/2026 03:40;6,3
20/07/2026 03:45;6,28
20/07/2026 03:50;6,28
20/07/2026 03:55;6,29
20/07/2026 04:00;6,29
20/07/2026 04:05;6,29
20/07/2026 04:10;6,27
20/07/2026 04:15;6,26
20/07/2026 04:20;6,24
20/07/2026 04:25;6,24
20/07/2026 04:30;6,25
20/07/2026 04:35;6,25
20/07/2026 04:40;6,25
20/07/2026 04:45;6,26
20/07/2026 04:50;6,26
20/07/2026 04:55;6,25
20/07/2026 05:00;6,27
20/07/2026 05:05;6,26
20/07/2026 05:10;6,26
20/07/2026 05:15;6,22
20/07/2026 05:20;6,23
20/07/2026 05:25;6,23
20/07/2026 05:30;6,23
20/07/2026 05:35;6,2
20/07/2026 05:40;6,23
20/07/2026 05:45;6,22
20/07/2026 05:50;6,21
20/07/2026 05:55;6,2
20/07/2026 06:00;6,23
20/07/2026 06:05;6,23
20/07/2026 06:10;6,22
20/07/2026 06:15;6,25
20/07/2026 06:20;6,23
20/07/2026 06:25;6,23
20/07/2026 06:30;6,22
20/07/2026 06:35;6,22
20/07/2026 06:40;6,21
20/07/2026 06:45;6,22
20/07/2026 06:50;6,2
20/07/2026 06:55;6,2
20/07/2026 07:00;6,21
20/07/2026 07:05;6,23
20/07/2026 07:10;6,25
20/07/2026 07:15;6,24
20/07/2026 07:20;6,22
20/07/2026 07:25;6,22
20/07/2026 07:30;6,21
20/07/2026 07:35;6,24
20/07/2026 07:40;6,24
20/07/2026 07:45;6,24
20/07/2026 07:50;6,23
20/07/2026 07:55;6,24
20/07/2026 08:00;6,25
20/07/2026 08:05;6,22
20/07/2026 08:10;6,23
20/07/2026 08:15;6,21
20/07/2026 08:20;6,22
20/07/2026 08:25;6,23
20/07/2026 08:30;6,24
20/07/2026 08:35;6,25
20/07/2026 08:40;6,26
20/07/2026 08:45;6,23
20/07/2026 08:50;6,26
20/07/2026 08:55;6,22
20/07/2026 09:00;6,25
20/07/2026 09:05;6,25
20/07/2026 09:10;6,24
20/07/2026 09:15;6,23
20/07/2026 09:20;6,25
20/07/2026 09:25;6,24
20/07/2026 09:30;6,24
20/07/2026 09:35;6,22
20/07/2026 09:40;6,25
20/07/2026 09:45;6,22
20/07/2026 09:50;6,27
20/07/2026 09:55;6,27
20/07/2026 10:00;6,26
20/07/2026 10:05;6,26
20/07/2026 10:10;6,26
20/07/2026 10:15;6,26
20/07/2026 10:20;6,27
20/07/2026 10:25;6,24
20/07/2026 10:30;6,24
20/07/2026 10:35;6,24
20/07/2026 10:40;6,25
20/07/2026 10:45;6,23
20/07/2026 10:50;6,26
20/07/2026 10:55;6,25
20/07/2026 11:00;6,27
20/07/2026 11:05;6,26
20/07/2026 11:10;6,28
20/07/2026 11:15;6,26
20/07/2026 11:20;6,29
20/07/2026 11:25;6,27
20/07/2026 11:30;6,25
20/07/2026 11:35;6,25
20/07/2026 11:40;6,26
20/07/2026 11:45;6,27
20/07/2026 11:50;6,24
20/07/2026 11:55;6,25
20/07/2026 12:00;6,24
20/07/2026 12:05;6,27
20/07/2026 12:10;6,25
20/07/2026 12:15;6,27
20/07/2026 12:20;6,28
20/07/2026 12:25;6,27
20/07/2026 12:30;6,23
20/07/2026 12:35;6,22
20/07/2026 12:40;6,27
20/07/2026 12:45;6,25
20/07/2026 12:50;6,26
20/07/2026 12:55;6,28
20/07/2026 13:00;6,27
20/07/2026 13:05;6,25
20/07/2026 13:10;6,27
20/07/2026 13:15;6,24
20/07/2026 13:20;6,25
20/07/2026 13:25;6,28
20/07/2026 13:30;6,27
20/07/2026 13:35;6,28
20/07/2026 13:40;6,29
20/07/2026 13:45;6,28
20/07/2026 13:50;6,23
20/07/2026 13:55;6,26
20/07/2026 14:00;6,27
20/07/2026 14:05;6,25
20/07/2026 14:10;6,24
20/07/2026 14:15;6,27
20/07/2026 14:20;6,29
20/07/2026 14:25;6,29
20/07/2026 14:30;6,28
20/07/2026 14:35;6,27
20/07/2026 14:40;6,28
20/07/2026 14:45;6,28
20/07/2026 14:50;6,27
20/07/2026 14:55;6,26
20/07/2026 15:00;6,27
20/07/2026 15:05;6,28
20/07/2026 15:10;6,28
20/07/2026 15:15;6,25
20/07/2026 15:20;6,28
20/07/2026 15:25;6,29
20/07/2026 15:30;6,28
20/07/2026 15:35;6,28
20/07/2026 15:40;6,29
20/07/2026 15:45;6,29
20/07/2026 15:50;6,29
20/07/2026 15:55;6,3
20/07/2026 16:00;6,3
20/07/2026 16:05;6,26
20/07/2026 16:10;6,27
20/07/2026 16:15;6,3
20/07/2026 16:20;6,32
20/07/2026 16:25;6,29
20/07/2026 16:30;6,31
20/07/2026 16:35;6,3
20/07/2026 16:40;6,32
20/07/2026 16:45;6,29
20/07/2026 16:50;6,31
20/07/2026 16:55;6,28
20/07/2026 17:00;6,33
20/07/2026 17:05;6,34
20/07/2026 17:10;6,33
20/07/2026 17:15;6,34
20/07/2026 17:20;6,33
20/07/2026 17:25;6,34
20/07/2026 17:30;6,32
20/07/2026 17:35;6,34
20/07/2026 17:40;6,35
20/07/2026 17:45;6,34
20/07/2026 17:50;6,35
20/07/2026 17:55;6,33
20/07/2026 18:00;6,37
20/07/2026 18:05;6,32
20/07/2026 18:10;6,32
20/07/2026 18:15;6,36
20/07/2026 18:20;6,37
20/07/2026 18:25;6,39
20/07/2026 18:30;6,36
20/07/2026 18:35;6,39
20/07/2026 18:40;6,4
20/07/2026 18:45;6,42
20/07/2026 18:50;6,41
20/07/2026 18:55;6,37
20/07/2026 19:00;6,4
20/07/2026 19:05;6,39
20/07/2026 19:10;6,4
20/07/2026 19:15;6,39
20/07/2026 19:20;6,41
20/07/2026 19:25;6,41
20/07/2026 19:30;6,39
20/07/2026 19:35;6,38
20/07/2026 19:40;6,43
20/07/2026 19:45;6,44
20/07/2026 19:50;6,43
20/07/2026 19:55;6,43
20/07/2026 20:00;6,42
20/07/2026 20:05;6,43
20/07/2026 20:10;
20/07/2026 20:15;6,43
20/07/2026 20:20;6,43
20/07/2026 20:25;6,41
20/07/2026 20:30;6,41
20/07/2026 20:35;6,43
20/07/2026 20:40;6,43
20/07/2026 20:45;6,44
20/07/2026 20:50;6,45
20/07/2026 20:55;6,45
20/07/2026 21:00;6,45
20/07/2026 21:05;6,45
20/07/2026 21:10;6,42
20/07/2026 21:15;6,44
20/07/2026 21:20;6,44
20/07/2026 21:25;6,45
20/07/2026 21:30;6,43
20/07/2026 21:35;6,43
20/07/2026 21:40;6,44
20/07/2026 21:45;6,45
20/07/2026 21:50;6,44
20/07/2026 21:55;6,43
20/07/2026 22:00;6,47
20/07/2026 22:05;6,44
20/07/2026 22:10;6,43
20/07/2026 22:15;6,43
20/07/2026 22:20;6,47
20/07/2026 22:25;6,46
20/07/2026 22:30;6,44
20/07/2026 22:35;6,46
20/07/2026 22:40;6,47
20/07/2026 22:45;6,45
20/07/2026 22:50;6,45
20/07/2026 22:55;6,45
20/07/2026 23:00;6,45
20/07/2026 23:05;6,43
20/07/2026 23:10;6,46
20/07/2026 23:15;6,44
20/07/2026 23:20;6,44
20/07/2026 23:25;6,46
20/07/2026 23:30;6,47
20/07/2026 23:35;6,45
20/07/2026 23:40;6,46
20/07/2026 23:45;6,41
20/07/2026 23:50;6,41
20/07/2026 23:55;6,4
21/07/2026 00:00;6,41
21/07/2026 00:05;6,42
21/07/2026 00:10;
21/07/2026 00:15;
21/07/2026 00:20;
21/07/2026 00:25;
21/07/2026 00:30;
21/07/2026 00:35;
21/07/2026 00:40;
21/07/2026 00:45;
21/07/2026 00:50;
21/07/2026 00:55;
21/07/2026 01:00;
21/07/2026 01:05;
21/07/2026 01:10;6,42
21/07/2026 01:15;6,39
21/07/2026 01:20;6,41
21/07/2026 01:25;6,4
21/07/2026 01:30;6,39
21/07/2026 01:35;6,4
21/07/2026 01:40;6,39
21/07/2026 01:45;6,38
21/07/2026 01:50;6,37
21/07/2026 01:55;6,37
21/07/2026 02:00;6,35
21/07/2026 02:05;6,36
21/07/2026 02:10;6,36
21/07/2026 02:15;6,34
21/07/2026 02:20;6,36
21/07/2026 02:25;6,36
21/07/2026 02:30;6,32
21/07/2026 02:35;6,35
21/07/2026 02:40;6,35
21/07/2026 02:45;6,36
21/07/2026 02:50;6,35
21/07/2026 02:55;6,35
21/07/2026 03:00;6,34
21/07/2026 03:05;6,33
21/07/2026 03:10;6,31
21/07/2026 03:15;6,31
21/07/2026 03:20;6,33
21/07/2026 03:25;6,32
21/07/2026 03:30;6,33
21/07/2026 03:35;6,32
21/07/2026 03:40;6,31
21/07/2026 03:45;6,28
21/07/2026 03:50;6,24
21/07/2026 03:55;6,25
21/07/2026 04:00;6,26
21/07/2026 04:05;6,26
21/07/2026 04:10;6,24
21/07/2026 04:15;6,24
21/07/2026 04:20;6,25
21/07/2026 04:25;6,21
21/07/2026 04:30;6,24
21/07/2026 04:35;6,21
21/07/2026 04:40;6,22
21/07/2026 04:45;6,2
21/07/2026 04:50;6,2
21/07/2026 04:55;6,2
21/07/2026 05:00;6,2
21/07/2026 05:05;6,2
21/07/2026 05:10;6,19
21/07/2026 05:15;6,19
21/07/2026 05:20;6,21
21/07/2026 05:25;6,22
21/07/2026 05:30;6,22
21/07/2026 05:35;6,23
21/07/2026 05:40;6,23
21/07/2026 05:45;6,23
21/07/2026 05:50;6,24
21/07/2026 05:55;6,24
21/07/2026 06:00;6,24
21/07/2026 06:05;6,25
21/07/2026 06:10;6,26
21/07/2026 06:15;6,26
21/07/2026 06:20;6,26
21/07/2026 06:25;6,27
21/07/2026 06:30;6,27
21/07/2026 06:35;6,28
21/07/2026 06:40;6,28
21/07/2026 06:45;6,28
21/07/2026 06:50;6,29
21/07/2026 06:55;6,29
21/07/2026 07:00;6,3
21/07/2026 07:05;6,3
21/07/2026 07:10;6,3
21/07/2026 07:15;6,3
21/07/2026 07:20;6,31
21/07/2026 07:25;6,31
21/07/2026 07:30;6,31
21/07/2026 07:35;6,31
21/07/2026 07:40;6,32
21/07/2026 07:45;6,32
21/07/2026 07:50;6,32
21/07/2026 07:55;6,32
21/07/2026 08:00;6,32
21/07/2026 08:05;6,32
21/07/2026 08:10;6,33
21/07/2026 08:15;6,33
21/07/2026 08:20;6,33
21/07/2026 08:25;6,33
21/07/2026 08:30;6,33
21/07/2026 08:35;6,33
21/07/2026 08:40;6,33
21/07/2026 08:45;6,33
21/07/2026 08:50;6,34
21/07/2026 08:55;6,34
21/07/2026 09:00;6,34
21/07/2026 09:05;6,34
21/07/2026 09:10;6,34
21/07/2026 09:15;6,34
21/07/2026 09:20;6,34
21/07/2026 09:25;6,34
21/07/2026 09:30;6,33
21/07/2026 09:35;6,32
21/07/2026 09:40;6,32
21/07/2026 09:45;6,31
21/07/2026 09:50;6,31
21/07/2026 09:55;6,3
21/07/2026 10:00;6,3
21/07/2026 10:05;6,3
21/07/2026 10:10;6,3
21/07/2026 10:15;6,3
21/07/2026 10:20;6,3
21/07/2026 10:25;6,3
21/07/2026 10:30;6,3
21/07/2026 10:35;6,3
21/07/2026 10:40;6,3
21/07/2026 10:45;6,3
21/07/2026 10:50;6,3
21/07/2026 10:55;6,3
21/07/2026 11:00;6,3
21/07/2026 11:05;6,3
21/07/2026 11:10;6,3
21/07/2026 11:15;6,31
21/07/2026 11:20;6,31
21/07/2026 11:25;6,31
21/07/2026 11:30;6,31
21/07/2026 11:35;6,31
21/07/2026 11:40;6,3
21/07/2026 11:45;6,31
21/07/2026 11:50;6,31
21/07/2026 11:55;6,31
21/07/2026 12:00;6,31
21/07/2026 12:05;6,31
21/07/2026 12:10;6,31
21/07/2026 12:15;6,31
21/07/2026 12:20;6,31
21/07/2026 12:25;6,31
21/07/2026 12:30;6,31
21/07/2026 12:35;6,31
21/07/2026 12:40;6,31
21/07/2026 12:45;6,31
21/07/2026 12:50;6,31
21/07/2026 12:55;6,31
21/07/2026 13:00;6,31
21/07/2026 13:05;6,3
21/07/2026 13:10;6,3
21/07/2026 13:15;6,31
21/07/2026 13:20;6,31
21/07/2026 13:25;6,31
21/07/2026 13:30;6,31
21/07/2026 13:35;6,31
21/07/2026 13:40;6,3
21/07/2026 13:45;6,29
21/07/2026 13:50;6,28
21/07/2026 13:55;6,29
21/07/2026 14:00;6,27
21/07/2026 14:05;6,27
21/07/2026 14:10;6,27
21/07/2026 14:15;6,26
21/07/2026 14:20;6,23
21/07/2026 14:25;6,23
21/07/2026 14:30;6,21
21/07/2026 14:35;6,26
21/07/2026 14:40;6,25
21/07/2026 14:45;6,25
21/07/2026 14:50;6,26
21/07/2026 14:55;6,28
21/07/2026 15:00;6,26
21/07/2026 15:05;6,25
21/07/2026 15:10;6,23
21/07/2026 15:15;6,27
21/07/2026 15:20;6,26
21/07/2026 15:25;6,24
21/07/2026 15:30;6,25
21/07/2026 15:35;6,25
21/07/2026 15:40;6,24
21/07/2026 15:45;6,23
21/07/2026 15:50;6,23
21/07/2026 15:55;6,28
21/07/2026 16:00;6,26
21/07/2026 16:05;6,26
21/07/2026 16:10;6,27
21/07/2026 16:15;6,29
21/07/2026 16:20;6,28
21/07/2026 16:25;6,29
21/07/2026 16:30;6,26
21/07/2026 16:35;6,29
21/07/2026 16:40;6,27
21/07/2026 16:45;6,29
21/07/2026 16:50;6,28
21/07/2026 16:55;6,28
21/07/2026 17:00;6,23
21/07/2026 17:05;6,29
21/07/2026 17:10;6,27
21/07/2026 17:15;6,28
21/07/2026 17:20;6,29
21/07/2026 17:25;6,3
21/07/2026 17:30;6,32
21/07/2026 17:35;6,31
21/07/2026 17:40;6,32
21/07/2026 17:45;6,32
21/07/2026 17:50;6,32
21/07/2026 17:55;6,32
21/07/2026 18:00;6,31
21/07/2026 18:05;6,31
21/07/2026 18:10;6,31
21/07/2026 18:15;6,32
21/07/2026 18:20;6,31
21/07/2026 18:25;6,34
21/07/2026 18:30;6,36
21/07/2026 18:35;6,36
21/07/2026 18:40;6,37
21/07/2026 18:45;6,37
21/07/2026 18:50;6,38
21/07/2026 18:55;6,38
21/07/2026 19:00;6,37
21/07/2026 19:05;6,38
21/07/2026 19:10;6,35
21/07/2026 19:15;6,38
21/07/2026 19:20;6,37
21/07/2026 19:25;6,38
21/07/2026 19:30;6,36
21/07/2026 19:35;6,38
21/07/2026 19:40;6,37
21/07/2026 19:45;6,4
21/07/2026 19:50;6,4
21/07/2026 19:55;6,4
21/07/2026 20:00;6,39
21/07/2026 20:05;6,41
21/07/2026 20:10;6,38
21/07/2026 20:15;6,42
21/07/2026 20:20;6,41
21/07/2026 20:25;6,4
21/07/2026 20:30;6,39
21/07/2026 20:35;6,43
21/07/2026 20:40;6,42
21/07/2026 20:45;6,4
21/07/2026 20:50;6,39
21/07/2026 20:55;6,45
21/07/2026 21:00;6,44
21/07/2026 21:05;6,45
21/07/2026 21:10;6,45
21/07/2026 21:15;6,45
21/07/2026 21:20;6,45
21/07/2026 21:25;6,47
21/07/2026 21:30;6,44
21/07/2026 21:35;6,47
21/07/2026 21:40;6,47
21/07/2026 21:45;6,44
21/07/2026 21:50;6,44
21/07/2026 21:55;6,45
21/07/2026 22:00;6,43
21/07/2026 22:05;6,45
21/07/2026 22:10;6,43
21/07/2026 22:15;6,47
21/07/2026 22:20;6,48
21/07/2026 22:25;6,47
21/07/2026 22:30;6,49
21/07/2026 22:35;6,49
21/07/2026 22:40;6,46
21/07/2026 22:45;6,47
21/07/2026 22:50;6,46
21/07/2026 22:55;6,47
21/07/2026 23:00;6,47
21/07/2026 23:05;6,48
21/07/2026 23:10;6,46
21/07/2026 23:15;6,45
21/07/2026 23:20;6,44
21/07/2026 23:25;6,44
21/07/2026 23:30;6,46
21/07/2026 23:35;6,46
21/07/2026 23:40;6,45
21/07/2026 23:45;6,47
21/07/2026 23:50;6,49
21/07/2026 23:55;6,47
22/07/2026 00:00;6,47
22/07/2026 00:05;6,45
22/07/2026 00:10;6,43
22/07/2026 00:15;6,47
22/07/2026 00:20;6,43
22/07/2026 00:25;6,41
22/07/2026 00:30;6,44
22/07/2026 00:35;6,44
22/07/2026 00:40;6,43
22/07/2026 00:45;6,44
22/07/2026 00:50;6,43
22/07/2026 00:55;6,44
22/07/2026 01:00;6,41
22/07/2026 01:05;6,43
22/07/2026 01:10;6,41
22/07/2026 01:15;6,41
22/07/2026 01:20;6,4
22/07/2026 01:25;6,37
22/07/2026 01:30;6,35
22/07/2026 01:35;6,41
22/07/2026 01:40;6,36
22/07/2026 01:45;6,36
22/07/2026 01:50;6,36
22/07/2026 01:55;6,37
22/07/2026 02:00;6,36
22/07/2026 02:05;6,37
22/07/2026 02:10;6,36
22/07/2026 02:15;6,37
22/07/2026 02:20;6,33
22/07/2026 02:25;6,33
22/07/2026 02:30;6,33
22/07/2026 02:35;6,34
22/07/2026 02:40;6,29
22/07/2026 02:45;6,32
22/07/2026 02:50;6,34
22/07/2026 02:55;6,34
22/07/2026 03:00;6,33
22/07/2026 03:05;6,33
22/07/2026 03:10;6,32
22/07/2026 03:15;6,32
22/07/2026 03:20;6,32
22/07/2026 03:25;6,29
22/07/2026 03:30;6,31
22/07/2026 03:35;6,3
22/07/2026 03:40;6,27
22/07/2026 03:45;6,27
22/07/2026 03:50;6,24
22/07/2026 03:55;6,29
22/07/2026 04:00;6,27
22/07/2026 04:05;6,3
22/07/2026 04:10;6,28
22/07/2026 04:15;6,29
22/07/2026 04:20;6,27
22/07/2026 04:25;6,26
22/07/2026 04:30;6,21
22/07/2026 04:35;6,26
22/07/2026 04:40;6,25
22/07/2026 04:45;6,26
22/07/2026 04:50;6,26
22/07/2026 04:55;6,26
22/07/2026 05:00;6,25
22/07/2026 05:05;6,24
22/07/2026 05:10;6,26
22/07/2026 05:15;6,25
22/07/2026 05:20;6,24
22/07/2026 05:25;6,2
22/07/2026 05:30;6,21
22/07/2026 05:35;6,23
22/07/2026 05:40;6,22
22/07/2026 05:45;6,22
22/07/2026 05:50;6,21
22/07/2026 05:55;6,21
22/07/2026 06:00;6,21
22/07/2026 06:05;6,17
22/07/2026 06:10;6,18
22/07/2026 06:15;6,19
22/07/2026 06:20;6,17
22/07/2026 06:25;6,18
22/07/2026 06:30;6,17
22/07/2026 06:35;6,2
22/07/2026 06:40;6,21
22/07/2026 06:45;6,19
22/07/2026 06:50;6,21
22/07/2026 06:55;6,21
22/07/2026 07:00;6,19
22/07/2026 07:05;6,21
22/07/2026 07:10;6,18
22/07/2026 07:15;6,19
22/07/2026 07:20;6,19
22/07/2026 07:25;6,17
22/07/2026 07:30;6,19
22/07/2026 07:35;6,21
22/07/2026 07:40;6,2
22/07/2026 07:45;6,17
22/07/2026 07:50;6,17
22/07/2026 07:55;6,18
22/07/2026 08:00;6,18
22/07/2026 08:05;6,17
22/07/2026 08:10;6,19
22/07/2026 08:15;6,19
22/07/2026 08:20;6,19
22/07/2026 08:25;6,19
22/07/2026 08:30;6,2
22/07/2026 08:35;6,2
22/07/2026 08:40;6,21
22/07/2026 08:45;6,2
22/07/2026 08:50;6,22
22/07/2026 08:55;6,21
22/07/2026 09:00;6,21
22/07/2026 09:05;6,21
22/07/2026 09:10;6,2
22/07/2026 09:15;6,23
22/07/2026 09:20;6,23
22/07/2026 09:25;6,22
22/07/2026 09:30;6,21
22/07/2026 09:35;6,24
22/07/2026 09:40;6,2
22/07/2026 09:45;6,21
22/07/2026 09:50;6,17
22/07/2026 09:55;6,21
22/07/2026 10:00;6,22
22/07/2026 10:05;6,23
22/07/2026 10:10;6,24
22/07/2026 10:15;6,25
22/07/2026 10:20;6,21
22/07/2026 10:25;6,22
22/07/2026 10:30;6,24
22/07/2026 10:35;6,23
22/07/2026 10:40;6,22
22/07/2026 10:45;6,22
22/07/2026 10:50;6,22
22/07/2026 10:55;6,23
22/07/2026 11:00;6,23
22/07/2026 11:05;6,24
22/07/2026 11:10;6,23
22/07/2026 11:15;6,24
22/07/2026 11:20;6,22
22/07/2026 11:25;6,21
22/07/2026 11:30;6,2
22/07/2026 11:35;6,24
22/07/2026 11:40;6,19
22/07/2026 11:45;6,21
22/07/2026 11:50;6,23
22/07/2026 11:55;6,23
22/07/2026 12:00;6,23
22/07/2026 12:05;6,24
22/07/2026 12:10;6,24
22/07/2026 12:15;6,24
22/07/2026 12:20;6,26
22/07/2026 12:25;6,24
22/07/2026 12:30;6,25
22/07/2026 12:35;6,26
22/07/2026 12:40;6,25
22/07/2026 12:45;6,26
22/07/2026 12:50;6,25
22/07/2026 12:55;6,27
22/07/2026 13:00;6,25
22/07/2026 13:05;6,24
22/07/2026 13:10;6,21
22/07/2026 13:15;6,26
22/07/2026 13:20;6,25
22/07/2026 13:25;6,25
22/07/2026 13:30;6,27
22/07/2026 13:35;6,27
22/07/2026 13:40;6,22
22/07/2026 13:45;6,23
22/07/2026 13:50;6,22
22/07/2026 13:55;6,26
22/07/2026 14:00;6,27
22/07/2026 14:05;6,27
22/07/2026 14:10;6,27
22/07/2026 14:15;6,29
22/07/2026 14:20;6,26
22/07/2026 14:25;6,28
22/07/2026 14:30;6,28
22/07/2026 14:35;6,28
22/07/2026 14:40;6,28
22/07/2026 14:45;6,28
22/07/2026 14:50;6,23
22/07/2026 14:55;6,29
22/07/2026 15:00;6,29
22/07/2026 15:05;6,28
22/07/2026 15:10;6,3
22/07/2026 15:15;6,31
22/07/2026 15:20;6,31
22/07/2026 15:25;6,31
22/07/2026 15:30;6,31
22/07/2026 15:35;6,31
22/07/2026 15:40;6,3
22/07/2026 15:45;6,28
22/07/2026 15:50;6,3
22/07/2026 15:55;6,31
22/07/2026 16:00;6,31
22/07/2026 16:05;6,31
22/07/2026 16:10;6,32
22/07/2026 16:15;6,33
22/07/2026 16:20;6,34
22/07/2026 16:25;6,34
22/07/2026 16:30;6,35
22/07/2026 16:35;6,36
22/07/2026 16:40;6,35
22/07/2026 16:45;6,33
22/07/2026 16:50;6,34
22/07/2026 16:55;6,37
22/07/2026 17:00;6,37
22/07/2026 17:05;6,35
22/07/2026 17:10;6,36
22/07/2026 17:15;6,39
22/07/2026 17:20;6,39
22/07/2026 17:25;6,39
22/07/2026 17:30;6,38
22/07/2026 17:35;6,4
22/07/2026 17:40;6,43
22/07/2026 17:45;6,42
22/07/2026 17:50;6,43
22/07/2026 17:55;6,43
22/07/2026 18:00;6,43
22/07/2026 18:05;6,41
22/07/2026 18:10;6,46
22/07/2026 18:15;6,46
22/07/2026 18:20;6,46
22/07/2026 18:25;6,47
22/07/2026 18:30;6,47
22/07/2026 18:35;6,46
22/07/2026 18:40;6,46
22/07/2026 18:45;6,46
22/07/2026 18:50;6,48
22/07/2026 18:55;6,49
22/07/2026 19:00;6,51
22/07/2026 19:05;6,49
22/07/2026 19:10;6,49
22/07/2026 19:15;6,52
22/07/2026 19:20;6,5
22/07/2026 19:25;6,53
22/07/2026 19:30;6,52
22/07/2026 19:35;6,53
22/07/2026 19:40;6,52
22/07/2026 19:45;6,51
22/07/2026 19:50;6,52
22/07/2026 19:55;6,52
22/07/2026 20:00;6,54
22/07/2026 20:05;6,54
22/07/2026 20:10;6,54
22/07/2026 20:15;6,56
22/07/2026 20:20;6,53
22/07/2026 20:25;6,53
22/07/2026 20:30;6,55
22/07/2026 20:35;6,55
22/07/2026 20:40;6,54
22/07/2026 20:45;6,56
22/07/2026 20:50;6,56
22/07/2026 20:55;6,56
22/07/2026 21:00;6,55
22/07/2026 21:05;6,57
22/07/2026 21:10;6,54
22/07/2026 21:15;6,56
22/07/2026 21:20;6,56
22/07/2026 21:25;6,56
22/07/2026 21:30;6,57
22/07/2026 21:35;6,57
22/07/2026 21:40;6,56
22/07/2026 21:45;6,55
22/07/2026 21:50;6,55
22/07/2026 21:55;6,55
22/07/2026 22:00;6,52
22/07/2026 22:05;6,54
22/07/2026 22:10;6,53
22/07/2026 22:15;6,56
22/07/2026 22:20;6,52
22/07/2026 22:25;6,51
22/07/2026 22:30;6,53
22/07/2026 22:35;6,52
22/07/2026 22:40;6,55
22/07/2026 22:45;6,55
22/07/2026 22:50;6,54
22/07/2026 22:55;6,53
22/07/2026 23:00;6,49
22/07/2026 23:05;6,5
22/07/2026 23:10;6,47
22/07/2026 23:15;6,52
22/07/2026 23:20;6,48
22/07/2026 23:25;6,49
22/07/2026 23:30;6,49
22/07/2026 23:35;6,51
22/07/2026 23:40;6,48
22/07/2026 23:45;6,49
22/07/2026 23:50;6,45
22/07/2026 23:55;6,48
23/07/2026 00:00;6,47
23/07/2026 00:05;6,49
23/07/2026 00:10;6,46
23/07/2026 00:15;6,47
23/07/2026 00:20;6,44
23/07/2026 00:25;6,46
23/07/2026 00:30;6,45
23/07/2026 00:35;6,46
23/07/2026 00:40;6,43
23/07/2026 00:45;6,43
23/07/2026 00:50;6,42
23/07/2026 00:55;6,43
23/07/2026 01:00;6,41
23/07/2026 01:05;6,42
23/07/2026 01:10;6,43
23/07/2026 01:15;6,43
23/07/2026 01:20;6,37
23/07/2026 01:25;6,41
23/07/2026 01:30;6,4
23/07/2026 01:35;6,4
23/07/2026 01:40;6,38
23/07/2026 01:45;6,38
23/07/2026 01:50;6,37
23/07/2026 01:55;6,37
23/07/2026 02:00;6,34
23/07/2026 02:05;6,37
23/07/2026 02:10;6,31
23/07/2026 02:15;6,38
23/07/2026 02:20;6,37
23/07/2026 02:25;6,35
23/07/2026 02:30;6,35
23/07/2026 02:35;6,37
23/07/2026 02:40;6,33
23/07/2026 02:45;6,32
23/07/2026 02:50;6,31
23/07/2026 02:55;6,33
23/07/2026 03:00;6,33
23/07/2026 03:05;6,32
23/07/2026 03:10;6,33
23/07/2026 03:15;6,35
23/07/2026 03:20;6,28
23/07/2026 03:25;6,3
23/07/2026 03:30;6,3
23/07/2026 03:35;6,31
23/07/2026 03:40;6,32
23/07/2026 03:45;6,32
23/07/2026 03:50;6,31
23/07/2026 03:55;6,31
23/07/2026 04:00;6,31
23/07/2026 04:05;6,31
23/07/2026 04:10;6,28
23/07/2026 04:15;6,3
23/07/2026 04:20;6,28
23/07/2026 04:25;6,27
23/07/2026 04:30;6,27
23/07/2026 04:35;6,27
23/07/2026 04:40;6,26
23/07/2026 04:45;6,27
23/07/2026 04:50;6,26
23/07/2026 04:55;6,28
23/07/2026 05:00;6,28
23/07/2026 05:05;6,29
23/07/2026 05:10;6,28
23/07/2026 05:15;6,28
23/07/2026 05:20;6,26
23/07/2026 05:25;6,26
23/07/2026 05:30;6,23
23/07/2026 05:35;6,25
23/07/2026 05:40;6,24
23/07/2026 05:45;6,23
23/07/2026 05:50;6,25
23/07/2026 05:55;6,26
23/07/2026 06:00;6,23
23/07/2026 06:05;6,2
23/07/2026 06:10;6,25
23/07/2026 06:15;6,24
23/07/2026 06:20;6,23
23/07/2026 06:25;6,25
23/07/2026 06:30;6,24
23/07/2026 06:35;6,24
23/07/2026 06:40;6,22
23/07/2026 06:45;6,22
23/07/2026 06:50;6,21
23/07/2026 06:55;6,23
23/07/2026 07:00;6,21
23/07/2026 07:05;6,21
23/07/2026 07:10;6,21
23/07/2026 07:15;6,23
23/07/2026 07:20;6,21
23/07/2026 07:25;6,24
23/07/2026 07:30;6,25
23/07/2026 07:35;6,25
23/07/2026 07:40;6,2
23/07/2026 07:45;6,21
23/07/2026 07:50;6,18
23/07/2026 07:55;6,2
23/07/2026 08:00;6,22
23/07/2026 08:05;6,21
23/07/2026 08:10;6,2
23/07/2026 08:15;6,22
23/07/2026 08:20;6,22
23/07/2026 08:25;6,2
23/07/2026 08:30;6,19
23/07/2026 08:35;6,21
23/07/2026 08:40;6,23
23/07/2026 08:45;6,22
23/07/2026 08:50;6,23
23/07/2026 08:55;6,24
23/07/2026 09:00;6,2
23/07/2026 09:05;6,23
23/07/2026 09:10;6,22
23/07/2026 09:15;6,23
23/07/2026 09:20;6,22
23/07/2026 09:25;6,23
23/07/2026 09:30;6,23
23/07/2026 09:35;6,22
23/07/2026 09:40;6,22
23/07/2026 09:45;6,21
23/07/2026 09:50;6,19
23/07/2026 09:55;6,22
23/07/2026 10:00;6,22
23/07/2026 10:05;6,23
23/07/2026 10:10;6,22
23/07/2026 10:15;6,24
23/07/2026 10:20;6,22
23/07/2026 10:25;6,24
23/07/2026 10:30;6,23
23/07/2026 10:35;6,21
23/07/2026 10:40;6,22
23/07/2026 10:45;6,21
23/07/2026 10:50;6,2
23/07/2026 10:55;6,21
23/07/2026 11:00;6,21
23/07/2026 11:05;6,22
23/07/2026 11:10;6,22
23/07/2026 11:15;6,23
23/07/2026 11:20;6,23
23/07/2026 11:25;6,23
23/07/2026 11:30;6,25
23/07/2026 11:35;6,24
23/07/2026 11:40;6,24
23/07/2026 11:45;6,23
23/07/2026 11:50;6,23
23/07/2026 11:55;6,24
23/07/2026 12:00;6,21
23/07/2026 12:05;6,23
23/07/2026 12:10;6,21
23/07/2026 12:15;6,22
23/07/2026 12:20;6,22
23/07/2026 12:25;6,25
23/07/2026 12:30;6,24
23/07/2026 12:35;6,26
23/07/2026 12:40;6,25
23/07/2026 12:45;6,25
23/07/2026 12:50;6,25
23/07/2026 12:55;6,26
23/07/2026 13:00;6,25
23/07/2026 13:05;6,22
23/07/2026 13:10;6,27
23/07/2026 13:15;6,25
23/07/2026 13:20;6,23
23/07/2026 13:25;6,24
23/07/2026 13:30;6,21
23/07/2026 13:35;6,26
23/07/2026 13:40;6,26
23/07/2026 13:45;6,26
23/07/2026 13:50;6,28
23/07/2026 13:55;6,24
23/07/2026 14:00;6,24
23/07/2026 14:05;6,24
23/07/2026 14:10;6,27
23/07/2026 14:15;6,27
23/07/2026 14:20;6,27
23/07/2026 14:25;6,27
23/07/2026 14:30;6,28
23/07/2026 14:35;6,28
23/07/2026 14:40;6,28
23/07/2026 14:45;6,26
23/07/2026 14:50;6,27
23/07/2026 14:55;6,27
23/07/2026 15:00;6,29
23/07/2026 15:05;6,29
23/07/2026 15:10;6,3
23/07/2026 15:15;6,3
23/07/2026 15:20;6,31
23/07/2026 15:25;6,31
23/07/2026 15:30;6,3
23/07/2026 15:35;6,33
23/07/2026 15:40;6,3
23/07/2026 15:45;6,3
23/07/2026 15:50;6,29
23/07/2026 15:55;6,32
23/07/2026 16:00;6,31
23/07/2026 16:05;6,28
23/07/2026 16:10;6,29
23/07/2026 16:15;6,33
23/07/2026 16:20;6,34
23/07/2026 16:25;6,36
23/07/2026 16:30;6,35
23/07/2026 16:35;6,36
23/07/2026 16:40;6,35
23/07/2026 16:45;6,34
23/07/2026 16:50;6,35
23/07/2026 16:55;6,37
23/07/2026 17:00;6,37
23/07/2026 17:05;6,37
23/07/2026 17:10;6,38
23/07/2026 17:15;6,39
23/07/2026 17:20;6,39
23/07/2026 17:25;6,4
23/07/2026 17:30;6,38
23/07/2026 17:35;6,42
23/07/2026 17:40;6,41
23/07/2026 17:45;6,4
23/07/2026 17:50;6,45
23/07/2026 17:55;6,45
23/07/2026 18:00;6,42
23/07/2026 18:05;6,45
23/07/2026 18:10;6,44
23/07/2026 18:15;6,46
23/07/2026 18:20;6,46
23/07/2026 18:25;6,44
23/07/2026 18:30;6,43
23/07/2026 18:35;6,48
23/07/2026 18:40;6,48
23/07/2026 18:45;6,48
23/07/2026 18:50;6,47
23/07/2026 18:55;6,47
23/07/2026 19:00;6,45
23/07/2026 19:05;6,49
23/07/2026 19:10;6,49
23/07/2026 19:15;6,5
23/07/2026 19:20;6,52
23/07/2026 19:25;6,51
23/07/2026 19:30;6,5
23/07/2026 19:35;6,52
23/07/2026 19:40;6,48
23/07/2026 19:45;6,49
23/07/2026 19:50;6,5
23/07/2026 19:55;6,5
23/07/2026 20:00;6,52
23/07/2026 20:05;6,52
23/07/2026 20:10;6,52
23/07/2026 20:15;6,52
23/07/2026 20:20;6,51
23/07/2026 20:25;6,51
23/07/2026 20:30;6,48
23/07/2026 20:35;6,51
23/07/2026 20:40;6,51
23/07/2026 20:45;6,53
23/07/2026 20:50;6,52
23/07/2026 20:55;6,53
23/07/2026 21:00;6,52
23/07/2026 21:05;6,53
23/07/2026 21:10;6,53
23/07/2026 21:15;6,53
23/07/2026 21:20;6,54
23/07/2026 21:25;6,54
23/07/2026 21:30;6,54
23/07/2026 21:35;6,55
23/07/2026 21:40;6,54
23/07/2026 21:45;6,54
23/07/2026 21:50;6,53
23/07/2026 21:55;6,53
23/07/2026 22:00;6,54
23/07/2026 22:05;6,52
23/07/2026 22:10;6,5
23/07/2026 22:15;6,52
23/07/2026 22:20;6,52
23/07/2026 22:25;6,53
23/07/2026 22:30;6,53
23/07/2026 22:35;6,51
23/07/2026 22:40;6,52
23/07/2026 22:45;6,51
23/07/2026 22:50;6,51
23/07/2026 22:55;6,5
23/07/2026 23:00;6,49
23/07/2026 23:05;6,49
23/07/2026 23:10;6,47
23/07/2026 23:15;6,49
23/07/2026 23:20;6,48
23/07/2026 23:25;6,47
23/07/2026 23:30;6,47
23/07/2026 23:35;6,49
23/07/2026 23:40;6,46
23/07/2026 23:45;6,48
23/07/2026 23:50;6,44
23/07/2026 23:55;6,47
24/07/2026 00:00;6,47
24/07/2026 00:05;6,44
24/07/2026 00:10;6,45
24/07/2026 00:15;6,47
24/07/2026 00:20;6,45
24/07/2026 00:25;6,44
24/07/2026 00:30;6,45
24/07/2026 00:35;6,45
24/07/2026 00:40;6,44
24/07/2026 00:45;6,43
24/07/2026 00:50;6,42
24/07/2026 00:55;6,42
24/07/2026 01:00;6,43
24/07/2026 01:05;6,42
24/07/2026 01:10;6,42
24/07/2026 01:15;6,41
24/07/2026 01:20;6,37
24/07/2026 01:25;6,39
24/07/2026 01:30;6,42
24/07/2026 01:35;6,43
24/07/2026 01:40;6,37
24/07/2026 01:45;6,37
24/07/2026 01:50;6,38
24/07/2026 01:55;6,39
24/07/2026 02:00;6,36
24/07/2026 02:05;6,35
24/07/2026 02:10;6,33
24/07/2026 02:15;6,36
24/07/2026 02:20;6,35
24/07/2026 02:25;6,35
24/07/2026 02:30;6,35
24/07/2026 02:35;6,36
24/07/2026 02:40;6,32
24/07/2026 02:45;6,32
24/07/2026 02:50;6,32
24/07/2026 02:55;6,33
24/07/2026 03:00;6,3
24/07/2026 03:05;6,31
24/07/2026 03:10;6,3
24/07/2026 03:15;6,32
24/07/2026 03:20;6,3
24/07/2026 03:25;6,31
24/07/2026 03:30;6,25
24/07/2026 03:35;6,3
24/07/2026 03:40;6,28
24/07/2026 03:45;6,31
24/07/2026 03:50;6,31
24/07/2026 03:55;6,31
24/07/2026 04:00;6,3
24/07/2026 04:05;6,28
24/07/2026 04:10;6,29
24/07/2026 04:15;6,28
24/07/2026 04:20;6,28
24/07/2026 04:25;6,27
24/07/2026 04:30;6,26
24/07/2026 04:35;6,26
24/07/2026 04:40;6,25
24/07/2026 04:45;6,26
24/07/2026 04:50;6,27
24/07/2026 04:55;6,27
24/07/2026 05:00;6,23
24/07/2026 05:05;6,23
24/07/2026 05:10;6,23
24/07/2026 05:15;6,25
24/07/2026 05:20;6,23
24/07/2026 05:25;6,23
24/07/2026 05:30;6,23
24/07/2026 05:35;6,25
24/07/2026 05:40;6,22
24/07/2026 05:45;6,22
24/07/2026 05:50;6,18
24/07/2026 05:55;6,23
24/07/2026 06:00;6,23
24/07/2026 06:05;6,22
24/07/2026 06:10;6,24
24/07/2026 06:15;6,25
24/07/2026 06:20;6,23
24/07/2026 06:25;6,21
24/07/2026 06:30;6,23
24/07/2026 06:35;6,22
24/07/2026 06:40;6,22
24/07/2026 06:45;6,22
24/07/2026 06:50;6,24
24/07/2026 06:55;6,24
24/07/2026 07:00;6,21
24/07/2026 07:05;6,2
24/07/2026 07:10;6,21
24/07/2026 07:15;6,22
24/07/2026 07:20;6,23
24/07/2026 07:25;6,22
24/07/2026 07:30;6,21
24/07/2026 07:35;6,24
24/07/2026 07:40;6,2
24/07/2026 07:45;6,19
24/07/2026 07:50;6,2
24/07/2026 07:55;6,21
24/07/2026 08:00;6,21
24/07/2026 08:05;6,19
24/07/2026 08:10;6,2
24/07/2026 08:15;6,2
24/07/2026 08:20;6,2
24/07/2026 08:25;6,18
24/07/2026 08:30;6,17
24/07/2026 08:35;6,21
24/07/2026 08:40;6,19
24/07/2026 08:45;6,2
24/07/2026 08:50;6,21
24/07/2026 08:55;6,22
24/07/2026 09:00;6,21
24/07/2026 09:05;6,2
24/07/2026 09:10;6,2
24/07/2026 09:15;6,22
24/07/2026 09:20;6,19
24/07/2026 09:25;6,21
24/07/2026 09:30;6,18
24/07/2026 09:35;6,22
24/07/2026 09:40;6,19
24/07/2026 09:45;6,19
24/07/2026 09:50;6,21
24/07/2026 09:55;6,22
24/07/2026 10:00;6,23
24/07/2026 10:05;6,23
24/07/2026 10:10;6,23
24/07/2026 10:15;6,24
24/07/2026 10:20;6,21
24/07/2026 10:25;6,21
24/07/2026 10:30;6,2
24/07/2026 10:35;6,22
24/07/2026 10:40;6,21
24/07/2026 10:45;
24/07/2026 10:50;6,22
24/07/2026 10:55;6,22
24/07/2026 11:00;6,19
24/07/2026 11:05;6,22
24/07/2026 11:10;6,2
24/07/2026 11:15;6,21
24/07/2026 11:20;6,23
24/07/2026 11:25;6,22
24/07/2026 11:30;6,24
24/07/2026 11:35;6,25
24/07/2026 11:40;6,24
24/07/2026 11:45;6,25
24/07/2026 11:50;6,25
24/07/2026 11:55;6,23
24/07/2026 12:00;6,25
24/07/2026 12:05;6,25
24/07/2026 12:10;6,22
24/07/2026 12:15;6,25
24/07/2026 12:20;6,25
24/07/2026 12:25;6,26
24/07/2026 12:30;6,26
24/07/2026 12:35;6,26
24/07/2026 12:40;6,25
24/07/2026 12:45;6,23
24/07/2026 12:50;6,22
24/07/2026 12:55;6,25
24/07/2026 13:00;6,25
24/07/2026 13:05;6,25
24/07/2026 13:10;6,25
24/07/2026 13:15;6,25
24/07/2026 13:20;6,26
24/07/2026 13:25;6,24
24/07/2026 13:30;6,23
24/07/2026 13:35;6,25
24/07/2026 13:40;6,26
24/07/2026 13:45;6,24
24/07/2026 13:50;6,25
24/07/2026 13:55;6,23
24/07/2026 14:00;6,24
24/07/2026 14:05;6,25
24/07/2026 14:10;6,25
24/07/2026 14:15;6,27
24/07/2026 14:20;6,25
24/07/2026 14:25;6,26
24/07/2026 14:30;6,25
24/07/2026 14:35;6,25
24/07/2026 14:40;6,26
24/07/2026 14:45;6,24
24/07/2026 14:50;6,24
24/07/2026 14:55;6,28
24/07/2026 15:00;6,27
24/07/2026 15:05;6,26
24/07/2026 15:10;6,28
24/07/2026 15:15;6,28
24/07/2026 15:20;6,27
24/07/2026 15:25;6,28
24/07/2026 15:30;6,3
24/07/2026 15:35;6,29
24/07/2026 15:40;6,26
24/07/2026 15:45;6,26
24/07/2026 15:50;6,26
24/07/2026 15:55;6,28
24/07/2026 16:00;6,3
24/07/2026 16:05;6,3
24/07/2026 16:10;6,3
24/07/2026 16:15;6,3
24/07/2026 16:20;6,28
24/07/2026 16:25;6,26
24/07/2026 16:30;6,28
24/07/2026 16:35;6,3
24/07/2026 16:40;6,3
24/07/2026 16:45;6,28
24/07/2026 16:50;6,3
24/07/2026 16:55;6,31
24/07/2026 17:00;6,29
24/07/2026 17:05;6,28
24/07/2026 17:10;6,31
24/07/2026 17:15;6,31
24/07/2026 17:20;6,28
24/07/2026 17:25;6,31
24/07/2026 17:30;6,31
24/07/2026 17:35;6,33
24/07/2026 17:40;6,33
24/07/2026 17:45;6,32
24/07/2026 17:50;6,34
24/07/2026 17:55;6,34
24/07/2026 18:00;6,34
24/07/2026 18:05;6,33
24/07/2026 18:10;6,35
24/07/2026 18:15;6,34
24/07/2026 18:20;6,33
24/07/2026 18:25;6,34
24/07/2026 18:30;6,35
24/07/2026 18:35;6,36
24/07/2026 18:40;6,33
24/07/2026 18:45;6,34
24/07/2026 18:50;6,34
24/07/2026 18:55;6,35
24/07/2026 19:00;6,33
24/07/2026 19:05;6,34
24/07/2026 19:10;6,36
24/07/2026 19:15;6,35
24/07/2026 19:20;6,37
24/07/2026 19:25;6,36
24/07/2026 19:30;6,36
24/07/2026 19:35;6,38
24/07/2026 19:40;6,36
24/07/2026 19:45;6,35
24/07/2026 19:50;6,36
24/07/2026 19:55;6,37
24/07/2026 20:00;6,37
24/07/2026 20:05;6,38
24/07/2026 20:10;6,39
24/07/2026 20:15;6,38
24/07/2026 20:20;6,36
24/07/2026 20:25;6,38
24/07/2026 20:30;6,38
24/07/2026 20:35;6,39
24/07/2026 20:40;6,36
24/07/2026 20:45;6,38
24/07/2026 20:50;6,37
24/07/2026 20:55;6,37
24/07/2026 21:00;6,36
24/07/2026 21:05;6,38
24/07/2026 21:10;6,38
24/07/2026 21:15;6,36
24/07/2026 21:20;6,37
24/07/2026 21:25;6,38
24/07/2026 21:30;6,38
24/07/2026 21:35;6,37
24/07/2026 21:40;6,34
24/07/2026 21:45;6,35
24/07/2026 21:50;6,35
24/07/2026 21:55;6,34
24/07/2026 22:00;6,34
24/07/2026 22:05;6,33
24/07/2026 22:10;6,36
24/07/2026 22:15;6,34
24/07/2026 22:20;6,33
24/07/2026 22:25;6,32
24/07/2026 22:30;6,34
24/07/2026 22:35;6,32
24/07/2026 22:40;6,33
24/07/2026 22:45;6,34
24/07/2026 22:50;6,34
24/07/2026 22:55;6,35
24/07/2026 23:00;6,32
24/07/2026 23:05;6,33
24/07/2026 23:10;6,34
24/07/2026 23:15;6,35
24/07/2026 23:20;6,33
24/07/2026 23:25;6,31
24/07/2026 23:30;6,32
24/07/2026 23:35;6,32
24/07/2026 23:40;6,31
24/07/2026 23:45;6,3
24/07/2026 23:50;6,32
24/07/2026 23:55;6,32
25/07/2026 00:00;6,32
25/07/2026 00:05;6,33
25/07/2026 00:10;6,32
25/07/2026 00:15;6,32
25/07/2026 00:20;6,3
25/07/2026 00:25;6,32
25/07/2026 00:30;6,32
25/07/2026 00:35;6,32
25/07/2026 00:40;6,29
25/07/2026 00:45;6,3
25/07/2026 00:50;6,32
25/07/2026 00:55;6,31
25/07/2026 01:00;6,29
25/07/2026 01:05;6,29
25/07/2026 01:10;6,31
25/07/2026 01:15;6,29
25/07/2026 01:20;6,3
25/07/2026 01:25;6,3
25/07/2026 01:30;6,29
25/07/2026 01:35;6,31
25/07/2026 01:40;6,3
25/07/2026 01:45;6,3
25/07/2026 01:50;6,31
25/07/2026 01:55;6,3
25/07/2026 02:00;6,28
25/07/2026 02:05;6,29
25/07/2026 02:10;6,29
25/07/2026 02:15;6,27
25/07/2026 02:20;6,29
25/07/2026 02:25;6,3
25/07/2026 02:30;6,29
25/07/2026 02:35;6,29
25/07/2026 02:40;6,28
25/07/2026 02:45;6,26
25/07/2026 02:50;6,28
25/07/2026 02:55;6,27
25/07/2026 03:00;6,25
25/07/2026 03:05;6,26
25/07/2026 03:10;6,25
25/07/2026 03:15;6,27
25/07/2026 03:20;6,27
25/07/2026 03:25;6,25
25/07/2026 03:30;6,26
25/07/2026 03:35;6,25
25/07/2026 03:40;6,25
25/07/2026 03:45;6,27
25/07/2026 03:50;6,27
25/07/2026 03:55;6,26
25/07/2026 04:00;6,26
25/07/2026 04:05;6,24
25/07/2026 04:10;6,27
25/07/2026 04:15;6,26
25/07/2026 04:20;6,24
25/07/2026 04:25;6,24
25/07/2026 04:30;6,39
25/07/2026 04:35;6,27
25/07/2026 04:40;6,24
25/07/2026 04:45;6,25
25/07/2026 04:50;6,25
25/07/2026 04:55;6,26
25/07/2026 05:00;6,24
25/07/2026 05:05;6,24
25/07/2026 05:10;6,26
25/07/2026 05:15;6,27
25/07/2026 05:20;6,26
25/07/2026 05:25;6,27
25/07/2026 05:30;6,25
25/07/2026 05:35;6,25
25/07/2026 05:40;6,24
25/07/2026 05:45;6,25
25/07/2026 05:50;6,27
25/07/2026 05:55;6,26
25/07/2026 06:00;6,27
25/07/2026 06:05;6,26
25/07/2026 06:10;6,27
25/07/2026 06:15;6,26
25/07/2026 06:20;6,25
25/07/2026 06:25;6,25
25/07/2026 06:30;6,25
25/07/2026 06:35;6,26
25/07/2026 06:40;6,25
25/07/2026 06:45;6,25
25/07/2026 06:50;6,25
25/07/2026 06:55;6,26
25/07/2026 07:00;6,25
25/07/2026 07:05;6,24
25/07/2026 07:10;6,25
25/07/2026 07:15;6,26
25/07/2026 07:20;6,26
25/07/2026 07:25;6,26
25/07/2026 07:30;6,26
25/07/2026 07:35;6,27
25/07/2026 07:40;6,25
25/07/2026 07:45;6,26
25/07/2026 07:50;6,27
25/07/2026 07:55;6,26
25/07/2026 08:00;6,24
25/07/2026 08:05;6,24
25/07/2026 08:10;6,26
25/07/2026 08:15;6,23
25/07/2026 08:20;6,25
25/07/2026 08:25;6,26
25/07/2026 08:30;6,26
25/07/2026 08:35;6,25
25/07/2026 08:40;6,26
25/07/2026 08:45;6,25
25/07/2026 08:50;6,26
25/07/2026 08:55;6,26
25/07/2026 09:00;6,27
25/07/2026 09:05;6,25
25/07/2026 09:10;6,26
25/07/2026 09:15;6,26
25/07/2026 09:20;6,25
25/07/2026 09:25;6,25
25/07/2026 09:30;6,27
25/07/2026 09:35;6,26
25/07/2026 09:40;6,26
25/07/2026 09:45;6,26
25/07/2026 09:50;6,26
25/07/2026 09:55;6,24
25/07/2026 10:00;6,23
25/07/2026 10:05;6,22
25/07/2026 10:10;6,24
25/07/2026 10:15;6,24
25/07/2026 10:20;6,25
25/07/2026 10:25;6,25
25/07/2026 10:30;6,27
25/07/2026 10:35;6,24
25/07/2026 10:40;6,27
25/07/2026 10:45;6,23
25/07/2026 10:50;6,22
25/07/2026 10:55;6,22
25/07/2026 11:00;6,21
25/07/2026 11:05;6,22
25/07/2026 11:10;6,25
25/07/2026 11:15;6,22
25/07/2026 11:20;6,22
25/07/2026 11:25;6,23
25/07/2026 11:30;6,25
25/07/2026 11:35;6,27
25/07/2026 11:40;6,25
25/07/2026 11:45;6,27
25/07/2026 11:50;6,27
25/07/2026 11:55;6,23
25/07/2026 12:00;6,25
25/07/2026 12:05;6,23
25/07/2026 12:10;6,24
25/07/2026 12:15;6,22
25/07/2026 12:20;6,24
25/07/2026 12:25;6,24
25/07/2026 12:30;6,26
25/07/2026 12:35;6,28
25/07/2026 12:40;6,28
25/07/2026 12:45;6,29
25/07/2026 12:50;6,29
25/07/2026 12:55;6,27
25/07/2026 13:00;6,26
25/07/2026 13:05;6,28
25/07/2026 13:10;6,29
25/07/2026 13:15;6,28
25/07/2026 13:20;6,27
25/07/2026 13:25;6,26
25/07/2026 13:30;6,29
25/07/2026 13:35;6,24
25/07/2026 13:40;6,26
25/07/2026 13:45;6,25
25/07/2026 13:50;6,26
25/07/2026 13:55;6,3
25/07/2026 14:00;6,3
25/07/2026 14:05;6,31
25/07/2026 14:10;6,3
25/07/2026 14:15;6,28
25/07/2026 14:20;6,28
25/07/2026 14:25;6,26
25/07/2026 14:30;6,29
25/07/2026 14:35;6,28
25/07/2026 14:40;6,3
25/07/2026 14:45;6,29
25/07/2026 14:50;6,3
25/07/2026 14:55;6,3
25/07/2026 15:00;6,29
25/07/2026 15:05;6,26
25/07/2026 15:10;6,29
25/07/2026 15:15;6,31
25/07/2026 15:20;6,3
25/07/2026 15:25;6,33
25/07/2026 15:30;6,34
25/07/2026 15:35;6,34
25/07/2026 15:40;6,34
25/07/2026 15:45;6,33
25/07/2026 15:50;6,31
25/07/2026 15:55;6,32
25/07/2026 16:00;6,31
25/07/2026 16:05;6,32
25/07/2026 16:10;6,33
25/07/2026 16:15;6,3
25/07/2026 16:20;6,34
25/07/2026 16:25;6,33
25/07/2026 16:30;6,35
25/07/2026 16:35;6,35
25/07/2026 16:40;6,37
25/07/2026 16:45;6,38
25/07/2026 16:50;6,4
25/07/2026 16:55;6,34
25/07/2026 17:00;6,39
25/07/2026 17:05;6,35
25/07/2026 17:10;6,36
25/07/2026 17:15;6,38
25/07/2026 17:20;6,4
25/07/2026 17:25;6,4
25/07/2026 17:30;6,39
25/07/2026 17:35;6,37
25/07/2026 17:40;6,4
25/07/2026 17:45;6,39
25/07/2026 17:50;6,37
25/07/2026 17:55;6,41
25/07/2026 18:00;6,41
25/07/2026 18:05;6,42
25/07/2026 18:10;6,43
25/07/2026 18:15;6,43
25/07/2026 18:20;6,43
25/07/2026 18:25;6,42
25/07/2026 18:30;6,42
25/07/2026 18:35;6,41
25/07/2026 18:40;6,4
25/07/2026 18:45;6,43
25/07/2026 18:50;6,43
25/07/2026 18:55;6,41
25/07/2026 19:00;6,42
25/07/2026 19:05;6,44
25/07/2026 19:10;6,45
25/07/2026 19:15;6,46
25/07/2026 19:20;6,46
25/07/2026 19:25;6,47
25/07/2026 19:30;6,48
25/07/2026 19:35;6,46
25/07/2026 19:40;6,44
25/07/2026 19:45;6,44
25/07/2026 19:50;6,44
25/07/2026 19:55;6,44
25/07/2026 20:00;6,47
25/07/2026 20:05;6,46
25/07/2026 20:10;6,47
25/07/2026 20:15;6,45
25/07/2026 20:20;6,45
25/07/2026 20:25;6,45
25/07/2026 20:30;6,47
25/07/2026 20:35;6,47
25/07/2026 20:40;6,48
25/07/2026 20:45;6,49
25/07/2026 20:50;6,49
25/07/2026 20:55;6,48
25/07/2026 21:00;6,49
25/07/2026 21:05;6,48
25/07/2026 21:10;6,49
25/07/2026 21:15;6,43
25/07/2026 21:20;6,46
25/07/2026 21:25;6,45
25/07/2026 21:30;6,48
25/07/2026 21:35;6,43
25/07/2026 21:40;6,47
25/07/2026 21:45;6,46
25/07/2026 21:50;6,48
25/07/2026 21:55;6,49
25/07/2026 22:00;6,47
25/07/2026 22:05;6,49
25/07/2026 22:10;6,49
25/07/2026 22:15;6,49
25/07/2026 22:20;6,47
25/07/2026 22:25;6,45
25/07/2026 22:30;6,48
25/07/2026 22:35;6,47
25/07/2026 22:40;6,45
25/07/2026 22:45;6,44
25/07/2026 22:50;6,45
25/07/2026 22:55;6,48
25/07/2026 23:00;6,47
25/07/2026 23:05;6,47
25/07/2026 23:10;6,46
25/07/2026 23:15;6,45
25/07/2026 23:20;6,44
25/07/2026 23:25;6,43
25/07/2026 23:30;6,47
25/07/2026 23:35;6,43
25/07/2026 23:40;6,44
25/07/2026 23:45;6,42
25/07/2026 23:50;6,43
25/07/2026 23:55;6,41
26/07/2026 00:00;6,42
26/07/2026 00:05;6,44
26/07/2026 00:10;6,42
26/07/2026 00:15;6,43
26/07/2026 00:20;6,42
26/07/2026 00:25;6,42
26/07/2026 00:30;6,4
26/07/2026 00:35;6,43
26/07/2026 00:40;6,39
26/07/2026 00:45;6,38
26/07/2026 00:50;6,4
26/07/2026 00:55;6,38
26/07/2026 01:00;6,4
26/07/2026 01:05;6,38
26/07/2026 01:10;6,42
26/07/2026 01:15;6,38
26/07/2026 01:20;6,35
26/07/2026 01:25;6,39
26/07/2026 01:30;6,38
26/07/2026 01:35;6,38
26/07/2026 01:40;6,38
26/07/2026 01:45;6,37
26/07/2026 01:50;6,38
26/07/2026 01:55;6,37
26/07/2026 02:00;6,34
26/07/2026 02:05;6,37
26/07/2026 02:10;6,37
26/07/2026 02:15;6,35
26/07/2026 02:20;6,35
26/07/2026 02:25;6,34
26/07/2026 02:30;6,33
26/07/2026 02:35;6,3
26/07/2026 02:40;6,32
26/07/2026 02:45;6,33
26/07/2026 02:50;6,33
26/07/2026 02:55;6,35
26/07/2026 03:00;6,34
26/07/2026 03:05;6,33
26/07/2026 03:10;6,34
26/07/2026 03:15;6,31
26/07/2026 03:20;6,3
26/07/2026 03:25;6,31
26/07/2026 03:30;6,32
26/07/2026 03:35;6,31
26/07/2026 03:40;6,31
26/07/2026 03:45;6,3
26/07/2026 03:50;6,31
26/07/2026 03:55;6,28
26/07/2026 04:00;6,29
26/07/2026 04:05;6,27
26/07/2026 04:10;6,29
26/07/2026 04:15;6,31
26/07/2026 04:20;6,32
26/07/2026 04:25;6,3
26/07/2026 04:30;6,31
26/07/2026 04:35;6,3
26/07/2026 04:40;6,28
26/07/2026 04:45;6,29
26/07/2026 04:50;6,31
26/07/2026 04:55;6,29
26/07/2026 05:00;6,26
26/07/2026 05:05;6,26
26/07/2026 05:10;6,29
26/07/2026 05:15;6,28
26/07/2026 05:20;6,28
26/07/2026 05:25;6,28
26/07/2026 05:30;6,3
26/07/2026 05:35;6,26
26/07/2026 05:40;6,27
26/07/2026 05:45;6,27
26/07/2026 05:50;6,28
26/07/2026 05:55;6,29
26/07/2026 06:00;6,28
26/07/2026 06:05;6,27
26/07/2026 06:10;6,28
26/07/2026 06:15;6,27
26/07/2026 06:20;6,24
26/07/2026 06:25;6,24
26/07/2026 06:30;6,27
26/07/2026 06:35;6,27
26/07/2026 06:40;6,28
26/07/2026 06:45;6,26
26/07/2026 06:50;6,27
26/07/2026 06:55;6,24
26/07/2026 07:00;6,26
26/07/2026 07:05;6,27
26/07/2026 07:10;6,28
26/07/2026 07:15;6,27
26/07/2026 07:20;6,26
26/07/2026 07:25;6,28
26/07/2026 07:30;6,27
26/07/2026 07:35;6,27
26/07/2026 07:40;6,28
26/07/2026 07:45;6,27
26/07/2026 07:50;6,26
26/07/2026 07:55;6,28
26/07/2026 08:00;6,29
26/07/2026 08:05;6,28
26/07/2026 08:10;6,28
26/07/2026 08:15;6,27
26/07/2026 08:20;6,28
26/07/2026 08:25;6,29
26/07/2026 08:30;6,28
26/07/2026 08:35;6,27
26/07/2026 08:40;6,26
26/07/2026 08:45;6,24
26/07/2026 08:50;6,26
26/07/2026 08:55;6,25
26/07/2026 09:00;6,25
26/07/2026 09:05;6,24
26/07/2026 09:10;6,27
26/07/2026 09:15;6,27
26/07/2026 09:20;6,25
26/07/2026 09:25;6,27
26/07/2026 09:30;6,28
26/07/2026 09:35;6,27
26/07/2026 09:40;6,27
26/07/2026 09:45;6,27
26/07/2026 09:50;6,27
26/07/2026 09:55;6,26
26/07/2026 10:00;6,27
26/07/2026 10:05;6,25
26/07/2026 10:10;6,25
26/07/2026 10:15;6,25
26/07/2026 10:20;6,27
26/07/2026 10:25;6,26
26/07/2026 10:30;6,26
26/07/2026 10:35;6,28
26/07/2026 10:40;6,28
26/07/2026 10:45;6,29
26/07/2026 10:50;6,28
26/07/2026 10:55;6,28
26/07/2026 11:00;6,28
26/07/2026 11:05;6,29
26/07/2026 11:10;6,29
26/07/2026 11:15;6,27
26/07/2026 11:20;6,28
26/07/2026 11:25;6,28
26/07/2026 11:30;6,29
26/07/2026 11:35;6,3
26/07/2026 11:40;6,29
26/07/2026 11:45;6,3
26/07/2026 11:50;6,31
26/07/2026 11:55;6,29
26/07/2026 12:00;6,29
26/07/2026 12:05;6,3
26/07/2026 12:10;6,29
26/07/2026 12:15;6,29
26/07/2026 12:20;6,29
26/07/2026 12:25;6,3
26/07/2026 12:30;6,3
26/07/2026 12:35;6,28
26/07/2026 12:40;6,28
26/07/2026 12:45;6,3
26/07/2026 12:50;6,3
26/07/2026 12:55;6,3
26/07/2026 13:00;6,31
26/07/2026 13:05;6,32
26/07/2026 13:10;6,31
26/07/2026 13:15;6,3
26/07/2026 13:20;6,32
26/07/2026 13:25;6,32
26/07/2026 13:30;6,33
26/07/2026 13:35;6,31
26/07/2026 13:40;6,31
26/07/2026 13:45;6,31
26/07/2026 13:50;6,32
26/07/2026 13:55;6,32
26/07/2026 14:00;6,31
26/07/2026 14:05;6,33
26/07/2026 14:10;6,33
26/07/2026 14:15;6,33
26/07/2026 14:20;6,34
26/07/2026 14:25;6,36
26/07/2026 14:30;6,34
26/07/2026 14:35;6,35
26/07/2026 14:40;6,35
26/07/2026 14:45;6,34
26/07/2026 14:50;6,36
26/07/2026 14:55;6,32
26/07/2026 15:00;6,34
26/07/2026 15:05;6,35
26/07/2026 15:10;6,36
26/07/2026 15:15;6,37
26/07/2026 15:20;6,37
26/07/2026 15:25;6,39
26/07/2026 15:30;6,36
26/07/2026 15:35;6,36
26/07/2026 15:40;6,38
26/07/2026 15:45;6,37
26/07/2026 15:50;6,38
26/07/2026 15:55;6,39
26/07/2026 16:00;6,37
26/07/2026 16:05;6,38
26/07/2026 16:10;6,39
26/07/2026 16:15;6,41
26/07/2026 16:20;6,39
26/07/2026 16:25;6,39
26/07/2026 16:30;6,41
26/07/2026 16:35;6,41
26/07/2026 16:40;6,42
26/07/2026 16:45;6,42
26/07/2026 16:50;6,42
26/07/2026 16:55;6,45
26/07/2026 17:00;6,42
26/07/2026 17:05;6,43
26/07/2026 17:10;6,46
26/07/2026 17:15;6,46
26/07/2026 17:20;6,43
26/07/2026 17:25;6,42
26/07/2026 17:30;6,44
26/07/2026 17:35;6,45
26/07/2026 17:40;6,43
26/07/2026 17:45;6,46
26/07/2026 17:50;6,49
26/07/2026 17:55;6,49
26/07/2026 18:00;6,5
26/07/2026 18:05;6,5
26/07/2026 18:10;6,52
26/07/2026 18:15;6,49
26/07/2026 18:20;6,52
26/07/2026 18:25;6,49
26/07/2026 18:30;6,52
26/07/2026 18:35;6,49
26/07/2026 18:40;6,51
26/07/2026 18:45;6,47
26/07/2026 18:50;6,52
26/07/2026 18:55;6,53
26/07/2026 19:00;6,55
26/07/2026 19:05;6,54
26/07/2026 19:10;6,56
26/07/2026 19:15;6,55
26/07/2026 19:20;6,54
26/07/2026 19:25;6,53
26/07/2026 19:30;6,56
26/07/2026 19:35;6,53
26/07/2026 19:40;6,52
26/07/2026 19:45;6,53
26/07/2026 19:50;6,56
26/07/2026 19:55;6,51
26/07/2026 20:00;6,53
26/07/2026 20:05;6,52
26/07/2026 20:10;6,54
26/07/2026 20:15;6,56
26/07/2026 20:20;6,57
26/07/2026 20:25;6,56
26/07/2026 20:30;6,57
26/07/2026 20:35;6,54
26/07/2026 20:40;6,53
26/07/2026 20:45;6,55
26/07/2026 20:50;6,56
26/07/2026 20:55;6,55
26/07/2026 21:00;6,54
26/07/2026 21:05;6,54
26/07/2026 21:10;6,52
26/07/2026 21:15;6,5
26/07/2026 21:20;6,55
26/07/2026 21:25;6,53
26/07/2026 21:30;6,52
26/07/2026 21:35;6,54
26/07/2026 21:40;6,54
26/07/2026 21:45;6,52
26/07/2026 21:50;6,53
26/07/2026 21:55;6,54
26/07/2026 22:00;6,53
26/07/2026 22:05;6,5
26/07/2026 22:10;6,48
26/07/2026 22:15;6,52
26/07/2026 22:20;6,49
26/07/2026 22:25;6,47
26/07/2026 22:30;6,51
26/07/2026 22:35;6,49
26/07/2026 22:40;6,48
26/07/2026 22:45;6,48
26/07/2026 22:50;6,48
26/07/2026 22:55;6,47
26/07/2026 23:00;6,49
26/07/2026 23:05;6,48
26/07/2026 23:10;6,47
26/07/2026 23:15;6,46
26/07/2026 23:20;6,43
26/07/2026 23:25;6,46
26/07/2026 23:30;6,44
26/07/2026 23:35;6,45
26/07/2026 23:40;6,44
26/07/2026 23:45;6,43
26/07/2026 23:50;6,41
26/07/2026 23:55;6,44
27/07/2026 00:00;6,44
27/07/2026 00:05;6,42
27/07/2026 00:10;6,43
27/07/2026 00:15;6,41
27/07/2026 00:20;6,41
27/07/2026 00:25;6,41
27/07/2026 00:30;6,41
27/07/2026 00:35;6,4
27/07/2026 00:40;6,39
27/07/2026 00:45;6,41
27/07/2026 00:50;6,37
27/07/2026 00:55;6,38
27/07/2026 01:00;6,38
27/07/2026 01:05;6,36
27/07/2026 01:10;6,38
27/07/2026 01:15;6,39
27/07/2026 01:20;6,38
27/07/2026 01:25;6,38
27/07/2026 01:30;6,36
27/07/2026 01:35;6,34
27/07/2026 01:40;6,31
27/07/2026 01:45;6,36
27/07/2026 01:50;6,31
27/07/2026 01:55;6,34
27/07/2026 02:00;6,3
27/07/2026 02:05;6,32
27/07/2026 02:10;6,33
27/07/2026 02:15;6,29
27/07/2026 02:20;6,29
27/07/2026 02:25;6,3
27/07/2026 02:30;6,3
27/07/2026 02:35;6,33
27/07/2026 02:40;6,3
27/07/2026 02:45;6,3
27/07/2026 02:50;6,29
27/07/2026 02:55;6,27
27/07/2026 03:00;6,26
27/07/2026 03:05;6,24
27/07/2026 03:10;6,24
27/07/2026 03:15;6,24
27/07/2026 03:20;6,23
27/07/2026 03:25;6,22
27/07/2026 03:30;6,23
27/07/2026 03:35;6,2
27/07/2026 03:40;6,21
27/07/2026 03:45;6,2
27/07/2026 03:50;6,22
27/07/2026 03:55;6,2
27/07/2026 04:00;6,2
27/07/2026 04:05;6,2
27/07/2026 04:10;6,2
27/07/2026 04:15;6,17
27/07/2026 04:20;6,15
27/07/2026 04:25;6,15
27/07/2026 04:30;6,18
27/07/2026 04:35;6,15
27/07/2026 04:40;6,14
27/07/2026 04:45;6,16
27/07/2026 04:50;6,15
27/07/2026 04:55;6,16
27/07/2026 05:00;6,16
27/07/2026 05:05;6,16
27/07/2026 05:10;6,17
27/07/2026 05:15;6,15
27/07/2026 05:20;6,17
27/07/2026 05:25;6,16
27/07/2026 05:30;6,15
27/07/2026 05:35;6,15
27/07/2026 05:40;6,15
27/07/2026 05:45;6,15
27/07/2026 05:50;6,15
27/07/2026 05:55;6,14
27/07/2026 06:00;6,14
27/07/2026 06:05;6,13
27/07/2026 06:10;6,14
27/07/2026 06:15;6,14
27/07/2026 06:20;6,13
27/07/2026 06:25;6,13
27/07/2026 06:30;6,15
27/07/2026 06:35;6,15
27/07/2026 06:40;6,15
27/07/2026 06:45;6,17
27/07/2026 06:50;6,15
27/07/2026 06:55;6,16
27/07/2026 07:00;6,14
27/07/2026 07:05;6,16
27/07/2026 07:10;6,17
27/07/2026 07:15;6,14
27/07/2026 07:20;6,15
27/07/2026 07:25;6,14
27/07/2026 07:30;6,17
27/07/2026 07:35;6,14
27/07/2026 07:40;6,15
27/07/2026 07:45;6,17
27/07/2026 07:50;6,15
27/07/2026 07:55;6,18
27/07/2026 08:00;6,21
27/07/2026 08:05;6,22
27/07/2026 08:10;6,22
27/07/2026 08:15;6,23
27/07/2026 08:20;6,23
27/07/2026 08:25;6,23
27/07/2026 08:30;6,21
27/07/2026 08:35;6,21
27/07/2026 08:40;6,21
27/07/2026 08:45;6,19
27/07/2026 08:50;6,19
27/07/2026 08:55;6,19
27/07/2026 09:00;6,18
27/07/2026 09:05;6,21
27/07/2026 09:10;6,18
27/07/2026 09:15;6,21
27/07/2026 09:20;6,23
27/07/2026 09:25;6,21
27/07/2026 09:30;6,22
27/07/2026 09:35;6,23
27/07/2026 09:40;6,24
27/07/2026 09:45;6,22
27/07/2026 09:50;6,21
27/07/2026 09:55;6,23
27/07/2026 10:00;6,23
27/07/2026 10:05;6,22
27/07/2026 10:10;6,23
27/07/2026 10:15;6,21
27/07/2026 10:20;6,23
27/07/2026 10:25;6,23
27/07/2026 10:30;6,21
27/07/2026 10:35;6,23
27/07/2026 10:40;6,23
27/07/2026 10:45;6,26
27/07/2026 10:50;6,23
27/07/2026 10:55;6,21
27/07/2026 11:00;6,22
27/07/2026 11:05;6,18
27/07/2026 11:10;6,23
27/07/2026 11:15;6,23
27/07/2026 11:20;6,25
27/07/2026 11:25;6,25
27/07/2026 11:30;6,22
27/07/2026 11:35;6,25
27/07/2026 11:40;6,25
27/07/2026 11:45;6,22
27/07/2026 11:50;6,25
27/07/2026 11:55;6,26
27/07/2026 12:00;6,27
27/07/2026 12:05;6,27
27/07/2026 12:10;6,25
27/07/2026 12:15;6,25
27/07/2026 12:20;6,26
27/07/2026 12:25;6,25
27/07/2026 12:30;6,24
27/07/2026 12:35;6,23
27/07/2026 12:40;6,25
27/07/2026 12:45;6,25
27/07/2026 12:50;6,28
27/07/2026 12:55;6,24
27/07/2026 13:00;6,25
27/07/2026 13:05;6,24
27/07/2026 13:10;6,26
27/07/2026 13:15;6,3
27/07/2026 13:20;6,28
27/07/2026 13:25;6,3
27/07/2026 13:30;6,3
27/07/2026 13:35;6,3
27/07/2026 13:40;6,24
27/07/2026 13:45;6,27
27/07/2026 13:50;6,26
27/07/2026 13:55;6,28
27/07/2026 14:00;6,27
27/07/2026 14:05;6,28
27/07/2026 14:10;6,27
27/07/2026 14:15;6,28
27/07/2026 14:20;6,29
27/07/2026 14:25;6,3
27/07/2026 14:30;6,31
27/07/2026 14:35;6,32
27/07/2026 14:40;6,34
27/07/2026 14:45;6,33
27/07/2026 14:50;6,34
27/07/2026 14:55;6,32
27/07/2026 15:00;6,33
27/07/2026 15:05;6,33
27/07/2026 15:10;6,29
27/07/2026 15:15;6,34
27/07/2026 15:20;6,34
27/07/2026 15:25;6,28
27/07/2026 15:30;6,35
27/07/2026 15:35;6,35
27/07/2026 15:40;6,35
27/07/2026 15:45;6,37
27/07/2026 15:50;6,37
27/07/2026 15:55;6,37
27/07/2026 16:00;6,35
27/07/2026 16:05;6,37
27/07/2026 16:10;6,4
27/07/2026 16:15;6,4
27/07/2026 16:20;6,38
27/07/2026 16:25;6,39
27/07/2026 16:30;6,38
27/07/2026 16:35;6,39
27/07/2026 16:40;6,4
27/07/2026 16:45;6,42
27/07/2026 16:50;6,44
27/07/2026 16:55;6,42
27/07/2026 17:00;6,44
27/07/2026 17:05;6,45
27/07/2026 17:10;6,42
27/07/2026 17:15;6,45
27/07/2026 17:20;6,43
27/07/2026 17:25;6,45
27/07/2026 17:30;6,45
27/07/2026 17:35;6,45
27/07/2026 17:40;6,45
27/07/2026 17:45;6,45
27/07/2026 17:50;6,45
27/07/2026 17:55;6,47
27/07/2026 18:00;6,46
27/07/2026 18:05;6,45
27/07/2026 18:10;6,48
27/07/2026 18:15;6,52
27/07/2026 18:20;6,53
27/07/2026 18:25;6,53
27/07/2026 18:30;6,5
27/07/2026 18:35;6,51
27/07/2026 18:40;6,5
27/07/2026 18:45;6,52
27/07/2026 18:50;6,52
27/07/2026 18:55;6,53
27/07/2026 19:00;6,53
27/07/2026 19:05;6,56
27/07/2026 19:10;6,55
27/07/2026 19:15;6,54
27/07/2026 19:20;6,54
27/07/2026 19:25;6,53
27/07/2026 19:30;6,57
27/07/2026 19:35;6,59
27/07/2026 19:40;6,58
27/07/2026 19:45;6,59
27/07/2026 19:50;6,58
27/07/2026 19:55;6,58
27/07/2026 20:00;6,58
27/07/2026 20:05;6,57
27/07/2026 20:10;6,53
27/07/2026 20:15;6,58
27/07/2026 20:20;6,52
27/07/2026 20:25;6,54
27/07/2026 20:30;6,59
27/07/2026 20:35;6,57
27/07/2026 20:40;6,57
27/07/2026 20:45;6,59
27/07/2026 20:50;6,56
27/07/2026 20:55;6,55
27/07/2026 21:00;6,55
27/07/2026 21:05;6,53
27/07/2026 21:10;6,53
27/07/2026 21:15;6,55
27/07/2026 21:20;6,55
27/07/2026 21:25;6,53
27/07/2026 21:30;6,55
27/07/2026 21:35;6,53
27/07/2026 21:40;6,51
27/07/2026 21:45;6,53
27/07/2026 21:50;6,55
27/07/2026 21:55;6,54
27/07/2026 22:00;6,53
27/07/2026 22:05;6,54
27/07/2026 22:10;6,53
27/07/2026 22:15;6,51
27/07/2026 22:20;6,49
27/07/2026 22:25;6,49
27/07/2026 22:30;6,47
27/07/2026 22:35;6,5
27/07/2026 22:40;6,51
27/07/2026 22:45;6,5
27/07/2026 22:50;6,47
27/07/2026 22:55;6,46
27/07/2026 23:00;6,46
27/07/2026 23:05;6,46
27/07/2026 23:10;6,48
27/07/2026 23:15;6,47
27/07/2026 23:20;6,48
27/07/2026 23:25;6,47
27/07/2026 23:30;6,45
27/07/2026 23:35;6,42
27/07/2026 23:40;6,43
27/07/2026 23:45;6,45
27/07/2026 23:50;6,42
27/07/2026 23:55;6,43
28/07/2026 00:00;6,41
28/07/2026 00:05;6,42
28/07/2026 00:10;6,42
28/07/2026 00:15;6,4
28/07/2026 00:20;6,4
28/07/2026 00:25;6,39
28/07/2026 00:30;6,4
28/07/2026 00:35;6,41
28/07/2026 00:40;6,41
28/07/2026 00:45;6,41
28/07/2026 00:50;6,39
28/07/2026 00:55;6,37
28/07/2026 01:00;6,36
28/07/2026 01:05;6,39
28/07/2026 01:10;6,38
28/07/2026 01:15;6,36
28/07/2026 01:20;6,37
28/07/2026 01:25;6,33
28/07/2026 01:30;6,33
28/07/2026 01:35;6,34
28/07/2026 01:40;6,32
28/07/2026 01:45;6,31
28/07/2026 01:50;6,35
28/07/2026 01:55;6,34
28/07/2026 02:00;6,33
28/07/2026 02:05;6,34
28/07/2026 02:10;6,33
28/07/2026 02:15;6,31
28/07/2026 02:20;6,3
28/07/2026 02:25;6,3
28/07/2026 02:30;6,29
28/07/2026 02:35;6,3
28/07/2026 02:40;6,3
28/07/2026 02:45;6,3
28/07/2026 02:50;6,3
28/07/2026 02:55;6,27
28/07/2026 03:00;6,27
28/07/2026 03:05;6,25
28/07/2026 03:10;6,27
28/07/2026 03:15;6,26
28/07/2026 03:20;6,27
28/07/2026 03:25;6,28
28/07/2026 03:30;6,28
28/07/2026 03:35;6,23
28/07/2026 03:40;6,24
28/07/2026 03:45;6,22
28/07/2026 03:50;6,22
28/07/2026 03:55;6,21
28/07/2026 04:00;6,19
28/07/2026 04:05;6,2
28/07/2026 04:10;6,18
28/07/2026 04:15;6,16
28/07/2026 04:20;6,17
28/07/2026 04:25;6,18
28/07/2026 04:30;6,17
28/07/2026 04:35;6,17
28/07/2026 04:40;6,18
28/07/2026 04:45;6,2
28/07/2026 04:50;6,18
28/07/2026 04:55;6,16
28/07/2026 05:00;6,14
28/07/2026 05:05;6,13
28/07/2026 05:10;6,15
28/07/2026 05:15;6,14
28/07/2026 05:20;6,15
28/07/2026 05:25;6,15
28/07/2026 05:30;6,15
28/07/2026 05:35;6,13
28/07/2026 05:40;6,15
28/07/2026 05:45;6,13
28/07/2026 05:50;6,15
28/07/2026 05:55;6,15
28/07/2026 06:00;6,16
28/07/2026 06:05;6,17
28/07/2026 06:10;6,15
28/07/2026 06:15;6,15
28/07/2026 06:20;6,16
28/07/2026 06:25;6,14
28/07/2026 06:30;6,13
28/07/2026 06:35;6,14
28/07/2026 06:40;6,14
28/07/2026 06:45;6,15
28/07/2026 06:50;6,14
28/07/2026 06:55;6,13
28/07/2026 07:00;6,15
28/07/2026 07:05;6,16
28/07/2026 07:10;6,16
28/07/2026 07:15;6,17
28/07/2026 07:20;6,18
28/07/2026 07:25;6,18
28/07/2026 07:30;6,17
28/07/2026 07:35;6,15
28/07/2026 07:40;6,15
28/07/2026 07:45;6,17
28/07/2026 07:50;6,15
28/07/2026 07:55;6,15
28/07/2026 08:00;6,16
28/07/2026 08:05;6,15
28/07/2026 08:10;6,16
28/07/2026 08:15;6,14
28/07/2026 08:20;6,15
28/07/2026 08:25;6,15
28/07/2026 08:30;6,17
28/07/2026 08:35;6,19
28/07/2026 08:40;6,18
28/07/2026 08:45;6,2
28/07/2026 08:50;6,2
28/07/2026 08:55;6,18
28/07/2026 09:00;6,17
28/07/2026 09:05;6,19
28/07/2026 09:10;6,17
28/07/2026 09:15;6,17
28/07/2026 09:20;6,19
28/07/2026 09:25;6,2
28/07/2026 09:30;6,18
28/07/2026 09:35;6,2
28/07/2026 09:40;6,2
28/07/2026 09:45;6,2
28/07/2026 09:50;6,21
28/07/2026 09:55;6,21
28/07/2026 10:00;6,21
28/07/2026 10:05;6,22
28/07/2026 10:10;6,22
28/07/2026 10:15;6,23
28/07/2026 10:20;6,23
28/07/2026 10:25;6,22
28/07/2026 10:30;6,18
28/07/2026 10:35;6,19
28/07/2026 10:40;6,19
28/07/2026 10:45;6,2
28/07/2026 10:50;6,22
28/07/2026 10:55;6,22
28/07/2026 11:00;6,25
28/07/2026 11:05;6,24
28/07/2026 11:10;6,23
28/07/2026 11:15;6,24
28/07/2026 11:20;6,23
28/07/2026 11:25;6,25
28/07/2026 11:30;6,23
28/07/2026 11:35;6,24
28/07/2026 11:40;6,21
28/07/2026 11:45;6,23
28/07/2026 11:50;6,22
28/07/2026 11:55;6,23
28/07/2026 12:00;6,21
28/07/2026 12:05;6,25
28/07/2026 12:10;6,25
28/07/2026 12:15;6,25
28/07/2026 12:20;6,22
28/07/2026 12:25;6,24
28/07/2026 12:30;6,24
28/07/2026 12:35;6,24
28/07/2026 12:40;6,24
28/07/2026 12:45;6,24
28/07/2026 12:50;6,25
28/07/2026 12:55;6,24
28/07/2026 13:00;6,23
28/07/2026 13:05;6,24
28/07/2026 13:10;6,23
28/07/2026 13:15;6,24
28/07/2026 13:20;6,26
28/07/2026 13:25;6,27
28/07/2026 13:30;6,28
28/07/2026 13:35;6,29
28/07/2026 13:40;6,27
28/07/2026 13:45;6,28
28/07/2026 13:50;6,28
28/07/2026 13:55;6,28
28/07/2026 14:00;6,27
28/07/2026 14:05;6,28
28/07/2026 14:10;6,29
28/07/2026 14:15;6,27
28/07/2026 14:20;6,26
28/07/2026 14:25;6,31
28/07/2026 14:30;6,3
28/07/2026 14:35;6,31
28/07/2026 14:40;6,33
28/07/2026 14:45;6,37
28/07/2026 14:50;6,36
28/07/2026 14:55;6,37
28/07/2026 15:00;6,39
28/07/2026 15:05;6,38
28/07/2026 15:10;6,36
28/07/2026 15:15;6,38
28/07/2026 15:20;6,39
28/07/2026 15:25;6,38
28/07/2026 15:30;6,37
28/07/2026 15:35;6,34
28/07/2026 15:40;6,34
28/07/2026 15:45;6,39
28/07/2026 15:50;6,37
28/07/2026 15:55;6,4
28/07/2026 16:00;6,39
28/07/2026 16:05;6,4
28/07/2026 16:10;6,4
28/07/2026 16:15;6,4
28/07/2026 16:20;6,42
28/07/2026 16:25;6,44
28/07/2026 16:30;6,4
28/07/2026 16:35;6,42
28/07/2026 16:40;6,44
28/07/2026 16:45;6,44
28/07/2026 16:50;6,42
28/07/2026 16:55;6,43
28/07/2026 17:00;6,4
28/07/2026 17:05;6,46
28/07/2026 17:10;6,46
28/07/2026 17:15;6,46
28/07/2026 17:20;6,45
28/07/2026 17:25;6,48
28/07/2026 17:30;6,49
28/07/2026 17:35;6,49
28/07/2026 17:40;6,46
28/07/2026 17:45;6,5
28/07/2026 17:50;6,46
28/07/2026 17:55;6,49
28/07/2026 18:00;6,51
28/07/2026 18:05;6,5
28/07/2026 18:10;6,5
28/07/2026 18:15;6,5
28/07/2026 18:20;6,48
28/07/2026 18:25;6,53
28/07/2026 18:30;6,54
28/07/2026 18:35;6,54
28/07/2026 18:40;6,52
28/07/2026 18:45;6,56
28/07/2026 18:50;6,52
28/07/2026 18:55;6,52
28/07/2026 19:00;6,56
28/07/2026 19:05;6,56
28/07/2026 19:10;6,54
28/07/2026 19:15;6,56
28/07/2026 19:20;6,54
28/07/2026 19:25;6,54
28/07/2026 19:30;6,52
28/07/2026 19:35;6,52
28/07/2026 19:40;6,53
28/07/2026 19:45;6,58
28/07/2026 19:50;6,57
28/07/2026 19:55;6,57
28/07/2026 20:00;6,58
28/07/2026 20:05;6,57
28/07/2026 20:10;6,54
28/07/2026 20:15;6,55
28/07/2026 20:20;6,56
28/07/2026 20:25;6,57
28/07/2026 20:30;6,56
28/07/2026 20:35;6,56
28/07/2026 20:40;6,56
28/07/2026 20:45;6,57
28/07/2026 20:50;6,56
28/07/2026 20:55;6,57
28/07/2026 21:00;6,56
28/07/2026 21:05;6,57
28/07/2026 21:10;6,54
28/07/2026 21:15;6,53
28/07/2026 21:20;6,52
28/07/2026 21:25;6,55
28/07/2026 21:30;6,54
28/07/2026 21:35;6,53
28/07/2026 21:40;6,52
28/07/2026 21:45;6,53
28/07/2026 21:50;6,55
28/07/2026 21:55;6,52
28/07/2026 22:00;6,51
28/07/2026 22:05;6,53
28/07/2026 22:10;6,5
28/07/2026 22:15;6,48
28/07/2026 22:20;6,51
28/07/2026 22:25;6,52
28/07/2026 22:30;6,51
28/07/2026 22:35;6,5
28/07/2026 22:40;6,51
28/07/2026 22:45;6,51
28/07/2026 22:50;6,48
28/07/2026 22:55;6,48
28/07/2026 23:00;6,47
28/07/2026 23:05;6,48
28/07/2026 23:10;6,48
28/07/2026 23:15;6,46
28/07/2026 23:20;6,46
28/07/2026 23:25;6,46
28/07/2026 23:30;6,46
28/07/2026 23:35;6,46
28/07/2026 23:40;6,43
28/07/2026 23:45;6,44
28/07/2026 23:50;6,44
28/07/2026 23:55;6,44
29/07/2026 00:00;6,43
29/07/2026 00:05;6,43
29/07/2026 00:10;6,42
29/07/2026 00:15;6,44
29/07/2026 00:20;6,4
29/07/2026 00:25;6,42
29/07/2026 00:30;6,4
29/07/2026 00:35;6,4
29/07/2026 00:40;6,37
29/07/2026 00:45;6,4
29/07/2026 00:50;6,38
29/07/2026 00:55;6,38
29/07/2026 01:00;6,41
29/07/2026 01:05;6,4
29/07/2026 01:10;6,36
29/07/2026 01:15;6,35
29/07/2026 01:20;6,34
29/07/2026 01:25;6,37
29/07/2026 01:30;6,37
29/07/2026 01:35;6,35
29/07/2026 01:40;6,36
29/07/2026 01:45;6,36
29/07/2026 01:50;6,35
29/07/2026 01:55;6,31
29/07/2026 02:00;6,32
29/07/2026 02:05;6,32
29/07/2026 02:10;6,33
29/07/2026 02:15;6,32
29/07/2026 02:20;6,33
29/07/2026 02:25;6,33
29/07/2026 02:30;6,3
29/07/2026 02:35;6,28
29/07/2026 02:40;6,28
29/07/2026 02:45;6,29
29/07/2026 02:50;6,28
29/07/2026 02:55;6,29
29/07/2026 03:00;6,28
29/07/2026 03:05;6,28
29/07/2026 03:10;6,25
29/07/2026 03:15;6,26
29/07/2026 03:20;6,22
29/07/2026 03:25;6,26
29/07/2026 03:30;6,24
29/07/2026 03:35;6,25
29/07/2026 03:40;6,24
29/07/2026 03:45;6,24
29/07/2026 03:50;6,24
29/07/2026 03:55;6,22
29/07/2026 04:00;6,19
29/07/2026 04:05;6,22
29/07/2026 04:10;6,18
29/07/2026 04:15;6,16
29/07/2026 04:20;6,17
29/07/2026 04:25;6,16
29/07/2026 04:30;6,17
29/07/2026 04:35;6,13
29/07/2026 04:40;6,12
29/07/2026 04:45;6,14
29/07/2026 04:50;6,14
29/07/2026 04:55;6,15
29/07/2026 05:00;6,16
29/07/2026 05:05;6,16
29/07/2026 05:10;6,15
29/07/2026 05:15;6,12
29/07/2026 05:20;6,12
29/07/2026 05:25;6,14
29/07/2026 05:30;6,11
29/07/2026 05:35;6,13
29/07/2026 05:40;6,13
29/07/2026 05:45;6,14
29/07/2026 05:50;6,13
29/07/2026 05:55;6,11
29/07/2026 06:00;6,08
29/07/2026 06:05;6,11
29/07/2026 06:10;6,11
29/07/2026 06:15;6,12
29/07/2026 06:20;6,12
29/07/2026 06:25;6,13
29/07/2026 06:30;6,08
29/07/2026 06:35;6,09
29/07/2026 06:40;6,08
29/07/2026 06:45;6,09
29/07/2026 06:50;6,08
29/07/2026 06:55;6,11
29/07/2026 07:00;6,1
29/07/2026 07:05;6,11
29/07/2026 07:10;6,08
29/07/2026 07:15;6,09
29/07/2026 07:20;6,07
29/07/2026 07:25;6,1
29/07/2026 07:30;6,1
29/07/2026 07:35;6,1
29/07/2026 07:40;6,11
29/07/2026 07:45;6,12
29/07/2026 07:50;6,11
29/07/2026 07:55;6,1
29/07/2026 08:00;6,1
29/07/2026 08:05;6,13
29/07/2026 08:10;6,12
29/07/2026 08:15;6,12
29/07/2026 08:20;6,14
29/07/2026 08:25;6,13
29/07/2026 08:30;6,14
29/07/2026 08:35;6,12
29/07/2026 08:40;6,11
29/07/2026 08:45;6,13
29/07/2026 08:50;6,16
29/07/2026 08:55;6,16
29/07/2026 09:00;6,16
29/07/2026 09:05;6,17
29/07/2026 09:10;6,16
29/07/2026 09:15;6,14
29/07/2026 09:20;6,14
29/07/2026 09:25;6,16
29/07/2026 09:30;6,16
29/07/2026 09:35;6,17
29/07/2026 09:40;6,19
29/07/2026 09:45;6,18
29/07/2026 09:50;6,18
29/07/2026 09:55;6,17
29/07/2026 10:00;6,17
29/07/2026 10:05;6,2
29/07/2026 10:10;6,2
29/07/2026 10:15;6,21
29/07/2026 10:20;6,2
29/07/2026 10:25;6,21
29/07/2026 10:30;6,2
29/07/2026 10:35;6,23
29/07/2026 10:40;6,2
29/07/2026 10:45;6,22
29/07/2026 10:50;6,22
29/07/2026 10:55;6,21
29/07/2026 11:00;6,2
29/07/2026 11:05;6,23
29/07/2026 11:10;6,17
29/07/2026 11:15;6,22
29/07/2026 11:20;6,22
29/07/2026 11:25;6,23
29/07/2026 11:30;6,23
29/07/2026 11:35;6,23
29/07/2026 11:40;6,24
29/07/2026 11:45;6,25
29/07/2026 11:50;6,24
29/07/2026 11:55;6,23
29/07/2026 12:00;6,23
29/07/2026 12:05;6,23
29/07/2026 12:10;6,21
29/07/2026 12:15;6,21
29/07/2026 12:20;6,22
29/07/2026 12:25;6,22
29/07/2026 12:30;6,24
29/07/2026 12:35;6,25
29/07/2026 12:40;6,24
29/07/2026 12:45;6,27
29/07/2026 12:50;6,24
29/07/2026 12:55;6,23
29/07/2026 13:00;6,25
29/07/2026 13:05;6,23
29/07/2026 13:10;6,25
29/07/2026 13:15;6,23
29/07/2026 13:20;6,23
29/07/2026 13:25;6,26
29/07/2026 13:30;6,25
29/07/2026 13:35;6,28
29/07/2026 13:40;6,28
29/07/2026 13:45;6,28
29/07/2026 13:50;6,28
29/07/2026 13:55;6,28
29/07/2026 14:00;6,28
29/07/2026 14:05;6,29
29/07/2026 14:10;6,29
29/07/2026 14:15;6,3
29/07/2026 14:20;6,27
29/07/2026 14:25;6,27
29/07/2026 14:30;6,27
29/07/2026 14:35;6,26
29/07/2026 14:40;6,27
29/07/2026 14:45;6,27
29/07/2026 14:50;6,29
29/07/2026 14:55;6,32
29/07/2026 15:00;6,32
29/07/2026 15:05;6,31
29/07/2026 15:10;6,31
29/07/2026 15:15;6,3
29/07/2026 15:20;6,33
29/07/2026 15:25;6,33
29/07/2026 15:30;6,32
29/07/2026 15:35;6,33
29/07/2026 15:40;6,33
29/07/2026 15:45;6,34
29/07/2026 15:50;6,32
29/07/2026 15:55;6,32
29/07/2026 16:00;6,31
29/07/2026 16:05;6,35
29/07/2026 16:10;6,35
29/07/2026 16:15;6,35
29/07/2026 16:20;6,36
29/07/2026 16:25;6,38
29/07/2026 16:30;6,38
29/07/2026 16:35;6,34
29/07/2026 16:40;6,37
29/07/2026 16:45;6,39
29/07/2026 16:50;6,38
29/07/2026 16:55;6,38
29/07/2026 17:00;6,4
29/07/2026 17:05;6,41
29/07/2026 17:10;6,38
29/07/2026 17:15;6,39
29/07/2026 17:20;6,41
29/07/2026 17:25;6,4
29/07/2026 17:30;6,43
29/07/2026 17:35;6,43
29/07/2026 17:40;6,44
29/07/2026 17:45;6,45
29/07/2026 17:50;6,42
29/07/2026 17:55;6,46
29/07/2026 18:00;6,46
29/07/2026 18:05;6,47
29/07/2026 18:10;6,46
29/07/2026 18:15;6,45
29/07/2026 18:20;6,49
29/07/2026 18:25;6,47
29/07/2026 18:30;6,46
29/07/2026 18:35;6,47
29/07/2026 18:40;6,49
29/07/2026 18:45;6,49
29/07/2026 18:50;6,51
29/07/2026 18:55;6,53
29/07/2026 19:00;6,54
29/07/2026 19:05;6,53
29/07/2026 19:10;6,5
29/07/2026 19:15;6,53
29/07/2026 19:20;6,53
29/07/2026 19:25;6,51
29/07/2026 19:30;6,51
29/07/2026 19:35;6,49
29/07/2026 19:40;6,51
29/07/2026 19:45;6,54
29/07/2026 19:50;6,54
29/07/2026 19:55;6,56
29/07/2026 20:00;6,55
29/07/2026 20:05;6,53
29/07/2026 20:10;6,5
29/07/2026 20:15;6,5
29/07/2026 20:20;6,53
29/07/2026 20:25;6,52
29/07/2026 20:30;6,55
29/07/2026 20:35;6,55
29/07/2026 20:40;6,53
29/07/2026 20:45;6,54
29/07/2026 20:50;6,52
29/07/2026 20:55;6,52
29/07/2026 21:00;6,52
29/07/2026 21:05;6,51
29/07/2026 21:10;6,53
29/07/2026 21:15;6,51
29/07/2026 21:20;6,52
29/07/2026 21:25;6,5
29/07/2026 21:30;6,49
29/07/2026 21:35;6,46
29/07/2026 21:40;6,47
29/07/2026 21:45;6,49
29/07/2026 21:50;6,48
29/07/2026 21:55;6,48
29/07/2026 22:00;6,5
29/07/2026 22:05;6,47
29/07/2026 22:10;6,44
29/07/2026 22:15;6,46
29/07/2026 22:20;6,46
29/07/2026 22:25;6,45
29/07/2026 22:30;6,47
29/07/2026 22:35;6,48
29/07/2026 22:40;6,46
29/07/2026 22:45;6,44
29/07/2026 22:50;6,44
29/07/2026 22:55;6,39
29/07/2026 23:00;6,43
29/07/2026 23:05;6,39
29/07/2026 23:10;6,4
29/07/2026 23:15;6,4
29/07/2026 23:20;6,4
29/07/2026 23:25;6,38
29/07/2026 23:30;6,35
29/07/2026 23:35;6,35
29/07/2026 23:40;6,39
29/07/2026 23:45;6,37
29/07/2026 23:50;6,37
29/07/2026 23:55;6,38
30/07/2026 00:00;6,37
30/07/2026 00:05;6,35
30/07/2026 00:10;6,34
30/07/2026 00:15;6,34
30/07/2026 00:20;6,34
30/07/2026 00:25;6,35
30/07/2026 00:30;6,33
30/07/2026 00:35;6,32
30/07/2026 00:40;6,35
30/07/2026 00:45;6,34
30/07/2026 00:50;6,33
30/07/2026 00:55;6,33
30/07/2026 01:00;6,34
30/07/2026 01:05;6,32
30/07/2026 01:10;6,29
30/07/2026 01:15;6,29
30/07/2026 01:20;6,3
30/07/2026 01:25;6,26
30/07/2026 01:30;6,3
30/07/2026 01:35;6,25
30/07/2026 01:40;6,29
30/07/2026 01:45;6,27
30/07/2026 01:50;6,28
30/07/2026 01:55;6,24
30/07/2026 02:00;6,28
30/07/2026 02:05;6,26
30/07/2026 02:10;6,24
30/07/2026 02:15;6,25
30/07/2026 02:20;6,26
30/07/2026 02:25;6,25
30/07/2026 02:30;6,26
30/07/2026 02:35;6,26
30/07/2026 02:40;6,26
30/07/2026 02:45;6,26
30/07/2026 02:50;6,25
30/07/2026 02:55;6,23
30/07/2026 03:00;6,23
30/07/2026 03:05;6,22
30/07/2026 03:10;6,21
30/07/2026 03:15;6,22
30/07/2026 03:20;6,22
30/07/2026 03:25;6,2
30/07/2026 03:30;6,22
30/07/2026 03:35;6,18
30/07/2026 03:40;6,2
30/07/2026 03:45;6,19
30/07/2026 03:50;6,2
30/07/2026 03:55;6,2
30/07/2026 04:00;6,2
30/07/2026 04:05;6,21
30/07/2026 04:10;6,19
30/07/2026 04:15;6,19
30/07/2026 04:20;6,19
30/07/2026 04:25;6,16
30/07/2026 04:30;6,14
30/07/2026 04:35;6,15
30/07/2026 04:40;6,15
30/07/2026 04:45;6,17
30/07/2026 04:50;6,17
30/07/2026 04:55;6,17
30/07/2026 05:00;6,19
30/07/2026 05:05;6,19
30/07/2026 05:10;6,18
30/07/2026 05:15;6,16
30/07/2026 05:20;6,18
30/07/2026 05:25;6,15
30/07/2026 05:30;6,14
30/07/2026 05:35;6,16
30/07/2026 05:40;6,15
30/07/2026 05:45;6,15
30/07/2026 05:50;6,11
30/07/2026 05:55;6,14
30/07/2026 06:00;6,15
30/07/2026 06:05;6,12
30/07/2026 06:10;6,15
30/07/2026 06:15;6,12
30/07/2026 06:20;6,14
30/07/2026 06:25;6,13
30/07/2026 06:30;6,14
30/07/2026 06:35;6,12
30/07/2026 06:40;6,13
30/07/2026 06:45;6,15
30/07/2026 06:50;6,15
30/07/2026 06:55;6,14
30/07/2026 07:00;6,15
30/07/2026 07:05;6,15
30/07/2026 07:10;6,13
30/07/2026 07:15;6,13
30/07/2026 07:20;6,12
30/07/2026 07:25;6,16
30/07/2026 07:30;6,15
30/07/2026 07:35;6,18
30/07/2026 07:40;6,16
30/07/2026 07:45;6,17
30/07/2026 07:50;6,16
30/07/2026 07:55;6,14
30/07/2026 08:00;6,12
30/07/2026 08:05;6,17
30/07/2026 08:10;6,17
30/07/2026 08:15;6,14
30/07/2026 08:20;6,15
30/07/2026 08:25;6,15
30/07/2026 08:30;6,16
30/07/2026 08:35;6,18
30/07/2026 08:40;6,18
30/07/2026 08:45;6,18
30/07/2026 08:50;6,2
30/07/2026 08:55;6,19
30/07/2026 09:00;6,18
30/07/2026 09:05;6,19
30/07/2026 09:10;6,19
30/07/2026 09:15;6,19
30/07/2026 09:20;6,18
30/07/2026 09:25;6,19
30/07/2026 09:30;6,21
30/07/2026 09:35;6,19
30/07/2026 09:40;6,2
30/07/2026 09:45;6,18
30/07/2026 09:50;6,22
30/07/2026 09:55;6,21
30/07/2026 10:00;6,23
30/07/2026 10:05;6,21
30/07/2026 10:10;6,22
30/07/2026 10:15;6,2
30/07/2026 10:20;6,2
30/07/2026 10:25;6,19
30/07/2026 10:30;6,2
30/07/2026 10:35;6,19
30/07/2026 10:40;6,18
30/07/2026 10:45;6,18
30/07/2026 10:50;6,21
30/07/2026 10:55;6,18
30/07/2026 11:00;6,19
30/07/2026 11:05;6,19
30/07/2026 11:10;6,21
30/07/2026 11:15;6,24
30/07/2026 11:20;6,24
30/07/2026 11:25;6,23
30/07/2026 11:30;6,22
30/07/2026 11:35;6,23
30/07/2026 11:40;6,21
30/07/2026 11:45;6,23
30/07/2026 11:50;6,22
30/07/2026 11:55;6,21
30/07/2026 12:00;6,2
30/07/2026 12:05;6,2
30/07/2026 12:10;6,23
30/07/2026 12:15;6,25
30/07/2026 12:20;6,25
30/07/2026 12:25;6,25
30/07/2026 12:30;6,24
30/07/2026 12:35;6,25
30/07/2026 12:40;6,23
30/07/2026 12:45;6,22
30/07/2026 12:50;6,23
30/07/2026 12:55;6,23
30/07/2026 13:00;6,25
30/07/2026 13:05;6,27
30/07/2026 13:10;6,27
30/07/2026 13:15;6,25
30/07/2026 13:20;6,25
30/07/2026 13:25;6,23
30/07/2026 13:30;6,25
30/07/2026 13:35;6,28
30/07/2026 13:40;6,28
30/07/2026 13:45;6,28
30/07/2026 13:50;6,27
30/07/2026 13:55;6,27
30/07/2026 14:00;6,26
30/07/2026 14:05;6,28
30/07/2026 14:10;6,28
30/07/2026 14:15;6,27
30/07/2026 14:20;6,27
30/07/2026 14:25;6,27
30/07/2026 14:30;6,27
30/07/2026 14:35;6,25
30/07/2026 14:40;6,27
30/07/2026 14:45;6,28
30/07/2026 14:50;6,3
30/07/2026 14:55;6,32
30/07/2026 15:00;6,33
30/07/2026 15:05;6,31
30/07/2026 15:10;6,31
30/07/2026 15:15;6,32
30/07/2026 15:20;6,32
30/07/2026 15:25;6,34
30/07/2026 15:30;6,33
30/07/2026 15:35;6,33
30/07/2026 15:40;6,31
30/07/2026 15:45;6,31
30/07/2026 15:50;6,32
30/07/2026 15:55;6,35
30/07/2026 16:00;6,35
30/07/2026 16:05;6,36
30/07/2026 16:10;6,34
30/07/2026 16:15;6,35
30/07/2026 16:20;6,34
30/07/2026 16:25;6,38
30/07/2026 16:30;6,37
30/07/2026 16:35;6,38
30/07/2026 16:40;6,36
30/07/2026 16:45;6,36
30/07/2026 16:50;6,37
30/07/2026 16:55;6,38
30/07/2026 17:00;6,37
30/07/2026 17:05;6,39
30/07/2026 17:10;6,4
30/07/2026 17:15;6,42
30/07/2026 17:20;6,44
30/07/2026 17:25;6,43
30/07/2026 17:30;6,43
30/07/2026 17:35;6,43
30/07/2026 17:40;6,4
30/07/2026 17:45;6,4
30/07/2026 17:50;6,42
30/07/2026 17:55;6,44
30/07/2026 18:00;6,44
30/07/2026 18:05;6,46
30/07/2026 18:10;6,45
30/07/2026 18:15;6,45
30/07/2026 18:20;6,44
30/07/2026 18:25;6,47
30/07/2026 18:30;6,48
30/07/2026 18:35;6,49
30/07/2026 18:40;6,5
30/07/2026 18:45;6,52
30/07/2026 18:50;6,51
30/07/2026 18:55;6,48
30/07/2026 19:00;6,5
30/07/2026 19:05;6,48
30/07/2026 19:10;6,52
30/07/2026 19:15;6,51
30/07/2026 19:20;6,52
30/07/2026 19:25;6,5
30/07/2026 19:30;6,51
30/07/2026 19:35;6,5
30/07/2026 19:40;6,49
30/07/2026 19:45;6,48
30/07/2026 19:50;6,53
30/07/2026 19:55;6,55
30/07/2026 20:00;6,56
30/07/2026 20:05;6,54
30/07/2026 20:10;6,5
30/07/2026 20:15;6,51
30/07/2026 20:20;6,51
30/07/2026 20:25;6,51
30/07/2026 20:30;6,53
30/07/2026 20:35;6,53
30/07/2026 20:40;6,52
30/07/2026 20:45;6,52
30/07/2026 20:50;6,5
30/07/2026 20:55;6,51
30/07/2026 21:00;6,53
30/07/2026 21:05;6,49
30/07/2026 21:10;6,53
30/07/2026 21:15;6,55
30/07/2026 21:20;6,54
30/07/2026 21:25;6,54
30/07/2026 21:30;6,54
30/07/2026 21:35;6,54
30/07/2026 21:40;6,52
30/07/2026 21:45;6,51
30/07/2026 21:50;6,49
30/07/2026 21:55;6,48
30/07/2026 22:00;6,5
30/07/2026 22:05;6,51
30/07/2026 22:10;6,51
30/07/2026 22:15;6,51
30/07/2026 22:20;6,53
30/07/2026 22:25;6,52
30/07/2026 22:30;6,5
30/07/2026 22:35;6,5
30/07/2026 22:40;6,47
30/07/2026 22:45;6,46
30/07/2026 22:50;6,47
30/07/2026 22:55;6,48
30/07/2026 23:00;6,47
30/07/2026 23:05;6,48
30/07/2026 23:10;6,46
30/07/2026 23:15;6,47
30/07/2026 23:20;6,43
30/07/2026 23:25;6,43
30/07/2026 23:30;6,46
30/07/2026 23:35;6,48
30/07/2026 23:40;6,47
30/07/2026 23:45;6,47
30/07/2026 23:50;6,45
30/07/2026 23:55;6,43
31/07/2026 00:00;6,42
31/07/2026 00:05;6,43
31/07/2026 00:10;6,42
31/07/2026 00:15;6,42
31/07/2026 00:20;6,42
31/07/2026 00:25;6,41
31/07/2026 00:30;6,41
31/07/2026 00:35;6,4
31/07/2026 00:40;6,36
31/07/2026 00:45;6,38
31/07/2026 00:50;6,4
31/07/2026 00:55;6,4
31/07/2026 01:00;6,39
31/07/2026 01:05;6,4
31/07/2026 01:10;6,39
31/07/2026 01:15;6,35
31/07/2026 01:20;6,36
31/07/2026 01:25;6,35
31/07/2026 01:30;6,32
31/07/2026 01:35;6,35
31/07/2026 01:40;6,31
31/07/2026 01:45;6,33
31/07/2026 01:50;6,31
31/07/2026 01:55;6,31
31/07/2026 02:00;6,29
31/07/2026 02:05;6,3
31/07/2026 02:10;6,33
31/07/2026 02:15;6,32
31/07/2026 02:20;6,34
31/07/2026 02:25;6,33
31/07/2026 02:30;6,32
31/07/2026 02:35;6,3
31/07/2026 02:40;6,29
31/07/2026 02:45;6,27
31/07/2026 02:50;6,3
31/07/2026 02:55;6,29
31/07/2026 03:00;6,26
31/07/2026 03:05;6,25
31/07/2026 03:10;6,28
31/07/2026 03:15;6,24
31/07/2026 03:20;6,26
31/07/2026 03:25;6,25
31/07/2026 03:30;6,28
31/07/2026 03:35;6,27
31/07/2026 03:40;6,29
31/07/2026 03:45;6,29
31/07/2026 03:50;6,26
31/07/2026 03:55;6,24
31/07/2026 04:00;6,25
31/07/2026 04:05;6,23
31/07/2026 04:10;6,24
31/07/2026 04:15;6,21
31/07/2026 04:20;6,22
31/07/2026 04:25;6,22
31/07/2026 04:30;6,23
31/07/2026 04:35;6,24
31/07/2026 04:40;6,26
31/07/2026 04:45;6,26
31/07/2026 04:50;6,26
31/07/2026 04:55;6,21
31/07/2026 05:00;6,2
31/07/2026 05:05;6,24
31/07/2026 05:10;6,25
31/07/2026 05:15;6,25
31/07/2026 05:20;6,26
31/07/2026 05:25;6,25
31/07/2026 05:30;6,23
31/07/2026 05:35;6,24
31/07/2026 05:40;6,2
31/07/2026 05:45;6,2
31/07/2026 05:50;6,23
31/07/2026 05:55;6,23
31/07/2026 06:00;6,24
31/07/2026 06:05;6,23
31/07/2026 06:10;6,22
31/07/2026 06:15;6,21
31/07/2026 06:20;6,2
31/07/2026 06:25;6,2
31/07/2026 06:30;6,2
31/07/2026 06:35;6,21
31/07/2026 06:40;6,2
31/07/2026 06:45;6,19
31/07/2026 06:50;6,18
31/07/2026 06:55;6,18
31/07/2026 07:00;6,17
31/07/2026 07:05;6,18
31/07/2026 07:10;6,18
31/07/2026 07:15;6,2
31/07/2026 07:20;6,2
31/07/2026 07:25;6,2
31/07/2026 07:30;6,18
31/07/2026 07:35;6,16
31/07/2026 07:40;6,18
31/07/2026 07:45;6,18
31/07/2026 07:50;6,17
31/07/2026 07:55;6,16
31/07/2026 08:00;6,15
31/07/2026 08:05;6,17
31/07/2026 08:10;6,18
31/07/2026 08:15;6,16
31/07/2026 08:20;6,15
31/07/2026 08:25;6,18
31/07/2026 08:30;6,17
31/07/2026 08:35;6,2
31/07/2026 08:40;6,19
31/07/2026 08:45;6,21
31/07/2026 08:50;6,22
31/07/2026 08:55;6,19
31/07/2026 09:00;6,17
31/07/2026 09:05;6,18
31/07/2026 09:10;6,18
31/07/2026 09:15;6,17
31/07/2026 09:20;6,17
31/07/2026 09:25;6,19
31/07/2026 09:30;
31/07/2026 09:35;6,22
31/07/2026 09:40;6,2
31/07/2026 09:45;6,21
31/07/2026 09:50;6,2
31/07/2026 09:55;6,21
31/07/2026 10:00;6,19
31/07/2026 10:05;6,2
31/07/2026 10:10;6,19
31/07/2026 10:15;6,19
31/07/2026 10:20;6,2
31/07/2026 10:25;6,19
31/07/2026 10:30;6,2
31/07/2026 10:35;6,2
31/07/2026 10:40;6,2
31/07/2026 10:45;6,23
31/07/2026 10:50;6,22
31/07/2026 10:55;6,22
31/07/2026 11:00;6,22
31/07/2026 11:05;6,22
31/07/2026 11:10;6,21
31/07/2026 11:15;6,21
31/07/2026 11:20;6,19
31/07/2026 11:25;6,21
31/07/2026 11:30;6,2
31/07/2026 11:35;6,2
31/07/2026 11:40;6,19
31/07/2026 11:45;6,23
31/07/2026 11:50;6,22
31/07/2026 11:55;6,18
31/07/2026 12:00;6,21
31/07/2026 12:05;6,21
31/07/2026 12:10;6,21
31/07/2026 12:15;6,22
31/07/2026 12:20;6,2
31/07/2026 12:25;6,21
31/07/2026 12:30;6,22
31/07/2026 12:35;6,2
31/07/2026 12:40;6,2
31/07/2026 12:45;6,22
31/07/2026 12:50;6,22
31/07/2026 12:55;6,21
31/07/2026 13:00;6,19
31/07/2026 13:05;6,23
31/07/2026 13:10;6,21
31/07/2026 13:15;6,21
31/07/2026 13:20;6,22
31/07/2026 13:25;6,24
31/07/2026 13:30;6,24
31/07/2026 13:35;6,24
31/07/2026 13:40;6,24
31/07/2026 13:45;6,25
31/07/2026 13:50;6,25
31/07/2026 13:55;6,23
31/07/2026 14:00;6,24
31/07/2026 14:05;6,24
31/07/2026 14:10;6,24
31/07/2026 14:15;6,24
31/07/2026 14:20;6,22
31/07/2026 14:25;6,26
31/07/2026 14:30;6,25
31/07/2026 14:35;6,25
31/07/2026 14:40;6,29
31/07/2026 14:45;6,29
31/07/2026 14:50;6,26
31/07/2026 14:55;6,24
31/07/2026 15:00;6,23
31/07/2026 15:05;6,27
31/07/2026 15:10;6,27
31/07/2026 15:15;6,29
31/07/2026 15:20;6,3
31/07/2026 15:25;6,3
31/07/2026 15:30;6,29
31/07/2026 15:35;6,25
31/07/2026 15:40;6,27
31/07/2026 15:45;6,27
31/07/2026 15:50;6,31
31/07/2026 15:55;6,28
31/07/2026 16:00;6,31
31/07/2026 16:05;6,34
31/07/2026 16:10;6,32
31/07/2026 16:15;6,33
31/07/2026 16:20;6,28
31/07/2026 16:25;6,32
31/07/2026 16:30;6,3
31/07/2026 16:35;6,3
31/07/2026 16:40;6,32
31/07/2026 16:45;6,33
31/07/2026 16:50;6,3
31/07/2026 16:55;6,29
31/07/2026 17:00;6,32
31/07/2026 17:05;6,33
31/07/2026 17:10;6,36
31/07/2026 17:15;6,35
31/07/2026 17:20;6,38
31/07/2026 17:25;6,36
31/07/2026 17:30;6,35
31/07/2026 17:35;6,35
31/07/2026 17:40;6,35
31/07/2026 17:45;6,37
31/07/2026 17:50;6,35
31/07/2026 17:55;6,35
31/07/2026 18:00;6,37
31/07/2026 18:05;6,4
31/07/2026 18:10;6,37
31/07/2026 18:15;6,35
31/07/2026 18:20;6,36
31/07/2026 18:25;6,41
31/07/2026 18:30;6,4
31/07/2026 18:35;6,43
31/07/2026 18:40;6,43
31/07/2026 18:45;6,41
31/07/2026 18:50;6,43
31/07/2026 18:55;6,44
31/07/2026 19:00;6,42
31/07/2026 19:05;6,45
31/07/2026 19:10;6,43
31/07/2026 19:15;6,46
31/07/2026 19:20;6,45
31/07/2026 19:25;6,46
31/07/2026 19:30;6,46
31/07/2026 19:35;6,46
31/07/2026 19:40;6,48
31/07/2026 19:45;6,49
31/07/2026 19:50;6,47
31/07/2026 19:55;6,43
31/07/2026 20:00;6,44
31/07/2026 20:05;6,48
31/07/2026 20:10;6,48
31/07/2026 20:15;6,49
31/07/2026 20:20;6,45
31/07/2026 20:25;6,47
31/07/2026 20:30;6,47
31/07/2026 20:35;6,46
31/07/2026 20:40;6,47
31/07/2026 20:45;6,49
31/07/2026 20:50;6,48
31/07/2026 20:55;6,51
31/07/2026 21:00;6,5
31/07/2026 21:05;6,5
31/07/2026 21:10;6,5
31/07/2026 21:15;6,47
31/07/2026 21:20;6,47
31/07/2026 21:25;6,49
31/07/2026 21:30;6,48
31/07/2026 21:35;6,47
31/07/2026 21:40;6,47
31/07/2026 21:45;6,48
31/07/2026 21:50;6,44
31/07/2026 21:55;6,49
31/07/2026 22:00;6,44
31/07/2026 22:05;6,47
31/07/2026 22:10;6,44
31/07/2026 22:15;6,47
31/07/2026 22:20;6,46
31/07/2026 22:25;6,49
31/07/2026 22:30;6,42
31/07/2026 22:35;6,44
31/07/2026 22:40;6,43
31/07/2026 22:45;6,46
31/07/2026 22:50;6,43
31/07/2026 22:55;6,41
31/07/2026 23:00;6,42
31/07/2026 23:05;6,44
31/07/2026 23:10;6,45
31/07/2026 23:15;6,46
31/07/2026 23:20;6,44
31/07/2026 23:25;6,42
31/07/2026 23:30;6,42
31/07/2026 23:35;6,4
31/07/2026 23:40;6,38
31/07/2026 23:45;6,41
31/07/2026 23:50;6,39
31/07/2026 23:55;6,39
01/08/2026 00:00;6,39
01/08/2026 00:05;6,38
01/08/2026 00:10;6,36
01/08/2026 00:15;6,38
01/08/2026 00:20;6,35
01/08/2026 00:25;6,37
01/08/2026 00:30;6,36
01/08/2026 00:35;6,34
01/08/2026 00:40;6,35
01/08/2026 00:45;6,36
01/08/2026 00:50;6,36
01/08/2026 00:55;6,36
01/08/2026 01:00;6,36
01/08/2026 01:05;6,35
01/08/2026 01:10;6,34
01/08/2026 01:15;6,33
01/08/2026 01:20;6,32
01/08/2026 01:25;6,33
01/08/2026 01:30;6,31
01/08/2026 01:35;6,31
01/08/2026 01:40;6,29
01/08/2026 01:45;6,31
01/08/2026 01:50;6,29
01/08/2026 01:55;6,3
01/08/2026 02:00;6,3
01/08/2026 02:05;6,29
01/08/2026 02:10;6,31
01/08/2026 02:15;6,31
01/08/2026 02:20;6,31
01/08/2026 02:25;6,3
01/08/2026 02:30;6,26
01/08/2026 02:35;6,27
01/08/2026 02:40;6,27
01/08/2026 02:45;6,28
01/08/2026 02:50;6,23
01/08/2026 02:55;6,24
01/08/2026 03:00;6,22
01/08/2026 03:05;6,26
01/08/2026 03:10;6,26
01/08/2026 03:15;6,25
01/08/2026 03:20;6,25
01/08/2026 03:25;6,26
01/08/2026 03:30;6,23
01/08/2026 03:35;6,24
01/08/2026 03:40;6,23
01/08/2026 03:45;6,24
01/08/2026 03:50;6,2
01/08/2026 03:55;6,2
01/08/2026 04:00;6,19
01/08/2026 04:05;6,19
01/08/2026 04:10;6,2
01/08/2026 04:15;6,18
01/08/2026 04:20;6,15
01/08/2026 04:25;6,17
01/08/2026 04:30;6,17
01/08/2026 04:35;6,18
01/08/2026 04:40;6,17
01/08/2026 04:45;6,16
01/08/2026 04:50;6,17
01/08/2026 04:55;6,14
01/08/2026 05:00;6,14
01/08/2026 05:05;6,14
01/08/2026 05:10;6,13
01/08/2026 05:15;6,11
01/08/2026 05:20;6,12
01/08/2026 05:25;6,13
01/08/2026 05:30;6,1
01/08/2026 05:35;6,1
01/08/2026 05:40;6,09
01/08/2026 05:45;6,11
01/08/2026 05:50;6,12
01/08/2026 05:55;6,12
01/08/2026 06:00;6,13
01/08/2026 06:05;6,14
01/08/2026 06:10;6,12
01/08/2026 06:15;6,12
01/08/2026 06:20;6,11
01/08/2026 06:25;6,12
01/08/2026 06:30;6,1
01/08/2026 06:35;6,07
01/08/2026 06:40;6,08
01/08/2026 06:45;6,11
01/08/2026 06:50;6,09
01/08/2026 06:55;6,08
01/08/2026 07:00;6,1
01/08/2026 07:05;6,11
01/08/2026 07:10;6,13
01/08/2026 07:15;6,14
01/08/2026 07:20;6,14
01/08/2026 07:25;6,14
01/08/2026 07:30;6,13
01/08/2026 07:35;6,12
01/08/2026 07:40;6,12
01/08/2026 07:45;6,12
01/08/2026 07:50;6,12
01/08/2026 07:55;6,11
01/08/2026 08:00;6,11
01/08/2026 08:05;6,11
01/08/2026 08:10;6,11
01/08/2026 08:15;6,13
01/08/2026 08:20;6,11
01/08/2026 08:25;6,15
01/08/2026 08:30;6,15
01/08/2026 08:35;6,13
01/08/2026 08:40;6,17
01/08/2026 08:45;6,15
01/08/2026 08:50;6,14
01/08/2026 08:55;6,15
01/08/2026 09:00;6,13
01/08/2026 09:05;6,15
01/08/2026 09:10;6,15
01/08/2026 09:15;6,14
01/08/2026 09:20;6,13
01/08/2026 09:25;6,15
01/08/2026 09:30;6,18
01/08/2026 09:35;6,18
01/08/2026 09:40;6,19
01/08/2026 09:45;6,19
01/08/2026 09:50;6,17
01/08/2026 09:55;6,19
01/08/2026 10:00;6,17
01/08/2026 10:05;6,2
01/08/2026 10:10;6,17
01/08/2026 10:15;6,17
01/08/2026 10:20;6,19
01/08/2026 10:25;6,18
01/08/2026 10:30;6,2
01/08/2026 10:35;6,16
01/08/2026 10:40;6,16
01/08/2026 10:45;6,19
01/08/2026 10:50;6,21
01/08/2026 10:55;6,21
01/08/2026 11:00;6,22
01/08/2026 11:05;6,21
01/08/2026 11:10;6,21
01/08/2026 11:15;6,17
01/08/2026 11:20;6,2
01/08/2026 11:25;6,21
01/08/2026 11:30;6,2
01/08/2026 11:35;6,21
01/08/2026 11:40;6,22
01/08/2026 11:45;6,24
01/08/2026 11:50;6,23
01/08/2026 11:55;6,23
01/08/2026 12:00;6,21
01/08/2026 12:05;6,23
01/08/2026 12:10;6,24
01/08/2026 12:15;6,25
01/08/2026 12:20;6,24
01/08/2026 12:25;6,24
01/08/2026 12:30;6,24
01/08/2026 12:35;6,22
01/08/2026 12:40;6,2
01/08/2026 12:45;6,25
01/08/2026 12:50;6,2
01/08/2026 12:55;6,21
01/08/2026 13:00;6,23
01/08/2026 13:05;6,26
01/08/2026 13:10;6,26
01/08/2026 13:15;6,26
01/08/2026 13:20;6,28
01/08/2026 13:25;6,25
01/08/2026 13:30;6,26
01/08/2026 13:35;6,25
01/08/2026 13:40;6,27
01/08/2026 13:45;6,25
01/08/2026 13:50;6,26
01/08/2026 13:55;6,25
01/08/2026 14:00;6,25
01/08/2026 14:05;6,27
01/08/2026 14:10;6,26
01/08/2026 14:15;6,29
01/08/2026 14:20;6,3
01/08/2026 14:25;6,29
01/08/2026 14:30;6,27
01/08/2026 14:35;6,29
01/08/2026 14:40;6,29
01/08/2026 14:45;6,32
01/08/2026 14:50;6,29
01/08/2026 14:55;6,3
01/08/2026 15:00;6,24
01/08/2026 15:05;6,3
01/08/2026 15:10;6,28
01/08/2026 15:15;6,28
01/08/2026 15:20;6,3
01/08/2026 15:25;6,32
01/08/2026 15:30;6,32
01/08/2026 15:35;6,33
01/08/2026 15:40;6,35
01/08/2026 15:45;6,32
01/08/2026 15:50;6,34
01/08/2026 15:55;6,32
01/08/2026 16:00;6,33
01/08/2026 16:05;6,36
01/08/2026 16:10;6,32
01/08/2026 16:15;6,32
01/08/2026 16:20;6,36
01/08/2026 16:25;6,37
01/08/2026 16:30;6,34
01/08/2026 16:35;6,33
01/08/2026 16:40;6,34
01/08/2026 16:45;6,39
01/08/2026 16:50;6,41
01/08/2026 16:55;6,41
01/08/2026 17:00;6,41
01/08/2026 17:05;6,41
01/08/2026 17:10;6,41
01/08/2026 17:15;6,37
01/08/2026 17:20;6,38
01/08/2026 17:25;6,43
01/08/2026 17:30;6,4
01/08/2026 17:35;6,42
01/08/2026 17:40;6,43
01/08/2026 17:45;6,45
01/08/2026 17:50;6,42
01/08/2026 17:55;6,46
01/08/2026 18:00;6,47
01/08/2026 18:05;6,47
01/08/2026 18:10;6,49
01/08/2026 18:15;6,49
01/08/2026 18:20;6,5
01/08/2026 18:25;6,5
01/08/2026 18:30;6,48
01/08/2026 18:35;6,5
01/08/2026 18:40;6,44
01/08/2026 18:45;6,51
01/08/2026 18:50;6,47
01/08/2026 18:55;6,47
01/08/2026 19:00;6,47
01/08/2026 19:05;6,51
01/08/2026 19:10;6,5
01/08/2026 19:15;6,51
01/08/2026 19:20;6,52
01/08/2026 19:25;6,53
01/08/2026 19:30;6,49
01/08/2026 19:35;6,47
01/08/2026 19:40;6,48
01/08/2026 19:45;6,51
01/08/2026 19:50;6,49
01/08/2026 19:55;6,52
01/08/2026 20:00;6,51
01/08/2026 20:05;6,52
01/08/2026 20:10;6,48
01/08/2026 20:15;6,5
01/08/2026 20:20;6,53
01/08/2026 20:25;6,51
01/08/2026 20:30;6,52
01/08/2026 20:35;6,54
01/08/2026 20:40;6,54
01/08/2026 20:45;6,53
01/08/2026 20:50;6,5
01/08/2026 20:55;6,48
01/08/2026 21:00;6,48
01/08/2026 21:05;6,53
01/08/2026 21:10;6,49
01/08/2026 21:15;6,5
01/08/2026 21:20;6,48
01/08/2026 21:25;6,48
01/08/2026 21:30;6,48
01/08/2026 21:35;6,5
01/08/2026 21:40;6,47
01/08/2026 21:45;6,48
01/08/2026 21:50;6,47
01/08/2026 21:55;6,47
01/08/2026 22:00;6,45
01/08/2026 22:05;6,49
01/08/2026 22:10;6,5
01/08/2026 22:15;6,5
01/08/2026 22:20;6,5
01/08/2026 22:25;6,5
01/08/2026 22:30;6,46
01/08/2026 22:35;6,48
01/08/2026 22:40;6,48
01/08/2026 22:45;6,46
01/08/2026 22:50;6,43
01/08/2026 22:55;6,44
01/08/2026 23:00;6,46
01/08/2026 23:05;6,43
01/08/2026 23:10;6,44
01/08/2026 23:15;6,44
01/08/2026 23:20;6,44
01/08/2026 23:25;6,45
01/08/2026 23:30;6,39
01/08/2026 23:35;6,39
01/08/2026 23:40;6,37
01/08/2026 23:45;6,42
01/08/2026 23:50;6,41
01/08/2026 23:55;6,41
02/08/2026 00:00;6,41
02/08/2026 00:05;6,4
02/08/2026 00:10;6,38
02/08/2026 00:15;6,37
02/08/2026 00:20;6,37
02/08/2026 00:25;6,39
02/08/2026 00:30;6,39
02/08/2026 00:35;6,38
02/08/2026 00:40;6,4
02/08/2026 00:45;6,39
02/08/2026 00:50;6,34
02/08/2026 00:55;6,33
02/08/2026 01:00;6,35
02/08/2026 01:05;6,34
02/08/2026 01:10;6,34
02/08/2026 01:15;6,33
02/08/2026 01:20;6,35
02/08/2026 01:25;6,36
02/08/2026 01:30;6,33
02/08/2026 01:35;6,32
02/08/2026 01:40;6,31
02/08/2026 01:45;6,32
02/08/2026 01:50;6,32
02/08/2026 01:55;6,33
02/08/2026 02:00;6,32
02/08/2026 02:05;6,32
02/08/2026 02:10;6,3
02/08/2026 02:15;6,27
02/08/2026 02:20;6,24
02/08/2026 02:25;6,27
02/08/2026 02:30;6,27
02/08/2026 02:35;6,26
02/08/2026 02:40;6,26
02/08/2026 02:45;6,26
02/08/2026 02:50;6,24
02/08/2026 02:55;6,22
02/08/2026 03:00;6,21
02/08/2026 03:05;6,23
02/08/2026 03:10;6,22
02/08/2026 03:15;6,23
02/08/2026 03:20;6,23
02/08/2026 03:25;6,23
02/08/2026 03:30;6,22
02/08/2026 03:35;6,22
02/08/2026 03:40;6,18
02/08/2026 03:45;6,16
02/08/2026 03:50;6,19
02/08/2026 03:55;6,16
02/08/2026 04:00;6,15
02/08/2026 04:05;6,16
02/08/2026 04:10;6,12
02/08/2026 04:15;6,15
02/08/2026 04:20;6,11
02/08/2026 04:25;6,14
02/08/2026 04:30;6,15
02/08/2026 04:35;6,13
02/08/2026 04:40;6,14
02/08/2026 04:45;6,15
02/08/2026 04:50;6,12
02/08/2026 04:55;6,11
02/08/2026 05:00;6,1
02/08/2026 05:05;6,1
02/08/2026 05:10;6,1
02/08/2026 05:15;6,1
02/08/2026 05:20;6,08
02/08/2026 05:25;6,07
02/08/2026 05:30;6,06
02/08/2026 05:35;6,07
02/08/2026 05:40;6,06
02/08/2026 05:45;6,07
02/08/2026 05:50;6,08
02/08/2026 05:55;6,08
02/08/2026 06:00;6,09
02/08/2026 06:05;6,1
02/08/2026 06:10;6,09
02/08/2026 06:15;6,07
02/08/2026 06:20;6,07
02/08/2026 06:25;6,07
02/08/2026 06:30;6,05
02/08/2026 06:35;6,03
02/08/2026 06:40;6,04
02/08/2026 06:45;6,06
02/08/2026 06:50;6,06
02/08/2026 06:55;6,06
02/08/2026 07:00;6,08
02/08/2026 07:05;6,08
02/08/2026 07:10;6,08
02/08/2026 07:15;6,07
02/08/2026 07:20;6,05
02/08/2026 07:25;6,08
02/08/2026 07:30;6,05
02/08/2026 07:35;6,08
02/08/2026 07:40;6,06
02/08/2026 07:45;6,06
02/08/2026 07:50;6,05
02/08/2026 07:55;6,03
02/08/2026 08:00;6,04
02/08/2026 08:05;6,06
02/08/2026 08:10;6,07
02/08/2026 08:15;6,08
02/08/2026 08:20;6,09
02/08/2026 08:25;6,09
02/08/2026 08:30;6,09
02/08/2026 08:35;6,08
02/08/2026 08:40;6,05
02/08/2026 08:45;6,09
02/08/2026 08:50;6,1
02/08/2026 08:55;6,08
02/08/2026 09:00;6,11
02/08/2026 09:05;6,09
02/08/2026 09:10;6,11
02/08/2026 09:15;6,08
02/08/2026 09:20;6,07
02/08/2026 09:25;6,13
02/08/2026 09:30;6,11
02/08/2026 09:35;6,13
02/08/2026 09:40;6,14
02/08/2026 09:45;6,15
02/08/2026 09:50;6,14
02/08/2026 09:55;6,14
02/08/2026 10:00;6,12
02/08/2026 10:05;6,15
02/08/2026 10:10;6,14
02/08/2026 10:15;6,14
02/08/2026 10:20;6,15
02/08/2026 10:25;6,17
02/08/2026 10:30;6,18
02/08/2026 10:35;6,17
02/08/2026 10:40;6,15
02/08/2026 10:45;6,2
02/08/2026 10:50;6,18
02/08/2026 10:55;6,16
02/08/2026 11:00;6,15
02/08/2026 11:05;6,19
02/08/2026 11:10;6,15
02/08/2026 11:15;6,17
02/08/2026 11:20;6,2
02/08/2026 11:25;6,19
02/08/2026 11:30;6,17
02/08/2026 11:35;6,19
02/08/2026 11:40;6,18
02/08/2026 11:45;6,22
02/08/2026 11:50;6,16
02/08/2026 11:55;6,2
02/08/2026 12:00;6,19
02/08/2026 12:05;6,23
02/08/2026 12:10;6,21
02/08/2026 12:15;6,24
02/08/2026 12:20;6,25
02/08/2026 12:25;6,25
02/08/2026 12:30;6,21
02/08/2026 12:35;6,25
02/08/2026 12:40;6,2
02/08/2026 12:45;6,24
02/08/2026 12:50;6,2
02/08/2026 12:55;6,21
02/08/2026 13:00;6,21
02/08/2026 13:05;6,25
02/08/2026 13:10;6,24
02/08/2026 13:15;6,26
02/08/2026 13:20;6,26
02/08/2026 13:25;6,27
02/08/2026 13:30;6,24
02/08/2026 13:35;6,24
02/08/2026 13:40;6,25
02/08/2026 13:45;6,27
02/08/2026 13:50;6,26
02/08/2026 13:55;6,25
02/08/2026 14:00;6,27
02/08/2026 14:05;6,27
02/08/2026 14:10;6,25
02/08/2026 14:15;6,24
02/08/2026 14:20;6,24
02/08/2026 14:25;6,26
02/08/2026 14:30;6,31
02/08/2026 14:35;6,3
02/08/2026 14:40;6,31
02/08/2026 14:45;6,3
02/08/2026 14:50;6,29
02/08/2026 14:55;6,3
02/08/2026 15:00;6,3
02/08/2026 15:05;6,32
02/08/2026 15:10;6,29
02/08/2026 15:15;6,31
02/08/2026 15:20;6,3
02/08/2026 15:25;6,34
02/08/2026 15:30;6,33
02/08/2026 15:35;6,31
02/08/2026 15:40;6,34
02/08/2026 15:45;6,36
02/08/2026 15:50;6,35
02/08/2026 15:55;6,37
02/08/2026 16:00;6,36
02/08/2026 16:05;6,38
02/08/2026 16:10;6,33
02/08/2026 16:15;6,35
02/08/2026 16:20;6,34
02/08/2026 16:25;6,37
02/08/2026 16:30;6,38
02/08/2026 16:35;6,39
02/08/2026 16:40;6,36
02/08/2026 16:45;6,38
02/08/2026 16:50;6,4
02/08/2026 16:55;6,38
02/08/2026 17:00;6,39
02/08/2026 17:05;6,42
02/08/2026 17:10;6,44
02/08/2026 17:15;6,46
02/08/2026 17:20;6,47
02/08/2026 17:25;6,48
02/08/2026 17:30;6,42
02/08/2026 17:35;6,43
02/08/2026 17:40;6,47
02/08/2026 17:45;6,45
02/08/2026 17:50;6,46
02/08/2026 17:55;6,45
02/08/2026 18:00;6,45
02/08/2026 18:05;6,48
02/08/2026 18:10;6,47
02/08/2026 18:15;6,47
02/08/2026 18:20;6,47
02/08/2026 18:25;6,48
02/08/2026 18:30;6,48
02/08/2026 18:35;6,5
02/08/2026 18:40;6,5
02/08/2026 18:45;6,52
02/08/2026 18:50;6,49
02/08/2026 18:55;6,49
02/08/2026 19:00;6,49
02/08/2026 19:05;6,52
02/08/2026 19:10;6,49
02/08/2026 19:15;6,51
02/08/2026 19:20;6,54
02/08/2026 19:25;6,54
02/08/2026 19:30;6,5
02/08/2026 19:35;6,51
02/08/2026 19:40;6,51
02/08/2026 19:45;6,55
02/08/2026 19:50;6,55
02/08/2026 19:55;6,54
02/08/2026 20:00;6,57
02/08/2026 20:05;6,56
02/08/2026 20:10;6,5
02/08/2026 20:15;6,5
02/08/2026 20:20;6,53
02/08/2026 20:25;6,52
02/08/2026 20:30;6,5
02/08/2026 20:35;6,51
02/08/2026 20:40;6,52
02/08/2026 20:45;6,54
02/08/2026 20:50;6,52
02/08/2026 20:55;6,53
02/08/2026 21:00;6,51
02/08/2026 21:05;6,54
02/08/2026 21:10;6,53
02/08/2026 21:15;6,53
02/08/2026 21:20;6,54
02/08/2026 21:25;6,55
02/08/2026 21:30;6,54
02/08/2026 21:35;6,53
02/08/2026 21:40;6,5
02/08/2026 21:45;6,52
02/08/2026 21:50;6,51
02/08/2026 21:55;6,48
02/08/2026 22:00;6,51
02/08/2026 22:05;6,52
02/08/2026 22:10;6,48
02/08/2026 22:15;6,48
02/08/2026 22:20;6,48
02/08/2026 22:25;6,49
02/08/2026 22:30;6,49
02/08/2026 22:35;6,51
02/08/2026 22:40;6,52
02/08/2026 22:45;6,5
02/08/2026 22:50;6,46
02/08/2026 22:55;6,46
02/08/2026 23:00;6,48
02/08/2026 23:05;6,45
02/08/2026 23:10;6,46
02/08/2026 23:15;6,46
02/08/2026 23:20;6,47
02/08/2026 23:25;6,47
02/08/2026 23:30;6,4
02/08/2026 23:35;6,43
02/08/2026 23:40;6,4
02/08/2026 23:45;6,43
02/08/2026 23:50;6,44
02/08/2026 23:55;6,43
03/08/2026 00:00;6,44
03/08/2026 00:05;6,44
03/08/2026 00:10;6,39
03/08/2026 00:15;6,41
03/08/2026 00:20;6,38
03/08/2026 00:25;6,41
03/08/2026 00:30;6,38
03/08/2026 00:35;6,38
03/08/2026 00:40;6,37
03/08/2026 00:45;6,39
03/08/2026 00:50;6,36
03/08/2026 00:55;6,34
03/08/2026 01:00;6,35
03/08/2026 01:05;6,36
03/08/2026 01:10;6,37
03/08/2026 01:15;6,35
03/08/2026 01:20;6,35
03/08/2026 01:25;6,37
03/08/2026 01:30;6,32
03/08/2026 01:35;6,31
03/08/2026 01:40;6,33
03/08/2026 01:45;6,33
03/08/2026 01:50;6,3
03/08/2026 01:55;6,29
03/08/2026 02:00;6,3
03/08/2026 02:05;6,32
03/08/2026 02:10;6,28
03/08/2026 02:15;6,29
03/08/2026 02:20;6,28
03/08/2026 02:25;6,3
03/08/2026 02:30;6,28
03/08/2026 02:35;6,29
03/08/2026 02:40;6,29
03/08/2026 02:45;6,29
03/08/2026 02:50;6,28
03/08/2026 02:55;6,26
03/08/2026 03:00;6,26
03/08/2026 03:05;6,25
03/08/2026 03:10;6,21
03/08/2026 03:15;6,22
03/08/2026 03:20;6,22
03/08/2026 03:25;6,23
03/08/2026 03:30;6,23
03/08/2026 03:35;6,22
03/08/2026 03:40;6,23
03/08/2026 03:45;6,23
03/08/2026 03:50;6,21
03/08/2026 03:55;6,19
03/08/2026 04:00;6,17
03/08/2026 04:05;6,18
03/08/2026 04:10;6,16
03/08/2026 04:15;6,18
03/08/2026 04:20;6,14
03/08/2026 04:25;6,16
03/08/2026 04:30;6,13
03/08/2026 04:35;6,13
03/08/2026 04:40;6,12
03/08/2026 04:45;6,11
03/08/2026 04:50;6,1
03/08/2026 04:55;6,1
03/08/2026 05:00;6,09
03/08/2026 05:05;6,1
03/08/2026 05:10;6,11
03/08/2026 05:15;6,12
03/08/2026 05:20;6,1
03/08/2026 05:25;6,11
03/08/2026 05:30;6,08
03/08/2026 05:35;6,07
03/08/2026 05:40;6,06
03/08/2026 05:45;6,09
03/08/2026 05:50;6,05
03/08/2026 05:55;6,06
03/08/2026 06:00;6,05
03/08/2026 06:05;6,07
03/08/2026 06:10;6,05
03/08/2026 06:15;6,05
03/08/2026 06:20;6,07
03/08/2026 06:25;6,07
03/08/2026 06:30;6,07
03/08/2026 06:35;6,07
03/08/2026 06:40;6,08
03/08/2026 06:45;6,08
03/08/2026 06:50;6,06
03/08/2026 06:55;6,05
03/08/2026 07:00;6,07
03/08/2026 07:05;6,06
03/08/2026 07:10;6,03
03/08/2026 07:15;6,04
03/08/2026 07:20;6,05
03/08/2026 07:25;6,06
03/08/2026 07:30;6,05
03/08/2026 07:35;6,05
03/08/2026 07:40;6,04
03/08/2026 07:45;6,06
03/08/2026 07:50;6,06
03/08/2026 07:55;6,04
03/08/2026 08:00;6,06
03/08/2026 08:05;6,07
03/08/2026 08:10;6,06
03/08/2026 08:15;6,06
03/08/2026 08:20;6,07
03/08/2026 08:25;6,08
03/08/2026 08:30;6,06
03/08/2026 08:35;6,06
03/08/2026 08:40;6,06
03/08/2026 08:45;6,07
03/08/2026 08:50;6,07
03/08/2026 08:55;6,08
03/08/2026 09:00;6,09
03/08/2026 09:05;6,1
03/08/2026 09:10;6,09
03/08/2026 09:15;6,12
03/08/2026 09:20;6,12
03/08/2026 09:25;6,14
03/08/2026 09:30;6,11
03/08/2026 09:35;6,1
03/08/2026 09:40;6,12
03/08/2026 09:45;6,13
03/08/2026 09:50;6,12
03/08/2026 09:55;6,13
03/08/2026 10:00;6,12
03/08/2026 10:05;6,16
03/08/2026 10:10;6,16
03/08/2026 10:15;6,16
03/08/2026 10:20;6,15
03/08/2026 10:25;6,16
03/08/2026 10:30;6,15
03/08/2026 10:35;6,14
03/08/2026 10:40;6,17
03/08/2026 10:45;6,18
03/08/2026 10:50;6,16
03/08/2026 10:55;6,16
03/08/2026 11:00;6,19
03/08/2026 11:05;6,18
03/08/2026 11:10;6,17
03/08/2026 11:15;6,18
03/08/2026 11:20;6,16
03/08/2026 11:25;6,21
03/08/2026 11:30;6,2
03/08/2026 11:35;6,23
03/08/2026 11:40;6,23
03/08/2026 11:45;6,2
03/08/2026 11:50;6,21
03/08/2026 11:55;6,19
03/08/2026 12:00;6,2
03/08/2026 12:05;6,22
03/08/2026 12:10;6,2
03/08/2026 12:15;6,2
03/08/2026 12:20;6,23
03/08/2026 12:25;6,24
03/08/2026 12:30;6,2
03/08/2026 12:35;6,21
03/08/2026 12:40;6,22
03/08/2026 12:45;6,23
03/08/2026 12:50;6,21
03/08/2026 12:55;6,24
03/08/2026 13:00;6,25
03/08/2026 13:05;6,25
03/08/2026 13:10;6,23
03/08/2026 13:15;6,23
03/08/2026 13:20;6,24
03/08/2026 13:25;6,25
03/08/2026 13:30;6,23
03/08/2026 13:35;6,23
03/08/2026 13:40;6,26
03/08/2026 13:45;6,29
03/08/2026 13:50;6,3
03/08/2026 13:55;6,29
03/08/2026 14:00;6,3
03/08/2026 14:05;6,3
03/08/2026 14:10;6,27
03/08/2026 14:15;6,28
03/08/2026 14:20;6,27
03/08/2026 14:25;6,3
03/08/2026 14:30;6,28
03/08/2026 14:35;6,3
03/08/2026 14:40;6,31
03/08/2026 14:45;6,3
03/08/2026 14:50;6,29
03/08/2026 14:55;6,29
03/08/2026 15:00;6,31
03/08/2026 15:05;6,32
03/08/2026 15:10;6,34
03/08/2026 15:15;6,34
03/08/2026 15:20;6,36
03/08/2026 15:25;6,34
03/08/2026 15:30;6,34
03/08/2026 15:35;6,36
03/08/2026 15:40;6,38
03/08/2026 15:45;6,35
03/08/2026 15:50;6,34
03/08/2026 15:55;6,33
03/08/2026 16:00;6,34
03/08/2026 16:05;6,38
03/08/2026 16:10;6,36
03/08/2026 16:15;6,37
03/08/2026 16:20;6,41
03/08/2026 16:25;6,4
03/08/2026 16:30;6,37
03/08/2026 16:35;6,37
03/08/2026 16:40;6,37
03/08/2026 16:45;6,39
03/08/2026 16:50;6,39
03/08/2026 16:55;6,41
03/08/2026 17:00;6,4
03/08/2026 17:05;6,45
03/08/2026 17:10;6,43
03/08/2026 17:15;6,41
03/08/2026 17:20;6,42
03/08/2026 17:25;6,43
03/08/2026 17:30;6,45
03/08/2026 17:35;6,47
03/08/2026 17:40;6,46
03/08/2026 17:45;6,47
03/08/2026 17:50;6,47
03/08/2026 17:55;6,49
03/08/2026 18:00;6,49
03/08/2026 18:05;6,48
03/08/2026 18:10;6,49
03/08/2026 18:15;6,5
03/08/2026 18:20;6,51
03/08/2026 18:25;6,51
03/08/2026 18:30;6,5
03/08/2026 18:35;6,47
03/08/2026 18:40;6,49
03/08/2026 18:45;6,52
03/08/2026 18:50;6,55
03/08/2026 18:55;6,53
03/08/2026 19:00;6,53
03/08/2026 19:05;6,54
03/08/2026 19:10;6,53
03/08/2026 19:15;6,51
03/08/2026 19:20;6,51
03/08/2026 19:25;6,54
03/08/2026 19:30;6,53
03/08/2026 19:35;6,52
03/08/2026 19:40;6,54
03/08/2026 19:45;6,56
03/08/2026 19:50;6,53
03/08/2026 19:55;6,52
03/08/2026 20:00;6,54
03/08/2026 20:05;6,54
03/08/2026 20:10;6,56
03/08/2026 20:15;6,56
03/08/2026 20:20;6,56
03/08/2026 20:25;6,53
03/08/2026 20:30;6,54
03/08/2026 20:35;6,55
03/08/2026 20:40;6,53
03/08/2026 20:45;6,55
03/08/2026 20:50;6,53
03/08/2026 20:55;6,54
03/08/2026 21:00;6,54
03/08/2026 21:05;6,55
03/08/2026 21:10;6,56
03/08/2026 21:15;6,56
03/08/2026 21:20;6,56
03/08/2026 21:25;6,57
03/08/2026 21:30;6,54
03/08/2026 21:35;6,54
03/08/2026 21:40;6,52
03/08/2026 21:45;6,54
03/08/2026 21:50;6,53
03/08/2026 21:55;6,54
03/08/2026 22:00;6,55
03/08/2026 22:05;6,55
03/08/2026 22:10;6,52
03/08/2026 22:15;6,5
03/08/2026 22:20;6,5
03/08/2026 22:25;6,52
03/08/2026 22:30;6,52
03/08/2026 22:35;6,52
03/08/2026 22:40;6,54
03/08/2026 22:45;6,53
03/08/2026 22:50;6,49
03/08/2026 22:55;6,48
03/08/2026 23:00;6,5
03/08/2026 23:05;6,48
03/08/2026 23:10;6,49
03/08/2026 23:15;6,48
03/08/2026 23:20;6,48
03/08/2026 23:25;6,48
03/08/2026 23:30;6,44
03/08/2026 23:35;6,46
03/08/2026 23:40;6,46
03/08/2026 23:45;6,46
03/08/2026 23:50;6,48
03/08/2026 23:55;6,48
04/08/2026 00:00;6,47
04/08/2026 00:05;6,44
04/08/2026 00:10;6,43
04/08/2026 00:15;6,43
04/08/2026 00:20;6,44
04/08/2026 00:25;6,44
04/08/2026 00:30;6,42
04/08/2026 00:35;6,41
04/08/2026 00:40;6,42
04/08/2026 00:45;6,41
04/08/2026 00:50;6,38
04/08/2026 00:55;6,38
04/08/2026 01:00;6,41
04/08/2026 01:05;6,4
04/08/2026 01:10;6,36
04/08/2026 01:15;6,37
04/08/2026 01:20;6,37
04/08/2026 01:25;6,39
04/08/2026 01:30;6,34
04/08/2026 01:35;6,35
04/08/2026 01:40;6,36
04/08/2026 01:45;6,35
04/08/2026 01:50;6,33
04/08/2026 01:55;6,32
04/08/2026 02:00;6,34
04/08/2026 02:05;6,33
04/08/2026 02:10;6,35
04/08/2026 02:15;6,33
04/08/2026 02:20;6,31
04/08/2026 02:25;6,34
04/08/2026 02:30;6,31
04/08/2026 02:35;6,29
04/08/2026 02:40;6,29
04/08/2026 02:45;6,28
04/08/2026 02:50;6,27
04/08/2026 02:55;6,27
04/08/2026 03:00;6,29
04/08/2026 03:05;6,29
04/08/2026 03:10;6,25
04/08/2026 03:15;6,26
04/08/2026 03:20;6,27
04/08/2026 03:25;6,27
04/08/2026 03:30;6,27
04/08/2026 03:35;6,26
04/08/2026 03:40;6,28
04/08/2026 03:45;6,26
04/08/2026 03:50;6,23
04/08/2026 03:55;6,22
04/08/2026 04:00;6,25
04/08/2026 04:05;6,24
04/08/2026 04:10;6,22
04/08/2026 04:15;6,21
04/08/2026 04:20;6,2
04/08/2026 04:25;6,22
04/08/2026 04:30;6,19
04/08/2026 04:35;6,18
04/08/2026 04:40;6,2
04/08/2026 04:45;6,18
04/08/2026 04:50;6,2
04/08/2026 04:55;6,18
04/08/2026 05:00;6,18
04/08/2026 05:05;6,17
04/08/2026 05:10;6,16
04/08/2026 05:15;6,16
04/08/2026 05:20;6,17
04/08/2026 05:25;6,18
04/08/2026 05:30;6,17
04/08/2026 05:35;6,15
04/08/2026 05:40;6,16
04/08/2026 05:45;6,17
04/08/2026 05:50;6,12
04/08/2026 05:55;6,13
04/08/2026 06:00;6,15
04/08/2026 06:05;6,13
04/08/2026 06:10;6,13
04/08/2026 06:15;6,13
04/08/2026 06:20;6,14
04/08/2026 06:25;6,14
04/08/2026 06:30;6,11
04/08/2026 06:35;6,13
04/08/2026 06:40;6,14
04/08/2026 06:45;6,12
04/08/2026 06:50;6,1
04/08/2026 06:55;6,12
04/08/2026 07:00;6,13
04/08/2026 07:05;6,14
04/08/2026 07:10;6,1
04/08/2026 07:15;6,11
04/08/2026 07:20;6,12
04/08/2026 07:25;6,1
04/08/2026 07:30;6,13
04/08/2026 07:35;6,13
04/08/2026 07:40;6,15
04/08/2026 07:45;6,14
04/08/2026 07:50;6,14
04/08/2026 07:55;6,1
04/08/2026 08:00;6,12
04/08/2026 08:05;6,13
04/08/2026 08:10;6,12
04/08/2026 08:15;6,13
04/08/2026 08:20;6,13
04/08/2026 08:25;6,13
04/08/2026 08:30;6,1
04/08/2026 08:35;6,11
04/08/2026 08:40;6,11
04/08/2026 08:45;6,12
04/08/2026 08:50;6,15
04/08/2026 08:55;6,14
04/08/2026 09:00;6,15
04/08/2026 09:05;6,14
04/08/2026 09:10;6,13
04/08/2026 09:15;6,13
04/08/2026 09:20;6,15
04/08/2026 09:25;6,15
04/08/2026 09:30;6,12
04/08/2026 09:35;6,12
04/08/2026 09:40;6,15
04/08/2026 09:45;6,16
04/08/2026 09:50;6,13
04/08/2026 09:55;6,13
04/08/2026 10:00;6,15
04/08/2026 10:05;6,14
04/08/2026 10:10;6,14
04/08/2026 10:15;6,17
04/08/2026 10:20;6,17
04/08/2026 10:25;6,16
04/08/2026 10:30;6,16
04/08/2026 10:35;6,16
04/08/2026 10:40;6,17
04/08/2026 10:45;6,18
04/08/2026 10:50;6,17
04/08/2026 10:55;6,15
04/08/2026 11:00;6,2
04/08/2026 11:05;6,18
04/08/2026 11:10;6,19
04/08/2026 11:15;6,21
04/08/2026 11:20;6,17
04/08/2026 11:25;6,2
04/08/2026 11:30;6,18
04/08/2026 11:35;6,18
04/08/2026 11:40;6,21
04/08/2026 11:45;6,19
04/08/2026 11:50;6,17
04/08/2026 11:55;6,16
04/08/2026 12:00;6,19
04/08/2026 12:05;6,2
04/08/2026 12:10;6,16
04/08/2026 12:15;6,18
04/08/2026 12:20;6,21
04/08/2026 12:25;6,21
04/08/2026 12:30;6,21
04/08/2026 12:35;6,19
04/08/2026 12:40;6,22
04/08/2026 12:45;6,23
04/08/2026 12:50;6,19
04/08/2026 12:55;6,21
04/08/2026 13:00;6,22
04/08/2026 13:05;6,2
04/08/2026 13:10;6,21
04/08/2026 13:15;6,19
04/08/2026 13:20;6,23
04/08/2026 13:25;6,23
04/08/2026 13:30;6,2
04/08/2026 13:35;6,2
04/08/2026 13:40;6,23
04/08/2026 13:45;6,23
04/08/2026 13:50;6,25
04/08/2026 13:55;6,27
04/08/2026 14:00;6,25
04/08/2026 14:05;6,26
04/08/2026 14:10;6,26
04/08/2026 14:15;6,25
04/08/2026 14:20;6,25
04/08/2026 14:25;6,27
04/08/2026 14:30;6,23
04/08/2026 14:35;6,24
04/08/2026 14:40;6,26
04/08/2026 14:45;6,27
04/08/2026 14:50;6,26
04/08/2026 14:55;6,28
04/08/2026 15:00;6,29
04/08/2026 15:05;6,27
04/08/2026 15:10;6,28
04/08/2026 15:15;6,3
04/08/2026 15:20;6,29
04/08/2026 15:25;6,3
04/08/2026 15:30;6,28
04/08/2026 15:35;6,27
04/08/2026 15:40;6,33
04/08/2026 15:45;6,3
04/08/2026 15:50;6,34
04/08/2026 15:55;6,32
04/08/2026 16:00;6,35
04/08/2026 16:05;6,34
04/08/2026 16:10;6,32
04/08/2026 16:15;6,33
04/08/2026 16:20;6,35
04/08/2026 16:25;6,36
04/08/2026 16:30;6,35
04/08/2026 16:35;6,34
04/08/2026 16:40;6,37
04/08/2026 16:45;6,37
04/08/2026 16:50;6,36
04/08/2026 16:55;6,35
04/08/2026 17:00;6,41
04/08/2026 17:05;6,37
04/08/2026 17:10;6,42
04/08/2026 17:15;6,42
04/08/2026 17:20;6,42
04/08/2026 17:25;6,42
04/08/2026 17:30;6,38
04/08/2026 17:35;6,43
04/08/2026 17:40;6,43
04/08/2026 17:45;6,43
04/08/2026 17:50;6,44
04/08/2026 17:55;6,4
04/08/2026 18:00;6,44
04/08/2026 18:05;6,45
04/08/2026 18:10;6,43
04/08/2026 18:15;6,45
04/08/2026 18:20;6,48
04/08/2026 18:25;6,47
04/08/2026 18:30;6,47
04/08/2026 18:35;6,48
04/08/2026 18:40;6,49
04/08/2026 18:45;6,47
04/08/2026 18:50;6,47
04/08/2026 18:55;6,47
04/08/2026 19:00;6,48
04/08/2026 19:05;6,48
04/08/2026 19:10;6,46
04/08/2026 19:15;6,46
04/08/2026 19:20;6,5
04/08/2026 19:25;6,49
04/08/2026 19:30;6,48
04/08/2026 19:35;6,49
04/08/2026 19:40;6,52
04/08/2026 19:45;6,51
04/08/2026 19:50;6,51
04/08/2026 19:55;6,51
04/08/2026 20:00;6,53
04/08/2026 20:05;6,5
04/08/2026 20:10;6,51
04/08/2026 20:15;6,5
04/08/2026 20:20;6,51
04/08/2026 20:25;6,5
04/08/2026 20:30;6,49
04/08/2026 20:35;6,49
04/08/2026 20:40;6,52
04/08/2026 20:45;6,5
04/08/2026 20:50;6,51
04/08/2026 20:55;6,53
04/08/2026 21:00;6,53
04/08/2026 21:05;6,51
04/08/2026 21:10;6,49
04/08/2026 21:15;6,51
04/08/2026 21:20;6,54
04/08/2026 21:25;6,52
04/08/2026 21:30;6,54
04/08/2026 21:35;6,51
04/08/2026 21:40;6,49
04/08/2026 21:45;6,51
04/08/2026 21:50;6,48
04/08/2026 21:55;6,49
04/08/2026 22:00;6,5
04/08/2026 22:05;6,51
04/08/2026 22:10;6,51
04/08/2026 22:15;6,51
04/08/2026 22:20;6,5
04/08/2026 22:25;6,48
04/08/2026 22:30;6,47
04/08/2026 22:35;6,48
04/08/2026 22:40;6,5
04/08/2026 22:45;6,47
04/08/2026 22:50;6,45
04/08/2026 22:55;6,49
04/08/2026 23:00;6,47
04/08/2026 23:05;6,48
04/08/2026 23:10;6,45
04/08/2026 23:15;6,44
04/08/2026 23:20;6,45
04/08/2026 23:25;6,47
04/08/2026 23:30;6,46
04/08/2026 23:35;6,45
04/08/2026 23:40;6,47
04/08/2026 23:45;6,43
04/08/2026 23:50;6,41
04/08/2026 23:55;6,43
05/08/2026 00:00;6,45
05/08/2026 00:05;6,41
05/08/2026 00:10;6,41
05/08/2026 00:15;6,39
05/08/2026 00:20;6,41
05/08/2026 00:25;6,39
05/08/2026 00:30;6,37
05/08/2026 00:35;6,38
05/08/2026 00:40;6,4
05/08/2026 00:45;6,4
05/08/2026 00:50;6,37
05/08/2026 00:55;6,37
05/08/2026 01:00;6,39
05/08/2026 01:05;6,35
05/08/2026 01:10;6,36
05/08/2026 01:15;6,38
05/08/2026 01:20;6,34
05/08/2026 01:25;6,34
05/08/2026 01:30;6,34
05/08/2026 01:35;6,32
05/08/2026 01:40;6,36
05/08/2026 01:45;6,35
05/08/2026 01:50;6,36
05/08/2026 01:55;6,35
05/08/2026 02:00;6,33
05/08/2026 02:05;6,31
05/08/2026 02:10;6,29
05/08/2026 02:15;6,29
05/08/2026 02:20;6,31
05/08/2026 02:25;6,3
05/08/2026 02:30;6,29
05/08/2026 02:35;6,27
05/08/2026 02:40;6,28
05/08/2026 02:45;6,28
05/08/2026 02:50;6,26
05/08/2026 02:55;6,27
05/08/2026 03:00;6,26
05/08/2026 03:05;6,28
05/08/2026 03:10;6,27
05/08/2026 03:15;6,28
05/08/2026 03:20;6,26
05/08/2026 03:25;6,25
05/08/2026 03:30;6,25
05/08/2026 03:35;6,23
05/08/2026 03:40;6,23
05/08/2026 03:45;6,21
05/08/2026 03:50;6,19
05/08/2026 03:55;6,2
05/08/2026 04:00;6,23
05/08/2026 04:05;6,22
05/08/2026 04:10;6,2
05/08/2026 04:15;6,2
05/08/2026 04:20;6,21
05/08/2026 04:25;6,21
05/08/2026 04:30;6,21
05/08/2026 04:35;6,23
05/08/2026 04:40;6,21
05/08/2026 04:45;6,21
05/08/2026 04:50;6,19
05/08/2026 04:55;6,18
05/08/2026 05:00;6,2
05/08/2026 05:05;6,17
05/08/2026 05:10;6,18
05/08/2026 05:15;6,15
05/08/2026 05:20;6,17
05/08/2026 05:25;6,15
05/08/2026 05:30;6,15
05/08/2026 05:35;6,15
05/08/2026 05:40;6,15
05/08/2026 05:45;6,17
05/08/2026 05:50;6,17
05/08/2026 05:55;6,16
05/08/2026 06:00;6,17
05/08/2026 06:05;6,15
05/08/2026 06:10;6,12
05/08/2026 06:15;6,13
05/08/2026 06:20;6,14
05/08/2026 06:25;6,12
05/08/2026 06:30;6,1
05/08/2026 06:35;6,12
05/08/2026 06:40;6,13
05/08/2026 06:45;6,12
05/08/2026 06:50;6,1
05/08/2026 06:55;6,11
05/08/2026 07:00;6,12
05/08/2026 07:05;6,12
05/08/2026 07:10;6,13
05/08/2026 07:15;6,12
05/08/2026 07:20;6,12
05/08/2026 07:25;6,09
05/08/2026 07:30;6,1
05/08/2026 07:35;6,11
05/08/2026 07:40;6,12
05/08/2026 07:45;6,1
05/08/2026 07:50;6,08
05/08/2026 07:55;6,08
05/08/2026 08:00;6,11
05/08/2026 08:05;6,07
05/08/2026 08:10;6,08
05/08/2026 08:15;6,07
05/08/2026 08:20;6,11
05/08/2026 08:25;6,09
05/08/2026 08:30;6,11
05/08/2026 08:35;6,1
05/08/2026 08:40;6,12
05/08/2026 08:45;6,12
05/08/2026 08:50;6,12
05/08/2026 08:55;6,11
05/08/2026 09:00;6,12
05/08/2026 09:05;6,09
05/08/2026 09:10;6,09
05/08/2026 09:15;6,09
05/08/2026 09:20;6,1
05/08/2026 09:25;6,13
05/08/2026 09:30;6,14
05/08/2026 09:35;6,14
05/08/2026 09:40;6,13
05/08/2026 09:45;6,15
05/08/2026 09:50;6,11
05/08/2026 09:55;6,12
05/08/2026 10:00;6,15
05/08/2026 10:05;6,13
05/08/2026 10:10;6,13
05/08/2026 10:15;6,14
05/08/2026 10:20;6,15
05/08/2026 10:25;6,12
05/08/2026 10:30;6,14
05/08/2026 10:35;6,14
05/08/2026 10:40;6,17
05/08/2026 10:45;6,17
05/08/2026 10:50;6,17
05/08/2026 10:55;6,17
05/08/2026 11:00;6,19
05/08/2026 11:05;6,16
05/08/2026 11:10;6,19
05/08/2026 11:15;6,15
05/08/2026 11:20;6,15
05/08/2026 11:25;6,14
05/08/2026 11:30;6,17
05/08/2026 11:35;6,15
05/08/2026 11:40;6,18
05/08/2026 11:45;6,16
05/08/2026 11:50;6,15
05/08/2026 11:55;6,18
05/08/2026 12:00;6,16
05/08/2026 12:05;6,19
05/08/2026 12:10;6,19
05/08/2026 12:15;6,21
05/08/2026 12:20;6,18
05/08/2026 12:25;6,19
05/08/2026 12:30;6,19
05/08/2026 12:35;6,17
05/08/2026 12:40;6,2
05/08/2026 12:45;6,17
05/08/2026 12:50;6,16
05/08/2026 12:55;6,18
05/08/2026 13:00;6,21
05/08/2026 13:05;6,21
05/08/2026 13:10;6,23
05/08/2026 13:15;6,23
05/08/2026 13:20;6,24
05/08/2026 13:25;6,2
05/08/2026 13:30;6,2
05/08/2026 13:35;6,2
05/08/2026 13:40;6,23
05/08/2026 13:45;6,21
05/08/2026 13:50;6,22
05/08/2026 13:55;6,22
05/08/2026 14:00;6,22
05/08/2026 14:05;6,22
05/08/2026 14:10;6,21
05/08/2026 14:15;6,21
05/08/2026 14:20;6,24
05/08/2026 14:25;6,25
05/08/2026 14:30;6,26
05/08/2026 14:35;6,23
05/08/2026 14:40;6,26
05/08/2026 14:45;6,25
05/08/2026 14:50;6,26
05/08/2026 14:55;6,25
05/08/2026 15:00;6,28
05/08/2026 15:05;6,26
05/08/2026 15:10;6,28
05/08/2026 15:15;6,25
05/08/2026 15:20;6,29
05/08/2026 15:25;6,28
05/08/2026 15:30;6,31
05/08/2026 15:35;6,31
05/08/2026 15:40;6,31
05/08/2026 15:45;6,27
05/08/2026 15:50;6,29
05/08/2026 15:55;6,29
05/08/2026 16:00;6,29
05/08/2026 16:05;6,3
05/08/2026 16:10;6,3
05/08/2026 16:15;6,27
05/08/2026 16:20;6,3
05/08/2026 16:25;6,29
05/08/2026 16:30;6,3
05/08/2026 16:35;6,3
05/08/2026 16:40;6,33
05/08/2026 16:45;6,36
05/08/2026 16:50;6,38
05/08/2026 16:55;6,38
05/08/2026 17:00;6,39
05/08/2026 17:05;6,35
05/08/2026 17:10;6,36
05/08/2026 17:15;6,37
05/08/2026 17:20;6,4
05/08/2026 17:25;6,39
05/08/2026 17:30;6,37
05/08/2026 17:35;6,38
05/08/2026 17:40;6,42
05/08/2026 17:45;6,42
05/08/2026 17:50;6,38
05/08/2026 17:55;6,38
05/08/2026 18:00;6,42
05/08/2026 18:05;6,42
05/08/2026 18:10;6,43
05/08/2026 18:15;6,47
05/08/2026 18:20;6,47
05/08/2026 18:25;6,46
05/08/2026 18:30;6,48
05/08/2026 18:35;6,45
05/08/2026 18:40;6,45
05/08/2026 18:45;6,48
05/08/2026 18:50;6,45
05/08/2026 18:55;6,44
05/08/2026 19:00;6,46
05/08/2026 19:05;6,45
05/08/2026 19:10;6,48
05/08/2026 19:15;6,45
05/08/2026 19:20;6,47
05/08/2026 19:25;6,49
05/08/2026 19:30;6,51
05/08/2026 19:35;6,48
05/08/2026 19:40;6,49
05/08/2026 19:45;6,5
05/08/2026 19:50;6,46
05/08/2026 19:55;6,46
05/08/2026 20:00;6,53
05/08/2026 20:05;6,47
05/08/2026 20:10;6,49
05/08/2026 20:15;6,49
05/08/2026 20:20;6,5
05/08/2026 20:25;6,51
05/08/2026 20:30;6,54
05/08/2026 20:35;6,53
05/08/2026 20:40;6,52
05/08/2026 20:45;6,52
05/08/2026 20:50;6,5
05/08/2026 20:55;6,47
05/08/2026 21:00;6,5
05/08/2026 21:05;6,51
05/08/2026 21:10;6,5
05/08/2026 21:15;6,5
05/08/2026 21:20;6,52
05/08/2026 21:25;6,49
05/08/2026 21:30;6,48
05/08/2026 21:35;6,49
05/08/2026 21:40;6,54
05/08/2026 21:45;6,55
05/08/2026 21:50;6,5
05/08/2026 21:55;6,53
05/08/2026 22:00;6,49
05/08/2026 22:05;6,46
05/08/2026 22:10;6,54
05/08/2026 22:15;6,55
05/08/2026 22:20;6,53
05/08/2026 22:25;6,49
05/08/2026 22:30;6,49
05/08/2026 22:35;6,49
05/08/2026 22:40;6,48
05/08/2026 22:45;6,44
05/08/2026 22:50;6,44
05/08/2026 22:55;6,48
05/08/2026 23:00;6,44
05/08/2026 23:05;6,42
05/08/2026 23:10;6,43
05/08/2026 23:15;6,45
05/08/2026 23:20;6,43
05/08/2026 23:25;6,45
05/08/2026 23:30;6,42
05/08/2026 23:35;6,44
05/08/2026 23:40;6,42
05/08/2026 23:45;6,42
05/08/2026 23:50;6,41
05/08/2026 23:55;6,41
06/08/2026 00:00;6,39
06/08/2026 00:05;6,41
06/08/2026 00:10;6,4
06/08/2026 00:15;6,38
06/08/2026 00:20;6,37
06/08/2026 00:25;6,38
06/08/2026 00:30;6,39
06/08/2026 00:35;6,4
06/08/2026 00:40;6,38
06/08/2026 00:45;6,36
06/08/2026 00:50;6,38
06/08/2026 00:55;6,36
06/08/2026 01:00;6,38
06/08/2026 01:05;6,36
06/08/2026 01:10;6,36
06/08/2026 01:15;6,38
06/08/2026 01:20;6,35
06/08/2026 01:25;6,36
06/08/2026 01:30;6,33
06/08/2026 01:35;6,34
06/08/2026 01:40;6,31
06/08/2026 01:45;6,35
06/08/2026 01:50;6,32
06/08/2026 01:55;6,34
06/08/2026 02:00;6,32
06/08/2026 02:05;6,32
06/08/2026 02:10;6,32
06/08/2026 02:15;6,33
06/08/2026 02:20;6,3
06/08/2026 02:25;6,29
06/08/2026 02:30;6,29
06/08/2026 02:35;6,28
06/08/2026 02:40;6,28
06/08/2026 02:45;6,25
06/08/2026 02:50;6,26
06/08/2026 02:55;6,28
06/08/2026 03:00;6,27
06/08/2026 03:05;6,29
06/08/2026 03:10;6,29
06/08/2026 03:15;6,28
06/08/2026 03:20;6,25
06/08/2026 03:25;6,24
06/08/2026 03:30;6,24
06/08/2026 03:35;6,25
06/08/2026 03:40;6,23
06/08/2026 03:45;6,22
06/08/2026 03:50;6,22
06/08/2026 03:55;6,25
06/08/2026 04:00;6,22
06/08/2026 04:05;6,2
06/08/2026 04:10;6,2
06/08/2026 04:15;6,21
06/08/2026 04:20;6,23
06/08/2026 04:25;6,22
06/08/2026 04:30;6,23
06/08/2026 04:35;6,23
06/08/2026 04:40;6,2
06/08/2026 04:45;6,21
06/08/2026 04:50;6,17
06/08/2026 04:55;6,21
06/08/2026 05:00;6,19
06/08/2026 05:05;6,2
06/08/2026 05:10;6,18
06/08/2026 05:15;6,19
06/08/2026 05:20;6,16
06/08/2026 05:25;6,18
06/08/2026 05:30;6,16
06/08/2026 05:35;6,18
06/08/2026 05:40;6,18
06/08/2026 05:45;6,19
06/08/2026 05:50;6,18
06/08/2026 05:55;6,21
06/08/2026 06:00;6,16
06/08/2026 06:05;6,15
06/08/2026 06:10;6,17
06/08/2026 06:15;6,19
06/08/2026 06:20;6,16
06/08/2026 06:25;6,17
06/08/2026 06:30;6,11
06/08/2026 06:35;6,15
06/08/2026 06:40;6,14
06/08/2026 06:45;6,14
06/08/2026 06:50;6,13
06/08/2026 06:55;6,16
06/08/2026 07:00;6,15
06/08/2026 07:05;6,14
06/08/2026 07:10;6,16
06/08/2026 07:15;6,15
06/08/2026 07:20;6,13
06/08/2026 07:25;6,13
06/08/2026 07:30;6,14
06/08/2026 07:35;6,13
06/08/2026 07:40;6,1
06/08/2026 07:45;6,12
06/08/2026 07:50;6,12
06/08/2026 07:55;6,14
06/08/2026 08:00;6,13
06/08/2026 08:05;6,12
06/08/2026 08:10;6,1
06/08/2026 08:15;6,13
06/08/2026 08:20;6,13
06/08/2026 08:25;6,12
06/08/2026 08:30;6,15
06/08/2026 08:35;6,13
06/08/2026 08:40;6,11
06/08/2026 08:45;6,12
06/08/2026 08:50;6,12
06/08/2026 08:55;6,11
06/08/2026 09:00;6,12
06/08/2026 09:05;6,1
06/08/2026 09:10;6,11
06/08/2026 09:15;6,15
06/08/2026 09:20;6,14
06/08/2026 09:25;6,15
06/08/2026 09:30;6,15
06/08/2026 09:35;6,14
06/08/2026 09:40;6,12
06/08/2026 09:45;6,13
06/08/2026 09:50;6,12
06/08/2026 09:55;6,13
06/08/2026 10:00;6,12
06/08/2026 10:05;6,13
06/08/2026 10:10;6,12
06/08/2026 10:15;6,14
06/08/2026 10:20;6,12
06/08/2026 10:25;6,12
06/08/2026 10:30;6,11
06/08/2026 10:35;6,15
06/08/2026 10:40;6,14
06/08/2026 10:45;6,14
06/08/2026 10:50;6,17
06/08/2026 10:55;6,16
06/08/2026 11:00;6,14
06/08/2026 11:05;6,12
06/08/2026 11:10;6,14
06/08/2026 11:15;6,16
06/08/2026 11:20;6,17
06/08/2026 11:25;
06/08/2026 11:30;
06/08/2026 11:35;6,11
06/08/2026 11:40;6,14
06/08/2026 11:45;6,12
06/08/2026 11:50;6,13
06/08/2026 11:55;6,14
06/08/2026 12:00;6,15
06/08/2026 12:05;6,12
06/08/2026 12:10;6,16
06/08/2026 12:15;6,16
06/08/2026 12:20;6,17
06/08/2026 12:25;6,17
06/08/2026 12:30;6,18
06/08/2026 12:35;6,15
06/08/2026 12:40;6,17
06/08/2026 12:45;6,15
06/08/2026 12:50;6,15
06/08/2026 12:55;6,17
06/08/2026 13:00;6,16
06/08/2026 13:05;6,15
06/08/2026 13:10;6,15
06/08/2026 13:15;6,17
06/08/2026 13:20;6,19
06/08/2026 13:25;6,18
06/08/2026 13:30;6,2
06/08/2026 13:35;6,19
06/08/2026 13:40;6,19
06/08/2026 13:45;6,17
06/08/2026 13:50;6,2
06/08/2026 13:55;6,19
06/08/2026 14:00;6,21
06/08/2026 14:05;6,19
06/08/2026 14:10;6,2
06/08/2026 14:15;6,2
06/08/2026 14:20;6,22
06/08/2026 14:25;6,2
06/08/2026 14:30;6,23
06/08/2026 14:35;6,22
06/08/2026 14:40;6,22
06/08/2026 14:45;6,22
06/08/2026 14:50;6,23
06/08/2026 14:55;6,23
06/08/2026 15:00;6,22
06/08/2026 15:05;6,23
06/08/2026 15:10;6,24
06/08/2026 15:15;6,24
06/08/2026 15:20;6,25
06/08/2026 15:25;6,25
06/08/2026 15:30;6,24
06/08/2026 15:35;6,25
06/08/2026 15:40;6,26
06/08/2026 15:45;6,27
06/08/2026 15:50;6,28
06/08/2026 15:55;6,28
06/08/2026 16:00;6,3
06/08/2026 16:05;6,28
06/08/2026 16:10;6,3
06/08/2026 16:15;6,29
06/08/2026 16:20;6,31
06/08/2026 16:25;6,3
06/08/2026 16:30;6,33
06/08/2026 16:35;6,31
06/08/2026 16:40;6,32
06/08/2026 16:45;6,3
06/08/2026 16:50;6,32
06/08/2026 16:55;6,33
06/08/2026 17:00;6,35
06/08/2026 17:05;6,35
06/08/2026 17:10;6,36
06/08/2026 17:15;6,35
06/08/2026 17:20;6,37
06/08/2026 17:25;6,37
06/08/2026 17:30;6,38
06/08/2026 17:35;6,37
06/08/2026 17:40;6,38
06/08/2026 17:45;6,38
06/08/2026 17:50;6,39
06/08/2026 17:55;6,39
06/08/2026 18:00;6,36
06/08/2026 18:05;6,39
06/08/2026 18:10;6,4
06/08/2026 18:15;6,41
06/08/2026 18:20;6,42
06/08/2026 18:25;6,43
06/08/2026 18:30;6,45
06/08/2026 18:35;6,44
06/08/2026 18:40;6,45
06/08/2026 18:45;6,43
06/08/2026 18:50;6,45
06/08/2026 18:55;6,45
06/08/2026 19:00;6,46
06/08/2026 19:05;6,46
06/08/2026 19:10;6,47
06/08/2026 19:15;6,47
06/08/2026 19:20;6,46
06/08/2026 19:25;6,47
06/08/2026 19:30;6,47
06/08/2026 19:35;6,48
06/08/2026 19:40;6,49
06/08/2026 19:45;6,49
06/08/2026 19:50;6,49
06/08/2026 19:55;6,49
06/08/2026 20:00;6,51
06/08/2026 20:05;6,48
06/08/2026 20:10;6,48
06/08/2026 20:15;6,49
06/08/2026 20:20;6,5
06/08/2026 20:25;6,49
06/08/2026 20:30;6,49
06/08/2026 20:35;6,5
06/08/2026 20:40;6,5
06/08/2026 20:45;6,49
06/08/2026 20:50;6,5
06/08/2026 20:55;6,49
06/08/2026 21:00;6,51
06/08/2026 21:05;6,5
06/08/2026 21:10;6,51
06/08/2026 21:15;6,5
06/08/2026 21:20;6,49
06/08/2026 21:25;6,48
06/08/2026 21:30;6,49
06/08/2026 21:35;6,48
06/08/2026 21:40;6,48
06/08/2026 21:45;6,47
06/08/2026 21:50;6,49
06/08/2026 21:55;6,47
06/08/2026 22:00;6,46
06/08/2026 22:05;6,47
06/08/2026 22:10;6,48
06/08/2026 22:15;6,47
06/08/2026 22:20;6,47
06/08/2026 22:25;6,47
06/08/2026 22:30;6,48
06/08/2026 22:35;6,46
06/08/2026 22:40;6,47
06/08/2026 22:45;6,46
06/08/2026 22:50;6,47
06/08/2026 22:55;6,45
06/08/2026 23:00;6,45
06/08/2026 23:05;6,44
06/08/2026 23:10;6,45
06/08/2026 23:15;6,44
06/08/2026 23:20;6,42
06/08/2026 23:25;6,42
06/08/2026 23:30;6,42
06/08/2026 23:35;6,43
06/08/2026 23:40;6,43
06/08/2026 23:45;6,42
06/08/2026 23:50;6,43
06/08/2026 23:55;6,42
07/08/2026 00:00;6,42
07/08/2026 00:05;6,4
07/08/2026 00:10;6,4
07/08/2026 00:15;6,39
07/08/2026 00:20;6,38
07/08/2026 00:25;6,37
07/08/2026 00:30;6,38
07/08/2026 00:35;6,38
07/08/2026 00:40;6,39
07/08/2026 00:45;6,37
07/08/2026 00:50;6,37
07/08/2026 00:55;6,37
07/08/2026 01:00;6,38
07/08/2026 01:05;6,36
07/08/2026 01:10;6,36
07/08/2026 01:15;6,35
07/08/2026 01:20;6,35
07/08/2026 01:25;6,34
07/08/2026 01:30;6,3
07/08/2026 01:35;6,33
07/08/2026 01:40;6,34
07/08/2026 01:45;6,33
07/08/2026 01:50;6,33
07/08/2026 01:55;6,31
07/08/2026 02:00;6,32
07/08/2026 02:05;6,29
07/08/2026 02:10;6,32
07/08/2026 02:15;6,31
07/08/2026 02:20;6,3
07/08/2026 02:25;6,3
07/08/2026 02:30;6,28
07/08/2026 02:35;6,29
07/08/2026 02:40;6,28
07/08/2026 02:45;6,28
07/08/2026 02:50;6,29
07/08/2026 02:55;6,27
07/08/2026 03:00;6,27
07/08/2026 03:05;6,25
07/08/2026 03:10;6,26
07/08/2026 03:15;6,26
07/08/2026 03:20;6,26
07/08/2026 03:25;6,25
07/08/2026 03:30;6,26
07/08/2026 03:35;6,26
07/08/2026 03:40;6,24
07/08/2026 03:45;6,24
07/08/2026 03:50;6,24
07/08/2026 03:55;6,23
07/08/2026 04:00;6,23
07/08/2026 04:05;6,21
07/08/2026 04:10;6,22
07/08/2026 04:15;6,21
07/08/2026 04:20;6,23
07/08/2026 04:25;6,22
07/08/2026 04:30;6,21
07/08/2026 04:35;6,2
07/08/2026 04:40;6,18
07/08/2026 04:45;6,19
07/08/2026 04:50;6,21
07/08/2026 04:55;6,19
07/08/2026 05:00;6,19
07/08/2026 05:05;6,17
07/08/2026 05:10;6,2
07/08/2026 05:15;6,18
07/08/2026 05:20;6,18
07/08/2026 05:25;6,17
07/08/2026 05:30;6,18
07/08/2026 05:35;6,17
07/08/2026 05:40;6,18
07/08/2026 05:45;6,18
07/08/2026 05:50;6,18
07/08/2026 05:55;6,17
07/08/2026 06:00;6,15
07/08/2026 06:05;6,16
07/08/2026 06:10;6,17
07/08/2026 06:15;6,16
07/08/2026 06:20;6,16
07/08/2026 06:25;6,16
07/08/2026 06:30;6,17
07/08/2026 06:35;6,17
07/08/2026 06:40;6,15
07/08/2026 06:45;6,15
07/08/2026 06:50;6,15
07/08/2026 06:55;6,15
07/08/2026 07:00;6,16
07/08/2026 07:05;6,15
07/08/2026 07:10;6,17
07/08/2026 07:15;6,16
07/08/2026 07:20;6,15
07/08/2026 07:25;6,15
07/08/2026 07:30;6,16
07/08/2026 07:35;6,15
07/08/2026 07:40;6,16
07/08/2026 07:45;6,15
07/08/2026 07:50;6,17
07/08/2026 07:55;6,16
07/08/2026 08:00;6,16
07/08/2026 08:05;6,14
07/08/2026 08:10;6,15
07/08/2026 08:15;6,15
07/08/2026 08:20;6,16
07/08/2026 08:25;6,14
07/08/2026 08:30;6,16
07/08/2026 08:35;6,15
07/08/2026 08:40;6,15
07/08/2026 08:45;6,14
07/08/2026 08:50;6,15
07/08/2026 08:55;6,15
07/08/2026 09:00;6,13
07/08/2026 09:05;6,15
07/08/2026 09:10;6,16
07/08/2026 09:15;6,15
07/08/2026 09:20;6,14
07/08/2026 09:25;6,14
07/08/2026 09:30;6,16
07/08/2026 09:35;6,14
07/08/2026 09:40;6,16
07/08/2026 09:45;6,15
07/08/2026 09:50;6,17
07/08/2026 09:55;6,15
07/08/2026 10:00;6,15
07/08/2026 10:05;6,15
07/08/2026 10:10;6,16
07/08/2026 10:15;6,15
07/08/2026 10:20;6,17
07/08/2026 10:25;6,16
07/08/2026 10:30;6,17
07/08/2026 10:35;6,16
07/08/2026 10:40;6,17
07/08/2026 10:45;6,16
07/08/2026 10:50;6,18
07/08/2026 10:55;6,17
07/08/2026 11:00;6,18
07/08/2026 11:05;6,16
07/08/2026 11:10;6,18
07/08/2026 11:15;6,17
07/08/2026 11:20;6,18
07/08/2026 11:25;6,17
07/08/2026 11:30;6,17
07/08/2026 11:35;6,18
07/08/2026 11:40;6,19
07/08/2026 11:45;6,17
07/08/2026 11:50;6,18
07/08/2026 11:55;6,17
07/08/2026 12:00;6,19
07/08/2026 12:05;6,18
07/08/2026 12:10;6,19
07/08/2026 12:15;6,18
07/08/2026 12:20;6,19
07/08/2026 12:25;6,18
07/08/2026 12:30;6,17
07/08/2026 12:35;6,18
07/08/2026 12:40;6,17
07/08/2026 12:45;6,17
07/08/2026 12:50;6,19
07/08/2026 12:55;6,18
07/08/2026 13:00;6,18
07/08/2026 13:05;6,17
07/08/2026 13:10;6,19
07/08/2026 13:15;6,19
07/08/2026 13:20;6,2
07/08/2026 13:25;6,2
07/08/2026 13:30;6,21
07/08/2026 13:35;6,21
07/08/2026 13:40;6,21
07/08/2026 13:45;6,2
07/08/2026 13:50;6,22
07/08/2026 13:55;6,19
07/08/2026 14:00;6,23
07/08/2026 14:05;6,2
07/08/2026 14:10;6,22
07/08/2026 14:15;6,22
07/08/2026 14:20;6,23
07/08/2026 14:25;6,22
07/08/2026 14:30;6,24
07/08/2026 14:35;6,23
07/08/2026 14:40;6,24
07/08/2026 14:45;6,23
07/08/2026 14:50;6,24
07/08/2026 14:55;6,24
07/08/2026 15:00;6,24
07/08/2026 15:05;6,23
07/08/2026 15:10;6,22
07/08/2026 15:15;6,24
07/08/2026 15:20;6,24
07/08/2026 15:25;6,24
07/08/2026 15:30;6,24
07/08/2026 15:35;6,24
07/08/2026 15:40;6,25
07/08/2026 15:45;6,25
07/08/2026 15:50;6,26
07/08/2026 15:55;6,25
07/08/2026 16:00;6,28
07/08/2026 16:05;6,27
07/08/2026 16:10;6,28
07/08/2026 16:15;6,28
07/08/2026 16:20;6,29
07/08/2026 16:25;6,28
07/08/2026 16:30;6,29
07/08/2026 16:35;6,28
07/08/2026 16:40;6,28
07/08/2026 16:45;6,29
07/08/2026 16:50;6,31
07/08/2026 16:55;6,3
07/08/2026 17:00;6,29
07/08/2026 17:05;6,3
07/08/2026 17:10;6,32
07/08/2026 17:15;6,31
07/08/2026 17:20;6,33
07/08/2026 17:25;6,32
07/08/2026 17:30;6,34
07/08/2026 17:35;6,33
07/08/2026 17:40;6,34
07/08/2026 17:45;6,34
07/08/2026 17:50;6,35
07/08/2026 17:55;6,35
07/08/2026 18:00;6,35
07/08/2026 18:05;6,34
07/08/2026 18:10;6,35
07/08/2026 18:15;6,36
07/08/2026 18:20;6,37
07/08/2026 18:25;6,36
07/08/2026 18:30;6,37
07/08/2026 18:35;6,36
07/08/2026 18:40;6,38
07/08/2026 18:45;6,38
07/08/2026 18:50;6,39
07/08/2026 18:55;6,38
07/08/2026 19:00;6,39
07/08/2026 19:05;6,38
07/08/2026 19:10;6,39
07/08/2026 19:15;6,4
07/08/2026 19:20;6,39
07/08/2026 19:25;6,4
07/08/2026 19:30;6,4
07/08/2026 19:35;6,39
07/08/2026 19:40;6,4
07/08/2026 19:45;6,4
07/08/2026 19:50;6,41
07/08/2026 19:55;6,4
07/08/2026 20:00;6,42
07/08/2026 20:05;6,41
07/08/2026 20:10;6,42
07/08/2026 20:15;6,41
07/08/2026 20:20;6,41
07/08/2026 20:25;6,42
07/08/2026 20:30;6,42
07/08/2026 20:35;6,42
07/08/2026 20:40;6,42
07/08/2026 20:45;6,42
07/08/2026 20:50;6,41
07/08/2026 20:55;6,42
07/08/2026 21:00;6,43
07/08/2026 21:05;6,42
07/08/2026 21:10;6,43
07/08/2026 21:15;6,42
07/08/2026 21:20;6,4
07/08/2026 21:25;6,43
07/08/2026 21:30;6,44
07/08/2026 21:35;6,43
07/08/2026 21:40;6,43
07/08/2026 21:45;6,42
07/08/2026 21:50;6,43
07/08/2026 21:55;6,42
07/08/2026 22:00;6,42
07/08/2026 22:05;6,42
07/08/2026 22:10;6,43
07/08/2026 22:15;6,42
07/08/2026 22:20;6,43
07/08/2026 22:25;6,42
07/08/2026 22:30;6,42
07/08/2026 22:35;6,41
07/08/2026 22:40;6,42
07/08/2026 22:45;6,41
07/08/2026 22:50;6,43
07/08/2026 22:55;6,42
07/08/2026 23:00;6,41
07/08/2026 23:05;6,39
07/08/2026 23:10;6,42
07/08/2026 23:15;6,39
07/08/2026 23:20;6,41
07/08/2026 23:25;6,39
07/08/2026 23:30;6,4
07/08/2026 23:35;6,39
07/08/2026 23:40;6,4
07/08/2026 23:45;6,39
07/08/2026 23:50;6,4
07/08/2026 23:55;6,38
08/08/2026 00:00;6,38
08/08/2026 00:05;6,37
08/08/2026 00:10;6,38
08/08/2026 00:15;6,37
08/08/2026 00:20;6,38
08/08/2026 00:25;6,37
08/08/2026 00:30;6,36
08/08/2026 00:35;6,36
08/08/2026 00:40;6,35
08/08/2026 00:45;6,34
08/08/2026 00:50;6,36
08/08/2026 00:55;6,35
08/08/2026 01:00;6,35
08/08/2026 01:05;6,35
08/08/2026 01:10;6,32
08/08/2026 01:15;6,35
08/08/2026 01:20;6,35
08/08/2026 01:25;6,33
08/08/2026 01:30;6,33
08/08/2026 01:35;6,32
08/08/2026 01:40;6,33
08/08/2026 01:45;6,32
08/08/2026 01:50;6,33
08/08/2026 01:55;6,32
08/08/2026 02:00;6,31
08/08/2026 02:05;6,31
08/08/2026 02:10;6,31
08/08/2026 02:15;6,29
08/08/2026 02:20;6,31
08/08/2026 02:25;6,31
08/08/2026 02:30;6,31
08/08/2026 02:35;6,3
08/08/2026 02:40;6,29
08/08/2026 02:45;6,29
08/08/2026 02:50;6,3
08/08/2026 02:55;6,29
08/08/2026 03:00;6,27
08/08/2026 03:05;6,27
08/08/2026 03:10;6,28
08/08/2026 03:15;6,27
08/08/2026 03:20;6,27
08/08/2026 03:25;6,26
08/08/2026 03:30;6,27
08/08/2026 03:35;6,26
08/08/2026 03:40;6,24
08/08/2026 03:45;6,25
08/08/2026 03:50;6,27
08/08/2026 03:55;6,25
08/08/2026 04:00;6,25
08/08/2026 04:05;6,25
08/08/2026 04:10;6,25
08/08/2026 04:15;6,24
08/08/2026 04:20;6,23
08/08/2026 04:25;6,23
08/08/2026 04:30;6,22
08/08/2026 04:35;6,23
08/08/2026 04:40;6,24
08/08/2026 04:45;6,24
08/08/2026 04:50;6,24
08/08/2026 04:55;6,23
08/08/2026 05:00;6,24
08/08/2026 05:05;6,23
08/08/2026 05:10;6,23
08/08/2026 05:15;6,22
08/08/2026 05:20;6,23
08/08/2026 05:25;6,23
08/08/2026 05:30;6,23
08/08/2026 05:35;6,21
08/08/2026 05:40;6,22
08/08/2026 05:45;6,2
08/08/2026 05:50;6,22
08/08/2026 05:55;6,22
08/08/2026 06:00;6,23
08/08/2026 06:05;6,21
08/08/2026 06:10;6,21
08/08/2026 06:15;6,21
08/08/2026 06:20;6,21
08/08/2026 06:25;6,2
08/08/2026 06:30;6,21
08/08/2026 06:35;6,19
08/08/2026 06:40;6,2
08/08/2026 06:45;6,19
08/08/2026 06:50;6,2
08/08/2026 06:55;6,19
08/08/2026 07:00;6,2
08/08/2026 07:05;6,19
08/08/2026 07:10;6,21
08/08/2026 07:15;6,2
08/08/2026 07:20;6,19
08/08/2026 07:25;6,19
08/08/2026 07:30;6,2
08/08/2026 07:35;6,19
08/08/2026 07:40;6,19
08/08/2026 07:45;6,18
08/08/2026 07:50;6,19
08/08/2026 07:55;6,18
08/08/2026 08:00;6,2
08/08/2026 08:05;6,17
08/08/2026 08:10;6,19
08/08/2026 08:15;6,18
08/08/2026 08:20;6,18
08/08/2026 08:25;6,18
08/08/2026 08:30;6,19
08/08/2026 08:35;6,19
08/08/2026 08:40;6,19
08/08/2026 08:45;6,19
08/08/2026 08:50;6,19
08/08/2026 08:55;6,19
08/08/2026 09:00;6,18
08/08/2026 09:05;6,17
08/08/2026 09:10;6,19
08/08/2026 09:15;6,17
08/08/2026 09:20;6,18
08/08/2026 09:25;6,17
08/08/2026 09:30;6,19
08/08/2026 09:35;6,17
08/08/2026 09:40;6,18
08/08/2026 09:45;6,18
08/08/2026 09:50;6,2
08/08/2026 09:55;6,19
08/08/2026 10:00;6,17
08/08/2026 10:05;6,18
08/08/2026 10:10;6,19
08/08/2026 10:15;6,19
08/08/2026 10:20;6,19
08/08/2026 10:25;6,19
08/08/2026 10:30;6,2
08/08/2026 10:35;6,19
08/08/2026 10:40;6,19
08/08/2026 10:45;6,2
08/08/2026 10:50;6,21
08/08/2026 10:55;6,2
08/08/2026 11:00;6,21
08/08/2026 11:05;6,21
08/08/2026 11:10;6,21
08/08/2026 11:15;6,21
08/08/2026 11:20;6,21
08/08/2026 11:25;6,21
08/08/2026 11:30;6,22
08/08/2026 11:35;6,21
08/08/2026 11:40;6,19
08/08/2026 11:45;6,2
08/08/2026 11:50;6,22
08/08/2026 11:55;6,21
08/08/2026 12:00;6,21
08/08/2026 12:05;6,2
08/08/2026 12:10;6,22
08/08/2026 12:15;6,22
08/08/2026 12:20;6,22
08/08/2026 12:25;6,23
08/08/2026 12:30;6,24
08/08/2026 12:35;6,24
08/08/2026 12:40;6,23
08/08/2026 12:45;6,23
08/08/2026 12:50;6,24
08/08/2026 12:55;6,24
08/08/2026 13:00;6,24
08/08/2026 13:05;6,24
08/08/2026 13:10;6,25
08/08/2026 13:15;6,24
08/08/2026 13:20;6,24
08/08/2026 13:25;6,23
08/08/2026 13:30;6,25
08/08/2026 13:35;6,23
08/08/2026 13:40;6,25
08/08/2026 13:45;6,26
08/08/2026 13:50;6,26
08/08/2026 13:55;6,25
08/08/2026 14:00;6,27
08/08/2026 14:05;6,25
08/08/2026 14:10;6,24
08/08/2026 14:15;6,26
08/08/2026 14:20;6,25
08/08/2026 14:25;6,27
08/08/2026 14:30;6,27
08/08/2026 14:35;6,27
08/08/2026 14:40;6,28
08/08/2026 14:45;6,28
08/08/2026 14:50;6,29
08/08/2026 14:55;6,29
08/08/2026 15:00;6,29
08/08/2026 15:05;6,26
08/08/2026 15:10;6,28
08/08/2026 15:15;6,29
08/08/2026 15:20;6,31
08/08/2026 15:25;6,29
08/08/2026 15:30;6,32
08/08/2026 15:35;6,3
08/08/2026 15:40;6,31
08/08/2026 15:45;6,29
08/08/2026 15:50;6,33
08/08/2026 15:55;6,31
08/08/2026 16:00;6,31
08/08/2026 16:05;6,32
08/08/2026 16:10;6,35
08/08/2026 16:15;6,33
08/08/2026 16:20;6,34
08/08/2026 16:25;6,33
08/08/2026 16:30;6,34
08/08/2026 16:35;6,33
08/08/2026 16:40;6,34
08/08/2026 16:45;6,34
08/08/2026 16:50;6,34
08/08/2026 16:55;6,34
08/08/2026 17:00;6,33
08/08/2026 17:05;6,35
08/08/2026 17:10;6,37
08/08/2026 17:15;6,34
08/08/2026 17:20;6,35
08/08/2026 17:25;6,36
08/08/2026 17:30;6,37
08/08/2026 17:35;6,37
08/08/2026 17:40;6,39
08/08/2026 17:45;6,39
08/08/2026 17:50;6,41
08/08/2026 17:55;6,39
08/08/2026 18:00;6,41
08/08/2026 18:05;6,4
08/08/2026 18:10;6,42
08/08/2026 18:15;6,43
08/08/2026 18:20;6,43
08/08/2026 18:25;6,43
08/08/2026 18:30;6,44
08/08/2026 18:35;6,44
08/08/2026 18:40;6,45
08/08/2026 18:45;6,44
08/08/2026 18:50;6,46
08/08/2026 18:55;6,46
08/08/2026 19:00;6,48
08/08/2026 19:05;6,47
08/08/2026 19:10;6,49
08/08/2026 19:15;6,47
08/08/2026 19:20;6,48
08/08/2026 19:25;6,48
08/08/2026 19:30;6,5
08/08/2026 19:35;6,47
08/08/2026 19:40;6,48
08/08/2026 19:45;6,5
08/08/2026 19:50;6,51
08/08/2026 19:55;6,49
08/08/2026 20:00;6,5
08/08/2026 20:05;6,5
08/08/2026 20:10;6,51
08/08/2026 20:15;6,51
08/08/2026 20:20;6,51
08/08/2026 20:25;6,49
08/08/2026 20:30;6,52
08/08/2026 20:35;6,5
08/08/2026 20:40;6,51
08/08/2026 20:45;6,51
08/08/2026 20:50;6,52
08/08/2026 20:55;6,5
08/08/2026 21:00;6,51
08/08/2026 21:05;6,49
08/08/2026 21:10;6,5
08/08/2026 21:15;6,5
08/08/2026 21:20;6,51
08/08/2026 21:25;6,5
08/08/2026 21:30;6,51
08/08/2026 21:35;6,5
08/08/2026 21:40;6,5
08/08/2026 21:45;6,49
08/08/2026 21:50;6,5
08/08/2026 21:55;6,49
08/08/2026 22:00;6,49
08/08/2026 22:05;6,48
08/08/2026 22:10;6,49
08/08/2026 22:15;6,48
08/08/2026 22:20;6,48
08/08/2026 22:25;6,47
08/08/2026 22:30;6,48
08/08/2026 22:35;6,46
08/08/2026 22:40;6,47
08/08/2026 22:45;6,45
08/08/2026 22:50;6,47
08/08/2026 22:55;6,45
08/08/2026 23:00;6,46
08/08/2026 23:05;6,46
08/08/2026 23:10;6,47
08/08/2026 23:15;6,44
08/08/2026 23:20;6,45
08/08/2026 23:25;6,44
08/08/2026 23:30;6,43
08/08/2026 23:35;6,42
08/08/2026 23:40;6,42
08/08/2026 23:45;6,42
08/08/2026 23:50;6,43
08/08/2026 23:55;6,41
09/08/2026 00:00;6,44
09/08/2026 00:05;6,41
09/08/2026 00:10;6,43
09/08/2026 00:15;6,41
09/08/2026 00:20;6,41
09/08/2026 00:25;6,4
09/08/2026 00:30;6,39
09/08/2026 00:35;6,38
09/08/2026 00:40;6,36
09/08/2026 00:45;6,37
09/08/2026 00:50;6,39
09/08/2026 00:55;6,37
09/08/2026 01:00;6,37
09/08/2026 01:05;6,36
09/08/2026 01:10;6,37
09/08/2026 01:15;6,36
09/08/2026 01:20;6,37
09/08/2026 01:25;6,36
09/08/2026 01:30;6,35
09/08/2026 01:35;6,35
09/08/2026 01:40;6,34
09/08/2026 01:45;6,33
09/08/2026 01:50;6,35
09/08/2026 01:55;6,33
09/08/2026 02:00;6,35
09/08/2026 02:05;6,32
09/08/2026 02:10;6,33
09/08/2026 02:15;6,32
09/08/2026 02:20;6,33
09/08/2026 02:25;6,3
09/08/2026 02:30;6,33
09/08/2026 02:35;6,31
09/08/2026 02:40;6,33
09/08/2026 02:45;6,31
09/08/2026 02:50;6,32
09/08/2026 02:55;6,3
09/08/2026 03:00;6,32
09/08/2026 03:05;6,29
09/08/2026 03:10;6,3
09/08/2026 03:15;6,29
09/08/2026 03:20;6,29
09/08/2026 03:25;6,28
09/08/2026 03:30;6,28
09/08/2026 03:35;6,28
09/08/2026 03:40;6,28
09/08/2026 03:45;6,27
09/08/2026 03:50;6,28
09/08/2026 03:55;6,26
09/08/2026 04:00;6,28
09/08/2026 04:05;6,26
09/08/2026 04:10;6,28
09/08/2026 04:15;6,27
09/08/2026 04:20;6,27
09/08/2026 04:25;6,25
09/08/2026 04:30;6,25
09/08/2026 04:35;6,25
09/08/2026 04:40;6,26
09/08/2026 04:45;6,24
09/08/2026 04:50;6,25
09/08/2026 04:55;6,25
09/08/2026 05:00;6,27
09/08/2026 05:05;6,25
09/08/2026 05:10;6,26
09/08/2026 05:15;6,24
09/08/2026 05:20;6,25
09/08/2026 05:25;6,24
09/08/2026 05:30;6,25
09/08/2026 05:35;6,24
09/08/2026 05:40;6,24
09/08/2026 05:45;6,24
09/08/2026 05:50;6,24
09/08/2026 05:55;6,23
09/08/2026 06:00;6,23
09/08/2026 06:05;6,23
09/08/2026 06:10;6,23
09/08/2026 06:15;6,23
09/08/2026 06:20;6,24
09/08/2026 06:25;6,22
09/08/2026 06:30;6,22
09/08/2026 06:35;6,23
09/08/2026 06:40;6,22
09/08/2026 06:45;6,2
09/08/2026 06:50;6,22
09/08/2026 06:55;6,2
09/08/2026 07:00;6,2
09/08/2026 07:05;6,21
09/08/2026 07:10;6,21
09/08/2026 07:15;6,2
09/08/2026 07:20;6,21
09/08/2026 07:25;6,19
09/08/2026 07:30;6,21
09/08/2026 07:35;6,19
09/08/2026 07:40;6,21
09/08/2026 07:45;6,18
09/08/2026 07:50;6,21
09/08/2026 07:55;6,2
09/08/2026 08:00;6,18
09/08/2026 08:05;6,19
09/08/2026 08:10;6,19
09/08/2026 08:15;6,18
09/08/2026 08:20;6,18
09/08/2026 08:25;6,17
09/08/2026 08:30;6,2
09/08/2026 08:35;6,18
09/08/2026 08:40;6,2
09/08/2026 08:45;6,18
09/08/2026 08:50;6,19
09/08/2026 08:55;6,19
09/08/2026 09:00;6,2
09/08/2026 09:05;6,19
09/08/2026 09:10;6,19
09/08/2026 09:15;6,18
09/08/2026 09:20;6,17
09/08/2026 09:25;6,17
09/08/2026 09:30;6,19
09/08/2026 09:35;6,18
09/08/2026 09:40;6,19
09/08/2026 09:45;6,17
09/08/2026 09:50;6,18
09/08/2026 09:55;6,18
09/08/2026 10:00;6,19
09/08/2026 10:05;6,17
09/08/2026 10:10;6,19
09/08/2026 10:15;6,17
09/08/2026 10:20;6,17
09/08/2026 10:25;6,17
09/08/2026 10:30;6,18
09/08/2026 10:35;6,17
09/08/2026 10:40;6,17
09/08/2026 10:45;6,18
09/08/2026 10:50;6,19
09/08/2026 10:55;6,17
09/08/2026 11:00;6,18
09/08/2026 11:05;6,16
09/08/2026 11:10;6,19
09/08/2026 11:15;6,18
09/08/2026 11:20;6,19
09/08/2026 11:25;6,18
09/08/2026 11:30;6,18
09/08/2026 11:35;6,18
09/08/2026 11:40;6,18
09/08/2026 11:45;6,17
09/08/2026 11:50;6,2
09/08/2026 11:55;6,18
09/08/2026 12:00;6,17
09/08/2026 12:05;6,18
09/08/2026 12:10;6,18
09/08/2026 12:15;6,18
09/08/2026 12:20;6,2
09/08/2026 12:25;6,19
09/08/2026 12:30;6,19
09/08/2026 12:35;6,19
09/08/2026 12:40;6,2
09/08/2026 12:45;6,19
09/08/2026 12:50;6,2
09/08/2026 12:55;6,19
09/08/2026 13:00;6,21
09/08/2026 13:05;6,17
09/08/2026 13:10;6,2
09/08/2026 13:15;6,18
09/08/2026 13:20;6,18
09/08/2026 13:25;6,21
09/08/2026 13:30;6,21
09/08/2026 13:35;6,2
09/08/2026 13:40;6,22
09/08/2026 13:45;6,2
09/08/2026 13:50;6,22
09/08/2026 13:55;6,2
09/08/2026 14:00;6,19
09/08/2026 14:05;6,19
09/08/2026 14:10;6,2
09/08/2026 14:15;6,21
09/08/2026 14:20;6,21
09/08/2026 14:25;6,21
09/08/2026 14:30;6,22
09/08/2026 14:35;6,2
09/08/2026 14:40;6,21
09/08/2026 14:45;6,21
09/08/2026 14:50;6,23
09/08/2026 14:55;6,21
09/08/2026 15:00;6,24
09/08/2026 15:05;6,22
09/08/2026 15:10;6,22
09/08/2026 15:15;6,22
09/08/2026 15:20;6,23
09/08/2026 15:25;6,22
09/08/2026 15:30;6,23
09/08/2026 15:35;6,22
09/08/2026 15:40;6,23
09/08/2026 15:45;6,23
09/08/2026 15:50;6,23
09/08/2026 15:55;6,23
09/08/2026 16:00;6,24
09/08/2026 16:05;6,24
09/08/2026 16:10;6,25
09/08/2026 16:15;6,24
09/08/2026 16:20;6,26
09/08/2026 16:25;6,25
09/08/2026 16:30;6,27
09/08/2026 16:35;6,25
09/08/2026 16:40;6,26
09/08/2026 16:45;6,26
09/08/2026 16:50;6,27
09/08/2026 16:55;6,26
09/08/2026 17:00;6,28
09/08/2026 17:05;6,27
09/08/2026 17:10;6,28
09/08/2026 17:15;6,28
09/08/2026 17:20;6,29
09/08/2026 17:25;6,28
09/08/2026 17:30;6,3
09/08/2026 17:35;6,28
09/08/2026 17:40;6,31
09/08/2026 17:45;6,31
09/08/2026 17:50;6,32
09/08/2026 17:55;6,31
09/08/2026 18:00;6,31
09/08/2026 18:05;6,32
09/08/2026 18:10;6,31
09/08/2026 18:15;6,32
09/08/2026 18:20;6,33
09/08/2026 18:25;6,33
09/08/2026 18:30;6,34
09/08/2026 18:35;6,34
09/08/2026 18:40;6,35
09/08/2026 18:45;6,35
09/08/2026 18:50;6,37
09/08/2026 18:55;6,36
09/08/2026 19:00;6,35
09/08/2026 19:05;6,36
09/08/2026 19:10;6,39
09/08/2026 19:15;6,37
09/08/2026 19:20;6,38
09/08/2026 19:25;6,38
09/08/2026 19:30;6,39
09/08/2026 19:35;6,39
09/08/2026 19:40;6,39
09/08/2026 19:45;6,39
09/08/2026 19:50;6,41
09/08/2026 19:55;6,41
09/08/2026 20:00;6,42
09/08/2026 20:05;6,41
09/08/2026 20:10;6,42
09/08/2026 20:15;6,42
09/08/2026 20:20;6,45
09/08/2026 20:25;6,44
09/08/2026 20:30;6,46
09/08/2026 20:35;6,46
09/08/2026 20:40;6,47
09/08/2026 20:45;6,47
09/08/2026 20:50;6,48
09/08/2026 20:55;6,46
09/08/2026 21:00;6,47
09/08/2026 21:05;6,47
09/08/2026 21:10;6,48
09/08/2026 21:15;6,48
09/08/2026 21:20;6,48
09/08/2026 21:25;6,45
09/08/2026 21:30;6,5
09/08/2026 21:35;6,48
09/08/2026 21:40;6,5
09/08/2026 21:45;6,49
09/08/2026 21:50;6,5
09/08/2026 21:55;6,49
09/08/2026 22:00;6,48
09/08/2026 22:05;6,48
09/08/2026 22:10;6,49
09/08/2026 22:15;6,49
09/08/2026 22:20;6,48
09/08/2026 22:25;6,48
09/08/2026 22:30;6,49
09/08/2026 22:35;6,48
09/08/2026 22:40;6,5
09/08/2026 22:45;6,48
09/08/2026 22:50;6,49
09/08/2026 22:55;6,48
09/08/2026 23:00;6,47
09/08/2026 23:05;6,47
09/08/2026 23:10;6,49
09/08/2026 23:15;6,47
09/08/2026 23:20;6,48
09/08/2026 23:25;6,47
09/08/2026 23:30;6,49
09/08/2026 23:35;6,46
09/08/2026 23:40;6,48
09/08/2026 23:45;6,46
09/08/2026 23:50;6,47
09/08/2026 23:55;6,46
10/08/2026 00:00;6,47
10/08/2026 00:05;6,45
10/08/2026 00:10;6,46
10/08/2026 00:15;6,46
10/08/2026 00:20;6,46
10/08/2026 00:25;6,45
10/08/2026 00:30;6,46
10/08/2026 00:35;6,45
10/08/2026 00:40;6,43
10/08/2026 00:45;6,42
10/08/2026 00:50;6,45
10/08/2026 00:55;6,44
10/08/2026 01:00;6,42
10/08/2026 01:05;6,41
10/08/2026 01:10;6,43
10/08/2026 01:15;6,42
10/08/2026 01:20;6,43
10/08/2026 01:25;6,42
10/08/2026 01:30;6,42
10/08/2026 01:35;6,42
10/08/2026 01:40;6,41
10/08/2026 01:45;6,4
10/08/2026 01:50;6,4
10/08/2026 01:55;6,39
10/08/2026 02:00;6,37
10/08/2026 02:05;6,38
10/08/2026 02:10;6,4
10/08/2026 02:15;6,38
10/08/2026 02:20;6,37
10/08/2026 02:25;6,37
10/08/2026 02:30;6,38
10/08/2026 02:35;6,38
10/08/2026 02:40;6,37
10/08/2026 02:45;6,37
10/08/2026 02:50;6,37
10/08/2026 02:55;6,36
10/08/2026 03:00;6,37
10/08/2026 03:05;6,34
10/08/2026 03:10;6,36
10/08/2026 03:15;6,34
10/08/2026 03:20;6,35
10/08/2026 03:25;6,33
10/08/2026 03:30;6,35
10/08/2026 03:35;6,34
10/08/2026 03:40;6,34
10/08/2026 03:45;6,34
10/08/2026 03:50;6,34
10/08/2026 03:55;6,33
10/08/2026 04:00;6,33
10/08/2026 04:05;6,32
10/08/2026 04:10;6,31
10/08/2026 04:15;6,31
10/08/2026 04:20;6,33
10/08/2026 04:25;6,32
10/08/2026 04:30;6,33
10/08/2026 04:35;6,3
10/08/2026 04:40;6,31
10/08/2026 04:45;6,3
10/08/2026 04:50;6,32
10/08/2026 04:55;6,3
10/08/2026 05:00;6,32
10/08/2026 05:05;6,29
10/08/2026 05:10;6,29
10/08/2026 05:15;6,29
10/08/2026 05:20;6,31
10/08/2026 05:25;6,29
10/08/2026 05:30;6,29
10/08/2026 05:35;6,28
10/08/2026 05:40;6,3
10/08/2026 05:45;6,28
10/08/2026 05:50;6,28
10/08/2026 05:55;6,28
10/08/2026 06:00;6,28
10/08/2026 06:05;6,27
10/08/2026 06:10;6,29
10/08/2026 06:15;6,27
10/08/2026 06:20;6,27
10/08/2026 06:25;6,27
10/08/2026 06:30;6,28
10/08/2026 06:35;6,28
10/08/2026 06:40;6,28
10/08/2026 06:45;6,27
10/08/2026 06:50;6,28
10/08/2026 06:55;6,26
10/08/2026 07:00;6,25
10/08/2026 07:05;6,25
10/08/2026 07:10;6,28
10/08/2026 07:15;6,26
10/08/2026 07:20;6,25
10/08/2026 07:25;6,25
10/08/2026 07:30;6,26
10/08/2026 07:35;6,25
10/08/2026 07:40;6,25
10/08/2026 07:45;6,25
10/08/2026 07:50;6,27
10/08/2026 07:55;6,27
10/08/2026 08:00;6,26
10/08/2026 08:05;6,26
10/08/2026 08:10;6,27
10/08/2026 08:15;6,26
10/08/2026 08:20;6,26
10/08/2026 08:25;6,26
10/08/2026 08:30;6,27
10/08/2026 08:35;6,25
10/08/2026 08:40;6,26
10/08/2026 08:45;6,25
10/08/2026 08:50;6,27
10/08/2026 08:55;6,26
10/08/2026 09:00;6,26
10/08/2026 09:05;6,25
10/08/2026 09:10;6,27
10/08/2026 09:15;6,26
10/08/2026 09:20;6,25
10/08/2026 09:25;6,25
10/08/2026 09:30;6,26
10/08/2026 09:35;6,25
10/08/2026 09:40;6,27
10/08/2026 09:45;6,26
10/08/2026 09:50;6,27
10/08/2026 09:55;6,26
10/08/2026 10:00;6,27
10/08/2026 10:05;6,25
10/08/2026 10:10;6,27
10/08/2026 10:15;6,26
10/08/2026 10:20;6,26
10/08/2026 10:25;6,26
10/08/2026 10:30;6,27
10/08/2026 10:35;6,26
10/08/2026 10:40;6,25
10/08/2026 10:45;6,26
10/08/2026 10:50;6,27
10/08/2026 10:55;6,26
10/08/2026 11:00;6,27
10/08/2026 11:05;6,26
10/08/2026 11:10;6,26
10/08/2026 11:15;6,25
10/08/2026 11:20;6,26
10/08/2026 11:25;6,25
10/08/2026 11:30;6,28
10/08/2026 11:35;6,26
10/08/2026 11:40;6,27
10/08/2026 11:45;6,26
10/08/2026 11:50;6,27
10/08/2026 11:55;6,25
10/08/2026 12:00;6,26
10/08/2026 12:05;6,25
10/08/2026 12:10;6,25
10/08/2026 12:15;6,25
10/08/2026 12:20;6,24
10/08/2026 12:25;6,24
10/08/2026 12:30;6,25
10/08/2026 12:35;6,24
10/08/2026 12:40;6,25
10/08/2026 12:45;6,24
10/08/2026 12:50;6,25
10/08/2026 12:55;6,24
10/08/2026 13:00;6,25
10/08/2026 13:05;6,24
10/08/2026 13:10;6,25
10/08/2026 13:15;6,24
10/08/2026 13:20;6,25
10/08/2026 13:25;6,25
10/08/2026 13:30;6,25
10/08/2026 13:35;6,25
10/08/2026 13:40;6,25
10/08/2026 13:45;6,24
10/08/2026 13:50;6,25
10/08/2026 13:55;6,25
10/08/2026 14:00;6,24
10/08/2026 14:05;6,25
10/08/2026 14:10;6,25
10/08/2026 14:15;6,25
10/08/2026 14:20;6,26
10/08/2026 14:25;6,25
10/08/2026 14:30;6,26
10/08/2026 14:35;6,24
10/08/2026 14:40;6,26
10/08/2026 14:45;6,24
10/08/2026 14:50;6,26
10/08/2026 14:55;6,24
10/08/2026 15:00;6,25
10/08/2026 15:05;6,24
10/08/2026 15:10;6,26
10/08/2026 15:15;6,25
10/08/2026 15:20;6,25
10/08/2026 15:25;6,24
10/08/2026 15:30;6,26
10/08/2026 15:35;6,24
10/08/2026 15:40;6,25
10/08/2026 15:45;6,23
10/08/2026 15:50;6,26
10/08/2026 15:55;6,25
10/08/2026 16:00;6,25
10/08/2026 16:05;6,24
10/08/2026 16:10;6,25
10/08/2026 16:15;6,22
10/08/2026 16:20;6,23
10/08/2026 16:25;6,23
10/08/2026 16:30;6,24
10/08/2026 16:35;6,23
10/08/2026 16:40;6,24
10/08/2026 16:45;6,22
10/08/2026 16:50;6,25
10/08/2026 16:55;6,23
10/08/2026 17:00;6,24
10/08/2026 17:05;6,23
10/08/2026 17:10;6,24
10/08/2026 17:15;6,23
10/08/2026 17:20;6,25
10/08/2026 17:25;6,22
10/08/2026 17:30;6,25
10/08/2026 17:35;6,23
10/08/2026 17:40;6,22
10/08/2026 17:45;6,23
10/08/2026 17:50;6,24
10/08/2026 17:55;6,23
10/08/2026 18:00;6,24
10/08/2026 18:05;6,23
10/08/2026 18:10;6,24
10/08/2026 18:15;6,22
10/08/2026 18:20;6,22
10/08/2026 18:25;6,23
10/08/2026 18:30;6,24
10/08/2026 18:35;6,24
10/08/2026 18:40;6,24
10/08/2026 18:45;6,23
10/08/2026 18:50;6,24
10/08/2026 18:55;6,24
10/08/2026 19:00;6,25
10/08/2026 19:05;6,24
10/08/2026 19:10;6,24
10/08/2026 19:15;6,24
10/08/2026 19:20;6,26
10/08/2026 19:25;6,24
10/08/2026 19:30;6,26
10/08/2026 19:35;6,23
10/08/2026 19:40;6,25
10/08/2026 19:45;6,24
10/08/2026 19:50;6,25
10/08/2026 19:55;6,25
10/08/2026 20:00;6,25
10/08/2026 20:05;6,25
10/08/2026 20:10;6,25
10/08/2026 20:15;6,25
10/08/2026 20:20;6,25
10/08/2026 20:25;6,25
10/08/2026 20:30;6,27
10/08/2026 20:35;6,25
10/08/2026 20:40;6,26
10/08/2026 20:45;6,24
10/08/2026 20:50;6,26
10/08/2026 20:55;6,25
10/08/2026 21:00;6,25
10/08/2026 21:05;6,25
10/08/2026 21:10;6,27
10/08/2026 21:15;6,26
10/08/2026 21:20;6,27
10/08/2026 21:25;6,27
10/08/2026 21:30;6,26
10/08/2026 21:35;6,26
10/08/2026 21:40;6,27
10/08/2026 21:45;6,25
10/08/2026 21:50;6,26
10/08/2026 21:55;6,26
10/08/2026 22:00;6,27
10/08/2026 22:05;6,26
10/08/2026 22:10;6,27
10/08/2026 22:15;6,26
10/08/2026 22:20;6,27
10/08/2026 22:25;6,26
10/08/2026 22:30;6,27
10/08/2026 22:35;6,26
10/08/2026 22:40;6,26
10/08/2026 22:45;6,26
10/08/2026 22:50;6,27
10/08/2026 22:55;6,26
10/08/2026 23:00;6,26
10/08/2026 23:05;6,26
10/08/2026 23:10;6,27
10/08/2026 23:15;6,26
10/08/2026 23:20;6,27
10/08/2026 23:25;6,26
10/08/2026 23:30;6,26
10/08/2026 23:35;6,25
10/08/2026 23:40;6,26
10/08/2026 23:45;6,25
10/08/2026 23:50;6,25
10/08/2026 23:55;6,25
11/08/2026 00:00;6,26
11/08/2026 00:05;6,26
11/08/2026 00:10;6,26
11/08/2026 00:15;6,26
11/08/2026 00:20;6,26
11/08/2026 00:25;6,25
11/08/2026 00:30;6,25
11/08/2026 00:35;6,25
11/08/2026 00:40;6,26
11/08/2026 00:45;6,26
11/08/2026 00:50;6,25
11/08/2026 00:55;6,25
11/08/2026 01:00;6,26
11/08/2026 01:05;6,25
11/08/2026 01:10;6,25
11/08/2026 01:15;6,24
11/08/2026 01:20;6,24
11/08/2026 01:25;6,25
11/08/2026 01:30;6,26
11/08/2026 01:35;6,25
11/08/2026 01:40;6,25
11/08/2026 01:45;6,24
11/08/2026 01:50;6,27
11/08/2026 01:55;6,24
11/08/2026 02:00;6,24
11/08/2026 02:05;6,24
11/08/2026 02:10;6,25
11/08/2026 02:15;6,24
11/08/2026 02:20;6,23
11/08/2026 02:25;6,24
11/08/2026 02:30;6,26
11/08/2026 02:35;6,24
11/08/2026 02:40;6,24
11/08/2026 02:45;6,24
11/08/2026 02:50;6,24
11/08/2026 02:55;6,23
11/08/2026 03:00;6,24
11/08/2026 03:05;6,24
11/08/2026 03:10;6,25
11/08/2026 03:15;6,24
11/08/2026 03:20;6,25
11/08/2026 03:25;6,23
11/08/2026 03:30;6,24
11/08/2026 03:35;6,24
11/08/2026 03:40;6,24
11/08/2026 03:45;6,24
11/08/2026 03:50;6,24
11/08/2026 03:55;6,23
11/08/2026 04:00;6,25
11/08/2026 04:05;6,24
11/08/2026 04:10;6,24
11/08/2026 04:15;6,24
11/08/2026 04:20;6,24
11/08/2026 04:25;6,24
11/08/2026 04:30;6,24
11/08/2026 04:35;6,23
11/08/2026 04:40;6,23
11/08/2026 04:45;6,24
11/08/2026 04:50;6,24
11/08/2026 04:55;6,23
11/08/2026 05:00;6,24
11/08/2026 05:05;6,23
11/08/2026 05:10;6,25
11/08/2026 05:15;6,22
11/08/2026 05:20;6,24
11/08/2026 05:25;6,23
11/08/2026 05:30;6,25
11/08/2026 05:35;6,24
11/08/2026 05:40;6,24
11/08/2026 05:45;6,23
11/08/2026 05:50;6,24
11/08/2026 05:55;6,22
11/08/2026 06:00;6,23
11/08/2026 06:05;6,23
11/08/2026 06:10;6,24
11/08/2026 06:15;6,23
11/08/2026 06:20;6,25
11/08/2026 06:25;6,23
11/08/2026 06:30;6,24
11/08/2026 06:35;6,22
11/08/2026 06:40;6,23
11/08/2026 06:45;6,22
11/08/2026 06:50;6,23
11/08/2026 06:55;6,23
11/08/2026 07:00;6,24
11/08/2026 07:05;6,23
11/08/2026 07:10;6,25
11/08/2026 07:15;6,23
11/08/2026 07:20;6,24
11/08/2026 07:25;6,23
11/08/2026 07:30;6,23
11/08/2026 07:35;6,23
11/08/2026 07:40;6,23
11/08/2026 07:45;6,22
11/08/2026 07:50;6,24
11/08/2026 07:55;6,23
11/08/2026 08:00;6,24
11/08/2026 08:05;6,23
11/08/2026 08:10;6,25
11/08/2026 08:15;6,23
11/08/2026 08:20;6,25
11/08/2026 08:25;6,23
11/08/2026 08:30;6,24
11/08/2026 08:35;6,23
11/08/2026 08:40;6,25
11/08/2026 08:45;6,24
11/08/2026 08:50;6,25
11/08/2026 08:55;6,24
11/08/2026 09:00;6,25
11/08/2026 09:05;6,23
11/08/2026 09:10;6,25
11/08/2026 09:15;6,23
11/08/2026 09:20;6,26
11/08/2026 09:25;6,25
11/08/2026 09:30;6,26
11/08/2026 09:35;6,23
11/08/2026 09:40;6,25
11/08/2026 09:45;6,25
11/08/2026 09:50;6,26
11/08/2026 09:55;6,24
11/08/2026 10:00;6,26
11/08/2026 10:05;6,25
11/08/2026 10:10;6,24
11/08/2026 10:15;6,24
11/08/2026 10:20;6,26
11/08/2026 10:25;6,26
11/08/2026 10:30;6,27
11/08/2026 10:35;6,26
11/08/2026 10:40;6,28
11/08/2026 10:45;6,25
11/08/2026 10:50;6,28
11/08/2026 10:55;6,27
11/08/2026 11:00;6,27
11/08/2026 11:05;6,26
11/08/2026 11:10;6,26
11/08/2026 11:15;6,27
11/08/2026 11:20;6,27
11/08/2026 11:25;6,27
11/08/2026 11:30;6,27
11/08/2026 11:35;6,27
11/08/2026 11:40;6,27
11/08/2026 11:45;6,27
11/08/2026 11:50;6,29
11/08/2026 11:55;6,27
11/08/2026 12:00;6,27
11/08/2026 12:05;6,27
11/08/2026 12:10;6,28
11/08/2026 12:15;6,27
11/08/2026 12:20;6,28
11/08/2026 12:25;6,28
11/08/2026 12:30;6,28
11/08/2026 12:35;6,27
11/08/2026 12:40;6,29
11/08/2026 12:45;6,27
11/08/2026 12:50;6,29
11/08/2026 12:55;6,27
11/08/2026 13:00;6,27
11/08/2026 13:05;6,28
11/08/2026 13:10;6,29
11/08/2026 13:15;6,27
11/08/2026 13:20;6,28
11/08/2026 13:25;6,27
11/08/2026 13:30;6,28
11/08/2026 13:35;6,27
11/08/2026 13:40;6,28
11/08/2026 13:45;6,29
11/08/2026 13:50;6,29
11/08/2026 13:55;6,28
11/08/2026 14:00;6,29
11/08/2026 14:05;6,28
11/08/2026 14:10;6,28
11/08/2026 14:15;6,28
11/08/2026 14:20;6,29
11/08/2026 14:25;6,29
11/08/2026 14:30;6,3
11/08/2026 14:35;6,28
11/08/2026 14:40;6,3
11/08/2026 14:45;6,29
11/08/2026 14:50;6,3
11/08/2026 14:55;6,29
11/08/2026 15:00;6,3
11/08/2026 15:05;6,3
11/08/2026 15:10;6,3
11/08/2026 15:15;6,3
11/08/2026 15:20;6,32
11/08/2026 15:25;6,3
11/08/2026 15:30;6,31
11/08/2026 15:35;6,31
11/08/2026 15:40;6,31
11/08/2026 15:45;6,3
11/08/2026 15:50;6,32
11/08/2026 15:55;6,31
11/08/2026 16:00;6,32
11/08/2026 16:05;6,32
11/08/2026 16:10;6,33
11/08/2026 16:15;6,32
11/08/2026 16:20;6,35
11/08/2026 16:25;6,35
11/08/2026 16:30;6,35
11/08/2026 16:35;6,34
11/08/2026 16:40;6,36
11/08/2026 16:45;6,35
11/08/2026 16:50;6,37
11/08/2026 16:55;6,36
11/08/2026 17:00;6,37
11/08/2026 17:05;6,36
11/08/2026 17:10;6,37
11/08/2026 17:15;6,37
11/08/2026 17:20;6,38
11/08/2026 17:25;6,37
11/08/2026 17:30;6,39
11/08/2026 17:35;6,38
11/08/2026 17:40;6,4
11/08/2026 17:45;6,38
11/08/2026 17:50;6,39
11/08/2026 17:55;6,38
11/08/2026 18:00;6,41
11/08/2026 18:05;6,39
11/08/2026 18:10;6,41
11/08/2026 18:15;6,4
11/08/2026 18:20;6,41
11/08/2026 18:25;6,39
11/08/2026 18:30;6,4
11/08/2026 18:35;6,4
11/08/2026 18:40;6,4
11/08/2026 18:45;6,4
11/08/2026 18:50;6,41
11/08/2026 18:55;6,39
11/08/2026 19:00;6,4
11/08/2026 19:05;6,4
11/08/2026 19:10;6,4
11/08/2026 19:15;6,4
11/08/2026 19:20;6,4
11/08/2026 19:25;6,39
11/08/2026 19:30;6,41
11/08/2026 19:35;6,39
11/08/2026 19:40;6,41
11/08/2026 19:45;6,4
11/08/2026 19:50;6,41
11/08/2026 19:55;6,4
11/08/2026 20:00;6,4
11/08/2026 20:05;6,4
11/08/2026 20:10;6,42
11/08/2026 20:15;6,39
11/08/2026 20:20;6,39
11/08/2026 20:25;6,39
11/08/2026 20:30;6,39
11/08/2026 20:35;6,39
11/08/2026 20:40;6,4
11/08/2026 20:45;6,4
11/08/2026 20:50;6,4
11/08/2026 20:55;6,39
11/08/2026 21:00;6,41
11/08/2026 21:05;6,39
11/08/2026 21:10;6,4
11/08/2026 21:15;6,38
11/08/2026 21:20;6,38
11/08/2026 21:25;6,39
11/08/2026 21:30;6,39
11/08/2026 21:35;6,39
11/08/2026 21:40;6,4
11/08/2026 21:45;6,39
11/08/2026 21:50;6,39
11/08/2026 21:55;6,38
11/08/2026 22:00;6,38
11/08/2026 22:05;6,37
11/08/2026 22:10;6,38
11/08/2026 22:15;6,37
11/08/2026 22:20;6,38
11/08/2026 22:25;6,37
11/08/2026 22:30;6,39
11/08/2026 22:35;6,37
11/08/2026 22:40;6,37
11/08/2026 22:45;6,37
11/08/2026 22:50;6,38
11/08/2026 22:55;6,38
11/08/2026 23:00;6,39
11/08/2026 23:05;6,36
11/08/2026 23:10;6,38
11/08/2026 23:15;6,37
11/08/2026 23:20;6,36
11/08/2026 23:25;6,36
11/08/2026 23:30;6,38
11/08/2026 23:35;6,35
11/08/2026 23:40;6,38
11/08/2026 23:45;6,35
11/08/2026 23:50;6,37
11/08/2026 23:55;6,35
12/08/2026 00:00;6,36
12/08/2026 00:05;6,35
12/08/2026 00:10;6,36
12/08/2026 00:15;6,34
12/08/2026 00:20;6,36
12/08/2026 00:25;6,34
12/08/2026 00:30;6,35
12/08/2026 00:35;6,33
12/08/2026 00:40;6,36
12/08/2026 00:45;6,34
12/08/2026 00:50;6,35
12/08/2026 00:55;6,34
12/08/2026 01:00;6,35
12/08/2026 01:05;6,34
12/08/2026 01:10;6,35
12/08/2026 01:15;6,32
12/08/2026 01:20;6,34
12/08/2026 01:25;6,33
12/08/2026 01:30;6,29
12/08/2026 01:35;6,32
12/08/2026 01:40;6,34
12/08/2026 01:45;6,31
12/08/2026 01:50;6,33
12/08/2026 01:55;6,32
12/08/2026 02:00;6,33
12/08/2026 02:05;6,32
12/08/2026 02:10;6,33
12/08/2026 02:15;6,32
12/08/2026 02:20;6,32
12/08/2026 02:25;6,31
12/08/2026 02:30;6,32
12/08/2026 02:35;6,3
12/08/2026 02:40;6,32
12/08/2026 02:45;6,3
12/08/2026 02:50;6,32
12/08/2026 02:55;6,3
12/08/2026 03:00;6,31
12/08/2026 03:05;6,31
12/08/2026 03:10;6,32
12/08/2026 03:15;6,31
12/08/2026 03:20;6,31
12/08/2026 03:25;6,3
12/08/2026 03:30;6,31
12/08/2026 03:35;6,29
12/08/2026 03:40;6,31
12/08/2026 03:45;6,29
12/08/2026 03:50;6,3
12/08/2026 03:55;6,29
12/08/2026 04:00;6,3
12/08/2026 04:05;6,3
12/08/2026 04:10;6,29
12/08/2026 04:15;6,29
12/08/2026 04:20;6,31
12/08/2026 04:25;6,28
12/08/2026 04:30;6,3
12/08/2026 04:35;6,29
12/08/2026 04:40;6,31
12/08/2026 04:45;6,3
12/08/2026 04:50;6,28
12/08/2026 04:55;6,28
12/08/2026 05:00;6,29
12/08/2026 05:05;6,29
12/08/2026 05:10;6,3
12/08/2026 05:15;6,28
12/08/2026 05:20;6,28
12/08/2026 05:25;6,29
12/08/2026 05:30;6,3
12/08/2026 05:35;6,28
12/08/2026 05:40;6,3
12/08/2026 05:45;6,29
12/08/2026 05:50;6,3
12/08/2026 05:55;6,28
12/08/2026 06:00;6,28
12/08/2026 06:05;6,28
12/08/2026 06:10;6,3
12/08/2026 06:15;6,28
12/08/2026 06:20;6,3
12/08/2026 06:25;6,28
12/08/2026 06:30;6,27
12/08/2026 06:35;6,28
12/08/2026 06:40;6,28
12/08/2026 06:45;6,28
12/08/2026 06:50;6,29
12/08/2026 06:55;6,27
12/08/2026 07:00;6,3
12/08/2026 07:05;6,27
12/08/2026 07:10;6,29
12/08/2026 07:15;6,27
12/08/2026 07:20;6,26
12/08/2026 07:25;
12/08/2026 07:30;
12/08/2026 07:35;
12/08/2026 07:40;6,24
12/08/2026 07:45;
12/08/2026 07:50;
12/08/2026 07:55;
12/08/2026 08:00;6,26
12/08/2026 08:05;6,26
12/08/2026 08:10;6,28
12/08/2026 08:15;6,27
12/08/2026 08:20;6,28
12/08/2026 08:25;6,27
12/08/2026 08:30;6,28
12/08/2026 08:35;6,28
12/08/2026 08:40;6,29
12/08/2026 08:45;6,28
12/08/2026 08:50;6,29
12/08/2026 08:55;6,28
12/08/2026 09:00;6,27
12/08/2026 09:05;6,27
12/08/2026 09:10;6,28
12/08/2026 09:15;
12/08/2026 09:20;
12/08/2026 09:25;
12/08/2026 09:30;
12/08/2026 09:35;
12/08/2026 09:40;6,26
12/08/2026 09:45;6,26
12/08/2026 09:50;6,28
12/08/2026 09:55;6,28
12/08/2026 10:00;6,29
12/08/2026 10:05;6,27
12/08/2026 10:10;6,28
12/08/2026 10:15;6,28
12/08/2026 10:20;6,3
12/08/2026 10:25;6,28
12/08/2026 10:30;6,28
12/08/2026 10:35;6,3
12/08/2026 10:40;6,31
12/08/2026 10:45;6,29
12/08/2026 10:50;6,32
12/08/2026 10:55;6,29
12/08/2026 11:00;6,31
12/08/2026 11:05;6,3
12/08/2026 11:10;6,31
12/08/2026 11:15;6,3
12/08/2026 11:20;6,32
12/08/2026 11:25;6,3
12/08/2026 11:30;6,32
12/08/2026 11:35;6,3
12/08/2026 11:40;6,3
12/08/2026 11:45;6,3
12/08/2026 11:50;6,31
12/08/2026 11:55;6,3
12/08/2026 12:00;6,32
12/08/2026 12:05;6,3
12/08/2026 12:10;6,31
12/08/2026 12:15;6,31
12/08/2026 12:20;6,31
12/08/2026 12:25;6,29
12/08/2026 12:30;6,32
12/08/2026 12:35;6,31
12/08/2026 12:40;6,32
12/08/2026 12:45;6,3
12/08/2026 12:50;6,32
12/08/2026 12:55;6,31
12/08/2026 13:00;6,32
12/08/2026 13:05;6,32
12/08/2026 13:10;6,33
12/08/2026 13:15;6,31
12/08/2026 13:20;6,33
12/08/2026 13:25;6,31
12/08/2026 13:30;6,29
12/08/2026 13:35;6,28
12/08/2026 13:40;6,32
12/08/2026 13:45;6,31
12/08/2026 13:50;6,34
12/08/2026 13:55;6,33
12/08/2026 14:00;6,35
12/08/2026 14:05;6,33
12/08/2026 14:10;6,34
12/08/2026 14:15;6,33
12/08/2026 14:20;6,35
12/08/2026 14:25;6,33
12/08/2026 14:30;6,35
12/08/2026 14:35;6,34
12/08/2026 14:40;6,35
12/08/2026 14:45;6,33
12/08/2026 14:50;6,35
12/08/2026 14:55;6,36
12/08/2026 15:00;6,37
12/08/2026 15:05;6,34
12/08/2026 15:10;6,37
12/08/2026 15:15;6,34
12/08/2026 15:20;6,37
12/08/2026 15:25;6,35
12/08/2026 15:30;6,36
12/08/2026 15:35;
12/08/2026 15:40;
12/08/2026 15:45;
12/08/2026 15:50;6,26
12/08/2026 15:55;6,28
12/08/2026 16:00;6,33
12/08/2026 16:05;6,33
12/08/2026 16:10;6,34
12/08/2026 16:15;6,33
12/08/2026 16:20;6,36
12/08/2026 16:25;6,35
12/08/2026 16:30;6,37
12/08/2026 16:35;6,35
12/08/2026 16:40;6,38
12/08/2026 16:45;6,36
12/08/2026 16:50;6,35
12/08/2026 16:55;6,32
12/08/2026 17:00;6,34
12/08/2026 17:05;6,34
12/08/2026 17:10;6,39
12/08/2026 17:15;6,38
12/08/2026 17:20;6,4
12/08/2026 17:25;6,38
12/08/2026 17:30;6,35
12/08/2026 17:35;6,34
12/08/2026 17:40;6,39
12/08/2026 17:45;6,39
12/08/2026 17:50;6,4
12/08/2026 17:55;6,4
12/08/2026 18:00;6,4
12/08/2026 18:05;6,4
12/08/2026 18:10;6,42
12/08/2026 18:15;6,4
12/08/2026 18:20;6,4
12/08/2026 18:25;6,41
12/08/2026 18:30;6,42
12/08/2026 18:35;6,4
12/08/2026 18:40;6,42
12/08/2026 18:45;6,4
12/08/2026 18:50;6,43
12/08/2026 18:55;6,41
12/08/2026 19:00;6,42
12/08/2026 19:05;6,41
12/08/2026 19:10;6,43
12/08/2026 19:15;6,41
12/08/2026 19:20;6,42
12/08/2026 19:25;6,41
12/08/2026 19:30;6,42
12/08/2026 19:35;6,41
12/08/2026 19:40;6,43
12/08/2026 19:45;6,42
12/08/2026 19:50;6,43
12/08/2026 19:55;6,42
12/08/2026 20:00;6,43
12/08/2026 20:05;6,42
12/08/2026 20:10;6,44
12/08/2026 20:15;6,42
12/08/2026 20:20;6,44
12/08/2026 20:25;6,42
12/08/2026 20:30;6,44
12/08/2026 20:35;6,43
12/08/2026 20:40;6,43
12/08/2026 20:45;6,42
12/08/2026 20:50;6,44
12/08/2026 20:55;6,42
12/08/2026 21:00;6,45
12/08/2026 21:05;6,43
12/08/2026 21:10;6,43
12/08/2026 21:15;6,43
12/08/2026 21:20;6,44
12/08/2026 21:25;6,42
12/08/2026 21:30;6,44
12/08/2026 21:35;6,43
12/08/2026 21:40;6,42
12/08/2026 21:45;6,44
12/08/2026 21:50;6,44
12/08/2026 21:55;6,42
12/08/2026 22:00;6,42
12/08/2026 22:05;6,44
12/08/2026 22:10;6,44
12/08/2026 22:15;6,42
12/08/2026 22:20;6,43
12/08/2026 22:25;6,42
12/08/2026 22:30;6,44
12/08/2026 22:35;6,42
12/08/2026 22:40;6,44
12/08/2026 22:45;6,41
12/08/2026 22:50;6,43
12/08/2026 22:55;6,43
12/08/2026 23:00;6,42
12/08/2026 23:05;6,41
12/08/2026 23:10;6,43
12/08/2026 23:15;6,41
12/08/2026 23:20;6,41
12/08/2026 23:25;6,4
12/08/2026 23:30;6,42
12/08/2026 23:35;6,39
12/08/2026 23:40;6,41
12/08/2026 23:45;6,39
12/08/2026 23:50;6,41
12/08/2026 23:55;6,4
13/08/2026 00:00;6,4
13/08/2026 00:05;6,38
13/08/2026 00:10;6,39
13/08/2026 00:15;6,38
13/08/2026 00:20;6,39
13/08/2026 00:25;6,38
13/08/2026 00:30;6,39
13/08/2026 00:35;6,4
13/08/2026 00:40;6,37
13/08/2026 00:45;6,37
13/08/2026 00:50;6,38
13/08/2026 00:55;6,37
13/08/2026 01:00;6,38
13/08/2026 01:05;6,36
13/08/2026 01:10;6,37
13/08/2026 01:15;6,35
13/08/2026 01:20;6,37
13/08/2026 01:25;6,36
13/08/2026 01:30;6,37
13/08/2026 01:35;6,33
13/08/2026 01:40;6,36
13/08/2026 01:45;6,34
13/08/2026 01:50;6,34
13/08/2026 01:55;6,35
13/08/2026 02:00;6,36
13/08/2026 02:05;6,34
13/08/2026 02:10;6,35
13/08/2026 02:15;6,33
13/08/2026 02:20;6,35
13/08/2026 02:25;6,33
13/08/2026 02:30;6,34
13/08/2026 02:35;6,33
13/08/2026 02:40;6,34
13/08/2026 02:45;6,32
13/08/2026 02:50;6,34
13/08/2026 02:55;6,32
13/08/2026 03:00;6,33
13/08/2026 03:05;6,32
13/08/2026 03:10;6,32
13/08/2026 03:15;6,31
13/08/2026 03:20;6,33
13/08/2026 03:25;6,32
13/08/2026 03:30;6,33
13/08/2026 03:35;6,31
13/08/2026 03:40;6,33
13/08/2026 03:45;6,3
13/08/2026 03:50;6,33
13/08/2026 03:55;6,31
13/08/2026 04:00;6,33
13/08/2026 04:05;6,3
13/08/2026 04:10;6,31
13/08/2026 04:15;6,31
13/08/2026 04:20;6,28
13/08/2026 04:25;6,28
13/08/2026 04:30;6,31
13/08/2026 04:35;6,29
13/08/2026 04:40;6,31
13/08/2026 04:45;6,29
13/08/2026 04:50;6,3
13/08/2026 04:55;6,31
13/08/2026 05:00;6,31
13/08/2026 05:05;6,28
13/08/2026 05:10;6,31
13/08/2026 05:15;6,28
13/08/2026 05:20;6,3
13/08/2026 05:25;6,29
13/08/2026 05:30;6,3
13/08/2026 05:35;6,27
13/08/2026 05:40;6,27
13/08/2026 05:45;6,28
13/08/2026 05:50;6,3
13/08/2026 05:55;6,28
13/08/2026 06:00;6,31
13/08/2026 06:05;6,28
13/08/2026 06:10;6,29
13/08/2026 06:15;6,29
13/08/2026 06:20;6,3
13/08/2026 06:25;6,28
13/08/2026 06:30;6,3
13/08/2026 06:35;6,28
13/08/2026 06:40;6,3
13/08/2026 06:45;6,28
13/08/2026 06:50;6,29
13/08/2026 06:55;6,27
13/08/2026 07:00;6,28
13/08/2026 07:05;6,27
13/08/2026 07:10;6,29
13/08/2026 07:15;
13/08/2026 07:20;
13/08/2026 07:25;
13/08/2026 07:30;
13/08/2026 07:35;
13/08/2026 07:40;6,23
13/08/2026 07:45;6,23
13/08/2026 07:50;6,27
13/08/2026 07:55;6,25
13/08/2026 08:00;6,28
13/08/2026 08:05;6,26
13/08/2026 08:10;6,27
13/08/2026 08:15;6,27
13/08/2026 08:20;6,25
13/08/2026 08:25;6,26
13/08/2026 08:30;6,28
13/08/2026 08:35;6,27
13/08/2026 08:40;6,27
13/08/2026 08:45;6,27
13/08/2026 08:50;6,27
13/08/2026 08:55;6,27
13/08/2026 09:00;6,28
13/08/2026 09:05;6,27
13/08/2026 09:10;6,29
13/08/2026 09:15;6,27
13/08/2026 09:20;6,29
13/08/2026 09:25;6,27
13/08/2026 09:30;6,28
13/08/2026 09:35;6,28
13/08/2026 09:40;6,29
13/08/2026 09:45;6,27
13/08/2026 09:50;6,29
13/08/2026 09:55;6,27
13/08/2026 10:00;6,3
13/08/2026 10:05;6,27
13/08/2026 10:10;6,3
13/08/2026 10:15;6,29
13/08/2026 10:20;
13/08/2026 10:25;
13/08/2026 10:30;
13/08/2026 10:35;
13/08/2026 10:40;6,25
13/08/2026 10:45;6,27
13/08/2026 10:50;6,3
13/08/2026 10:55;6,28
13/08/2026 11:00;6,31
13/08/2026 11:05;6,3
13/08/2026 11:10;6,31
13/08/2026 11:15;6,31
13/08/2026 11:20;6,32
13/08/2026 11:25;6,31
13/08/2026 11:30;6,32
13/08/2026 11:35;6,3
13/08/2026 11:40;6,32
13/08/2026 11:45;6,3
13/08/2026 11:50;6,33
13/08/2026 11:55;6,3
13/08/2026 12:00;6,33
13/08/2026 12:05;6,31
13/08/2026 12:10;6,32
13/08/2026 12:15;6,31
13/08/2026 12:20;6,34
13/08/2026 12:25;6,31
13/08/2026 12:30;6,33
13/08/2026 12:35;6,33
13/08/2026 12:40;6,33
13/08/2026 12:45;6,31
13/08/2026 12:50;6,33
13/08/2026 12:55;6,31
13/08/2026 13:00;6,33
13/08/2026 13:05;6,31
13/08/2026 13:10;6,34
13/08/2026 13:15;6,32
13/08/2026 13:20;6,33
13/08/2026 13:25;6,29
13/08/2026 13:30;
13/08/2026 13:35;
13/08/2026 13:40;6,29
13/08/2026 13:45;6,29
13/08/2026 13:50;6,33
13/08/2026 13:55;6,31
13/08/2026 14:00;6,34
13/08/2026 14:05;6,32
13/08/2026 14:10;6,33
13/08/2026 14:15;6,32
13/08/2026 14:20;6,34
13/08/2026 14:25;6,32
13/08/2026 14:30;6,31
13/08/2026 14:35;6,3
13/08/2026 14:40;6,33
13/08/2026 14:45;6,3
13/08/2026 14:50;6,33
13/08/2026 14:55;6,33
13/08/2026 15:00;6,34
13/08/2026 15:05;6,32
13/08/2026 15:10;6,34
13/08/2026 15:15;6,34
13/08/2026 15:20;6,32
13/08/2026 15:25;6,33
13/08/2026 15:30;6,35
13/08/2026 15:35;6,33
13/08/2026 15:40;6,34
13/08/2026 15:45;6,28
13/08/2026 15:50;6,26
13/08/2026 15:55;6,29
13/08/2026 16:00;6,35
13/08/2026 16:05;6,35
13/08/2026 16:10;6,38
13/08/2026 16:15;6,37
13/08/2026 16:20;6,38
13/08/2026 16:25;6,39
13/08/2026 16:30;6,41
13/08/2026 16:35;6,38
13/08/2026 16:40;6,38
13/08/2026 16:45;6,4
13/08/2026 16:50;6,39
13/08/2026 16:55;6,4
13/08/2026 17:00;6,41
13/08/2026 17:05;6,39
13/08/2026 17:10;6,42
13/08/2026 17:15;6,4
13/08/2026 17:20;6,42
13/08/2026 17:25;6,42
13/08/2026 17:30;6,44
13/08/2026 17:35;6,42
13/08/2026 17:40;6,42
13/08/2026 17:45;6,4
13/08/2026 17:50;6,43
13/08/2026 17:55;6,41
13/08/2026 18:00;6,42
13/08/2026 18:05;6,43
13/08/2026 18:10;6,44
13/08/2026 18:15;6,42
13/08/2026 18:20;6,45
13/08/2026 18:25;6,43
13/08/2026 18:30;6,44
13/08/2026 18:35;6,43
13/08/2026 18:40;6,45
13/08/2026 18:45;6,43
13/08/2026 18:50;6,45
13/08/2026 18:55;6,43
13/08/2026 19:00;6,43
13/08/2026 19:05;6,43
13/08/2026 19:10;6,44
13/08/2026 19:15;6,41
13/08/2026 19:20;6,44
13/08/2026 19:25;6,42
13/08/2026 19:30;6,43
13/08/2026 19:35;6,42
13/08/2026 19:40;6,42
13/08/2026 19:45;6,43
13/08/2026 19:50;6,44
13/08/2026 19:55;6,43
13/08/2026 20:00;6,45
13/08/2026 20:05;6,43
13/08/2026 20:10;6,44
13/08/2026 20:15;6,45
13/08/2026 20:20;6,46
13/08/2026 20:25;6,43
13/08/2026 20:30;6,45
13/08/2026 20:35;6,44
13/08/2026 20:40;6,46
13/08/2026 20:45;6,45
13/08/2026 20:50;6,46
13/08/2026 20:55;6,44
13/08/2026 21:00;6,46
13/08/2026 21:05;6,44
13/08/2026 21:10;6,46
13/08/2026 21:15;6,44
13/08/2026 21:20;6,47
13/08/2026 21:25;6,44
13/08/2026 21:30;6,45
13/08/2026 21:35;6,45
13/08/2026 21:40;6,46
13/08/2026 21:45;6,45
13/08/2026 21:50;6,47
13/08/2026 21:55;6,44
13/08/2026 22:00;6,46
13/08/2026 22:05;6,44
13/08/2026 22:10;6,44
13/08/2026 22:15;6,43
13/08/2026 22:20;6,45
13/08/2026 22:25;6,43
13/08/2026 22:30;6,43
13/08/2026 22:35;6,43
13/08/2026 22:40;6,45
13/08/2026 22:45;6,43
13/08/2026 22:50;6,43
13/08/2026 22:55;6,43
13/08/2026 23:00;6,44
13/08/2026 23:05;6,42
13/08/2026 23:10;6,44
13/08/2026 23:15;6,42
13/08/2026 23:20;6,44
13/08/2026 23:25;6,42
13/08/2026 23:30;6,42
13/08/2026 23:35;6,42
13/08/2026 23:40;6,44
13/08/2026 23:45;6,41
13/08/2026 23:50;6,44
13/08/2026 23:55;6,4
14/08/2026 00:00;6,41
14/08/2026 00:05;6,4
14/08/2026 00:10;6,41
14/08/2026 00:15;6,4
14/08/2026 00:20;6,42
14/08/2026 00:25;6,4
14/08/2026 00:30;6,41
14/08/2026 00:35;6,39
14/08/2026 00:40;6,39
14/08/2026 00:45;6,39
14/08/2026 00:50;6,39
14/08/2026 00:55;6,37
14/08/2026 01:00;6,38
14/08/2026 01:05;6,37
14/08/2026 01:10;6,38
14/08/2026 01:15;6,36
14/08/2026 01:20;6,37
14/08/2026 01:25;6,36
14/08/2026 01:30;6,38
14/08/2026 01:35;6,36
14/08/2026 01:40;6,37
14/08/2026 01:45;6,35
14/08/2026 01:50;6,35
14/08/2026 01:55;6,34
14/08/2026 02:00;6,34
14/08/2026 02:05;6,33
14/08/2026 02:10;6,35
14/08/2026 02:15;6,34
14/08/2026 02:20;6,35
14/08/2026 02:25;6,33
14/08/2026 02:30;6,35
14/08/2026 02:35;6,32
14/08/2026 02:40;6,34
14/08/2026 02:45;6,32
14/08/2026 02:50;6,33
14/08/2026 02:55;6,33
14/08/2026 03:00;6,33
14/08/2026 03:05;6,34
14/08/2026 03:10;6,33
14/08/2026 03:15;6,31
14/08/2026 03:20;6,32
14/08/2026 03:25;6,31
14/08/2026 03:30;6,31
14/08/2026 03:35;6,31
14/08/2026 03:40;6,3
14/08/2026 03:45;6,3
14/08/2026 03:50;6,32
14/08/2026 03:55;6,3
14/08/2026 04:00;6,31
14/08/2026 04:05;6,29
14/08/2026 04:10;6,31
14/08/2026 04:15;6,3
14/08/2026 04:20;6,3
14/08/2026 04:25;6,29
14/08/2026 04:30;6,31
14/08/2026 04:35;6,28
14/08/2026 04:40;6,3
14/08/2026 04:45;6,28
14/08/2026 04:50;6,29
14/08/2026 04:55;6,27
14/08/2026 05:00;6,3
14/08/2026 05:05;6,3
14/08/2026 05:10;6,29
14/08/2026 05:15;6,27
14/08/2026 05:20;6,29
14/08/2026 05:25;6,27
14/08/2026 05:30;6,29
14/08/2026 05:35;6,27
14/08/2026 05:40;6,29
14/08/2026 05:45;6,26
14/08/2026 05:50;6,27
14/08/2026 05:55;6,26
14/08/2026 06:00;6,29
14/08/2026 06:05;6,26
14/08/2026 06:10;6,27
14/08/2026 06:15;6,26
14/08/2026 06:20;6,27
14/08/2026 06:25;6,25
14/08/2026 06:30;6,27
14/08/2026 06:35;6,25
14/08/2026 06:40;6,27
14/08/2026 06:45;6,25
14/08/2026 06:50;6,27
14/08/2026 06:55;6,24
14/08/2026 07:00;6,26
14/08/2026 07:05;6,25
14/08/2026 07:10;6,24
14/08/2026 07:15;6,24
14/08/2026 07:20;6,25
14/08/2026 07:25;6,25
14/08/2026 07:30;
14/08/2026 07:35;
14/08/2026 07:40;
14/08/2026 07:45;
14/08/2026 07:50;6,16
14/08/2026 07:55;6,17
14/08/2026 08:00;6,19
14/08/2026 08:05;6,2
14/08/2026 08:10;6,18
14/08/2026 08:15;6,21
14/08/2026 08:20;6,2
14/08/2026 08:25;6,21
14/08/2026 08:30;6,22
14/08/2026 08:35;6,22
14/08/2026 08:40;6,23
14/08/2026 08:45;6,21
14/08/2026 08:50;6,23
14/08/2026 08:55;6,21
14/08/2026 09:00;6,2
14/08/2026 09:05;6,2
14/08/2026 09:10;6,21
14/08/2026 09:15;6,22
14/08/2026 09:20;6,23
14/08/2026 09:25;6,21
14/08/2026 09:30;6,23
14/08/2026 09:35;6,21
14/08/2026 09:40;6,22
14/08/2026 09:45;6,21
14/08/2026 09:50;6,23
14/08/2026 09:55;6,21
14/08/2026 10:00;6,24
14/08/2026 10:05;6,23
14/08/2026 10:10;6,23
14/08/2026 10:15;6,21
14/08/2026 10:20;6,22
14/08/2026 10:25;6,21
14/08/2026 10:30;6,23
14/08/2026 10:35;6,21
14/08/2026 10:40;6,23
14/08/2026 10:45;6,21
14/08/2026 10:50;6,22
14/08/2026 10:55;6,2
14/08/2026 11:00;6,24
14/08/2026 11:05;6,22
14/08/2026 11:10;6,24
14/08/2026 11:15;6,22
14/08/2026 11:20;6,24
14/08/2026 11:25;6,21
14/08/2026 11:30;6,24
14/08/2026 11:35;6,23
14/08/2026 11:40;6,25
14/08/2026 11:45;6,22
14/08/2026 11:50;6,24
14/08/2026 11:55;6,24
14/08/2026 12:00;6,25
14/08/2026 12:05;6,23
14/08/2026 12:10;6,25
14/08/2026 12:15;6,23
14/08/2026 12:20;6,26
14/08/2026 12:25;6,24
14/08/2026 12:30;6,25
14/08/2026 12:35;6,24
14/08/2026 12:40;6,25
14/08/2026 12:45;6,25
14/08/2026 12:50;6,27
14/08/2026 12:55;6,25
14/08/2026 13:00;6,26
14/08/2026 13:05;6,25
14/08/2026 13:10;6,27
14/08/2026 13:15;6,26
14/08/2026 13:20;6,26
14/08/2026 13:25;6,26
14/08/2026 13:30;6,27
14/08/2026 13:35;6,25
14/08/2026 13:40;6,28
14/08/2026 13:45;6,27
14/08/2026 13:50;6,29
14/08/2026 13:55;6,26
14/08/2026 14:00;6,29
14/08/2026 14:05;6,27
14/08/2026 14:10;6,29
14/08/2026 14:15;6,27
14/08/2026 14:20;6,3
14/08/2026 14:25;6,27
14/08/2026 14:30;6,29
14/08/2026 14:35;6,29
14/08/2026 14:40;6,29
14/08/2026 14:45;6,27
14/08/2026 14:50;6,3
14/08/2026 14:55;6,29
14/08/2026 15:00;6,32
14/08/2026 15:05;6,3
14/08/2026 15:10;6,31
14/08/2026 15:15;6,3
14/08/2026 15:20;6,33
14/08/2026 15:25;6,31
14/08/2026 15:30;6,33
14/08/2026 15:35;6,31
14/08/2026 15:40;6,33
14/08/2026 15:45;6,31
14/08/2026 15:50;6,34
14/08/2026 15:55;6,33
14/08/2026 16:00;6,34
14/08/2026 16:05;6,32
14/08/2026 16:10;6,35
14/08/2026 16:15;6,33
14/08/2026 16:20;6,36
14/08/2026 16:25;6,34
14/08/2026 16:30;6,36
14/08/2026 16:35;6,35
14/08/2026 16:40;6,36
14/08/2026 16:45;6,35
14/08/2026 16:50;6,37
14/08/2026 16:55;6,35
14/08/2026 17:00;6,38
14/08/2026 17:05;6,36
14/08/2026 17:10;6,39
14/08/2026 17:15;6,38
14/08/2026 17:20;6,4
14/08/2026 17:25;6,39
14/08/2026 17:30;6,4
14/08/2026 17:35;6,41
14/08/2026 17:40;6,41
14/08/2026 17:45;6,41
14/08/2026 17:50;6,43
14/08/2026 17:55;6,41
14/08/2026 18:00;6,43
14/08/2026 18:05;
14/08/2026 18:10;
14/08/2026 18:15;
14/08/2026 18:20;6,35
14/08/2026 18:25;6,38
14/08/2026 18:30;6,42
14/08/2026 18:35;6,42
14/08/2026 18:40;6,43
14/08/2026 18:45;6,43
14/08/2026 18:50;6,45
14/08/2026 18:55;6,43
14/08/2026 19:00;6,46
14/08/2026 19:05;6,44
14/08/2026 19:10;6,44
14/08/2026 19:15;6,44
14/08/2026 19:20;6,43
14/08/2026 19:25;6,44
14/08/2026 19:30;6,46
14/08/2026 19:35;6,44
14/08/2026 19:40;6,46
14/08/2026 19:45;6,44
14/08/2026 19:50;6,46
14/08/2026 19:55;6,45
14/08/2026 20:00;6,46
14/08/2026 20:05;6,44
14/08/2026 20:10;6,47
14/08/2026 20:15;6,45
14/08/2026 20:20;6,45
14/08/2026 20:25;6,45
14/08/2026 20:30;6,46
14/08/2026 20:35;6,45
14/08/2026 20:40;6,46
14/08/2026 20:45;6,46
14/08/2026 20:50;6,48
14/08/2026 20:55;6,46
14/08/2026 21:00;6,47
14/08/2026 21:05;6,45
14/08/2026 21:10;6,47
14/08/2026 21:15;6,45
14/08/2026 21:20;6,48
14/08/2026 21:25;6,46
14/08/2026 21:30;6,47
14/08/2026 21:35;6,46
14/08/2026 21:40;6,47
14/08/2026 21:45;6,45
14/08/2026 21:50;6,47
14/08/2026 21:55;6,45
14/08/2026 22:00;6,45
14/08/2026 22:05;6,45
14/08/2026 22:10;6,46
14/08/2026 22:15;6,45
14/08/2026 22:20;6,46
14/08/2026 22:25;6,45
14/08/2026 22:30;6,46
14/08/2026 22:35;6,45
14/08/2026 22:40;6,45
14/08/2026 22:45;6,44
14/08/2026 22:50;6,44
14/08/2026 22:55;6,44
14/08/2026 23:00;6,45
14/08/2026 23:05;6,43
14/08/2026 23:10;6,44
14/08/2026 23:15;6,43
14/08/2026 23:20;6,43
14/08/2026 23:25;6,41
14/08/2026 23:30;6,44
14/08/2026 23:35;6,42
14/08/2026 23:40;6,43
14/08/2026 23:45;6,42
14/08/2026 23:50;6,42
14/08/2026 23:55;6,41
15/08/2026 00:00;6,42
15/08/2026 00:05;6,4
15/08/2026 00:10;6,41
15/08/2026 00:15;6,4
15/08/2026 00:20;6,41
15/08/2026 00:25;6,39
15/08/2026 00:30;6,4
15/08/2026 00:35;6,38
15/08/2026 00:40;6,39
15/08/2026 00:45;6,37
15/08/2026 00:50;6,38
15/08/2026 00:55;6,37
15/08/2026 01:00;6,39
15/08/2026 01:05;6,37
15/08/2026 01:10;6,38
15/08/2026 01:15;6,37
15/08/2026 01:20;6,38
15/08/2026 01:25;6,36
15/08/2026 01:30;6,35
15/08/2026 01:35;6,35
15/08/2026 01:40;6,35
15/08/2026 01:45;6,34
15/08/2026 01:50;6,34
15/08/2026 01:55;6,34
15/08/2026 02:00;6,36
15/08/2026 02:05;6,33
15/08/2026 02:10;6,33
15/08/2026 02:15;6,32
15/08/2026 02:20;6,34
15/08/2026 02:25;6,32
15/08/2026 02:30;6,33
15/08/2026 02:35;6,32
15/08/2026 02:40;6,31
15/08/2026 02:45;6,3
15/08/2026 02:50;6,32
15/08/2026 02:55;6,3
15/08/2026 03:00;6,29
15/08/2026 03:05;6,29
15/08/2026 03:10;6,3
15/08/2026 03:15;6,28
15/08/2026 03:20;6,3
15/08/2026 03:25;6,27
15/08/2026 03:30;6,3
15/08/2026 03:35;6,29
15/08/2026 03:40;6,3
15/08/2026 03:45;6,28
15/08/2026 03:50;6,28
15/08/2026 03:55;6,27
15/08/2026 04:00;6,27
15/08/2026 04:05;6,27
15/08/2026 04:10;6,25
15/08/2026 04:15;6,24
15/08/2026 04:20;6,27
15/08/2026 04:25;6,25
15/08/2026 04:30;6,27
15/08/2026 04:35;6,24
15/08/2026 04:40;6,24
15/08/2026 04:45;6,24
15/08/2026 04:50;6,25
15/08/2026 04:55;6,24
15/08/2026 05:00;6,27
15/08/2026 05:05;6,29
15/08/2026 05:10;6,28
15/08/2026 05:15;6,26
15/08/2026 05:20;6,27
15/08/2026 05:25;6,25
15/08/2026 05:30;6,25
15/08/2026 05:35;6,26
15/08/2026 05:40;6,27
15/08/2026 05:45;6,24
15/08/2026 05:50;6,25
15/08/2026 05:55;6,23
15/08/2026 06:00;6,25
15/08/2026 06:05;6,23
15/08/2026 06:10;6,23
15/08/2026 06:15;6,22
15/08/2026 06:20;6,23
15/08/2026 06:25;6,21
15/08/2026 06:30;6,22
15/08/2026 06:35;6,19
15/08/2026 06:40;6,19
15/08/2026 06:45;6,18
15/08/2026 06:50;6,17
15/08/2026 06:55;6,16
15/08/2026 07:00;6,18
15/08/2026 07:05;6,15
15/08/2026 07:10;6,17
15/08/2026 07:15;6,16
15/08/2026 07:20;6,17
15/08/2026 07:25;6,14
15/08/2026 07:30;6,14
15/08/2026 07:35;6,15
15/08/2026 07:40;6,16
15/08/2026 07:45;6,13
15/08/2026 07:50;6,15
15/08/2026 07:55;6,15
15/08/2026 08:00;6,14
15/08/2026 08:05;6,13
15/08/2026 08:10;6,15
15/08/2026 08:15;6,13
15/08/2026 08:20;6,13
15/08/2026 08:25;6,12
15/08/2026 08:30;6,11
15/08/2026 08:35;6,12
15/08/2026 08:40;
15/08/2026 08:45;
15/08/2026 08:50;
15/08/2026 08:55;6,12
15/08/2026 09:00;6,15
15/08/2026 09:05;6,14
15/08/2026 09:10;6,15
15/08/2026 09:15;6,15
15/08/2026 09:20;6,15
15/08/2026 09:25;6,17
15/08/2026 09:30;6,18
15/08/2026 09:35;6,15
15/08/2026 09:40;6,18
15/08/2026 09:45;6,15
15/08/2026 09:50;6,16
15/08/2026 09:55;6,15
15/08/2026 10:00;6,18
15/08/2026 10:05;6,15
15/08/2026 10:10;6,16
15/08/2026 10:15;6,14
15/08/2026 10:20;6,16
15/08/2026 10:25;6,15
15/08/2026 10:30;6,16
15/08/2026 10:35;6,13
15/08/2026 10:40;6,14
15/08/2026 10:45;6,14
15/08/2026 10:50;6,16
15/08/2026 10:55;6,14
15/08/2026 11:00;6,15
15/08/2026 11:05;6,15
15/08/2026 11:10;6,15
15/08/2026 11:15;6,14
15/08/2026 11:20;6,15
15/08/2026 11:25;6,14
15/08/2026 11:30;6,16
15/08/2026 11:35;6,14
15/08/2026 11:40;6,15
15/08/2026 11:45;6,14
15/08/2026 11:50;6,17
15/08/2026 11:55;6,14
15/08/2026 12:00;6,16
15/08/2026 12:05;6,15
15/08/2026 12:10;6,17
15/08/2026 12:15;6,16
15/08/2026 12:20;6,17
15/08/2026 12:25;6,16
15/08/2026 12:30;6,17
15/08/2026 12:35;6,15
15/08/2026 12:40;6,18
15/08/2026 12:45;6,14
15/08/2026 12:50;6,17
15/08/2026 12:55;6,16
15/08/2026 13:00;6,17
15/08/2026 13:05;6,16
15/08/2026 13:10;6,18
15/08/2026 13:15;6,17
15/08/2026 13:20;6,19
15/08/2026 13:25;6,17
15/08/2026 13:30;6,2
15/08/2026 13:35;6,18
15/08/2026 13:40;6,2
15/08/2026 13:45;6,19
15/08/2026 13:50;6,2
15/08/2026 13:55;6,19
15/08/2026 14:00;6,22
15/08/2026 14:05;6,2
15/08/2026 14:10;6,22
15/08/2026 14:15;6,21
15/08/2026 14:20;6,22
15/08/2026 14:25;6,22
15/08/2026 14:30;6,22
15/08/2026 14:35;6,22
15/08/2026 14:40;6,24
15/08/2026 14:45;6,23
15/08/2026 14:50;6,24
15/08/2026 14:55;6,24
15/08/2026 15:00;6,25
15/08/2026 15:05;6,23
15/08/2026 15:10;6,26
15/08/2026 15:15;6,26
15/08/2026 15:20;6,26
15/08/2026 15:25;6,25
15/08/2026 15:30;6,26
15/08/2026 15:35;6,25
15/08/2026 15:40;6,25
15/08/2026 15:45;6,24
15/08/2026 15:50;6,25
15/08/2026 15:55;6,24
15/08/2026 16:00;6,26
15/08/2026 16:05;6,24
15/08/2026 16:10;6,25
15/08/2026 16:15;6,24
15/08/2026 16:20;6,23
15/08/2026 16:25;6,24
15/08/2026 16:30;6,23
15/08/2026 16:35;6,24
15/08/2026 16:40;6,26
15/08/2026 16:45;6,23
15/08/2026 16:50;6,25
15/08/2026 16:55;6,24
15/08/2026 17:00;6,25
15/08/2026 17:05;6,23
15/08/2026 17:10;6,25
15/08/2026 17:15;6,23
15/08/2026 17:20;6,25
15/08/2026 17:25;6,23
15/08/2026 17:30;6,25
15/08/2026 17:35;6,24
15/08/2026 17:40;6,25
15/08/2026 17:45;6,23
15/08/2026 17:50;
15/08/2026 17:55;
15/08/2026 18:00;6,2
15/08/2026 18:05;6,22
15/08/2026 18:10;6,25
15/08/2026 18:15;6,22
15/08/2026 18:20;6,25
15/08/2026 18:25;6,24
15/08/2026 18:30;6,23
15/08/2026 18:35;6,24
15/08/2026 18:40;6,25
15/08/2026 18:45;6,25
15/08/2026 18:50;6,26
15/08/2026 18:55;6,25
15/08/2026 19:00;6,26
15/08/2026 19:05;6,25
15/08/2026 19:10;6,27
15/08/2026 19:15;6,24
15/08/2026 19:20;6,26
15/08/2026 19:25;6,24
15/08/2026 19:30;6,26
15/08/2026 19:35;6,23
15/08/2026 19:40;6,26
15/08/2026 19:45;6,23
15/08/2026 19:50;6,26
15/08/2026 19:55;6,24
15/08/2026 20:00;6,26
15/08/2026 20:05;6,23
15/08/2026 20:10;6,25
15/08/2026 20:15;6,24
15/08/2026 20:20;6,26
15/08/2026 20:25;6,24
15/08/2026 20:30;6,26
15/08/2026 20:35;6,23
15/08/2026 20:40;6,26
15/08/2026 20:45;6,24
15/08/2026 20:50;6,26
15/08/2026 20:55;6,24
15/08/2026 21:00;6,26
15/08/2026 21:05;6,24
15/08/2026 21:10;6,25
15/08/2026 21:15;6,25
15/08/2026 21:20;6,27
15/08/2026 21:25;6,24
15/08/2026 21:30;6,25
15/08/2026 21:35;6,25
15/08/2026 21:40;6,27
15/08/2026 21:45;6,25
15/08/2026 21:50;6,27
15/08/2026 21:55;6,25
15/08/2026 22:00;6,27
15/08/2026 22:05;6,25
15/08/2026 22:10;6,27
15/08/2026 22:15;6,24
15/08/2026 22:20;6,27
15/08/2026 22:25;6,23
15/08/2026 22:30;6,26
15/08/2026 22:35;6,22
15/08/2026 22:40;6,26
15/08/2026 22:45;6,25
15/08/2026 22:50;6,27
15/08/2026 22:55;6,26
15/08/2026 23:00;6,26
15/08/2026 23:05;6,25
15/08/2026 23:10;6,27
15/08/2026 23:15;6,25
15/08/2026 23:20;6,27
15/08/2026 23:25;6,24
15/08/2026 23:30;6,26
15/08/2026 23:35;6,24
15/08/2026 23:40;6,27
15/08/2026 23:45;6,26
15/08/2026 23:50;6,25
15/08/2026 23:55;6,23
16/08/2026 00:00;6,26
16/08/2026 00:05;6,24
16/08/2026 00:10;6,25
16/08/2026 00:15;6,24
16/08/2026 00:20;6,26
16/08/2026 00:25;6,26
16/08/2026 00:30;6,24
16/08/2026 00:35;6,24
16/08/2026 00:40;6,24
16/08/2026 00:45;6,23
16/08/2026 00:50;6,25
16/08/2026 00:55;6,23
16/08/2026 01:00;6,25
16/08/2026 01:05;6,22
16/08/2026 01:10;6,25
16/08/2026 01:15;6,22
16/08/2026 01:20;6,24
16/08/2026 01:25;6,22
16/08/2026 01:30;6,24
16/08/2026 01:35;6,22
16/08/2026 01:40;6,23
16/08/2026 01:45;6,21
16/08/2026 01:50;6,24
16/08/2026 01:55;6,22
16/08/2026 02:00;6,24
16/08/2026 02:05;6,21
16/08/2026 02:10;6,23
16/08/2026 02:15;6,22
16/08/2026 02:20;6,23
16/08/2026 02:25;6,21
16/08/2026 02:30;6,23
16/08/2026 02:35;6,2
16/08/2026 02:40;6,23
16/08/2026 02:45;6,21
16/08/2026 02:50;6,22
16/08/2026 02:55;6,2
16/08/2026 03:00;6,22
16/08/2026 03:05;6,2
16/08/2026 03:10;6,21
16/08/2026 03:15;6,21
16/08/2026 03:20;6,21
16/08/2026 03:25;6,21
16/08/2026 03:30;6,21
16/08/2026 03:35;6,2
16/08/2026 03:40;6,22
16/08/2026 03:45;6,21
16/08/2026 03:50;6,22
16/08/2026 03:55;6,2
16/08/2026 04:00;6,22
16/08/2026 04:05;6,21
16/08/2026 04:10;6,22
16/08/2026 04:15;6,18
16/08/2026 04:20;6,21
16/08/2026 04:25;6,19
16/08/2026 04:30;6,2
16/08/2026 04:35;6,19
16/08/2026 04:40;6,21
16/08/2026 04:45;6,19
16/08/2026 04:50;6,2
16/08/2026 04:55;6,19
16/08/2026 05:00;6,19
16/08/2026 05:05;6,19
16/08/2026 05:10;6,2
16/08/2026 05:15;6,19
16/08/2026 05:20;6,2
16/08/2026 05:25;6,19
16/08/2026 05:30;6,2
16/08/2026 05:35;6,19
16/08/2026 05:40;6,21
16/08/2026 05:45;6,19
16/08/2026 05:50;6,17
16/08/2026 05:55;6,17
16/08/2026 06:00;6,18
16/08/2026 06:05;6,17
16/08/2026 06:10;6,2
16/08/2026 06:15;6,17
16/08/2026 06:20;6,2
16/08/2026 06:25;6,16
16/08/2026 06:30;6,19
16/08/2026 06:35;6,17
16/08/2026 06:40;6,19
16/08/2026 06:45;6,18
16/08/2026 06:50;6,18
16/08/2026 06:55;6,15
16/08/2026 07:00;6,17
16/08/2026 07:05;6,17
16/08/2026 07:10;6,18
16/08/2026 07:15;6,17
16/08/2026 07:20;6,18
16/08/2026 07:25;6,17
16/08/2026 07:30;6,16
16/08/2026 07:35;6,17
16/08/2026 07:40;6,18
16/08/2026 07:45;6,17
16/08/2026 07:50;6,18
16/08/2026 07:55;6,16
16/08/2026 08:00;6,18
16/08/2026 08:05;6,16
16/08/2026 08:10;6,18
16/08/2026 08:15;6,16
16/08/2026 08:20;6,19
16/08/2026 08:25;6,16
16/08/2026 08:30;6,18
16/08/2026 08:35;6,17
16/08/2026 08:40;6,19
16/08/2026 08:45;6,17
16/08/2026 08:50;6,18
16/08/2026 08:55;6,16
16/08/2026 09:00;6,19
16/08/2026 09:05;6,16
16/08/2026 09:10;6,18
16/08/2026 09:15;6,17
16/08/2026 09:20;6,19
16/08/2026 09:25;6,17
16/08/2026 09:30;6,19
16/08/2026 09:35;6,18
16/08/2026 09:40;6,18
16/08/2026 09:45;6,16
16/08/2026 09:50;6,19
16/08/2026 09:55;6,16
16/08/2026 10:00;6,19
16/08/2026 10:05;6,16
16/08/2026 10:10;6,19
16/08/2026 10:15;6,16
16/08/2026 10:20;6,19
16/08/2026 10:25;6,17
16/08/2026 10:30;6,19
16/08/2026 10:35;6,17
16/08/2026 10:40;6,19
16/08/2026 10:45;6,17
16/08/2026 10:50;6,17
16/08/2026 10:55;6,17
16/08/2026 11:00;6,19
16/08/2026 11:05;6,17
16/08/2026 11:10;6,17
16/08/2026 11:15;6,18
16/08/2026 11:20;6,2
16/08/2026 11:25;6,18
16/08/2026 11:30;6,14
16/08/2026 11:35;6,18
16/08/2026 11:40;6,2
16/08/2026 11:45;6,18
16/08/2026 11:50;6,19
16/08/2026 11:55;6,19
16/08/2026 12:00;6,2
16/08/2026 12:05;6,18
16/08/2026 12:10;6,21
16/08/2026 12:15;6,2
16/08/2026 12:20;6,19
16/08/2026 12:25;6,18
16/08/2026 12:30;6,19
16/08/2026 12:35;6,19
16/08/2026 12:40;6,21
16/08/2026 12:45;6,19
16/08/2026 12:50;6,2
16/08/2026 12:55;6,18
16/08/2026 13:00;6,2
16/08/2026 13:05;6,19
16/08/2026 13:10;6,2
16/08/2026 13:15;6,17
16/08/2026 13:20;6,19
16/08/2026 13:25;6,18
16/08/2026 13:30;6,19
16/08/2026 13:35;6,17
16/08/2026 13:40;6,19
16/08/2026 13:45;6,17
16/08/2026 13:50;6,2
16/08/2026 13:55;6,18
16/08/2026 14:00;6,19
16/08/2026 14:05;6,17
16/08/2026 14:10;6,2
16/08/2026 14:15;6,19
16/08/2026 14:20;6,19
16/08/2026 14:25;6,17
16/08/2026 14:30;6,2
16/08/2026 14:35;6,18
16/08/2026 14:40;6,19
16/08/2026 14:45;6,17
16/08/2026 14:50;6,2
16/08/2026 14:55;6,19
16/08/2026 15:00;6,2
16/08/2026 15:05;6,18
16/08/2026 15:10;6,21
16/08/2026 15:15;6,19
16/08/2026 15:20;6,21
16/08/2026 15:25;6,19
16/08/2026 15:30;6,21
16/08/2026 15:35;6,19
16/08/2026 15:40;6,21
16/08/2026 15:45;6,19
16/08/2026 15:50;6,21
16/08/2026 15:55;6,18
16/08/2026 16:00;6,21
16/08/2026 16:05;6,19
16/08/2026 16:10;6,21
16/08/2026 16:15;6,19
16/08/2026 16:20;6,2
16/08/2026 16:25;6,18
16/08/2026 16:30;6,2
16/08/2026 16:35;6,19
16/08/2026 16:40;6,17
16/08/2026 16:45;6,18
16/08/2026 16:50;6,2
16/08/2026 16:55;6,17
16/08/2026 17:00;6,2
16/08/2026 17:05;6,18
16/08/2026 17:10;6,2
16/08/2026 17:15;6,19
16/08/2026 17:20;6,2
16/08/2026 17:25;6,18
16/08/2026 17:30;6,2
16/08/2026 17:35;6,17
16/08/2026 17:40;6,2
16/08/2026 17:45;6,17
16/08/2026 17:50;6,2
16/08/2026 17:55;6,18
16/08/2026 18:00;6,2
16/08/2026 18:05;6,19
16/08/2026 18:10;6,2
16/08/2026 18:15;6,17
16/08/2026 18:20;6,18
16/08/2026 18:25;6,17
16/08/2026 18:30;6,2
16/08/2026 18:35;6,18
16/08/2026 18:40;6,19
16/08/2026 18:45;6,17
16/08/2026 18:50;6,2
16/08/2026 18:55;6,19
16/08/2026 19:00;6,18
16/08/2026 19:05;6,17
16/08/2026 19:10;6,2
16/08/2026 19:15;6,19
16/08/2026 19:20;6,21
16/08/2026 19:25;6,19
16/08/2026 19:30;6,17
16/08/2026 19:35;6,2
16/08/2026 19:40;6,18
16/08/2026 19:45;6,19
16/08/2026 19:50;6,2
16/08/2026 19:55;6,18
16/08/2026 20:00;6,21
16/08/2026 20:05;6,19
16/08/2026 20:10;6,21
16/08/2026 20:15;6,2
16/08/2026 20:20;6,18
16/08/2026 20:25;6,21
16/08/2026 20:30;6,21
16/08/2026 20:35;6,19
16/08/2026 20:40;6,21
16/08/2026 20:45;6,19
16/08/2026 20:50;6,2
16/08/2026 20:55;6,18
16/08/2026 21:00;6,21
16/08/2026 21:05;6,2
16/08/2026 21:10;6,21
16/08/2026 21:15;6,2
16/08/2026 21:20;6,21
16/08/2026 21:25;6,18
16/08/2026 21:30;6,22
16/08/2026 21:35;6,21
16/08/2026 21:40;6,2
16/08/2026 21:45;6,19
16/08/2026 21:50;6,19
16/08/2026 21:55;6,19
16/08/2026 22:00;6,2
16/08/2026 22:05;6,2
16/08/2026 22:10;6,21
16/08/2026 22:15;6,19
16/08/2026 22:20;6,19
16/08/2026 22:25;6,19
16/08/2026 22:30;6,22
16/08/2026 22:35;6,18
16/08/2026 22:40;6,22
16/08/2026 22:45;6,2
16/08/2026 22:50;6,22
16/08/2026 22:55;6,21
16/08/2026 23:00;6,19
16/08/2026 23:05;6,2
16/08/2026 23:10;6,22
16/08/2026 23:15;6,19
16/08/2026 23:20;6,22
16/08/2026 23:25;6,2
16/08/2026 23:30;6,22
16/08/2026 23:35;6,2
16/08/2026 23:40;6,22
16/08/2026 23:45;6,21
16/08/2026 23:50;6,2
16/08/2026 23:55;6,19
17/08/2026 00:00;6,22
17/08/2026 00:05;6,19
17/08/2026 00:10;6,21
17/08/2026 00:15;6,19
17/08/2026 00:20;6,21
17/08/2026 00:25;6,19
17/08/2026 00:30;6,19
17/08/2026 00:35;6,2
17/08/2026 00:40;6,2
17/08/2026 00:45;6,2
17/08/2026 00:50;6,21
17/08/2026 00:55;6,18
17/08/2026 01:00;6,21
17/08/2026 01:05;6,17
17/08/2026 01:10;6,21
17/08/2026 01:15;6,19
17/08/2026 01:20;6,16
17/08/2026 01:25;6,18
17/08/2026 01:30;6,2
17/08/2026 01:35;6,19
17/08/2026 01:40;6,2
17/08/2026 01:45;6,18
17/08/2026 01:50;6,2
17/08/2026 01:55;6,18
17/08/2026 02:00;6,16
17/08/2026 02:05;6,18
17/08/2026 02:10;6,19
17/08/2026 02:15;6,19
17/08/2026 02:20;6,18
17/08/2026 02:25;6,18
17/08/2026 02:30;6,18
17/08/2026 02:35;6,16
17/08/2026 02:40;6,18
17/08/2026 02:45;6,17
17/08/2026 02:50;6,17
17/08/2026 02:55;6,15
17/08/2026 03:00;6,18
17/08/2026 03:05;6,17
17/08/2026 03:10;6,18
17/08/2026 03:15;6,17
17/08/2026 03:20;6,14
17/08/2026 03:25;6,15
17/08/2026 03:30;6,16
17/08/2026 03:35;6,16
17/08/2026 03:40;6,14
17/08/2026 03:45;6,15
17/08/2026 03:50;6,17
17/08/2026 03:55;6,16
17/08/2026 04:00;6,16
17/08/2026 04:05;6,15
17/08/2026 04:10;6,16
17/08/2026 04:15;6,16
17/08/2026 04:20;6,17
17/08/2026 04:25;6,16
17/08/2026 04:30;6,16
17/08/2026 04:35;6,15
17/08/2026 04:40;6,16
17/08/2026 04:45;6,15
17/08/2026 04:50;6,12
17/08/2026 04:55;6,14
17/08/2026 05:00;6,14
17/08/2026 05:05;6,13
17/08/2026 05:10;6,15
17/08/2026 05:15;6,14
17/08/2026 05:20;6,13
17/08/2026 05:25;6,14
17/08/2026 05:30;6,15
17/08/2026 05:35;6,14
17/08/2026 05:40;6,15
17/08/2026 05:45;6,12
17/08/2026 05:50;6,14
17/08/2026 05:55;6,11
17/08/2026 06:00;6,14
17/08/2026 06:05;6,11
17/08/2026 06:10;6,14
17/08/2026 06:15;6,13
17/08/2026 06:20;6,14
17/08/2026 06:25;6,13
17/08/2026 06:30;6,14
17/08/2026 06:35;6,13
17/08/2026 06:40;6,13
17/08/2026 06:45;6,12
17/08/2026 06:50;6,12
17/08/2026 06:55;6,11
17/08/2026 07:00;6,14
17/08/2026 07:05;6,12
17/08/2026 07:10;6,14
17/08/2026 07:15;6,12
17/08/2026 07:20;6,14
17/08/2026 07:25;6,13
17/08/2026 07:30;6,13
17/08/2026 07:35;6,11
17/08/2026 07:40;6,13
17/08/2026 07:45;6,11
17/08/2026 07:50;6,1
17/08/2026 07:55;6,11
17/08/2026 08:00;6,11
17/08/2026 08:05;6,12
17/08/2026 08:10;6,14
17/08/2026 08:15;6,11
17/08/2026 08:20;6,12
17/08/2026 08:25;6,11
17/08/2026 08:30;6,13
17/08/2026 08:35;6,09
17/08/2026 08:40;6,14
17/08/2026 08:45;6,11
17/08/2026 08:50;6,14
17/08/2026 08:55;6,11
17/08/2026 09:00;6,13
17/08/2026 09:05;6,12
17/08/2026 09:10;6,14
17/08/2026 09:15;6,13
17/08/2026 09:20;6,14
17/08/2026 09:25;6,13
17/08/2026 09:30;6,14
17/08/2026 09:35;6,12
17/08/2026 09:40;6,14
17/08/2026 09:45;6,13
17/08/2026 09:50;6,15
17/08/2026 09:55;6,13
17/08/2026 10:00;6,15
17/08/2026 10:05;6,13
17/08/2026 10:10;6,12
17/08/2026 10:15;6,14
17/08/2026 10:20;6,15
17/08/2026 10:25;6,13
17/08/2026 10:30;6,15
17/08/2026 10:35;6,12
17/08/2026 10:40;6,16
17/08/2026 10:45;6,13
17/08/2026 10:50;6,14
17/08/2026 10:55;6,13
17/08/2026 11:00;6,12
17/08/2026 11:05;6,15
17/08/2026 11:10;6,17
17/08/2026 11:15;6,14
17/08/2026 11:20;6,17
17/08/2026 11:25;6,15
17/08/2026 11:30;6,18
17/08/2026 11:35;6,15
17/08/2026 11:40;6,18
17/08/2026 11:45;6,16
17/08/2026 11:50;6,15
17/08/2026 11:55;6,16
17/08/2026 12:00;6,19
17/08/2026 12:05;6,18
17/08/2026 12:10;6,18
17/08/2026 12:15;6,17
17/08/2026 12:20;6,15
17/08/2026 12:25;6,19
17/08/2026 12:30;6,2
17/08/2026 12:35;6,19
17/08/2026 12:40;6,19
17/08/2026 12:45;6,18
17/08/2026 12:50;6,19
17/08/2026 12:55;6,17
17/08/2026 13:00;6,2
17/08/2026 13:05;6,19
17/08/2026 13:10;6,17
17/08/2026 13:15;6,18
17/08/2026 13:20;6,2
17/08/2026 13:25;6,19
17/08/2026 13:30;6,18
17/08/2026 13:35;6,17
17/08/2026 13:40;6,2
17/08/2026 13:45;6,19
17/08/2026 13:50;6,18
17/08/2026 13:55;6,2
17/08/2026 14:00;6,15
17/08/2026 14:05;6,19
17/08/2026 14:10;6,2
17/08/2026 14:15;6,19
17/08/2026 14:20;6,2
17/08/2026 14:25;6,18
17/08/2026 14:30;6,21
17/08/2026 14:35;6,18
17/08/2026 14:40;6,21
17/08/2026 14:45;6,2
17/08/2026 14:50;6,21
17/08/2026 14:55;6,19
17/08/2026 15:00;6,21
17/08/2026 15:05;6,19
17/08/2026 15:10;6,22
17/08/2026 15:15;6,2
17/08/2026 15:20;6,18
17/08/2026 15:25;6,22
17/08/2026 15:30;6,21
17/08/2026 15:35;6,19
17/08/2026 15:40;6,22
17/08/2026 15:45;6,21
17/08/2026 15:50;6,21
17/08/2026 15:55;6,21
17/08/2026 16:00;6,23
17/08/2026 16:05;6,18
17/08/2026 16:10;6,22
17/08/2026 16:15;6,21
17/08/2026 16:20;6,23
17/08/2026 16:25;6,21
17/08/2026 16:30;6,23
17/08/2026 16:35;6,22
17/08/2026 16:40;6,22
17/08/2026 16:45;6,2
17/08/2026 16:50;6,2
17/08/2026 16:55;6,21
17/08/2026 17:00;6,24
17/08/2026 17:05;6,22
17/08/2026 17:10;6,24
17/08/2026 17:15;6,22
17/08/2026 17:20;6,24
17/08/2026 17:25;6,23
17/08/2026 17:30;6,24
17/08/2026 17:35;6,23
17/08/2026 17:40;6,26
17/08/2026 17:45;6,24
17/08/2026 17:50;6,26
17/08/2026 17:55;6,24
17/08/2026 18:00;6,23
17/08/2026 18:05;6,24
17/08/2026 18:10;6,23
17/08/2026 18:15;6,25
17/08/2026 18:20;6,23
17/08/2026 18:25;6,24
17/08/2026 18:30;6,29
17/08/2026 18:35;6,26
17/08/2026 18:40;6,23
17/08/2026 18:45;6,26
17/08/2026 18:50;6,29
17/08/2026 18:55;6,27
17/08/2026 19:00;6,29
17/08/2026 19:05;6,26
17/08/2026 19:10;6,25
17/08/2026 19:15;6,26
17/08/2026 19:20;6,29
17/08/2026 19:25;6,27
17/08/2026 19:30;6,26
17/08/2026 19:35;6,27
17/08/2026 19:40;6,24
17/08/2026 19:45;6,28
17/08/2026 19:50;6,24
17/08/2026 19:55;6,28
17/08/2026 20:00;6,29
17/08/2026 20:05;6,25
17/08/2026 20:10;6,26
17/08/2026 20:15;6,25
17/08/2026 20:20;6,26
17/08/2026 20:25;6,24
17/08/2026 20:30;6,24
17/08/2026 20:35;6,25
17/08/2026 20:40;6,27
17/08/2026 20:45;6,28
17/08/2026 20:50;6,29
17/08/2026 20:55;6,24
17/08/2026 21:00;6,29
17/08/2026 21:05;6,24
17/08/2026 21:10;6,25
17/08/2026 21:15;6,25
17/08/2026 21:20;6,29
17/08/2026 21:25;6,25
17/08/2026 21:30;6,28
17/08/2026 21:35;6,23
17/08/2026 21:40;6,24
17/08/2026 21:45;6,25
17/08/2026 21:50;6,23
17/08/2026 21:55;6,23
17/08/2026 22:00;6,27
17/08/2026 22:05;6,24
17/08/2026 22:10;6,24
17/08/2026 22:15;6,23
17/08/2026 22:20;6,23
17/08/2026 22:25;6,22
17/08/2026 22:30;6,22
17/08/2026 22:35;6,21
17/08/2026 22:40;6,23
17/08/2026 22:45;6,19
17/08/2026 22:50;6,21
17/08/2026 22:55;6,19
17/08/2026 23:00;6,2
17/08/2026 23:05;6,2
17/08/2026 23:10;6,23
17/08/2026 23:15;6,18
17/08/2026 23:20;6,19
17/08/2026 23:25;6,19
17/08/2026 23:30;6,23
17/08/2026 23:35;6,18
17/08/2026 23:40;6,21
17/08/2026 23:45;6,22
17/08/2026 23:50;6,22
17/08/2026 23:55;6,18
18/08/2026 00:00;6,17
18/08/2026 00:05;6,16
18/08/2026 00:10;6,2
18/08/2026 00:15;6,14
18/08/2026 00:20;6,2
18/08/2026 00:25;6,16
18/08/2026 00:30;6,14
18/08/2026 00:35;6,2
18/08/2026 00:40;6,19
18/08/2026 00:45;6,15
18/08/2026 00:50;6,17
18/08/2026 00:55;6,14
18/08/2026 01:00;6,17
18/08/2026 01:05;6,15
18/08/2026 01:10;6,17
18/08/2026 01:15;6,14
18/08/2026 01:20;6,17
18/08/2026 01:25;6,13
18/08/2026 01:30;6,16
18/08/2026 01:35;6,13
18/08/2026 01:40;6,1
18/08/2026 01:45;6,13
18/08/2026 01:50;6,16
18/08/2026 01:55;6,13
18/08/2026 02:00;6,16
18/08/2026 02:05;6,1
18/08/2026 02:10;6,15
18/08/2026 02:15;6,09
18/08/2026 02:20;6,1
18/08/2026 02:25;6,09
18/08/2026 02:30;6,14
18/08/2026 02:35;6,08
18/08/2026 02:40;6,14
18/08/2026 02:45;6,09
18/08/2026 02:50;6,14
18/08/2026 02:55;6,11
18/08/2026 03:00;6,14
18/08/2026 03:05;6,1
18/08/2026 03:10;6,09
18/08/2026 03:15;6,09
18/08/2026 03:20;6,05
18/08/2026 03:25;6,09
18/08/2026 03:30;6,13
18/08/2026 03:35;6,09
18/08/2026 03:40;6,1
18/08/2026 03:45;6,1
18/08/2026 03:50;6,13
18/08/2026 03:55;6,11
18/08/2026 04:00;6,13
18/08/2026 04:05;6,09
18/08/2026 04:10;6,1
18/08/2026 04:15;6,09
18/08/2026 04:20;6,04
18/08/2026 04:25;6,08
18/08/2026 04:30;6,13
18/08/2026 04:35;6,07
18/08/2026 04:40;6,13
18/08/2026 04:45;6,1
18/08/2026 04:50;6,08
18/08/2026 04:55;6,08
18/08/2026 05:00;6,07
18/08/2026 05:05;6,07
18/08/2026 05:10;6,07
18/08/2026 05:15;6,09
18/08/2026 05:20;6,11
18/08/2026 05:25;6,09
18/08/2026 05:30;6,11
18/08/2026 05:35;6,09
18/08/2026 05:40;6,11
18/08/2026 05:45;6,08
18/08/2026 05:50;6,11
18/08/2026 05:55;6,1
18/08/2026 06:00;6,11
18/08/2026 06:05;6,06
18/08/2026 06:10;6,03
18/08/2026 06:15;6,06
18/08/2026 06:20;6,08
18/08/2026 06:25;6,07
18/08/2026 06:30;6,09
18/08/2026 06:35;6,09
18/08/2026 06:40;6,04
18/08/2026 06:45;6,08
18/08/2026 06:50;6,1
18/08/2026 06:55;6,1
18/08/2026 07:00;6,09
18/08/2026 07:05;6,08
18/08/2026 07:10;6,1
18/08/2026 07:15;6,05
18/08/2026 07:20;6,04
18/08/2026 07:25;6,1
18/08/2026 07:30;6,09
18/08/2026 07:35;6,07
18/08/2026 07:40;6,05
18/08/2026 07:45;6,07
18/08/2026 07:50;6,09
18/08/2026 07:55;6,08
18/08/2026 08:00;6,05
18/08/2026 08:05;6,07
18/08/2026 08:10;6,1
18/08/2026 08:15;6,05
18/08/2026 08:20;6,1
18/08/2026 08:25;6,06
18/08/2026 08:30;6,1
18/08/2026 08:35;6,06
18/08/2026 08:40;6,1
18/08/2026 08:45;6,07
18/08/2026 08:50;6,09
18/08/2026 08:55;6,06
18/08/2026 09:00;6,1
18/08/2026 09:05;6,05
18/08/2026 09:10;6,11
18/08/2026 09:15;6,07
18/08/2026 09:20;6,1
18/08/2026 09:25;6,08
18/08/2026 09:30;6,05
18/08/2026 09:35;6,04
18/08/2026 09:40;6,06
18/08/2026 09:45;6,06
18/08/2026 09:50;6,06
18/08/2026 09:55;6,05
18/08/2026 10:00;6,11
18/08/2026 10:05;6,06
18/08/2026 10:10;6,11
18/08/2026 10:15;6,08
18/08/2026 10:20;6,02
18/08/2026 10:25;6,08
18/08/2026 10:30;6,05
18/08/2026 10:35;6,06
18/08/2026 10:40;6,11
18/08/2026 10:45;6,06
18/08/2026 10:50;6,11
18/08/2026 10:55;6,11
18/08/2026 11:00;6,12
18/08/2026 11:05;6,11
18/08/2026 11:10;6,11
18/08/2026 11:15;6,04
18/08/2026 11:20;6,12
18/08/2026 11:25;6,09
18/08/2026 11:30;6,12
18/08/2026 11:35;6,07
18/08/2026 11:40;6,1
18/08/2026 11:45;6,08
18/08/2026 11:50;6,11
18/08/2026 11:55;6,12
18/08/2026 12:00;6,12
18/08/2026 12:05;6,03
18/08/2026 12:10;6,12
18/08/2026 12:15;6,09
18/08/2026 12:20;6,13
18/08/2026 12:25;6,12
18/08/2026 12:30;6,09
18/08/2026 12:35;6,1
18/08/2026 12:40;6,05
18/08/2026 12:45;6,11
18/08/2026 12:50;6,07
18/08/2026 12:55;6,1
18/08/2026 13:00;6,08
18/08/2026 13:05;6,08
18/08/2026 13:10;6,1
18/08/2026 13:15;6,09
18/08/2026 13:20;6,06
18/08/2026 13:25;6,11
18/08/2026 13:30;6,05
18/08/2026 13:35;6,13
18/08/2026 13:40;6,13
18/08/2026 13:45;6,1
18/08/2026 13:50;6,15
18/08/2026 13:55;6,1
18/08/2026 14:00;6,1
18/08/2026 14:05;6,12
18/08/2026 14:10;6,14
18/08/2026 14:15;6,11
18/08/2026 14:20;6,15
18/08/2026 14:25;6,09
18/08/2026 14:30;6,16
18/08/2026 14:35;6,12
18/08/2026 14:40;6,15
18/08/2026 14:45;6,15
18/08/2026 14:50;6,15
18/08/2026 14:55;6,11
18/08/2026 15:00;6,16
18/08/2026 15:05;6,16
18/08/2026 15:10;6,15
18/08/2026 15:15;6,14
18/08/2026 15:20;6,12
18/08/2026 15:25;6,13
18/08/2026 15:30;6,16
18/08/2026 15:35;6,13
18/08/2026 15:40;6,13
18/08/2026 15:45;6,14
18/08/2026 15:50;6,17
18/08/2026 15:55;6,16
18/08/2026 16:00;6,14
18/08/2026 16:05;6,15
18/08/2026 16:10;6,14
18/08/2026 16:15;6,15
18/08/2026 16:20;6,19
18/08/2026 16:25;6,14
18/08/2026 16:30;6,19
18/08/2026 16:35;6,15
18/08/2026 16:40;6,14
18/08/2026 16:45;6,16
18/08/2026 16:50;6,17
18/08/2026 16:55;6,16
18/08/2026 17:00;6,19
18/08/2026 17:05;6,16
18/08/2026 17:10;6,19
18/08/2026 17:15;6,19
18/08/2026 17:20;6,19
18/08/2026 17:25;6,17
18/08/2026 17:30;6,16
18/08/2026 17:35;6,16
18/08/2026 17:40;6,2
18/08/2026 17:45;6,14
18/08/2026 17:50;6,15
18/08/2026 17:55;6,17
18/08/2026 18:00;6,14
18/08/2026 18:05;6,17
18/08/2026 18:10;6,17
18/08/2026 18:15;6,18
18/08/2026 18:20;6,18
18/08/2026 18:25;6,19
18/08/2026 18:30;6,22
18/08/2026 18:35;6,18
18/08/2026 18:40;6,22
18/08/2026 18:45;6,19
18/08/2026 18:50;6,24
18/08/2026 18:55;6,2
18/08/2026 19:00;6,19
18/08/2026 19:05;6,21
18/08/2026 19:10;6,19
18/08/2026 19:15;6,2
18/08/2026 19:20;6,25
18/08/2026 19:25;6,24
18/08/2026 19:30;6,2
18/08/2026 19:35;6,22
18/08/2026 19:40;6,25
18/08/2026 19:45;6,23
18/08/2026 19:50;6,21
18/08/2026 19:55;6,24
18/08/2026 20:00;6,22
18/08/2026 20:05;6,24
18/08/2026 20:10;6,23
18/08/2026 20:15;6,22
18/08/2026 20:20;6,23
18/08/2026 20:25;6,23
18/08/2026 20:30;6,24
18/08/2026 20:35;6,21
18/08/2026 20:40;6,27
18/08/2026 20:45;6,23
18/08/2026 20:50;6,24
18/08/2026 20:55;6,22
18/08/2026 21:00;6,22
18/08/2026 21:05;6,24
18/08/2026 21:10;6,24
18/08/2026 21:15;6,27
18/08/2026 21:20;6,28
18/08/2026 21:25;6,24
18/08/2026 21:30;6,28
18/08/2026 21:35;6,24
18/08/2026 21:40;6,28
18/08/2026 21:45;6,23
18/08/2026 21:50;6,27
18/08/2026 21:55;6,25
18/08/2026 22:00;6,16
18/08/2026 22:05;6,27
18/08/2026 22:10;6,23
18/08/2026 22:15;6,26
18/08/2026 22:20;6,28
18/08/2026 22:25;6,21
18/08/2026 22:30;6,22
18/08/2026 22:35;6,21
18/08/2026 22:40;6,24
18/08/2026 22:45;6,24
18/08/2026 22:50;6,28
18/08/2026 22:55;6,24
18/08/2026 23:00;6,23
18/08/2026 23:05;6,22
18/08/2026 23:10;6,25
18/08/2026 23:15;6,23
18/08/2026 23:20;6,27
18/08/2026 23:25;6,22
18/08/2026 23:30;6,27
18/08/2026 23:35;6,21
18/08/2026 23:40;6,26
18/08/2026 23:45;6,23
18/08/2026 23:50;6,26
18/08/2026 23:55;6,22
19/08/2026 00:00;6,22
19/08/2026 00:05;6,22
19/08/2026 00:10;6,2
19/08/2026 00:15;6,22
19/08/2026 00:20;6,24
19/08/2026 00:25;6,2
19/08/2026 00:30;6,2
19/08/2026 00:35;6,2
19/08/2026 00:40;6,24
19/08/2026 00:45;6,2
19/08/2026 00:50;6,22
19/08/2026 00:55;6,23
19/08/2026 01:00;6,22
19/08/2026 01:05;6,2
19/08/2026 01:10;6,23
19/08/2026 01:15;6,19
19/08/2026 01:20;6,22
19/08/2026 01:25;6,2
19/08/2026 01:30;6,17
19/08/2026 01:35;6,19
19/08/2026 01:40;6,17
19/08/2026 01:45;6,19
19/08/2026 01:50;6,16
19/08/2026 01:55;6,17
19/08/2026 02:00;6,16
19/08/2026 02:05;6,16
19/08/2026 02:10;6,21
19/08/2026 02:15;6,21
19/08/2026 02:20;6,2
19/08/2026 02:25;6,17
19/08/2026 02:30;6,11
19/08/2026 02:35;6,16
19/08/2026 02:40;6,14
19/08/2026 02:45;6,17
19/08/2026 02:50;6,19
19/08/2026 02:55;6,16
19/08/2026 03:00;6,14
19/08/2026 03:05;6,15
19/08/2026 03:10;6,18
19/08/2026 03:15;6,15
19/08/2026 03:20;6,18
19/08/2026 03:25;6,18
19/08/2026 03:30;6,18
19/08/2026 03:35;6,16
19/08/2026 03:40;6,16
19/08/2026 03:45;6,14
19/08/2026 03:50;6,12
19/08/2026 03:55;6,16
19/08/2026 04:00;6,1
19/08/2026 04:05;6,14
19/08/2026 04:10;6,16
19/08/2026 04:15;6,15
19/08/2026 04:20;6,07
19/08/2026 04:25;6,14
19/08/2026 04:30;6,13
19/08/2026 04:35;6,13
19/08/2026 04:40;6,16
19/08/2026 04:45;6,17
19/08/2026 04:50;6,1
19/08/2026 04:55;6,11
19/08/2026 05:00;6,16
19/08/2026 05:05;6,13
19/08/2026 05:10;6,15
19/08/2026 05:15;6,13
19/08/2026 05:20;6,15
19/08/2026 05:25;6,15
19/08/2026 05:30;6,14
19/08/2026 05:35;6,11
19/08/2026 05:40;6,13
19/08/2026 05:45;6,11
19/08/2026 05:50;6,14
19/08/2026 05:55;6,14
19/08/2026 06:00;6,14
19/08/2026 06:05;6,1
19/08/2026 06:10;6,14
19/08/2026 06:15;6,11
19/08/2026 06:20;6,14
19/08/2026 06:25;6,1
19/08/2026 06:30;6,14
19/08/2026 06:35;6,11
19/08/2026 06:40;6,07
19/08/2026 06:45;6,09
19/08/2026 06:50;6,14
19/08/2026 06:55;6,12
19/08/2026 07:00;6,13
19/08/2026 07:05;6,08
19/08/2026 07:10;6,12
19/08/2026 07:15;6,1
19/08/2026 07:20;6,13
19/08/2026 07:25;6,11
19/08/2026 07:30;6,12
19/08/2026 07:35;6,08
19/08/2026 07:40;6,12
19/08/2026 07:45;6,07
19/08/2026 07:50;6,12
19/08/2026 07:55;6,09
19/08/2026 08:00;6,08
19/08/2026 08:05;6,11
19/08/2026 08:10;6,13
19/08/2026 08:15;6,07
19/08/2026 08:20;6,11
19/08/2026 08:25;6,09
19/08/2026 08:30;
19/08/2026 08:35;6,1
19/08/2026 08:40;6,12
19/08/2026 08:45;6,1
19/08/2026 08:50;6,11
19/08/2026 08:55;6,09
19/08/2026 09:00;6,05
19/08/2026 09:05;6,12
19/08/2026 09:10;6,12
19/08/2026 09:15;6,09
19/08/2026 09:20;6,12
19/08/2026 09:25;6,11
19/08/2026 09:30;6,11
19/08/2026 09:35;6,07
19/08/2026 09:40;6,11
19/08/2026 09:45;6,08
19/08/2026 09:50;6,11
19/08/2026 09:55;6,08
19/08/2026 10:00;6,05
19/08/2026 10:05;6,09
19/08/2026 10:10;6,12
19/08/2026 10:15;6,1
19/08/2026 10:20;6,13
19/08/2026 10:25;6,1
19/08/2026 10:30;6,12
19/08/2026 10:35;6,11
19/08/2026 10:40;6,13
19/08/2026 10:45;6,11
19/08/2026 10:50;6,12
19/08/2026 10:55;6,1
19/08/2026 11:00;6,13
19/08/2026 11:05;6,09
19/08/2026 11:10;6,13
19/08/2026 11:15;6,09
19/08/2026 11:20;6,13
19/08/2026 11:25;6,1
19/08/2026 11:30;6,12
19/08/2026 11:35;6,12
19/08/2026 11:40;6,14
19/08/2026 11:45;6,11
19/08/2026 11:50;6,13
19/08/2026 11:55;6,11
19/08/2026 12:00;6,14
19/08/2026 12:05;6,11
19/08/2026 12:10;6,13
19/08/2026 12:15;6,16
19/08/2026 12:20;6,14
19/08/2026 12:25;6,12
19/08/2026 12:30;6,14
19/08/2026 12:35;6,09
19/08/2026 12:40;6,15
19/08/2026 12:45;6,12
19/08/2026 12:50;6,14
19/08/2026 12:55;6,09
19/08/2026 13:00;6,15
19/08/2026 13:05;6,11
19/08/2026 13:10;6,12
19/08/2026 13:15;6,12
19/08/2026 13:20;6,08
19/08/2026 13:25;6,12
19/08/2026 13:30;6,05
19/08/2026 13:35;6,11
19/08/2026 13:40;6,09
19/08/2026 13:45;6,15
19/08/2026 13:50;6,15
19/08/2026 13:55;6,11
19/08/2026 14:00;6,15
19/08/2026 14:05;6,12
19/08/2026 14:10;6,16
19/08/2026 14:15;6,13
19/08/2026 14:20;6,16
19/08/2026 14:25;6,11
19/08/2026 14:30;6,15
19/08/2026 14:35;6,12
19/08/2026 14:40;6,09
19/08/2026 14:45;6,15
19/08/2026 14:50;6,16
19/08/2026 14:55;6,13
19/08/2026 15:00;6,16
19/08/2026 15:05;6,15
19/08/2026 15:10;6,15
19/08/2026 15:15;6,15
19/08/2026 15:20;6,16
19/08/2026 15:25;6,14
19/08/2026 15:30;6,16
19/08/2026 15:35;6,12
19/08/2026 15:40;6,16
19/08/2026 15:45;6,16
19/08/2026 15:50;6,16
19/08/2026 15:55;6,14
19/08/2026 16:00;6,09
19/08/2026 16:05;6,16
19/08/2026 16:10;6,12
19/08/2026 16:15;6,11
19/08/2026 16:20;6,18
19/08/2026 16:25;
19/08/2026 16:30;6,18
19/08/2026 16:35;6,17
19/08/2026 16:40;6,18
19/08/2026 16:45;6,08
19/08/2026 16:50;6,12
19/08/2026 16:55;6,16
19/08/2026 17:00;6,13
19/08/2026 17:05;6,13
19/08/2026 17:10;6,17
19/08/2026 17:15;6,15
19/08/2026 17:20;6,19
19/08/2026 17:25;6,15
19/08/2026 17:30;6,18
19/08/2026 17:35;6,18
19/08/2026 17:40;6,17
19/08/2026 17:45;6,16
19/08/2026 17:50;6,18
19/08/2026 17:55;6,15
19/08/2026 18:00;6,16
19/08/2026 18:05;6,16
19/08/2026 18:10;6,19
19/08/2026 18:15;6,12
19/08/2026 18:20;6,12
19/08/2026 18:25;6,16
19/08/2026 18:30;6,18
19/08/2026 18:35;6,13
19/08/2026 18:40;6,18
19/08/2026 18:45;6,19
19/08/2026 18:50;6,18
19/08/2026 18:55;6,19
19/08/2026 19:00;6,19
19/08/2026 19:05;6,16
19/08/2026 19:10;6,13
19/08/2026 19:15;6,2
19/08/2026 19:20;6,19
19/08/2026 19:25;6,16
19/08/2026 19:30;6,2
19/08/2026 19:35;6,18
19/08/2026 19:40;6,21
19/08/2026 19:45;6,19
19/08/2026 19:50;6,22
19/08/2026 19:55;6,16
19/08/2026 20:00;6,17
19/08/2026 20:05;6,21
19/08/2026 20:10;6,22
19/08/2026 20:15;6,22
19/08/2026 20:20;6,25
19/08/2026 20:25;6,26
19/08/2026 20:30;6,25
19/08/2026 20:35;6,23
19/08/2026 20:40;6,26
19/08/2026 20:45;6,24
19/08/2026 20:50;6,26
19/08/2026 20:55;6,26
19/08/2026 21:00;6,2
19/08/2026 21:05;6,25
19/08/2026 21:10;6,27
19/08/2026 21:15;6,26
19/08/2026 21:20;6,27
19/08/2026 21:25;6,25
19/08/2026 21:30;6,28
19/08/2026 21:35;6,22
19/08/2026 21:40;6,29
19/08/2026 21:45;6,25
19/08/2026 21:50;6,28
19/08/2026 21:55;6,27
19/08/2026 22:00;6,16
19/08/2026 22:05;6,25
19/08/2026 22:10;6,28
19/08/2026 22:15;6,25
19/08/2026 22:20;6,28
19/08/2026 22:25;6,28
19/08/2026 22:30;6,29
19/08/2026 22:35;6,25
19/08/2026 22:40;6,28
19/08/2026 22:45;6,27
19/08/2026 22:50;6,22
19/08/2026 22:55;6,26
19/08/2026 23:00;6,3
19/08/2026 23:05;6,26
19/08/2026 23:10;6,28
19/08/2026 23:15;6,28
19/08/2026 23:20;6,29
19/08/2026 23:25;6,27
19/08/2026 23:30;6,3
19/08/2026 23:35;6,27
19/08/2026 23:40;6,22
19/08/2026 23:45;6,28
19/08/2026 23:50;6,3
19/08/2026 23:55;6,28
20/08/2026 00:00;6,31
20/08/2026 00:05;6,29
20/08/2026 00:10;6,3
20/08/2026 00:15;6,31
20/08/2026 00:20;6,31
20/08/2026 00:25;6,29
20/08/2026 00:30;6,3
20/08/2026 00:35;6,29
20/08/2026 00:40;6,3
20/08/2026 00:45;6,28
20/08/2026 00:50;6,29
20/08/2026 00:55;6,29
20/08/2026 01:00;6,3
20/08/2026 01:05;6,26
20/08/2026 01:10;6,29
20/08/2026 01:15;6,28
20/08/2026 01:20;6,29
20/08/2026 01:25;6,28
20/08/2026 01:30;6,21
20/08/2026 01:35;6,24
20/08/2026 01:40;6,29
20/08/2026 01:45;6,18
20/08/2026 01:50;6,27
20/08/2026 01:55;6,26
20/08/2026 02:00;6,29
20/08/2026 02:05;6,28
20/08/2026 02:10;6,28
20/08/2026 02:15;6,25
20/08/2026 02:20;6,28
20/08/2026 02:25;6,24
20/08/2026 02:30;6,27
20/08/2026 02:35;6,27
20/08/2026 02:40;6,27
20/08/2026 02:45;6,23
20/08/2026 02:50;6,25
20/08/2026 02:55;6,23
20/08/2026 03:00;6,18
20/08/2026 03:05;6,23
20/08/2026 03:10;6,26
20/08/2026 03:15;6,23
20/08/2026 03:20;6,26
20/08/2026 03:25;6,21
20/08/2026 03:30;6,25
20/08/2026 03:35;6,23
20/08/2026 03:40;6,25
20/08/2026 03:45;6,24
20/08/2026 03:50;6,23
20/08/2026 03:55;6,21
20/08/2026 04:00;6,16
20/08/2026 04:05;6,2
20/08/2026 04:10;6,23
20/08/2026 04:15;6,23
20/08/2026 04:20;6,09
20/08/2026 04:25;6,23
20/08/2026 04:30;6,24
20/08/2026 04:35;6,2
20/08/2026 04:40;6,22
20/08/2026 04:45;6,19
20/08/2026 04:50;6,22
20/08/2026 04:55;6,2
20/08/2026 05:00;6,14
20/08/2026 05:05;6,21
20/08/2026 05:10;6,21
20/08/2026 05:15;6,18
20/08/2026 05:20;6,21
20/08/2026 05:25;6,19
20/08/2026 05:30;6,18
20/08/2026 05:35;6,19
20/08/2026 05:40;6,21
20/08/2026 05:45;6,18
20/08/2026 05:50;6,07
20/08/2026 05:55;6,18
20/08/2026 06:00;6,2
20/08/2026 06:05;6,17
20/08/2026 06:10;6,2
20/08/2026 06:15;6,19
20/08/2026 06:20;6,19
20/08/2026 06:25;6,19
20/08/2026 06:30;6,17
20/08/2026 06:35;6,17
20/08/2026 06:40;6,19
20/08/2026 06:45;6,11
20/08/2026 06:50;6,19
20/08/2026 06:55;6,17
20/08/2026 07:00;6,18
20/08/2026 07:05;6,15
20/08/2026 07:10;6,17
20/08/2026 07:15;6,15
20/08/2026 07:20;6,17
20/08/2026 07:25;6,14
20/08/2026 07:30;6,09
20/08/2026 07:35;6,14
20/08/2026 07:40;6,15
20/08/2026 07:45;6,13
20/08/2026 07:50;6,17
20/08/2026 07:55;6,17
20/08/2026 08:00;6,18
20/08/2026 08:05;6,15
20/08/2026 08:10;6,18
20/08/2026 08:15;6,13
20/08/2026 08:20;6,16
20/08/2026 08:25;6,11
20/08/2026 08:30;6,16
20/08/2026 08:35;6,17
20/08/2026 08:40;6,09
20/08/2026 08:45;6,17
20/08/2026 08:50;6,17
20/08/2026 08:55;6,16
20/08/2026 09:00;6,17
20/08/2026 09:05;6,13
20/08/2026 09:10;6,17
20/08/2026 09:15;6,14
20/08/2026 09:20;6,18
20/08/2026 09:25;6,15
20/08/2026 09:30;6,1
20/08/2026 09:35;6,13
20/08/2026 09:40;6,17
20/08/2026 09:45;6,13
20/08/2026 09:50;6,18
20/08/2026 09:55;6,15
20/08/2026 10:00;6,18
20/08/2026 10:05;6,15
20/08/2026 10:10;6,16
20/08/2026 10:15;6,15
20/08/2026 10:20;6,17
20/08/2026 10:25;6,14
20/08/2026 10:30;6,09
20/08/2026 10:35;6,15
20/08/2026 10:40;6,18
20/08/2026 10:45;6,15
20/08/2026 10:50;6,18
20/08/2026 10:55;6,14
20/08/2026 11:00;6,18
20/08/2026 11:05;6,14
20/08/2026 11:10;6,18
20/08/2026 11:15;6,14
20/08/2026 11:20;6,16
20/08/2026 11:25;6,18
20/08/2026 11:30;6,18
20/08/2026 11:35;6,16
20/08/2026 11:40;6,19
20/08/2026 11:45;6,17
20/08/2026 11:50;6,19
20/08/2026 11:55;6,16
20/08/2026 12:00;6,18
20/08/2026 12:05;6,15
20/08/2026 12:10;6,09
20/08/2026 12:15;6,17
20/08/2026 12:20;6,19
20/08/2026 12:25;6,16
20/08/2026 12:30;6,19
20/08/2026 12:35;6,18
20/08/2026 12:40;6,19
20/08/2026 12:45;6,19
20/08/2026 12:50;6,06
20/08/2026 12:55;6,18
20/08/2026 13:00;6,15
20/08/2026 13:05;6,17
20/08/2026 13:10;6,18
20/08/2026 13:15;6,13
20/08/2026 13:20;6,2
20/08/2026 13:25;6,16
20/08/2026 13:30;6,12
20/08/2026 13:35;6,14
20/08/2026 13:40;6,19
20/08/2026 13:45;6,17
20/08/2026 13:50;6,19
20/08/2026 13:55;6,18
20/08/2026 14:00;6,2
20/08/2026 14:05;6,17
20/08/2026 14:10;6,19
20/08/2026 14:15;6,17
20/08/2026 14:20;6,21
20/08/2026 14:25;6,18
20/08/2026 14:30;6,21
20/08/2026 14:35;6,18
20/08/2026 14:40;6,21
20/08/2026 14:45;6,19
20/08/2026 14:50;6,2
20/08/2026 14:55;6,18
20/08/2026 15:00;6,2
20/08/2026 15:05;6,17
20/08/2026 15:10;6,21
20/08/2026 15:15;6,2
20/08/2026 15:20;6,16
20/08/2026 15:25;6,2
20/08/2026 15:30;6,21
20/08/2026 15:35;6,22
20/08/2026 15:40;6,22
20/08/2026 15:45;6,2
20/08/2026 15:50;6,22
20/08/2026 15:55;6,19
20/08/2026 16:00;6,2
20/08/2026 16:05;6,21
20/08/2026 16:10;6,22
20/08/2026 16:15;6,19
20/08/2026 16:20;6,13
20/08/2026 16:25;6,18
20/08/2026 16:30;6,22
20/08/2026 16:35;6,22
20/08/2026 16:40;6,22
20/08/2026 16:45;6,22
20/08/2026 16:50;6,22
20/08/2026 16:55;6,21
20/08/2026 17:00;6,23
20/08/2026 17:05;6,2
20/08/2026 17:10;6,23
20/08/2026 17:15;6,2
20/08/2026 17:20;6,23
20/08/2026 17:25;6,21
20/08/2026 17:30;6,23
20/08/2026 17:35;6,24
20/08/2026 17:40;6,21
20/08/2026 17:45;6,2
20/08/2026 17:50;6,24
20/08/2026 17:55;6,22
20/08/2026 18:00;6,2
20/08/2026 18:05;6,2
20/08/2026 18:10;6,24
20/08/2026 18:15;6,23
20/08/2026 18:20;6,15
20/08/2026 18:25;6,25
20/08/2026 18:30;6,25
20/08/2026 18:35;6,24
20/08/2026 18:40;6,17
20/08/2026 18:45;6,25
20/08/2026 18:50;6,25
20/08/2026 18:55;6,23
20/08/2026 19:00;6,26
20/08/2026 19:05;6,26
20/08/2026 19:10;6,26
20/08/2026 19:15;6,23
20/08/2026 19:20;6,27
20/08/2026 19:25;6,27
20/08/2026 19:30;6,16
20/08/2026 19:35;6,25
20/08/2026 19:40;6,29
20/08/2026 19:45;6,27
20/08/2026 19:50;6,29
20/08/2026 19:55;6,26
20/08/2026 20:00;6,29
20/08/2026 20:05;6,26
20/08/2026 20:10;6,28
20/08/2026 20:15;6,26
20/08/2026 20:20;6,3
20/08/2026 20:25;6,26
20/08/2026 20:30;6,24
20/08/2026 20:35;6,31
20/08/2026 20:40;6,31
20/08/2026 20:45;6,31
20/08/2026 20:50;6,31
20/08/2026 20:55;6,3
20/08/2026 21:00;6,3
20/08/2026 21:05;6,26
20/08/2026 21:10;6,31
20/08/2026 21:15;6,28
20/08/2026 21:20;6,31
20/08/2026 21:25;6,24
20/08/2026 21:30;6,17
20/08/2026 21:35;6,28
20/08/2026 21:40;6,31
20/08/2026 21:45;6,28
20/08/2026 21:50;6,3
20/08/2026 21:55;6,27
20/08/2026 22:00;6,32
20/08/2026 22:05;6,3
20/08/2026 22:10;6,29
20/08/2026 22:15;6,28
20/08/2026 22:20;6,32
20/08/2026 22:25;6,26
20/08/2026 22:30;6,26
20/08/2026 22:35;6,28
20/08/2026 22:40;6,2
20/08/2026 22:45;6,28
20/08/2026 22:50;6,31
20/08/2026 22:55;6,14
20/08/2026 23:00;6,3
20/08/2026 23:05;6,27
20/08/2026 23:10;6,3
20/08/2026 23:15;6,25
20/08/2026 23:20;6,3
20/08/2026 23:25;6,26
20/08/2026 23:30;6,3
20/08/2026 23:35;6,27
20/08/2026 23:40;6,29
20/08/2026 23:45;6,27
20/08/2026 23:50;6,13
20/08/2026 23:55;6,24
21/08/2026 00:00;6,3
21/08/2026 00:05;6,28
21/08/2026 00:10;6,29
21/08/2026 00:15;6,26
21/08/2026 00:20;6,27
21/08/2026 00:25;6,27
21/08/2026 00:30;6,29
21/08/2026 00:35;6,27
21/08/2026 00:40;6,24
21/08/2026 00:45;6,29
21/08/2026 00:50;6,29
21/08/2026 00:55;6,23
21/08/2026 01:00;6,19
21/08/2026 01:05;6,24
21/08/2026 01:10;6,28
21/08/2026 01:15;6,27
21/08/2026 01:20;6,29
21/08/2026 01:25;6,27
21/08/2026 01:30;6,27
21/08/2026 01:35;6,22
21/08/2026 01:40;6,28
21/08/2026 01:45;6,25
21/08/2026 01:50;6,27
21/08/2026 01:55;6,25
21/08/2026 02:00;6,16
21/08/2026 02:05;6,27
21/08/2026 02:10;6,27
21/08/2026 02:15;6,23
21/08/2026 02:20;6,27
21/08/2026 02:25;6,25
21/08/2026 02:30;6,26
21/08/2026 02:35;6,24
21/08/2026 02:40;6,17
21/08/2026 02:45;6,24
21/08/2026 02:50;6,25
21/08/2026 02:55;6,24
21/08/2026 03:00;6,12
21/08/2026 03:05;6,23
21/08/2026 03:10;6,25
21/08/2026 03:15;6,23
21/08/2026 03:20;6,24
21/08/2026 03:25;6,21
21/08/2026 03:30;6,24
21/08/2026 03:35;6,22
21/08/2026 03:40;6,24
21/08/2026 03:45;6,21
21/08/2026 03:50;6,23
21/08/2026 03:55;6,23
21/08/2026 04:00;6,23
21/08/2026 04:05;6,21
21/08/2026 04:10;6,22
21/08/2026 04:15;6,2
21/08/2026 04:20;6,23
21/08/2026 04:25;6,22
21/08/2026 04:30;6,23
21/08/2026 04:35;6,23
21/08/2026 04:40;6,22
21/08/2026 04:45;6,21
21/08/2026 04:50;6,22
21/08/2026 04:55;6,21
21/08/2026 05:00;6,21
21/08/2026 05:05;6,2
21/08/2026 05:10;6,17
21/08/2026 05:15;6,21
21/08/2026 05:20;6,14
21/08/2026 05:25;6,19
21/08/2026 05:30;6,2
21/08/2026 05:35;6,16
21/08/2026 05:40;6,2
21/08/2026 05:45;6,19
21/08/2026 05:50;6,19
21/08/2026 05:55;6,18
21/08/2026 06:00;6,14
21/08/2026 06:05;6,19
21/08/2026 06:10;6,19
21/08/2026 06:15;6,16
21/08/2026 06:20;6,18
21/08/2026 06:25;6,16
21/08/2026 06:30;6,18
21/08/2026 06:35;6,17
21/08/2026 06:40;6,17
21/08/2026 06:45;6,13
21/08/2026 06:50;6,16
21/08/2026 06:55;6,13
21/08/2026 07:00;6,16
21/08/2026 07:05;6,13
21/08/2026 07:10;6,16
21/08/2026 07:15;6,14
21/08/2026 07:20;6,1
21/08/2026 07:25;6,14
21/08/2026 07:30;6,16
21/08/2026 07:35;6,14
21/08/2026 07:40;6,15
21/08/2026 07:45;6,12
21/08/2026 07:50;6,16
21/08/2026 07:55;6,13
21/08/2026 08:00;6,13
21/08/2026 08:05;6,13
21/08/2026 08:10;6,12
21/08/2026 08:15;6,14
21/08/2026 08:20;6,15
21/08/2026 08:25;6,13
21/08/2026 08:30;
21/08/2026 08:35;6,15
21/08/2026 08:40;6,15
21/08/2026 08:45;6,14
21/08/2026 08:50;6,15
21/08/2026 08:55;6,13
21/08/2026 09:00;6,15
21/08/2026 09:05;6,16
21/08/2026 09:10;6,14
21/08/2026 09:15;
21/08/2026 09:20;6,16
21/08/2026 09:25;6,15
21/08/2026 09:30;6,15
21/08/2026 09:35;6,14
21/08/2026 09:40;6,16
21/08/2026 09:45;6,12
21/08/2026 09:50;6,15
21/08/2026 09:55;6,12
21/08/2026 10:00;
21/08/2026 10:05;6,12
21/08/2026 10:10;6,14
21/08/2026 10:15;6,16
21/08/2026 10:20;6,16
21/08/2026 10:25;6,13
21/08/2026 10:30;6,16
21/08/2026 10:35;6,13
21/08/2026 10:40;6,15
21/08/2026 10:45;6,12
21/08/2026 10:50;
21/08/2026 10:55;6,14
21/08/2026 11:00;6,13
21/08/2026 11:05;6,14
21/08/2026 11:10;6,17
21/08/2026 11:15;6,13
21/08/2026 11:20;6,16
21/08/2026 11:25;6,16
21/08/2026 11:30;6,08
21/08/2026 11:35;6,13
21/08/2026 11:40;6,17
21/08/2026 11:45;6,14
21/08/2026 11:50;6,16
21/08/2026 11:55;6,14
21/08/2026 12:00;6,17
21/08/2026 12:05;6,14
21/08/2026 12:10;6,17
21/08/2026 12:15;6,15
21/08/2026 12:20;6,17
21/08/2026 12:25;6,16
21/08/2026 12:30;6,17
21/08/2026 12:35;6,15
21/08/2026 12:40;6,18
21/08/2026 12:45;6,15
21/08/2026 12:50;6,12
21/08/2026 12:55;6,15
21/08/2026 13:00;6,18
21/08/2026 13:05;6,14
21/08/2026 13:10;6,18
21/08/2026 13:15;6,18
21/08/2026 13:20;
21/08/2026 13:25;6,16
21/08/2026 13:30;6,18
21/08/2026 13:35;6,16
21/08/2026 13:40;6,14
21/08/2026 13:45;6,18
21/08/2026 13:50;6,14
21/08/2026 13:55;6,16
21/08/2026 14:00;6,16
21/08/2026 14:05;6,16
21/08/2026 14:10;6,18
21/08/2026 14:15;6,15
21/08/2026 14:20;6,18
21/08/2026 14:25;6,17
21/08/2026 14:30;6,18
21/08/2026 14:35;6,12
21/08/2026 14:40;6,11
21/08/2026 14:45;6,13
21/08/2026 14:50;6,15
21/08/2026 14:55;6,17
21/08/2026 15:00;6,17
21/08/2026 15:05;6,15
21/08/2026 15:10;
21/08/2026 15:15;6,17
21/08/2026 15:20;6,17
21/08/2026 15:25;6,16
21/08/2026 15:30;6,18
21/08/2026 15:35;6,16
21/08/2026 15:40;6,19
21/08/2026 15:45;6,18
21/08/2026 15:50;6,19
21/08/2026 15:55;6,16
21/08/2026 16:00;6,18
21/08/2026 16:05;6,17
21/08/2026 16:10;6,19
21/08/2026 16:15;6,16
21/08/2026 16:20;6,18
21/08/2026 16:25;6,17
21/08/2026 16:30;6,18
21/08/2026 16:35;6,16
21/08/2026 16:40;6,2
21/08/2026 16:45;6,17
21/08/2026 16:50;6,17
21/08/2026 16:55;6,2
21/08/2026 17:00;6,2
21/08/2026 17:05;6,17
21/08/2026 17:10;6,21
21/08/2026 17:15;6,19
21/08/2026 17:20;6,21
21/08/2026 17:25;6,18
21/08/2026 17:30;6,21
21/08/2026 17:35;6,2
21/08/2026 17:40;6,21
21/08/2026 17:45;6,18
21/08/2026 17:50;6,21
21/08/2026 17:55;6,2
21/08/2026 18:00;6,22
21/08/2026 18:05;6,22
21/08/2026 18:10;6,22
21/08/2026 18:15;6,19
21/08/2026 18:20;6,24
21/08/2026 18:25;6,23
21/08/2026 18:30;6,16
21/08/2026 18:35;6,23
21/08/2026 18:40;6,22
21/08/2026 18:45;6,23
21/08/2026 18:50;6,18
21/08/2026 18:55;6,23
21/08/2026 19:00;6,27
21/08/2026 19:05;6,26
21/08/2026 19:10;6,28
21/08/2026 19:15;6,25
21/08/2026 19:20;6,19
21/08/2026 19:25;6,23
21/08/2026 19:30;6,29
21/08/2026 19:35;6,29
21/08/2026 19:40;6,31
21/08/2026 19:45;6,3
21/08/2026 19:50;6,31
21/08/2026 19:55;6,3
21/08/2026 20:00;6,23
21/08/2026 20:05;6,31
21/08/2026 20:10;6,24
21/08/2026 20:15;6,29
21/08/2026 20:20;6,28
21/08/2026 20:25;6,3
21/08/2026 20:30;6,33
21/08/2026 20:35;6,32
21/08/2026 20:40;6,35
21/08/2026 20:45;6,3
21/08/2026 20:50;6,34
21/08/2026 20:55;6,32
21/08/2026 21:00;6,35
21/08/2026 21:05;6,33
21/08/2026 21:10;6,28
21/08/2026 21:15;6,32
21/08/2026 21:20;6,34
21/08/2026 21:25;6,32
21/08/2026 21:30;6,35
21/08/2026 21:35;6,31
21/08/2026 21:40;6,33
21/08/2026 21:45;6,34
21/08/2026 21:50;6,32
21/08/2026 21:55;6,32
21/08/2026 22:00;6,36
21/08/2026 22:05;6,32
21/08/2026 22:10;6,34
21/08/2026 22:15;6,22
21/08/2026 22:20;6,35
21/08/2026 22:25;6,32
21/08/2026 22:30;6,35
21/08/2026 22:35;6,32
21/08/2026 22:40;6,34
21/08/2026 22:45;6,33
21/08/2026 22:50;6,34
21/08/2026 22:55;6,3
21/08/2026 23:00;6,33
21/08/2026 23:05;6,29
21/08/2026 23:10;6,18
21/08/2026 23:15;6,3
21/08/2026 23:20;6,33
21/08/2026 23:25;6,3
21/08/2026 23:30;6,32
21/08/2026 23:35;6,29
21/08/2026 23:40;6,32
21/08/2026 23:45;6,3
21/08/2026 23:50;6,19
21/08/2026 23:55;6,27
22/08/2026 00:00;6,31
22/08/2026 00:05;6,3
22/08/2026 00:10;6,21
22/08/2026 00:15;6,28
22/08/2026 00:20;6,31
22/08/2026 00:25;6,26
22/08/2026 00:30;6,3
22/08/2026 00:35;6,24
22/08/2026 00:40;6,3
22/08/2026 00:45;6,29
22/08/2026 00:50;6,28
22/08/2026 00:55;6,26
22/08/2026 01:00;6,22
22/08/2026 01:05;6,26
22/08/2026 01:10;6,29
22/08/2026 01:15;6,26
22/08/2026 01:20;6,29
22/08/2026 01:25;6,29
22/08/2026 01:30;6,26
22/08/2026 01:35;6,24
22/08/2026 01:40;6,27
22/08/2026 01:45;6,3
22/08/2026 01:50;6,25
22/08/2026 01:55;6,25
22/08/2026 02:00;6,26
22/08/2026 02:05;6,24
22/08/2026 02:10;6,19
22/08/2026 02:15;6,24
22/08/2026 02:20;6,16
22/08/2026 02:25;6,22
22/08/2026 02:30;6,27
22/08/2026 02:35;6,23
22/08/2026 02:40;6,24
22/08/2026 02:45;6,19
22/08/2026 02:50;6,24
22/08/2026 02:55;6,23
22/08/2026 03:00;6,24
22/08/2026 03:05;6,23
22/08/2026 03:10;6,22
22/08/2026 03:15;6,21
22/08/2026 03:20;6,24
22/08/2026 03:25;6,25
22/08/2026 03:30;6,21
22/08/2026 03:35;6,22
22/08/2026 03:40;6,23
22/08/2026 03:45;6,21
22/08/2026 03:50;6,24
22/08/2026 03:55;6,23
22/08/2026 04:00;6,22
22/08/2026 04:05;6,19
22/08/2026 04:10;6,21
22/08/2026 04:15;6,18
22/08/2026 04:20;6,22
22/08/2026 04:25;6,19
22/08/2026 04:30;6,11
22/08/2026 04:35;6,19
22/08/2026 04:40;6,21
22/08/2026 04:45;6,15
22/08/2026 04:50;6,2
22/08/2026 04:55;6,15
22/08/2026 05:00;6,21
22/08/2026 05:05;6,22
22/08/2026 05:10;6,13
22/08/2026 05:15;6,15
22/08/2026 05:20;6,1
22/08/2026 05:25;6,17
22/08/2026 05:30;6,2
22/08/2026 05:35;6,12
22/08/2026 05:40;6,11
22/08/2026 05:45;6,1
22/08/2026 05:50;6,2
22/08/2026 05:55;6,12
22/08/2026 06:00;6,2
22/08/2026 06:05;
22/08/2026 06:10;6,19
22/08/2026 06:15;6,1
22/08/2026 06:20;6,18
22/08/2026 06:25;6,14
22/08/2026 06:30;6,15
22/08/2026 06:35;6,13
22/08/2026 06:40;6,11
22/08/2026 06:45;6,14
22/08/2026 06:50;6,18
22/08/2026 06:55;6,13
22/08/2026 07:00;6,17
22/08/2026 07:05;6,15
22/08/2026 07:10;6,17
22/08/2026 07:15;6,11
22/08/2026 07:20;6,18
22/08/2026 07:25;6,13
22/08/2026 07:30;6,08
22/08/2026 07:35;6,14
22/08/2026 07:40;6,16
22/08/2026 07:45;6,11
22/08/2026 07:50;6,07
22/08/2026 07:55;6,14
22/08/2026 08:00;6,17
22/08/2026 08:05;6,18
22/08/2026 08:10;6,18
22/08/2026 08:15;6,15
22/08/2026 08:20;6,17
22/08/2026 08:25;6,12
22/08/2026 08:30;6,09
22/08/2026 08:35;6,12
22/08/2026 08:40;6,17
22/08/2026 08:45;6,14
22/08/2026 08:50;6,14
22/08/2026 08:55;6,12
22/08/2026 09:00;6,16
22/08/2026 09:05;6,15
22/08/2026 09:10;6,17
22/08/2026 09:15;6,19
22/08/2026 09:20;6,17
22/08/2026 09:25;6,14
22/08/2026 09:30;6,17
22/08/2026 09:35;6,16
22/08/2026 09:40;6,18
22/08/2026 09:45;6,14
22/08/2026 09:50;6,18
22/08/2026 09:55;6,15
22/08/2026 10:00;6,08
22/08/2026 10:05;6,14
22/08/2026 10:10;6,18
22/08/2026 10:15;6,18
22/08/2026 10:20;6,14
22/08/2026 10:25;6,15
22/08/2026 10:30;6,2
22/08/2026 10:35;6,18
22/08/2026 10:40;6,18
22/08/2026 10:45;6,14
22/08/2026 10:50;6,18
22/08/2026 10:55;6,16
22/08/2026 11:00;6,19
22/08/2026 11:05;6,13
22/08/2026 11:10;6,19
22/08/2026 11:15;6,14
22/08/2026 11:20;6,06
22/08/2026 11:25;6,15
22/08/2026 11:30;6,19
22/08/2026 11:35;6,14
22/08/2026 11:40;6,11
22/08/2026 11:45;6,17
22/08/2026 11:50;6,19
22/08/2026 11:55;6,17
22/08/2026 12:00;6,2
22/08/2026 12:05;6,14
22/08/2026 12:10;6,2
22/08/2026 12:15;6,16
22/08/2026 12:20;6,2
22/08/2026 12:25;6,17
22/08/2026 12:30;6,2
22/08/2026 12:35;6,18
22/08/2026 12:40;6,21
22/08/2026 12:45;6,17
22/08/2026 12:50;6,21
22/08/2026 12:55;
22/08/2026 13:00;6,19
22/08/2026 13:05;6,18
22/08/2026 13:10;6,09
22/08/2026 13:15;6,2
22/08/2026 13:20;6,21
22/08/2026 13:25;6,16
22/08/2026 13:30;6,21
22/08/2026 13:35;6,16
22/08/2026 13:40;6,22
22/08/2026 13:45;6,19
22/08/2026 13:50;6,22
22/08/2026 13:55;6,21
22/08/2026 14:00;6,09
22/08/2026 14:05;6,19
22/08/2026 14:10;6,21
22/08/2026 14:15;6,16
22/08/2026 14:20;6,21
22/08/2026 14:25;6,16
22/08/2026 14:30;6,21
22/08/2026 14:35;6,19
22/08/2026 14:40;6,22
22/08/2026 14:45;6,19
22/08/2026 14:50;6,22
22/08/2026 14:55;6,22
22/08/2026 15:00;6,11
22/08/2026 15:05;6,2
22/08/2026 15:10;6,22
22/08/2026 15:15;6,18
22/08/2026 15:20;6,23
22/08/2026 15:25;6,18
22/08/2026 15:30;6,23
22/08/2026 15:35;6,21
22/08/2026 15:40;6,23
22/08/2026 15:45;6,2
22/08/2026 15:50;6,23
22/08/2026 15:55;5,9
22/08/2026 16:00;6,23
22/08/2026 16:05;6,18
22/08/2026 16:10;6,24
22/08/2026 16:15;6,22
22/08/2026 16:20;6,24
22/08/2026 16:25;6,23
22/08/2026 16:30;6,22
22/08/2026 16:35;6,21
22/08/2026 16:40;6,14
22/08/2026 16:45;6,22
22/08/2026 16:50;6,24
22/08/2026 16:55;6,2
22/08/2026 17:00;6,24
22/08/2026 17:05;6,17
22/08/2026 17:10;6,24
22/08/2026 17:15;6,23
22/08/2026 17:20;6,24
22/08/2026 17:25;6,22
22/08/2026 17:30;6,25
22/08/2026 17:35;6,22
22/08/2026 17:40;6,15
22/08/2026 17:45;6,24
22/08/2026 17:50;6,26
22/08/2026 17:55;6,22
22/08/2026 18:00;6,26
22/08/2026 18:05;6,22
22/08/2026 18:10;6,27
22/08/2026 18:15;6,23
22/08/2026 18:20;6,26
22/08/2026 18:25;6,28
22/08/2026 18:30;6,25
22/08/2026 18:35;6,22
22/08/2026 18:40;6,2
22/08/2026 18:45;6,23
22/08/2026 18:50;6,27
22/08/2026 18:55;6,26
22/08/2026 19:00;6,27
22/08/2026 19:05;6,27
22/08/2026 19:10;6,29
22/08/2026 19:15;6,25
22/08/2026 19:20;6,29
22/08/2026 19:25;6,24
22/08/2026 19:30;6,29
22/08/2026 19:35;6,28
22/08/2026 19:40;6,29
22/08/2026 19:45;6,25
22/08/2026 19:50;6,17
22/08/2026 19:55;6,29
22/08/2026 20:00;6,19
22/08/2026 20:05;6,27
22/08/2026 20:10;6,29
22/08/2026 20:15;6,3
22/08/2026 20:20;6,3
22/08/2026 20:25;6,27
22/08/2026 20:30;6,18
22/08/2026 20:35;6,27
22/08/2026 20:40;6,31
22/08/2026 20:45;6,27
22/08/2026 20:50;6,3
22/08/2026 20:55;6,28
22/08/2026 21:00;6,19
22/08/2026 21:05;6,27
22/08/2026 21:10;6,3
22/08/2026 21:15;6,27
22/08/2026 21:20;6,22
22/08/2026 21:25;6,26
22/08/2026 21:30;6,27
22/08/2026 21:35;6,27
22/08/2026 21:40;6,31
22/08/2026 21:45;6,29
22/08/2026 21:50;6,31
22/08/2026 21:55;6,28
22/08/2026 22:00;6,22
22/08/2026 22:05;6,28
22/08/2026 22:10;6,29
22/08/2026 22:15;6,28
22/08/2026 22:20;6,32
22/08/2026 22:25;6,28
22/08/2026 22:30;6,31
22/08/2026 22:35;6,26
22/08/2026 22:40;6,32
22/08/2026 22:45;6,26
22/08/2026 22:50;6,2
22/08/2026 22:55;6,29
22/08/2026 23:00;6,28
22/08/2026 23:05;6,29
22/08/2026 23:10;6,33
22/08/2026 23:15;6,27
22/08/2026 23:20;6,32
22/08/2026 23:25;6,26
22/08/2026 23:30;6,31
22/08/2026 23:35;6,28
22/08/2026 23:40;6,31
22/08/2026 23:45;6,29
22/08/2026 23:50;6,22
22/08/2026 23:55;6,28
23/08/2026 00:00;6,31
23/08/2026 00:05;6,31
23/08/2026 00:10;6,22
23/08/2026 00:15;6,29
23/08/2026 00:20;6,23
23/08/2026 00:25;6,28
23/08/2026 00:30;6,32
23/08/2026 00:35;6,27
23/08/2026 00:40;6,31
23/08/2026 00:45;6,29
23/08/2026 00:50;6,31
23/08/2026 00:55;6,3
23/08/2026 01:00;6,31
23/08/2026 01:05;
23/08/2026 01:10;6,22
23/08/2026 01:15;6,28
23/08/2026 01:20;6,31
23/08/2026 01:25;6,29
23/08/2026 01:30;6,3
23/08/2026 01:35;6,28
23/08/2026 01:40;6,31
23/08/2026 01:45;6,32
23/08/2026 01:50;6,19
23/08/2026 01:55;6,27
23/08/2026 02:00;6,29
23/08/2026 02:05;6,24
23/08/2026 02:10;6,28
23/08/2026 02:15;6,26
23/08/2026 02:20;6,21
23/08/2026 02:25;6,26
23/08/2026 02:30;6,29
23/08/2026 02:35;6,28
23/08/2026 02:40;6,18
23/08/2026 02:45;6,25
23/08/2026 02:50;6,28
23/08/2026 02:55;6,23
23/08/2026 03:00;6,29
23/08/2026 03:05;6,24
23/08/2026 03:10;6,28
23/08/2026 03:15;6,27
23/08/2026 03:20;6,27
23/08/2026 03:25;6,24
23/08/2026 03:30;6,26
23/08/2026 03:35;6,24
23/08/2026 03:40;6,17
23/08/2026 03:45;6,25
23/08/2026 03:50;6,26
23/08/2026 03:55;6,25
23/08/2026 04:00;6,26
23/08/2026 04:05;6,22
23/08/2026 04:10;6,25
23/08/2026 04:15;6,21
23/08/2026 04:20;6,26
23/08/2026 04:25;6,23
23/08/2026 04:30;6,25
23/08/2026 04:35;6,22
23/08/2026 04:40;6,24
23/08/2026 04:45;6,21
23/08/2026 04:50;6,24
23/08/2026 04:55;6,19
23/08/2026 05:00;6,24
23/08/2026 05:05;6,18
23/08/2026 05:10;6,24
23/08/2026 05:15;6,18
23/08/2026 05:20;6,15
23/08/2026 05:25;6,22
23/08/2026 05:30;6,23
23/08/2026 05:35;6,19
23/08/2026 05:40;6,13
23/08/2026 05:45;6,2
23/08/2026 05:50;6,23
23/08/2026 05:55;6,19
23/08/2026 06:00;6,22
23/08/2026 06:05;6,18
23/08/2026 06:10;6,14
23/08/2026 06:15;6,19
23/08/2026 06:20;6,22
23/08/2026 06:25;6,19
23/08/2026 06:30;6,2
23/08/2026 06:35;6,17
23/08/2026 06:40;6,21
23/08/2026 06:45;6,16
23/08/2026 06:50;6,2
23/08/2026 06:55;6,19
23/08/2026 07:00;6,2
23/08/2026 07:05;6,17
23/08/2026 07:10;6,19
23/08/2026 07:15;6,17
23/08/2026 07:20;6,2
23/08/2026 07:25;6,16
23/08/2026 07:30;6,19
23/08/2026 07:35;6,17
23/08/2026 07:40;6,13
23/08/2026 07:45;6,16
23/08/2026 07:50;6,07
23/08/2026 07:55;6,14
23/08/2026 08:00;6,19
23/08/2026 08:05;6,15
23/08/2026 08:10;6,19
23/08/2026 08:15;6,13
23/08/2026 08:20;6,19
23/08/2026 08:25;6,16
23/08/2026 08:30;6,19
23/08/2026 08:35;6,17
23/08/2026 08:40;6,18
23/08/2026 08:45;6,16
23/08/2026 08:50;6,18
23/08/2026 08:55;6,17
23/08/2026 09:00;6,19
23/08/2026 09:05;6,15
23/08/2026 09:10;6,05
23/08/2026 09:15;6,13
23/08/2026 09:20;6,18
23/08/2026 09:25;6,15
23/08/2026 09:30;6,18
23/08/2026 09:35;6,12
23/08/2026 09:40;6,18
23/08/2026 09:45;6,16
23/08/2026 09:50;6,18
23/08/2026 09:55;6,14
23/08/2026 10:00;6,17
23/08/2026 10:05;6,14
23/08/2026 10:10;6,18
23/08/2026 10:15;6,16
23/08/2026 10:20;6,17
23/08/2026 10:25;6,12
23/08/2026 10:30;6,04
23/08/2026 10:35;6,17
23/08/2026 10:40;6,19
23/08/2026 10:45;6,15
23/08/2026 10:50;6,18
23/08/2026 10:55;6,15
23/08/2026 11:00;6,07
23/08/2026 11:05;6,15
23/08/2026 11:10;6,18
23/08/2026 11:15;6,15
23/08/2026 11:20;6,19
23/08/2026 11:25;6,16
23/08/2026 11:30;6,19
23/08/2026 11:35;6,17
23/08/2026 11:40;6,11
23/08/2026 11:45;6,16
23/08/2026 11:50;6,19
23/08/2026 11:55;6,16
23/08/2026 12:00;6,09
23/08/2026 12:05;6,16
23/08/2026 12:10;6,2
23/08/2026 12:15;6,16
23/08/2026 12:20;5,97
23/08/2026 12:25;6,15
23/08/2026 12:30;6,1
23/08/2026 12:35;6,19
23/08/2026 12:40;6,2
23/08/2026 12:45;6,18
23/08/2026 12:50;6,21
23/08/2026 12:55;6,2
23/08/2026 13:00;6,2
23/08/2026 13:05;6,18
23/08/2026 13:10;6,2
23/08/2026 13:15;6,2
23/08/2026 13:20;6,21
23/08/2026 13:25;6,2
23/08/2026 13:30;6,21
23/08/2026 13:35;6,2
23/08/2026 13:40;6,21
23/08/2026 13:45;6,2
23/08/2026 13:50;6,22
23/08/2026 13:55;6,16
23/08/2026 14:00;6,21
23/08/2026 14:05;6,19
23/08/2026 14:10;6,21
23/08/2026 14:15;6,19
23/08/2026 14:20;6,22
23/08/2026 14:25;6,19
23/08/2026 14:30;6,21
23/08/2026 14:35;6,18
23/08/2026 14:40;6,22
23/08/2026 14:45;6,19
23/08/2026 14:50;6,22
23/08/2026 14:55;6,17
23/08/2026 15:00;6,21
23/08/2026 15:05;6,19
23/08/2026 15:10;6,21
23/08/2026 15:15;6,2
23/08/2026 15:20;6,23
23/08/2026 15:25;6,21
23/08/2026 15:30;6,23
23/08/2026 15:35;6,14
23/08/2026 15:40;6,23
23/08/2026 15:45;6,21
23/08/2026 15:50;6,22
23/08/2026 15:55;6,23
23/08/2026 16:00;6,24
23/08/2026 16:05;6,23
23/08/2026 16:10;6,18
23/08/2026 16:15;6,19
23/08/2026 16:20;6,24
23/08/2026 16:25;6,21
23/08/2026 16:30;6,25
23/08/2026 16:35;6,23
23/08/2026 16:40;6,26
23/08/2026 16:45;6,25
23/08/2026 16:50;6,27
23/08/2026 16:55;6,26
23/08/2026 17:00;6,26
23/08/2026 17:05;6,25
23/08/2026 17:10;6,28
23/08/2026 17:15;6,25
23/08/2026 17:20;6,28
23/08/2026 17:25;6,26
23/08/2026 17:30;6,29
23/08/2026 17:35;6,27
23/08/2026 17:40;6,19
23/08/2026 17:45;6,26
23/08/2026 17:50;6,3
23/08/2026 17:55;6,3
23/08/2026 18:00;6,3
23/08/2026 18:05;6,29
23/08/2026 18:10;6,27
23/08/2026 18:15;6,27
23/08/2026 18:20;6,31
23/08/2026 18:25;6,28
23/08/2026 18:30;6,32
23/08/2026 18:35;6,28
23/08/2026 18:40;6,23
23/08/2026 18:45;6,3
23/08/2026 18:50;6,33
23/08/2026 18:55;6,3
23/08/2026 19:00;6,21
23/08/2026 19:05;6,32
23/08/2026 19:10;6,33
23/08/2026 19:15;6,32
23/08/2026 19:20;6,34
23/08/2026 19:25;6,34
23/08/2026 19:30;6,28
23/08/2026 19:35;6,34
23/08/2026 19:40;6,35
23/08/2026 19:45;6,35
23/08/2026 19:50;6,37
23/08/2026 19:55;6,33
23/08/2026 20:00;6,37
23/08/2026 20:05;6,35
23/08/2026 20:10;
23/08/2026 20:15;6,36
23/08/2026 20:20;6,25
23/08/2026 20:25;6,36
23/08/2026 20:30;6,32
23/08/2026 20:35;6,37
23/08/2026 20:40;6,38
23/08/2026 20:45;6,35
23/08/2026 20:50;6,37
23/08/2026 20:55;6,35
23/08/2026 21:00;6,38
23/08/2026 21:05;6,35
23/08/2026 21:10;6,29
23/08/2026 21:15;6,34
23/08/2026 21:20;6,21
23/08/2026 21:25;6,37
23/08/2026 21:30;6,36
23/08/2026 21:35;6,37
23/08/2026 21:40;6,37
23/08/2026 21:45;6,34
23/08/2026 21:50;6,36
23/08/2026 21:55;6,36
23/08/2026 22:00;6,37
23/08/2026 22:05;6,33
23/08/2026 22:10;6,34
23/08/2026 22:15;6,35
23/08/2026 22:20;6,38
23/08/2026 22:25;
23/08/2026 22:30;6,37
23/08/2026 22:35;6,34
23/08/2026 22:40;6,37
23/08/2026 22:45;6,38
23/08/2026 22:50;6,37
23/08/2026 22:55;6,34
23/08/2026 23:00;6,16
23/08/2026 23:05;6,34
23/08/2026 23:10;6,36
23/08/2026 23:15;6,34
23/08/2026 23:20;6,35
23/08/2026 23:25;6,35
23/08/2026 23:30;6,35
23/08/2026 23:35;6,31
23/08/2026 23:40;6,35
23/08/2026 23:45;6,33
23/08/2026 23:50;6,35
23/08/2026 23:55;6,32
24/08/2026 00:00;6,35
24/08/2026 00:05;6,32
24/08/2026 00:10;6,28
24/08/2026 00:15;6,33
24/08/2026 00:20;6,34
24/08/2026 00:25;6,35
24/08/2026 00:30;6,34
24/08/2026 00:35;6,31
24/08/2026 00:40;6,24
24/08/2026 00:45;6,31
24/08/2026 00:50;6,33
24/08/2026 00:55;6,29
24/08/2026 01:00;6,23
24/08/2026 01:05;6,31
24/08/2026 01:10;6,2
24/08/2026 01:15;6,31
24/08/2026 01:20;6,33
24/08/2026 01:25;6,29
24/08/2026 01:30;6,33
24/08/2026 01:35;6,29
24/08/2026 01:40;6,31
24/08/2026 01:45;6,32
24/08/2026 01:50;6,32
24/08/2026 01:55;6,31
24/08/2026 02:00;6,26
24/08/2026 02:05;6,28
24/08/2026 02:10;6,31
24/08/2026 02:15;6,28
24/08/2026 02:20;6,28
24/08/2026 02:25;6,27
24/08/2026 02:30;6,31
24/08/2026 02:35;6,26
24/08/2026 02:40;6,25
24/08/2026 02:45;6,24
24/08/2026 02:50;6,25
24/08/2026 02:55;6,25
24/08/2026 03:00;6,27
24/08/2026 03:05;6,25
24/08/2026 03:10;6,28
24/08/2026 03:15;6,22
24/08/2026 03:20;6,27
24/08/2026 03:25;6,25
24/08/2026 03:30;6,27
24/08/2026 03:35;6,25
24/08/2026 03:40;6,21
24/08/2026 03:45;6,23
24/08/2026 03:50;6,28
24/08/2026 03:55;6,27
24/08/2026 04:00;6,25
24/08/2026 04:05;6,22
24/08/2026 04:10;6,25
24/08/2026 04:15;6,22
24/08/2026 04:20;6,25
24/08/2026 04:25;6,23
24/08/2026 04:30;6,23
24/08/2026 04:35;6,24
24/08/2026 04:40;6,25
24/08/2026 04:45;6,22
24/08/2026 04:50;6,23
24/08/2026 04:55;6,21
24/08/2026 05:00;6,24
24/08/2026 05:05;6,23
24/08/2026 05:10;6,24
24/08/2026 05:15;6,22
24/08/2026 05:20;6,23
24/08/2026 05:25;6,19
24/08/2026 05:30;6,12
24/08/2026 05:35;6,19
24/08/2026 05:40;6,21
24/08/2026 05:45;6,21
24/08/2026 05:50;6,22
24/08/2026 05:55;6,18
24/08/2026 06:00;6,22
24/08/2026 06:05;6,21
24/08/2026 06:10;6,21
24/08/2026 06:15;6,2
24/08/2026 06:20;6,09
24/08/2026 06:25;6,17
24/08/2026 06:30;6,21
24/08/2026 06:35;6,18
24/08/2026 06:40;6,09
24/08/2026 06:45;6,17
24/08/2026 06:50;6,19
24/08/2026 06:55;6,16
24/08/2026 07:00;6,18
24/08/2026 07:05;6,17
24/08/2026 07:10;6,2
24/08/2026 07:15;6,19
24/08/2026 07:20;6,2
24/08/2026 07:25;6,17
24/08/2026 07:30;6,04
24/08/2026 07:35;6,2
24/08/2026 07:40;6,2
24/08/2026 07:45;6,18
24/08/2026 07:50;6,2
24/08/2026 07:55;6,17
24/08/2026 08:00;6,19
24/08/2026 08:05;6,17
24/08/2026 08:10;6,19
24/08/2026 08:15;6,15
24/08/2026 08:20;6,18
24/08/2026 08:25;6,17
24/08/2026 08:30;6,17
24/08/2026 08:35;6,15
24/08/2026 08:40;6,11
24/08/2026 08:45;6,16
24/08/2026 08:50;6,19
24/08/2026 08:55;6,15
24/08/2026 09:00;6,19
24/08/2026 09:05;6,16
24/08/2026 09:10;6,19
24/08/2026 09:15;6,18
24/08/2026 09:20;6,18
24/08/2026 09:25;6,17
24/08/2026 09:30;6,18
24/08/2026 09:35;6,16
24/08/2026 09:40;6,19
24/08/2026 09:45;6,16
24/08/2026 09:50;6,17
24/08/2026 09:55;6,19
24/08/2026 10:00;6,19
24/08/2026 10:05;6,16
24/08/2026 10:10;6,18
24/08/2026 10:15;6,16
24/08/2026 10:20;6,19
24/08/2026 10:25;6,17
24/08/2026 10:30;6,19
24/08/2026 10:35;6,16
24/08/2026 10:40;6,19
24/08/2026 10:45;6,17
24/08/2026 10:50;6,08
24/08/2026 10:55;6,17
24/08/2026 11:00;6,14
24/08/2026 11:05;
24/08/2026 11:10;6,16
24/08/2026 11:15;6,2
24/08/2026 11:20;6,08
24/08/2026 11:25;6,16
24/08/2026 11:30;6,19
24/08/2026 11:35;6,17
24/08/2026 11:40;6,2
24/08/2026 11:45;
24/08/2026 11:50;6,19
24/08/2026 11:55;6,18
24/08/2026 12:00;6,15
24/08/2026 12:05;6,16
24/08/2026 12:10;6,03
24/08/2026 12:15;6,16
24/08/2026 12:20;6,18
24/08/2026 12:25;6,2
24/08/2026 12:30;6,19
24/08/2026 12:35;6,17
24/08/2026 12:40;6,2
24/08/2026 12:45;6,17
24/08/2026 12:50;6,2
24/08/2026 12:55;6,19
24/08/2026 13:00;6,19
24/08/2026 13:05;6,17
24/08/2026 13:10;6,19
24/08/2026 13:15;6,17
24/08/2026 13:20;6,18
24/08/2026 13:25;6,17
24/08/2026 13:30;6,19
24/08/2026 13:35;6,2
24/08/2026 13:40;6,19
24/08/2026 13:45;6,19
24/08/2026 13:50;6,19
24/08/2026 13:55;6,17
24/08/2026 14:00;6,2
24/08/2026 14:05;6,19
24/08/2026 14:10;6,2
24/08/2026 14:15;6,18
24/08/2026 14:20;6,19
24/08/2026 14:25;6,18
24/08/2026 14:30;6,19
24/08/2026 14:35;6,18
24/08/2026 14:40;6,2
24/08/2026 14:45;6,18
24/08/2026 14:50;6,19
24/08/2026 14:55;6,2
24/08/2026 15:00;6,03
24/08/2026 15:05;6,18
24/08/2026 15:10;6,21
24/08/2026 15:15;6,19
24/08/2026 15:20;6,2
24/08/2026 15:25;6,17
24/08/2026 15:30;6,21
24/08/2026 15:35;6,19
24/08/2026 15:40;6,2
24/08/2026 15:45;6,18
24/08/2026 15:50;6,2
24/08/2026 15:55;6,18
24/08/2026 16:00;6,22
24/08/2026 16:05;6,2
24/08/2026 16:10;6,21
24/08/2026 16:15;6,22
24/08/2026 16:20;6,2
24/08/2026 16:25;6,19
24/08/2026 16:30;6,22
24/08/2026 16:35;6,19
24/08/2026 16:40;6,23
24/08/2026 16:45;6,18
24/08/2026 16:50;6,11
24/08/2026 16:55;6,21
24/08/2026 17:00;6,22
24/08/2026 17:05;6,19
24/08/2026 17:10;6,23
24/08/2026 17:15;6,22
24/08/2026 17:20;6,23
24/08/2026 17:25;6,21
24/08/2026 17:30;6,24
24/08/2026 17:35;6,22
24/08/2026 17:40;6,2
24/08/2026 17:45;6,2
24/08/2026 17:50;6,25
24/08/2026 17:55;6,23
24/08/2026 18:00;6,26
24/08/2026 18:05;6,23
24/08/2026 18:10;6,22
24/08/2026 18:15;6,23
24/08/2026 18:20;6,25
24/08/2026 18:25;6,24
24/08/2026 18:30;6,26
24/08/2026 18:35;6,25
24/08/2026 18:40;6,26
24/08/2026 18:45;6,22
24/08/2026 18:50;6,28
24/08/2026 18:55;6,26
24/08/2026 19:00;6,27
24/08/2026 19:05;6,25
24/08/2026 19:10;6,28
24/08/2026 19:15;6,22
24/08/2026 19:20;6,27
24/08/2026 19:25;6,25
24/08/2026 19:30;6,27
24/08/2026 19:35;6,27
24/08/2026 19:40;6,29
24/08/2026 19:45;6,25
24/08/2026 19:50;6,15
24/08/2026 19:55;6,26
24/08/2026 20:00;6,29
24/08/2026 20:05;6,27
24/08/2026 20:10;6,29
24/08/2026 20:15;6,3
24/08/2026 20:20;6,3
24/08/2026 20:25;6,31
24/08/2026 20:30;6,3
24/08/2026 20:35;6,31
24/08/2026 20:40;6,3
24/08/2026 20:45;6,28
24/08/2026 20:50;6,31
24/08/2026 20:55;6,29
24/08/2026 21:00;6,23
24/08/2026 21:05;6,33
24/08/2026 21:10;6,27
24/08/2026 21:15;6,29
24/08/2026 21:20;6,3
24/08/2026 21:25;6,3
24/08/2026 21:30;6,3
24/08/2026 21:35;6,31
24/08/2026 21:40;6,3
24/08/2026 21:45;6,31
24/08/2026 21:50;6,3
24/08/2026 21:55;6,3
24/08/2026 22:00;6,31
24/08/2026 22:05;6,29
24/08/2026 22:10;6,31
24/08/2026 22:15;6,27
24/08/2026 22:20;6,3
24/08/2026 22:25;6,29
24/08/2026 22:30;6,3
24/08/2026 22:35;6,28
24/08/2026 22:40;6,3
24/08/2026 22:45;6,26
24/08/2026 22:50;6,07
24/08/2026 22:55;6,26
24/08/2026 23:00;6,3
24/08/2026 23:05;6,29
24/08/2026 23:10;6,3
24/08/2026 23:15;6,28
24/08/2026 23:20;6,31
24/08/2026 23:25;6,27
24/08/2026 23:30;6,3
24/08/2026 23:35;6,29
24/08/2026 23:40;6,29
24/08/2026 23:45;6,25
24/08/2026 23:50;6,15
24/08/2026 23:55;6,25
25/08/2026 00:00;6,29
25/08/2026 00:05;6,26
25/08/2026 00:10;6,29
25/08/2026 00:15;6,27
25/08/2026 00:20;6,29
25/08/2026 00:25;6,27
25/08/2026 00:30;6,29
25/08/2026 00:35;6,26
25/08/2026 00:40;6,14
25/08/2026 00:45;6,27
25/08/2026 00:50;6,15
25/08/2026 00:55;6,25
25/08/2026 01:00;6,28
25/08/2026 01:05;6,27
25/08/2026 01:10;6,28
25/08/2026 01:15;6,23
25/08/2026 01:20;6,27
25/08/2026 01:25;6,24
25/08/2026 01:30;6,25
25/08/2026 01:35;6,24
25/08/2026 01:40;6,28
25/08/2026 01:45;6,24
25/08/2026 01:50;6,27
25/08/2026 01:55;6,26
25/08/2026 02:00;6,2
25/08/2026 02:05;6,22
25/08/2026 02:10;6,25
25/08/2026 02:15;6,22
25/08/2026 02:20;6,13
25/08/2026 02:25;6,24
25/08/2026 02:30;6,25
25/08/2026 02:35;6,22
25/08/2026 02:40;6,25
25/08/2026 02:45;6,2
25/08/2026 02:50;6,06
25/08/2026 02:55;6,11
25/08/2026 03:00;6,24
25/08/2026 03:05;6,21
25/08/2026 03:10;6,22
25/08/2026 03:15;6,18
25/08/2026 03:20;6,23
25/08/2026 03:25;6,19
25/08/2026 03:30;6,23
25/08/2026 03:35;6,18
25/08/2026 03:40;6,21
25/08/2026 03:45;6,17
25/08/2026 03:50;6,21
25/08/2026 03:55;6,19
25/08/2026 04:00;6,21
25/08/2026 04:05;6,18
25/08/2026 04:10;6,21
25/08/2026 04:15;6,18
25/08/2026 04:20;6,21
25/08/2026 04:25;6,17
25/08/2026 04:30;6,21
25/08/2026 04:35;6,18
25/08/2026 04:40;6,21
25/08/2026 04:45;6,2
25/08/2026 04:50;6,21
25/08/2026 04:55;6,17
25/08/2026 05:00;6,07
25/08/2026 05:05;6,18
25/08/2026 05:10;6,2
25/08/2026 05:15;6,17
25/08/2026 05:20;6,19
25/08/2026 05:25;6,18
25/08/2026 05:30;6,19
25/08/2026 05:35;6,2
25/08/2026 05:40;6,16
25/08/2026 05:45;6,18
25/08/2026 05:50;6,2
25/08/2026 05:55;6,19
25/08/2026 06:00;6,19
25/08/2026 06:05;6,14
25/08/2026 06:10;6,18
25/08/2026 06:15;6,14
25/08/2026 06:20;6,18
25/08/2026 06:25;6,19
25/08/2026 06:30;6,18
25/08/2026 06:35;6,16
25/08/2026 06:40;6,02
25/08/2026 06:45;6,14
25/08/2026 06:50;6,13
25/08/2026 06:55;6,17
25/08/2026 07:00;6,18
25/08/2026 07:05;6,14
25/08/2026 07:10;6,19
25/08/2026 07:15;6,14
25/08/2026 07:20;6,0
25/08/2026 07:25;6,15
25/08/2026 07:30;6,14
25/08/2026 07:35;6,15
25/08/2026 07:40;6,18
25/08/2026 07:45;6,15
25/08/2026 07:50;6,18
25/08/2026 07:55;6,19
25/08/2026 08:00;6,18
25/08/2026 08:05;6,13
25/08/2026 08:10;6,18
25/08/2026 08:15;6,13
25/08/2026 08:20;6,19
25/08/2026 08:25;6,14
25/08/2026 08:30;6,18
25/08/2026 08:35;6,13
25/08/2026 08:40;6,17
25/08/2026 08:45;6,13
25/08/2026 08:50;6,04
25/08/2026 08:55;6,15
25/08/2026 09:00;6,18
25/08/2026 09:05;6,18
25/08/2026 09:10;6,17
25/08/2026 09:15;6,14
25/08/2026 09:20;6,18
25/08/2026 09:25;6,15
25/08/2026 09:30;6,17
25/08/2026 09:35;6,15
25/08/2026 09:40;6,19
25/08/2026 09:45;6,15
25/08/2026 09:50;6,18
25/08/2026 09:55;6,16
25/08/2026 10:00;6,17
25/08/2026 10:05;6,15
25/08/2026 10:10;6,13
25/08/2026 10:15;6,16
25/08/2026 10:20;6,18
25/08/2026 10:25;6,17
25/08/2026 10:30;6,15
25/08/2026 10:35;6,15
25/08/2026 10:40;6,16
25/08/2026 10:45;6,18
25/08/2026 10:50;6,19
25/08/2026 10:55;6,15
25/08/2026 11:00;6,19
25/08/2026 11:05;6,15
25/08/2026 11:10;6,19
25/08/2026 11:15;6,17
25/08/2026 11:20;6,19
25/08/2026 11:25;6,18
25/08/2026 11:30;6,19
25/08/2026 11:35;6,18
25/08/2026 11:40;6,19
25/08/2026 11:45;6,15
25/08/2026 11:50;6,15
25/08/2026 11:55;6,17
25/08/2026 12:00;6,2
25/08/2026 12:05;6,15
25/08/2026 12:10;6,2
25/08/2026 12:15;6,18
25/08/2026 12:20;6,19
25/08/2026 12:25;6,17
25/08/2026 12:30;6,19
25/08/2026 12:35;6,17
25/08/2026 12:40;6,19
25/08/2026 12:45;6,16
25/08/2026 12:50;6,18
25/08/2026 12:55;6,16
25/08/2026 13:00;6,2
25/08/2026 13:05;6,18
25/08/2026 13:10;6,19
25/08/2026 13:15;6,15
25/08/2026 13:20;6,12
25/08/2026 13:25;6,18
25/08/2026 13:30;6,1
25/08/2026 13:35;6,15
25/08/2026 13:40;6,2
25/08/2026 13:45;6,15
25/08/2026 13:50;6,21
25/08/2026 13:55;6,17
25/08/2026 14:00;6,21
25/08/2026 14:05;6,19
25/08/2026 14:10;6,2
25/08/2026 14:15;6,2
25/08/2026 14:20;6,22
25/08/2026 14:25;6,18
25/08/2026 14:30;6,22
25/08/2026 14:35;6,19
25/08/2026 14:40;6,11
25/08/2026 14:45;6,18
25/08/2026 14:50;6,23
25/08/2026 14:55;6,19
25/08/2026 15:00;6,22
25/08/2026 15:05;6,19
25/08/2026 15:10;6,14
25/08/2026 15:15;6,19
25/08/2026 15:20;6,22
25/08/2026 15:25;6,16
25/08/2026 15:30;6,2
25/08/2026 15:35;6,21
25/08/2026 15:40;6,23
25/08/2026 15:45;6,23
25/08/2026 15:50;6,23
25/08/2026 15:55;6,2
25/08/2026 16:00;6,2
25/08/2026 16:05;6,19
25/08/2026 16:10;6,22
25/08/2026 16:15;6,0
25/08/2026 16:20;6,21
25/08/2026 16:25;6,18
25/08/2026 16:30;6,23
25/08/2026 16:35;6,23
25/08/2026 16:40;6,22
25/08/2026 16:45;6,25
25/08/2026 16:50;6,24
25/08/2026 16:55;6,24
25/08/2026 17:00;6,24
25/08/2026 17:05;6,22
25/08/2026 17:10;6,08
25/08/2026 17:15;6,22
25/08/2026 17:20;6,23
25/08/2026 17:25;6,19
25/08/2026 17:30;6,22
25/08/2026 17:35;6,23
25/08/2026 17:40;6,25
25/08/2026 17:45;6,21
25/08/2026 17:50;6,24
25/08/2026 17:55;6,24
25/08/2026 18:00;6,25
25/08/2026 18:05;6,25
25/08/2026 18:10;6,25
25/08/2026 18:15;6,24
25/08/2026 18:20;6,26
25/08/2026 18:25;6,24
25/08/2026 18:30;6,26
25/08/2026 18:35;6,2
25/08/2026 18:40;6,25
25/08/2026 18:45;6,21
25/08/2026 18:50;6,26
25/08/2026 18:55;6,23
25/08/2026 19:00;
25/08/2026 19:05;6,25
25/08/2026 19:10;6,27
25/08/2026 19:15;6,24
25/08/2026 19:20;6,29
25/08/2026 19:25;6,26
25/08/2026 19:30;6,29
25/08/2026 19:35;6,25
25/08/2026 19:40;6,28
25/08/2026 19:45;6,23
25/08/2026 19:50;6,28
25/08/2026 19:55;6,26
25/08/2026 20:00;6,29
25/08/2026 20:05;6,27
25/08/2026 20:10;6,29
25/08/2026 20:15;6,28
25/08/2026 20:20;6,3
25/08/2026 20:25;6,26
25/08/2026 20:30;6,19
25/08/2026 20:35;6,26
25/08/2026 20:40;6,32
25/08/2026 20:45;6,27
25/08/2026 20:50;6,31
25/08/2026 20:55;6,27
25/08/2026 21:00;6,14
25/08/2026 21:05;6,27
25/08/2026 21:10;6,3
25/08/2026 21:15;6,27
25/08/2026 21:20;6,31
25/08/2026 21:25;6,27
25/08/2026 21:30;6,31
25/08/2026 21:35;6,27
25/08/2026 21:40;6,31
25/08/2026 21:45;6,29
25/08/2026 21:50;6,32
25/08/2026 21:55;6,32
25/08/2026 22:00;6,32
25/08/2026 22:05;6,3
25/08/2026 22:10;6,23
25/08/2026 22:15;6,27
25/08/2026 22:20;6,31
25/08/2026 22:25;6,27
25/08/2026 22:30;6,31
25/08/2026 22:35;6,03
25/08/2026 22:40;6,3
25/08/2026 22:45;6,3
25/08/2026 22:50;6,3
25/08/2026 22:55;6,27
25/08/2026 23:00;6,31
25/08/2026 23:05;6,27
25/08/2026 23:10;6,01
25/08/2026 23:15;6,28
25/08/2026 23:20;6,31
25/08/2026 23:25;6,29
25/08/2026 23:30;6,32
25/08/2026 23:35;6,29
25/08/2026 23:40;6,28
25/08/2026 23:45;6,27
25/08/2026 23:50;6,3
25/08/2026 23:55;6,31
26/08/2026 00:00;6,31
26/08/2026 00:05;6,3
26/08/2026 00:10;6,31
26/08/2026 00:15;6,27
26/08/2026 00:20;6,31
26/08/2026 00:25;6,29
26/08/2026 00:30;6,31
26/08/2026 00:35;6,29
26/08/2026 00:40;6,31
26/08/2026 00:45;6,26
26/08/2026 00:50;6,31
26/08/2026 00:55;6,27
26/08/2026 01:00;6,29
26/08/2026 01:05;6,23
26/08/2026 01:10;6,29
26/08/2026 01:15;6,26
26/08/2026 01:20;6,12
26/08/2026 01:25;6,26
26/08/2026 01:30;6,27
26/08/2026 01:35;6,22
26/08/2026 01:40;6,28
26/08/2026 01:45;5,98
26/08/2026 01:50;6,22
26/08/2026 01:55;6,23
26/08/2026 02:00;6,18
26/08/2026 02:05;6,25
26/08/2026 02:10;6,21
26/08/2026 02:15;5,91
26/08/2026 02:20;6,25
26/08/2026 02:25;6,24
26/08/2026 02:30;6,27
26/08/2026 02:35;6,22
26/08/2026 02:40;6,26
26/08/2026 02:45;6,21
26/08/2026 02:50;6,16
26/08/2026 02:55;6,21
26/08/2026 03:00;6,26
26/08/2026 03:05;6,22
26/08/2026 03:10;6,26
26/08/2026 03:15;6,19
26/08/2026 03:20;6,24
26/08/2026 03:25;6,17
26/08/2026 03:30;6,23
26/08/2026 03:35;6,2
26/08/2026 03:40;6,23
26/08/2026 03:45;6,17
26/08/2026 03:50;6,22
26/08/2026 03:55;6,2
26/08/2026 04:00;6,23
26/08/2026 04:05;6,22
26/08/2026 04:10;6,21
26/08/2026 04:15;6,19
26/08/2026 04:20;6,23
26/08/2026 04:25;6,21
26/08/2026 04:30;6,23
26/08/2026 04:35;6,18
26/08/2026 04:40;6,19
26/08/2026 04:45;6,15
26/08/2026 04:50;6,18
26/08/2026 04:55;6,23
26/08/2026 05:00;6,2
26/08/2026 05:05;6,16
26/08/2026 05:10;6,21
26/08/2026 05:15;6,14
26/08/2026 05:20;6,2
26/08/2026 05:25;6,14
26/08/2026 05:30;6,2
26/08/2026 05:35;6,18
26/08/2026 05:40;6,2
26/08/2026 05:45;6,14
26/08/2026 05:50;6,2
26/08/2026 05:55;6,16
26/08/2026 06:00;6,19
26/08/2026 06:05;6,16
26/08/2026 06:10;6,08
26/08/2026 06:15;6,19
26/08/2026 06:20;6,18
26/08/2026 06:25;6,17
26/08/2026 06:30;6,18
26/08/2026 06:35;6,16
26/08/2026 06:40;6,19
26/08/2026 06:45;6,17
26/08/2026 06:50;6,19
26/08/2026 06:55;6,13
26/08/2026 07:00;6,18
26/08/2026 07:05;6,14
26/08/2026 07:10;6,18
26/08/2026 07:15;6,13
26/08/2026 07:20;6,18
26/08/2026 07:25;6,15
26/08/2026 07:30;6,17
26/08/2026 07:35;6,15
26/08/2026 07:40;6,17
26/08/2026 07:45;6,13
26/08/2026 07:50;6,17
26/08/2026 07:55;6,15
26/08/2026 08:00;6,19
26/08/2026 08:05;6,15
26/08/2026 08:10;6,17
26/08/2026 08:15;6,12
26/08/2026 08:20;6,17
26/08/2026 08:25;6,11
26/08/2026 08:30;6,17
26/08/2026 08:35;6,12
26/08/2026 08:40;6,09
26/08/2026 08:45;6,16
26/08/2026 08:50;6,18
26/08/2026 08:55;6,19
26/08/2026 09:00;6,17
26/08/2026 09:05;6,14
26/08/2026 09:10;6,08
26/08/2026 09:15;6,14
26/08/2026 09:20;6,18
26/08/2026 09:25;6,14
26/08/2026 09:30;6,18
26/08/2026 09:35;6,14
26/08/2026 09:40;6,14
26/08/2026 09:45;6,13
26/08/2026 09:50;6,16
26/08/2026 09:55;6,11
26/08/2026 10:00;6,17
26/08/2026 10:05;6,14
26/08/2026 10:10;6,18
26/08/2026 10:15;5,99
26/08/2026 10:20;6,17
26/08/2026 10:25;5,9
26/08/2026 10:30;6,18
26/08/2026 10:35;6,18
26/08/2026 10:40;6,18
26/08/2026 10:45;
26/08/2026 10:50;6,19
26/08/2026 10:55;6,13
26/08/2026 11:00;6,16
26/08/2026 11:05;6,12
26/08/2026 11:10;6,18
26/08/2026 11:15;6,13
26/08/2026 11:20;6,18
26/08/2026 11:25;6,18
26/08/2026 11:30;6,18
26/08/2026 11:35;6,17
26/08/2026 11:40;6,19
26/08/2026 11:45;
26/08/2026 11:50;6,0
26/08/2026 11:55;6,16
26/08/2026 12:00;6,2
26/08/2026 12:05;6,15
26/08/2026 12:10;6,2
26/08/2026 12:15;6,14
26/08/2026 12:20;6,2
26/08/2026 12:25;6,17
26/08/2026 12:30;6,19
26/08/2026 12:35;6,21
26/08/2026 12:40;6,2
26/08/2026 12:45;6,17
26/08/2026 12:50;6,21
26/08/2026 12:55;6,16
26/08/2026 13:00;6,18
26/08/2026 13:05;6,16
26/08/2026 13:10;6,2
26/08/2026 13:15;6,18
26/08/2026 13:20;6,19
26/08/2026 13:25;6,17
26/08/2026 13:30;6,21
26/08/2026 13:35;6,17
26/08/2026 13:40;6,2
26/08/2026 13:45;6,17
26/08/2026 13:50;6,2
26/08/2026 13:55;6,15
26/08/2026 14:00;6,07
26/08/2026 14:05;6,18
26/08/2026 14:10;6,2
26/08/2026 14:15;6,19
26/08/2026 14:20;6,2
26/08/2026 14:25;6,19
26/08/2026 14:30;6,09
26/08/2026 14:35;6,19
26/08/2026 14:40;6,22
26/08/2026 14:45;6,19
26/08/2026 14:50;6,22
26/08/2026 14:55;6,17
26/08/2026 15:00;6,2
26/08/2026 15:05;6,18
26/08/2026 15:10;6,21
26/08/2026 15:15;6,21
26/08/2026 15:20;6,21
26/08/2026 15:25;6,18
26/08/2026 15:30;6,22
26/08/2026 15:35;6,2
26/08/2026 15:40;6,21
26/08/2026 15:45;6,16
26/08/2026 15:50;6,21
26/08/2026 15:55;6,19
26/08/2026 16:00;6,23
26/08/2026 16:05;6,2
26/08/2026 16:10;6,22
26/08/2026 16:15;6,17
26/08/2026 16:20;6,19
26/08/2026 16:25;6,17
26/08/2026 16:30;6,2
26/08/2026 16:35;6,16
26/08/2026 16:40;6,22
26/08/2026 16:45;6,18
26/08/2026 16:50;6,22
26/08/2026 16:55;6,23
26/08/2026 17:00;6,22
26/08/2026 17:05;5,87
26/08/2026 17:10;6,21
26/08/2026 17:15;6,18
26/08/2026 17:20;6,23
26/08/2026 17:25;6,2
26/08/2026 17:30;6,23
26/08/2026 17:35;6,18
26/08/2026 17:40;6,2
26/08/2026 17:45;6,17
26/08/2026 17:50;6,22
26/08/2026 17:55;6,17
26/08/2026 18:00;6,22
26/08/2026 18:05;6,19
26/08/2026 18:10;6,22
26/08/2026 18:15;6,19
26/08/2026 18:20;6,11
26/08/2026 18:25;6,21
26/08/2026 18:30;6,22
26/08/2026 18:35;6,23
26/08/2026 18:40;6,25
26/08/2026 18:45;6,23
26/08/2026 18:50;6,26
26/08/2026 18:55;6,25
26/08/2026 19:00;6,23
26/08/2026 19:05;6,2
26/08/2026 19:10;6,24
26/08/2026 19:15;6,23
26/08/2026 19:20;6,24
26/08/2026 19:25;6,22
26/08/2026 19:30;6,25
26/08/2026 19:35;6,24
26/08/2026 19:40;6,25
26/08/2026 19:45;6,22
26/08/2026 19:50;6,27
26/08/2026 19:55;6,24
26/08/2026 20:00;6,28
26/08/2026 20:05;6,22
26/08/2026 20:10;6,28
26/08/2026 20:15;6,25
26/08/2026 20:20;6,26
26/08/2026 20:25;6,25
26/08/2026 20:30;6,27
26/08/2026 20:35;6,24
26/08/2026 20:40;6,28
26/08/2026 20:45;6,27
26/08/2026 20:50;6,17
26/08/2026 20:55;6,26
26/08/2026 21:00;6,29
26/08/2026 21:05;6,25
26/08/2026 21:10;6,2
26/08/2026 21:15;6,29
26/08/2026 21:20;6,31
26/08/2026 21:25;6,29
26/08/2026 21:30;6,19
26/08/2026 21:35;6,28
26/08/2026 21:40;6,29
26/08/2026 21:45;6,25
26/08/2026 21:50;6,31
26/08/2026 21:55;6,29
26/08/2026 22:00;6,3
26/08/2026 22:05;6,26
26/08/2026 22:10;6,32
26/08/2026 22:15;6,28
26/08/2026 22:20;6,32
26/08/2026 22:25;6,3
26/08/2026 22:30;6,33
26/08/2026 22:35;6,33
26/08/2026 22:40;6,32
26/08/2026 22:45;6,29
26/08/2026 22:50;6,31
26/08/2026 22:55;6,3
26/08/2026 23:00;6,32
26/08/2026 23:05;6,3
26/08/2026 23:10;6,32
26/08/2026 23:15;6,31
26/08/2026 23:20;6,32
26/08/2026 23:25;6,3
26/08/2026 23:30;6,33
26/08/2026 23:35;6,29
26/08/2026 23:40;6,36
26/08/2026 23:45;6,32
26/08/2026 23:50;6,3
26/08/2026 23:55;6,29
27/08/2026 00:00;6,27
27/08/2026 00:05;6,25
27/08/2026 00:10;6,33
27/08/2026 00:15;6,28
27/08/2026 00:20;6,23
27/08/2026 00:25;6,29
27/08/2026 00:30;6,3
27/08/2026 00:35;6,32
27/08/2026 00:40;6,31
27/08/2026 00:45;6,32
27/08/2026 00:50;6,31
27/08/2026 00:55;6,3
27/08/2026 01:00;6,34
27/08/2026 01:05;6,31
27/08/2026 01:10;6,32
27/08/2026 01:15;
27/08/2026 01:20;6,3
27/08/2026 01:25;6,26
27/08/2026 01:30;6,19
27/08/2026 01:35;
27/08/2026 01:40;6,31
27/08/2026 01:45;6,31
27/08/2026 01:50;6,29
27/08/2026 01:55;6,28
27/08/2026 02:00;6,3
27/08/2026 02:05;6,26
27/08/2026 02:10;6,31
27/08/2026 02:15;6,28
27/08/2026 02:20;6,24
27/08/2026 02:25;6,28
27/08/2026 02:30;6,3
27/08/2026 02:35;6,28
27/08/2026 02:40;6,27
27/08/2026 02:45;6,24
27/08/2026 02:50;6,27
27/08/2026 02:55;6,25
27/08/2026 03:00;6,28
27/08/2026 03:05;6,25
27/08/2026 03:10;6,28
27/08/2026 03:15;6,27
27/08/2026 03:20;6,26
27/08/2026 03:25;6,24
27/08/2026 03:30;6,27
27/08/2026 03:35;6,26
27/08/2026 03:40;6,28
27/08/2026 03:45;6,25
27/08/2026 03:50;6,28
27/08/2026 03:55;6,21
27/08/2026 04:00;6,24
27/08/2026 04:05;6,23
27/08/2026 04:10;6,21
27/08/2026 04:15;6,24
27/08/2026 04:20;6,27
27/08/2026 04:25;6,25
27/08/2026 04:30;6,19
27/08/2026 04:35;6,21
27/08/2026 04:40;6,2
27/08/2026 04:45;6,21
27/08/2026 04:50;6,24
27/08/2026 04:55;6,25
27/08/2026 05:00;6,26
27/08/2026 05:05;6,22
27/08/2026 05:10;6,24
27/08/2026 05:15;6,19
27/08/2026 05:20;6,22
27/08/2026 05:25;6,2
27/08/2026 05:30;6,19
27/08/2026 05:35;6,23
27/08/2026 05:40;6,04
27/08/2026 05:45;6,19
27/08/2026 05:50;6,12
27/08/2026 05:55;6,2
27/08/2026 06:00;6,21
27/08/2026 06:05;6,2
27/08/2026 06:10;6,15
27/08/2026 06:15;6,17
27/08/2026 06:20;
27/08/2026 06:25;6,19
27/08/2026 06:30;6,2
27/08/2026 06:35;6,2
27/08/2026 06:40;6,2
27/08/2026 06:45;6,19
27/08/2026 06:50;6,21
27/08/2026 06:55;6,18
27/08/2026 07:00;6,22
27/08/2026 07:05;6,17
27/08/2026 07:10;6,23
27/08/2026 07:15;6,17
27/08/2026 07:20;6,14
27/08/2026 07:25;6,2
27/08/2026 07:30;6,19
27/08/2026 07:35;6,17
27/08/2026 07:40;6,23
27/08/2026 07:45;6,18
27/08/2026 07:50;6,21
27/08/2026 07:55;6,18
27/08/2026 08:00;6,1
27/08/2026 08:05;6,15
27/08/2026 08:10;6,0
27/08/2026 08:15;6,16
27/08/2026 08:20;6,2
27/08/2026 08:25;6,18
27/08/2026 08:30;6,1
27/08/2026 08:35;6,16
27/08/2026 08:40;6,2
27/08/2026 08:45;6,17
27/08/2026 08:50;6,06
27/08/2026 08:55;6,16
27/08/2026 09:00;6,19
27/08/2026 09:05;6,16
27/08/2026 09:10;6,2
27/08/2026 09:15;6,13
27/08/2026 09:20;6,17
27/08/2026 09:25;6,16
27/08/2026 09:30;6,16
27/08/2026 09:35;6,14
27/08/2026 09:40;6,19
27/08/2026 09:45;6,14
27/08/2026 09:50;6,2
27/08/2026 09:55;6,17
27/08/2026 10:00;6,15
27/08/2026 10:05;6,15
27/08/2026 10:10;6,19
27/08/2026 10:15;6,16
27/08/2026 10:20;6,18
27/08/2026 10:25;6,16
27/08/2026 10:30;6,19
27/08/2026 10:35;6,19
27/08/2026 10:40;6,16
27/08/2026 10:45;6,16
27/08/2026 10:50;6,18
27/08/2026 10:55;6,14
27/08/2026 11:00;6,16
27/08/2026 11:05;6,14
27/08/2026 11:10;6,18
27/08/2026 11:15;6,18
27/08/2026 11:20;
27/08/2026 11:25;6,16
27/08/2026 11:30;6,18
27/08/2026 11:35;6,17
27/08/2026 11:40;6,19
27/08/2026 11:45;6,16
27/08/2026 11:50;6,15
27/08/2026 11:55;6,16
27/08/2026 12:00;6,2
27/08/2026 12:05;6,16
27/08/2026 12:10;6,2
27/08/2026 12:15;6,17
27/08/2026 12:20;6,12
27/08/2026 12:25;6,16
27/08/2026 12:30;6,2
27/08/2026 12:35;6,21
27/08/2026 12:40;6,15
27/08/2026 12:45;6,15
27/08/2026 12:50;6,2
27/08/2026 12:55;6,17
27/08/2026 13:00;6,14
27/08/2026 13:05;6,18
27/08/2026 13:10;6,2
27/08/2026 13:15;6,17
27/08/2026 13:20;6,22
27/08/2026 13:25;6,19
27/08/2026 13:30;6,23
27/08/2026 13:35;6,18
27/08/2026 13:40;6,16
27/08/2026 13:45;6,19
27/08/2026 13:50;6,24
27/08/2026 13:55;6,2
27/08/2026 14:00;6,22
27/08/2026 14:05;6,21
27/08/2026 14:10;6,25
27/08/2026 14:15;6,22
27/08/2026 14:20;6,25
27/08/2026 14:25;6,19
27/08/2026 14:30;6,24
27/08/2026 14:35;6,17
27/08/2026 14:40;6,22
27/08/2026 14:45;6,2
27/08/2026 14:50;6,17
27/08/2026 14:55;6,25
27/08/2026 15:00;6,3
27/08/2026 15:05;6,23
27/08/2026 15:10;6,29
27/08/2026 15:15;6,24
27/08/2026 15:20;6,24
27/08/2026 15:25;6,24
27/08/2026 15:30;6,28
27/08/2026 15:35;6,23
27/08/2026 15:40;6,31
27/08/2026 15:45;6,27
27/08/2026 15:50;6,24
27/08/2026 15:55;6,25
27/08/2026 16:00;6,31
27/08/2026 16:05;6,27
27/08/2026 16:10;6,24
27/08/2026 16:15;6,32
27/08/2026 16:20;6,34
27/08/2026 16:25;6,32
27/08/2026 16:30;6,35
27/08/2026 16:35;6,33
27/08/2026 16:40;6,32
27/08/2026 16:45;6,3
27/08/2026 16:50;6,34
27/08/2026 16:55;6,32
27/08/2026 17:00;6,32
27/08/2026 17:05;6,31
27/08/2026 17:10;6,36
27/08/2026 17:15;6,31
27/08/2026 17:20;6,34
27/08/2026 17:25;6,34
27/08/2026 17:30;6,24
27/08/2026 17:35;6,32
27/08/2026 17:40;6,35
27/08/2026 17:45;6,36
27/08/2026 17:50;6,2
27/08/2026 17:55;6,32
27/08/2026 18:00;6,38
27/08/2026 18:05;6,35
27/08/2026 18:10;6,38
27/08/2026 18:15;6,33
27/08/2026 18:20;6,4
27/08/2026 18:25;6,38
27/08/2026 18:30;6,35
27/08/2026 18:35;6,37
27/08/2026 18:40;6,29
27/08/2026 18:45;6,39
27/08/2026 18:50;6,29
27/08/2026 18:55;6,38
27/08/2026 19:00;6,4
27/08/2026 19:05;6,36
27/08/2026 19:10;6,42
27/08/2026 19:15;6,38
27/08/2026 19:20;6,43
27/08/2026 19:25;6,38
27/08/2026 19:30;6,24
27/08/2026 19:35;6,38
27/08/2026 19:40;6,37
27/08/2026 19:45;6,37
27/08/2026 19:50;6,38
27/08/2026 19:55;6,4
27/08/2026 20:00;6,32
27/08/2026 20:05;6,36
27/08/2026 20:10;6,43
27/08/2026 20:15;6,41
27/08/2026 20:20;6,43
27/08/2026 20:25;6,38
27/08/2026 20:30;6,43
27/08/2026 20:35;6,4
27/08/2026 20:40;6,41
27/08/2026 20:45;6,41
27/08/2026 20:50;6,42
27/08/2026 20:55;6,36
27/08/2026 21:00;6,45
27/08/2026 21:05;6,36
27/08/2026 21:10;6,41
27/08/2026 21:15;6,33
27/08/2026 21:20;6,3
27/08/2026 21:25;6,36
27/08/2026 21:30;6,28
27/08/2026 21:35;6,39
27/08/2026 21:40;6,42
27/08/2026 21:45;6,37
27/08/2026 21:50;6,24
27/08/2026 21:55;6,38
27/08/2026 22:00;6,4
27/08/2026 22:05;6,36
27/08/2026 22:10;6,32
27/08/2026 22:15;6,4
27/08/2026 22:20;6,43
27/08/2026 22:25;6,27
27/08/2026 22:30;6,39
27/08/2026 22:35;6,32
27/08/2026 22:40;6,39
27/08/2026 22:45;6,36
27/08/2026 22:50;6,41
27/08/2026 22:55;
27/08/2026 23:00;6,39
27/08/2026 23:05;6,39
27/08/2026 23:10;6,27
27/08/2026 23:15;
27/08/2026 23:20;6,31
27/08/2026 23:25;6,22
27/08/2026 23:30;6,35
27/08/2026 23:35;6,38
27/08/2026 23:40;6,29
27/08/2026 23:45;6,31
27/08/2026 23:50;6,39
27/08/2026 23:55;6,33
28/08/2026 00:00;6,36
28/08/2026 00:05;6,34
28/08/2026 00:10;6,37
28/08/2026 00:15;6,36
28/08/2026 00:20;6,36
28/08/2026 00:25;6,34
28/08/2026 00:30;6,14
28/08/2026 00:35;6,38
28/08/2026 00:40;6,37
28/08/2026 00:45;6,34
28/08/2026 00:50;
28/08/2026 00:55;6,21
28/08/2026 01:00;6,36
28/08/2026 01:05;6,32
28/08/2026 01:10;6,36
28/08/2026 01:15;6,27
28/08/2026 01:20;6,33
28/08/2026 01:25;6,3
28/08/2026 01:30;6,33
28/08/2026 01:35;6,32
28/08/2026 01:40;6,34
28/08/2026 01:45;6,31
28/08/2026 01:50;6,33
28/08/2026 01:55;6,29
28/08/2026 02:00;6,34
28/08/2026 02:05;6,28
28/08/2026 02:10;6,32
28/08/2026 02:15;6,24
28/08/2026 02:20;6,3
28/08/2026 02:25;6,31
28/08/2026 02:30;6,31
28/08/2026 02:35;6,31
28/08/2026 02:40;6,13
28/08/2026 02:45;6,25
28/08/2026 02:50;6,3
28/08/2026 02:55;6,26
28/08/2026 03:00;6,29
28/08/2026 03:05;6,24
28/08/2026 03:10;6,27
28/08/2026 03:15;6,25
28/08/2026 03:20;6,29
28/08/2026 03:25;6,25
28/08/2026 03:30;6,27
28/08/2026 03:35;6,21
28/08/2026 03:40;6,27
28/08/2026 03:45;6,27
28/08/2026 03:50;6,13
28/08/2026 03:55;6,24
28/08/2026 04:00;6,25
28/08/2026 04:05;6,21
28/08/2026 04:10;6,26
28/08/2026 04:15;6,2
28/08/2026 04:20;6,17
28/08/2026 04:25;6,18
28/08/2026 04:30;6,25
28/08/2026 04:35;6,07
28/08/2026 04:40;6,21
28/08/2026 04:45;6,25
28/08/2026 04:50;6,14
28/08/2026 04:55;6,15
28/08/2026 05:00;6,22
28/08/2026 05:05;6,18
28/08/2026 05:10;6,23
28/08/2026 05:15;6,15
28/08/2026 05:20;6,22
28/08/2026 05:25;6,2
28/08/2026 05:30;6,22
28/08/2026 05:35;6,18
28/08/2026 05:40;6,22
28/08/2026 05:45;6,22
28/08/2026 05:50;6,09
28/08/2026 05:55;6,14
28/08/2026 06:00;6,19
28/08/2026 06:05;6,16
28/08/2026 06:10;6,2
28/08/2026 06:15;6,19
28/08/2026 06:20;6,21
28/08/2026 06:25;6,15
28/08/2026 06:30;6,2
28/08/2026 06:35;6,19
28/08/2026 06:40;6,07
28/08/2026 06:45;6,15
28/08/2026 06:50;6,19
28/08/2026 06:55;6,21
28/08/2026 07:00;6,12
28/08/2026 07:05;6,16
28/08/2026 07:10;6,09
28/08/2026 07:15;6,12
28/08/2026 07:20;6,06
28/08/2026 07:25;6,14
28/08/2026 07:30;6,19
28/08/2026 07:35;6,14
28/08/2026 07:40;6,19
28/08/2026 07:45;6,19
28/08/2026 07:50;6,17
28/08/2026 07:55;6,13
28/08/2026 08:00;6,17
28/08/2026 08:05;6,19
28/08/2026 08:10;6,14
28/08/2026 08:15;6,12
28/08/2026 08:20;6,19
28/08/2026 08:25;6,14
28/08/2026 08:30;6,18
28/08/2026 08:35;6,16
28/08/2026 08:40;6,16
28/08/2026 08:45;6,1
28/08/2026 08:50;6,17
28/08/2026 08:55;6,13
28/08/2026 09:00;6,17
28/08/2026 09:05;
28/08/2026 09:10;6,17
28/08/2026 09:15;6,16
28/08/2026 09:20;6,17
28/08/2026 09:25;6,11
28/08/2026 09:30;6,09
28/08/2026 09:35;6,12
28/08/2026 09:40;6,18
28/08/2026 09:45;6,12
28/08/2026 09:50;6,09
28/08/2026 09:55;6,09
28/08/2026 10:00;6,16
28/08/2026 10:05;6,1
28/08/2026 10:10;6,06
28/08/2026 10:15;6,09
28/08/2026 10:20;6,14
28/08/2026 10:25;6,09
28/08/2026 10:30;6,17
28/08/2026 10:35;6,13
28/08/2026 10:40;6,07
28/08/2026 10:45;6,14
28/08/2026 10:50;6,18
28/08/2026 10:55;6,11
28/08/2026 11:00;6,13
28/08/2026 11:05;6,15
28/08/2026 11:10;6,05
28/08/2026 11:15;6,1
28/08/2026 11:20;6,15
28/08/2026 11:25;6,11
28/08/2026 11:30;6,17
28/08/2026 11:35;6,12
28/08/2026 11:40;6,17
28/08/2026 11:45;6,12
28/08/2026 11:50;6,16
28/08/2026 11:55;6,12
28/08/2026 12:00;6,19
28/08/2026 12:05;6,12
28/08/2026 12:10;6,18
28/08/2026 12:15;6,11
28/08/2026 12:20;6,18
28/08/2026 12:25;5,98
28/08/2026 12:30;6,08
28/08/2026 12:35;6,15
28/08/2026 12:40;6,18
28/08/2026 12:45;6,13
28/08/2026 12:50;6,12
28/08/2026 12:55;6,11
28/08/2026 13:00;6,19
28/08/2026 13:05;5,99
28/08/2026 13:10;6,15
28/08/2026 13:15;6,14
28/08/2026 13:20;6,2
28/08/2026 13:25;6,12
28/08/2026 13:30;6,11
28/08/2026 13:35;6,11
28/08/2026 13:40;6,11
28/08/2026 13:45;6,19
28/08/2026 13:50;6,19
28/08/2026 13:55;6,16
28/08/2026 14:00;6,19
28/08/2026 14:05;6,14
28/08/2026 14:10;
28/08/2026 14:15;6,16
28/08/2026 14:20;6,19
28/08/2026 14:25;6,15
28/08/2026 14:30;6,21
28/08/2026 14:35;6,17
28/08/2026 14:40;6,17
28/08/2026 14:45;6,15
28/08/2026 14:50;6,16
28/08/2026 14:55;6,15
28/08/2026 15:00;6,22
28/08/2026 15:05;6,15
28/08/2026 15:10;6,23
28/08/2026 15:15;6,18
28/08/2026 15:20;6,12
28/08/2026 15:25;6,17
28/08/2026 15:30;6,24
28/08/2026 15:35;6,17
28/08/2026 15:40;6,25
28/08/2026 15:45;6,18
28/08/2026 15:50;6,25
28/08/2026 15:55;6,21
28/08/2026 16:00;6,09
28/08/2026 16:05;6,22
28/08/2026 16:10;6,26
28/08/2026 16:15;6,2
28/08/2026 16:20;6,26
28/08/2026 16:25;6,21
28/08/2026 16:30;6,27
28/08/2026 16:35;6,25
28/08/2026 16:40;6,16
28/08/2026 16:45;6,21
28/08/2026 16:50;6,28
28/08/2026 16:55;6,24
28/08/2026 17:00;6,29
28/08/2026 17:05;6,24
28/08/2026 17:10;6,19
28/08/2026 17:15;6,07
28/08/2026 17:20;6,27
28/08/2026 17:25;6,23
28/08/2026 17:30;6,28
28/08/2026 17:35;6,24
28/08/2026 17:40;6,17
28/08/2026 17:45;6,3
28/08/2026 17:50;6,31
28/08/2026 17:55;6,26
28/08/2026 18:00;6,3
28/08/2026 18:05;6,28
28/08/2026 18:10;6,33
28/08/2026 18:15;6,33
28/08/2026 18:20;6,34
28/08/2026 18:25;6,29
28/08/2026 18:30;6,32
28/08/2026 18:35;6,27
28/08/2026 18:40;6,35
28/08/2026 18:45;6,29
28/08/2026 18:50;6,36
28/08/2026 18:55;6,37
28/08/2026 19:00;6,37
28/08/2026 19:05;6,31
28/08/2026 19:10;6,37
28/08/2026 19:15;6,37
28/08/2026 19:20;6,38
28/08/2026 19:25;6,34
28/08/2026 19:30;6,33
28/08/2026 19:35;6,35
28/08/2026 19:40;6,39
28/08/2026 19:45;6,39
28/08/2026 19:50;6,39
28/08/2026 19:55;6,35
28/08/2026 20:00;6,38
28/08/2026 20:05;6,37
28/08/2026 20:10;6,39
28/08/2026 20:15;6,36
28/08/2026 20:20;6,4
28/08/2026 20:25;6,38
28/08/2026 20:30;6,42
28/08/2026 20:35;6,34
28/08/2026 20:40;6,41
28/08/2026 20:45;6,41
28/08/2026 20:50;6,42
28/08/2026 20:55;6,38
28/08/2026 21:00;6,43
28/08/2026 21:05;6,4
28/08/2026 21:10;6,42
28/08/2026 21:15;6,41
28/08/2026 21:20;6,41
28/08/2026 21:25;6,43
28/08/2026 21:30;6,35
28/08/2026 21:35;6,34
28/08/2026 21:40;6,42
28/08/2026 21:45;6,38
28/08/2026 21:50;6,41
28/08/2026 21:55;6,36
28/08/2026 22:00;6,42
28/08/2026 22:05;6,39
28/08/2026 22:10;6,42
28/08/2026 22:15;6,37
28/08/2026 22:20;6,42
28/08/2026 22:25;6,36
28/08/2026 22:30;6,37
28/08/2026 22:35;6,35
28/08/2026 22:40;6,4
28/08/2026 22:45;6,35
28/08/2026 22:50;6,3
28/08/2026 22:55;6,34
28/08/2026 23:00;6,39
28/08/2026 23:05;6,35
28/08/2026 23:10;6,29
28/08/2026 23:15;6,34
28/08/2026 23:20;6,39
28/08/2026 23:25;6,33
28/08/2026 23:30;6,28
28/08/2026 23:35;6,34
28/08/2026 23:40;6,39
28/08/2026 23:45;6,29
28/08/2026 23:50;6,36
28/08/2026 23:55;6,36
29/08/2026 00:00;6,35
29/08/2026 00:05;6,32
29/08/2026 00:10;6,24
29/08/2026 00:15;6,28
29/08/2026 00:20;6,25
29/08/2026 00:25;6,31
29/08/2026 00:30;6,35
29/08/2026 00:35;6,28
29/08/2026 00:40;6,32
29/08/2026 00:45;6,28
29/08/2026 00:50;6,33
29/08/2026 00:55;6,29
29/08/2026 01:00;6,33
29/08/2026 01:05;6,25
29/08/2026 01:10;6,31
29/08/2026 01:15;6,3
29/08/2026 01:20;6,19
29/08/2026 01:25;6,3
29/08/2026 01:30;6,31
29/08/2026 01:35;6,25
29/08/2026 01:40;6,3
29/08/2026 01:45;6,27
29/08/2026 01:50;6,29
29/08/2026 01:55;6,3
29/08/2026 02:00;6,29
29/08/2026 02:05;6,28
29/08/2026 02:10;6,29
29/08/2026 02:15;6,22
29/08/2026 02:20;6,15
29/08/2026 02:25;6,23
29/08/2026 02:30;6,27
29/08/2026 02:35;6,22
29/08/2026 02:40;6,27
29/08/2026 02:45;6,2
29/08/2026 02:50;6,26
29/08/2026 02:55;6,22
29/08/2026 03:00;6,24
29/08/2026 03:05;6,2
29/08/2026 03:10;6,25
29/08/2026 03:15;6,19
29/08/2026 03:20;6,24
29/08/2026 03:25;6,18
29/08/2026 03:30;6,23
29/08/2026 03:35;6,18
29/08/2026 03:40;6,22
29/08/2026 03:45;6,18
29/08/2026 03:50;6,2
29/08/2026 03:55;6,17
29/08/2026 04:00;6,18
29/08/2026 04:05;6,17
29/08/2026 04:10;6,22
29/08/2026 04:15;6,17
29/08/2026 04:20;6,21
29/08/2026 04:25;6,22
29/08/2026 04:30;6,22
29/08/2026 04:35;6,17
29/08/2026 04:40;6,19
29/08/2026 04:45;6,12
29/08/2026 04:50;6,14
29/08/2026 04:55;6,12
29/08/2026 05:00;6,18
29/08/2026 05:05;6,14
29/08/2026 05:10;6,1
29/08/2026 05:15;6,14
29/08/2026 05:20;6,18
29/08/2026 05:25;6,16
29/08/2026 05:30;6,1
29/08/2026 05:35;6,11
29/08/2026 05:40;6,18
29/08/2026 05:45;6,17
29/08/2026 05:50;6,11
29/08/2026 05:55;6,13
29/08/2026 06:00;6,15
29/08/2026 06:05;6,13
29/08/2026 06:10;6,16
29/08/2026 06:15;6,1
29/08/2026 06:20;6,07
29/08/2026 06:25;6,14
29/08/2026 06:30;6,16
29/08/2026 06:35;6,09
29/08/2026 06:40;6,14
29/08/2026 06:45;6,17
29/08/2026 06:50;6,1
29/08/2026 06:55;6,08
29/08/2026 07:00;6,04
29/08/2026 07:05;6,08
29/08/2026 07:10;6,1
29/08/2026 07:15;6,06
29/08/2026 07:20;6,16
29/08/2026 07:25;6,13
29/08/2026 07:30;6,11
29/08/2026 07:35;6,1
29/08/2026 07:40;6,15
29/08/2026 07:45;6,14
29/08/2026 07:50;6,13
29/08/2026 07:55;6,09
29/08/2026 08:00;6,15
29/08/2026 08:05;6,1
29/08/2026 08:10;6,15
29/08/2026 08:15;6,12
29/08/2026 08:20;6,04
29/08/2026 08:25;6,09
29/08/2026 08:30;6,05
29/08/2026 08:35;6,08
29/08/2026 08:40;6,14
29/08/2026 08:45;6,13
29/08/2026 08:50;6,13
29/08/2026 08:55;6,12
29/08/2026 09:00;6,13
29/08/2026 09:05;6,14
29/08/2026 09:10;
29/08/2026 09:15;6,06
29/08/2026 09:20;6,13
29/08/2026 09:25;6,09
29/08/2026 09:30;6,13
29/08/2026 09:35;6,11
29/08/2026 09:40;6,13
29/08/2026 09:45;6,08
29/08/2026 09:50;6,13
29/08/2026 09:55;6,09
29/08/2026 10:00;6,13
29/08/2026 10:05;6,09
29/08/2026 10:10;6,13
29/08/2026 10:15;6,07
29/08/2026 10:20;6,13
29/08/2026 10:25;6,1
29/08/2026 10:30;6,14
29/08/2026 10:35;6,14
29/08/2026 10:40;6,13
29/08/2026 10:45;6,1
29/08/2026 10:50;6,13
29/08/2026 10:55;5,98
29/08/2026 11:00;6,13
29/08/2026 11:05;6,1
29/08/2026 11:10;6,13
29/08/2026 11:15;6,08
29/08/2026 11:20;6,13
29/08/2026 11:25;6,09
29/08/2026 11:30;6,14
29/08/2026 11:35;6,08
29/08/2026 11:40;6,13
29/08/2026 11:45;6,08
29/08/2026 11:50;6,15
29/08/2026 11:55;6,12
29/08/2026 12:00;6,14
29/08/2026 12:05;6,12
29/08/2026 12:10;6,15
29/08/2026 12:15;5,92
29/08/2026 12:20;6,14
29/08/2026 12:25;6,13
29/08/2026 12:30;6,13
29/08/2026 12:35;6,07
29/08/2026 12:40;6,12
29/08/2026 12:45;6,07
29/08/2026 12:50;6,16
29/08/2026 12:55;6,06
29/08/2026 13:00;6,04
29/08/2026 13:05;6,09
29/08/2026 13:10;6,16
29/08/2026 13:15;6,11
29/08/2026 13:20;6,16
29/08/2026 13:25;6,11
29/08/2026 13:30;6,06
29/08/2026 13:35;6,05
29/08/2026 13:40;6,16
29/08/2026 13:45;6,1
29/08/2026 13:50;6,07
29/08/2026 13:55;6,11
29/08/2026 14:00;6,17
29/08/2026 14:05;6,11
29/08/2026 14:10;6,18
29/08/2026 14:15;6,12
29/08/2026 14:20;6,17
29/08/2026 14:25;6,12
29/08/2026 14:30;6,18
29/08/2026 14:35;5,9
29/08/2026 14:40;6,1
29/08/2026 14:45;6,12
29/08/2026 14:50;6,07
29/08/2026 14:55;6,08
29/08/2026 15:00;6,18
29/08/2026 15:05;6,15
29/08/2026 15:10;6,19
29/08/2026 15:15;6,14
29/08/2026 15:20;6,19
29/08/2026 15:25;6,18
29/08/2026 15:30;6,19
29/08/2026 15:35;6,13
29/08/2026 15:40;6,08
29/08/2026 15:45;6,16
29/08/2026 15:50;6,2
29/08/2026 15:55;6,13
29/08/2026 16:00;6,21
29/08/2026 16:05;6,15
29/08/2026 16:10;6,13
29/08/2026 16:15;5,96
29/08/2026 16:20;6,13
29/08/2026 16:25;6,16
29/08/2026 16:30;6,17
29/08/2026 16:35;6,16
29/08/2026 16:40;6,1
29/08/2026 16:45;6,23
29/08/2026 16:50;6,24
29/08/2026 16:55;6,18
29/08/2026 17:00;6,24
29/08/2026 17:05;6,13
29/08/2026 17:10;6,23
29/08/2026 17:15;6,2
29/08/2026 17:20;6,11
29/08/2026 17:25;6,19
29/08/2026 17:30;6,26
29/08/2026 17:35;6,23
29/08/2026 17:40;6,27
29/08/2026 17:45;6,22
29/08/2026 17:50;6,28
29/08/2026 17:55;6,25
29/08/2026 18:00;6,26
29/08/2026 18:05;6,22
29/08/2026 18:10;6,28
29/08/2026 18:15;6,27
29/08/2026 18:20;6,19
29/08/2026 18:25;6,28
29/08/2026 18:30;6,32
29/08/2026 18:35;6,26
29/08/2026 18:40;6,2
29/08/2026 18:45;6,25
29/08/2026 18:50;6,32
29/08/2026 18:55;6,3
29/08/2026 19:00;6,33
29/08/2026 19:05;6,32
29/08/2026 19:10;6,33
29/08/2026 19:15;6,31
29/08/2026 19:20;6,35
29/08/2026 19:25;6,1
29/08/2026 19:30;6,3
29/08/2026 19:35;6,31
29/08/2026 19:40;6,38
29/08/2026 19:45;6,36
29/08/2026 19:50;6,39
29/08/2026 19:55;6,36
29/08/2026 20:00;6,3
29/08/2026 20:05;6,41
29/08/2026 20:10;6,39
29/08/2026 20:15;6,35
29/08/2026 20:20;6,4
29/08/2026 20:25;6,37
29/08/2026 20:30;6,42
29/08/2026 20:35;6,4
29/08/2026 20:40;6,43
29/08/2026 20:45;6,39
29/08/2026 20:50;6,44
29/08/2026 20:55;6,36
29/08/2026 21:00;6,43
29/08/2026 21:05;6,44
29/08/2026 21:10;6,32
29/08/2026 21:15;6,43
29/08/2026 21:20;6,44
29/08/2026 21:25;6,39
29/08/2026 21:30;6,42
29/08/2026 21:35;6,4
29/08/2026 21:40;6,33
29/08/2026 21:45;6,38
29/08/2026 21:50;6,39
29/08/2026 21:55;6,36
29/08/2026 22:00;6,41
29/08/2026 22:05;6,34
29/08/2026 22:10;6,26
29/08/2026 22:15;6,39
29/08/2026 22:20;6,41
29/08/2026 22:25;6,36
29/08/2026 22:30;6,29
29/08/2026 22:35;6,41
29/08/2026 22:40;6,28
29/08/2026 22:45;6,32
29/08/2026 22:50;6,4
29/08/2026 22:55;6,34
29/08/2026 23:00;6,39
29/08/2026 23:05;6,35
29/08/2026 23:10;6,39
29/08/2026 23:15;6,31
29/08/2026 23:20;6,26
29/08/2026 23:25;6,36
29/08/2026 23:30;6,38
29/08/2026 23:35;6,34
29/08/2026 23:40;6,28
29/08/2026 23:45;6,32
29/08/2026 23:50;6,25
29/08/2026 23:55;6,32
30/08/2026 00:00;6,36
30/08/2026 00:05;6,31
30/08/2026 00:10;6,28
30/08/2026 00:15;6,1
30/08/2026 00:20;6,36
30/08/2026 00:25;6,36
30/08/2026 00:30;6,28
30/08/2026 00:35;6,27
30/08/2026 00:40;6,11
30/08/2026 00:45;6,28
30/08/2026 00:50;6,24
30/08/2026 00:55;6,29
30/08/2026 01:00;6,32
30/08/2026 01:05;6,27
30/08/2026 01:10;6,32
30/08/2026 01:15;6,28
30/08/2026 01:20;6,3
30/08/2026 01:25;6,27
30/08/2026 01:30;6,23
30/08/2026 01:35;6,28
30/08/2026 01:40;6,29
30/08/2026 01:45;6,25
30/08/2026 01:50;6,17
30/08/2026 01:55;6,23
30/08/2026 02:00;6,28
30/08/2026 02:05;6,21
30/08/2026 02:10;6,27
30/08/2026 02:15;6,2
30/08/2026 02:20;6,26
30/08/2026 02:25;6,21
30/08/2026 02:30;6,26
30/08/2026 02:35;6,18
30/08/2026 02:40;6,16
30/08/2026 02:45;6,03
30/08/2026 02:50;6,19
30/08/2026 02:55;6,22
30/08/2026 03:00;6,23
30/08/2026 03:05;6,16
30/08/2026 03:10;6,13
30/08/2026 03:15;6,21
30/08/2026 03:20;6,22
30/08/2026 03:25;6,22
30/08/2026 03:30;6,22
30/08/2026 03:35;6,17
30/08/2026 03:40;6,2
30/08/2026 03:45;6,14
30/08/2026 03:50;6,2
30/08/2026 03:55;6,17
30/08/2026 04:00;6,2
30/08/2026 04:05;6,14
30/08/2026 04:10;6,08
30/08/2026 04:15;6,18
30/08/2026 04:20;6,19
30/08/2026 04:25;6,13
30/08/2026 04:30;6,18
30/08/2026 04:35;6,13
30/08/2026 04:40;6,18
30/08/2026 04:45;6,13
30/08/2026 04:50;6,18
30/08/2026 04:55;6,13
30/08/2026 05:00;6,08
30/08/2026 05:05;6,02
30/08/2026 05:10;6,09
30/08/2026 05:15;6,09
30/08/2026 05:20;6,16
30/08/2026 05:25;6,09
30/08/2026 05:30;6,14
30/08/2026 05:35;6,15
30/08/2026 05:40;6,13
30/08/2026 05:45;6,1
30/08/2026 05:50;6,15
30/08/2026 05:55;6,12
30/08/2026 06:00;6,15
30/08/2026 06:05;6,1
30/08/2026 06:10;6,15
30/08/2026 06:15;6,14
30/08/2026 06:20;6,08
30/08/2026 06:25;6,07
30/08/2026 06:30;6,09
30/08/2026 06:35;6,06
30/08/2026 06:40;6,11
30/08/2026 06:45;6,08
30/08/2026 06:50;6,01
30/08/2026 06:55;6,06
30/08/2026 07:00;6,13
30/08/2026 07:05;6,09
30/08/2026 07:10;6,13
30/08/2026 07:15;6,07
30/08/2026 07:20;6,12
30/08/2026 07:25;6,1
30/08/2026 07:30;6,13
30/08/2026 07:35;6,06
30/08/2026 07:40;6,12
30/08/2026 07:45;6,11
30/08/2026 07:50;6,09
30/08/2026 07:55;6,05
30/08/2026 08:00;6,12
30/08/2026 08:05;6,08
30/08/2026 08:10;6,01
30/08/2026 08:15;6,12
30/08/2026 08:20;6,12
30/08/2026 08:25;6,12
30/08/2026 08:30;6,12
30/08/2026 08:35;6,06
30/08/2026 08:40;6,12
30/08/2026 08:45;6,07
30/08/2026 08:50;6,12
30/08/2026 08:55;6,07
30/08/2026 09:00;6,12
30/08/2026 09:05;6,12
30/08/2026 09:10;6,12
30/08/2026 09:15;6,12
30/08/2026 09:20;6,1
30/08/2026 09:25;6,08
30/08/2026 09:30;6,12
30/08/2026 09:35;6,12
30/08/2026 09:40;6,13
30/08/2026 09:45;6,07
30/08/2026 09:50;6,13
30/08/2026 09:55;6,09
30/08/2026 10:00;5,99
30/08/2026 10:05;6,08
30/08/2026 10:10;6,13
30/08/2026 10:15;6,08
30/08/2026 10:20;6,12
30/08/2026 10:25;6,11
30/08/2026 10:30;6,02
30/08/2026 10:35;6,14
30/08/2026 10:40;6,13
30/08/2026 10:45;6,08
30/08/2026 10:50;6,14
30/08/2026 10:55;6,14
30/08/2026 11:00;6,14
30/08/2026 11:05;6,12
30/08/2026 11:10;6,0
30/08/2026 11:15;5,81
30/08/2026 11:20;6,05
30/08/2026 11:25;6,07
30/08/2026 11:30;6,13
30/08/2026 11:35;6,13
30/08/2026 11:40;6,13
30/08/2026 11:45;6,09
30/08/2026 11:50;6,13
30/08/2026 11:55;6,13
30/08/2026 12:00;6,02
30/08/2026 12:05;6,11
30/08/2026 12:10;6,07
30/08/2026 12:15;6,14
30/08/2026 12:20;6,15
30/08/2026 12:25;6,11
30/08/2026 12:30;6,15
30/08/2026 12:35;6,08
30/08/2026 12:40;6,13
30/08/2026 12:45;6,1
30/08/2026 12:50;6,15
30/08/2026 12:55;6,12
30/08/2026 13:00;6,15
30/08/2026 13:05;6,11
30/08/2026 13:10;6,13
30/08/2026 13:15;6,1
30/08/2026 13:20;6,02
30/08/2026 13:25;6,15
30/08/2026 13:30;6,02
30/08/2026 13:35;6,17
30/08/2026 13:40;6,16
30/08/2026 13:45;6,11
30/08/2026 13:50;6,16
30/08/2026 13:55;6,17
30/08/2026 14:00;6,16
30/08/2026 14:05;6,12
30/08/2026 14:10;6,16
30/08/2026 14:15;6,13
30/08/2026 14:20;6,17
30/08/2026 14:25;6,13
30/08/2026 14:30;6,18
30/08/2026 14:35;6,18
30/08/2026 14:40;6,18
30/08/2026 14:45;6,16
30/08/2026 14:50;6,18
30/08/2026 14:55;6,16
30/08/2026 15:00;6,16
30/08/2026 15:05;5,86
30/08/2026 15:10;6,19
30/08/2026 15:15;6,15
30/08/2026 15:20;6,09
30/08/2026 15:25;6,15
30/08/2026 15:30;6,2
30/08/2026 15:35;6,2
30/08/2026 15:40;6,21
30/08/2026 15:45;6,21
30/08/2026 15:50;6,09
30/08/2026 15:55;6,2
30/08/2026 16:00;6,22
30/08/2026 16:05;6,16
30/08/2026 16:10;6,2
30/08/2026 16:15;6,23
30/08/2026 16:20;6,25
30/08/2026 16:25;6,2
30/08/2026 16:30;6,12
30/08/2026 16:35;6,22
30/08/2026 16:40;6,13
30/08/2026 16:45;6,24
30/08/2026 16:50;6,12
30/08/2026 16:55;6,26
30/08/2026 17:00;6,26
30/08/2026 17:05;6,22
30/08/2026 17:10;6,23
30/08/2026 17:15;6,25
30/08/2026 17:20;6,25
30/08/2026 17:25;6,21
30/08/2026 17:30;6,24
30/08/2026 17:35;6,23
30/08/2026 17:40;6,24
30/08/2026 17:45;6,21
30/08/2026 17:50;6,24
30/08/2026 17:55;6,19
30/08/2026 18:00;6,11
30/08/2026 18:05;6,25
30/08/2026 18:10;6,26
30/08/2026 18:15;6,27
30/08/2026 18:20;6,25
30/08/2026 18:25;6,23
30/08/2026 18:30;6,24
30/08/2026 18:35;6,22
30/08/2026 18:40;6,26
30/08/2026 18:45;6,22
30/08/2026 18:50;6,26
30/08/2026 18:55;6,26
30/08/2026 19:00;6,27
30/08/2026 19:05;6,24
30/08/2026 19:10;6,26
30/08/2026 19:15;6,24
30/08/2026 19:20;6,26
30/08/2026 19:25;6,22
30/08/2026 19:30;6,26
30/08/2026 19:35;6,27
30/08/2026 19:40;6,28
30/08/2026 19:45;6,29
30/08/2026 19:50;6,28
30/08/2026 19:55;6,24
30/08/2026 20:00;6,28
30/08/2026 20:05;6,28
30/08/2026 20:10;6,25
30/08/2026 20:15;6,24
30/08/2026 20:20;6,29
30/08/2026 20:25;6,26
30/08/2026 20:30;6,29
30/08/2026 20:35;6,24
30/08/2026 20:40;6,29
30/08/2026 20:45;6,24
30/08/2026 20:50;6,17
30/08/2026 20:55;6,28
30/08/2026 21:00;6,29
30/08/2026 21:05;6,25
30/08/2026 21:10;6,28
30/08/2026 21:15;6,26
30/08/2026 21:20;6,13
30/08/2026 21:25;6,25
30/08/2026 21:30;6,23
30/08/2026 21:35;6,23
30/08/2026 21:40;6,22
30/08/2026 21:45;6,2
30/08/2026 21:50;6,27
30/08/2026 21:55;6,23
30/08/2026 22:00;6,26
30/08/2026 22:05;6,27
30/08/2026 22:10;6,15
30/08/2026 22:15;6,22
30/08/2026 22:20;6,25
30/08/2026 22:25;6,26
30/08/2026 22:30;6,26
30/08/2026 22:35;6,22
30/08/2026 22:40;6,12
30/08/2026 22:45;6,22
30/08/2026 22:50;6,25
30/08/2026 22:55;6,22
30/08/2026 23:00;6,23
30/08/2026 23:05;6,2
30/08/2026 23:10;6,21
30/08/2026 23:15;6,2
30/08/2026 23:20;6,23
30/08/2026 23:25;6,2
30/08/2026 23:30;6,23
30/08/2026 23:35;6,15
30/08/2026 23:40;6,23
30/08/2026 23:45;6,19
30/08/2026 23:50;6,22
30/08/2026 23:55;6,23
31/08/2026 00:00;6,22
